
  .   ____          _            __ _ _
 /\\ / ___'_ __ _ _(_)_ __  __ _ \ \ \ \
( ( )\___ | '_ | '_| | '_ \/ _` | \ \ \ \
 \\/  ___)| |_)| | | | | || (_| |  ) ) ) )
  '  |____| .__|_| |_|_| |_\__, | / / / /
 =========|_|==============|___/=/_/_/_/

 :: Spring Boot ::                (v3.5.3)

2026-08-12T17:15:32.795+05:30  INFO 27180 --- [shiptrack-backend] [           main] c.shiptrack.ShiptrackBackendApplication  : Starting ShiptrackBackendApplication v0.0.1-SNAPSHOT using Java 26 with PID 27180 (E:\Raju-Working\ShipTrack-Pro\backend\target\shiptrack-backend-0.0.1-SNAPSHOT.jar started by rajus in E:\Raju-Working\ShipTrack-Pro\backend)
2026-08-12T17:15:32.800+05:30  INFO 27180 --- [shiptrack-backend] [           main] c.shiptrack.ShiptrackBackendApplication  : No active profile set, falling back to 1 default profile: "default"
2026-08-12T17:15:33.394+05:30  INFO 27180 --- [shiptrack-backend] [           main] .s.d.r.c.RepositoryConfigurationDelegate : Bootstrapping Spring Data JPA repositories in DEFAULT mode.
2026-08-12T17:15:33.450+05:30  INFO 27180 --- [shiptrack-backend] [           main] .s.d.r.c.RepositoryConfigurationDelegate : Finished Spring Data repository scanning in 46 ms. Found 9 JPA repository interfaces.
2026-08-12T17:15:34.013+05:30  INFO 27180 --- [shiptrack-backend] [           main] o.s.b.w.embedded.tomcat.TomcatWebServer  : Tomcat initialized with port 8080 (http)
2026-08-12T17:15:34.036+05:30  INFO 27180 --- [shiptrack-backend] [           main] o.apache.catalina.core.StandardService   : Starting service [Tomcat]
2026-08-12T17:15:34.037+05:30  INFO 27180 --- [shiptrack-backend] [           main] o.apache.catalina.core.StandardEngine    : Starting Servlet engine: [Apache Tomcat/10.1.42]
2026-08-12T17:15:34.073+05:30  INFO 27180 --- [shiptrack-backend] [           main] o.a.c.c.C.[Tomcat].[localhost].[/]       : Initializing Spring embedded WebApplicationContext
2026-08-12T17:15:34.075+05:30  INFO 27180 --- [shiptrack-backend] [           main] w.s.c.ServletWebServerApplicationContext : Root WebApplicationContext: initialization completed in 1231 ms
2026-08-12T17:15:34.264+05:30  INFO 27180 --- [shiptrack-backend] [           main] o.hibernate.jpa.internal.util.LogHelper  : HHH000204: Processing PersistenceUnitInfo [name: default]
2026-08-12T17:15:34.317+05:30  INFO 27180 --- [shiptrack-backend] [           main] org.hibernate.Version                    : HHH000412: Hibernate ORM core version 6.6.18.Final
2026-08-12T17:15:34.357+05:30  INFO 27180 --- [shiptrack-backend] [           main] o.h.c.internal.RegionFactoryInitiator    : HHH000026: Second-level cache disabled
2026-08-12T17:15:34.562+05:30  INFO 27180 --- [shiptrack-backend] [           main] o.s.o.j.p.SpringPersistenceUnitInfo      : No LoadTimeWeaver setup: ignoring JPA class transformer
2026-08-12T17:15:34.583+05:30  INFO 27180 --- [shiptrack-backend] [           main] com.zaxxer.hikari.HikariDataSource       : HikariPool-1 - Starting...
2026-08-12T17:15:34.751+05:30  INFO 27180 --- [shiptrack-backend] [           main] com.zaxxer.hikari.pool.HikariPool        : HikariPool-1 - Added connection org.postgresql.jdbc.PgConnection@7198ab9a
2026-08-12T17:15:34.755+05:30  INFO 27180 --- [shiptrack-backend] [           main] com.zaxxer.hikari.HikariDataSource       : HikariPool-1 - Start completed.
2026-08-12T17:15:34.798+05:30  INFO 27180 --- [shiptrack-backend] [           main] org.hibernate.orm.connections.pooling    : HHH10001005: Database info:
	Database JDBC URL [Connecting through datasource 'HikariDataSource (HikariPool-1)']
	Database driver: undefined/unknown
	Database version: 18.4
	Autocommit mode: undefined/unknown
	Isolation level: undefined/unknown
	Minimum pool size: undefined/unknown
	Maximum pool size: undefined/unknown
2026-08-12T17:15:35.549+05:30  INFO 27180 --- [shiptrack-backend] [           main] o.h.e.t.j.p.i.JtaPlatformInitiator       : HHH000489: No JTA platform available (set 'hibernate.transaction.jta.platform' to enable JTA platform integration)
2026-08-12T17:15:36.006+05:30  INFO 27180 --- [shiptrack-backend] [           main] j.LocalContainerEntityManagerFactoryBean : Initialized JPA EntityManagerFactory for persistence unit 'default'
2026-08-12T17:15:36.261+05:30  INFO 27180 --- [shiptrack-backend] [           main] o.s.d.j.r.query.QueryEnhancerFactory     : Hibernate is in classpath; If applicable, HQL parser will be used.
2026-08-12T17:16:18.874+05:30  WARN 27180 --- [shiptrack-backend] [           main] com.shiptrack.service.GeocodingService   : Geoapify API key validation failed: I/O error on GET request for "https://api.geoapify.com/v1/geocode/search": Connection timed out: getsockopt. Will fall back to Nominatim.
2026-08-12T17:16:19.144+05:30  INFO 27180 --- [shiptrack-backend] [           main] eAuthenticationProviderManagerConfigurer : Global AuthenticationManager configured with AuthenticationProvider bean with name authenticationProvider
2026-08-12T17:16:19.147+05:30  WARN 27180 --- [shiptrack-backend] [           main] r$InitializeUserDetailsManagerConfigurer : Global AuthenticationManager configured with an AuthenticationProvider bean. UserDetailsService beans will not be used by Spring Security for automatically configuring username/password login. Consider removing the AuthenticationProvider bean. Alternatively, consider using the UserDetailsService in a manually instantiated DaoAuthenticationProvider. If the current configuration is intentional, to turn off this warning, increase the logging level of 'org.springframework.security.config.annotation.authentication.configuration.InitializeUserDetailsBeanManagerConfigurer' to ERROR
2026-08-12T17:16:19.491+05:30  INFO 27180 --- [shiptrack-backend] [           main] o.s.m.s.b.SimpleBrokerMessageHandler     : Starting...
2026-08-12T17:16:19.495+05:30  INFO 27180 --- [shiptrack-backend] [           main] o.s.m.s.b.SimpleBrokerMessageHandler     : BrokerAvailabilityEvent[available=true, SimpleBrokerMessageHandler [org.springframework.messaging.simp.broker.DefaultSubscriptionRegistry@40e28324]]
2026-08-12T17:16:19.496+05:30  INFO 27180 --- [shiptrack-backend] [           main] o.s.m.s.b.SimpleBrokerMessageHandler     : Started.
2026-08-12T17:16:19.506+05:30  INFO 27180 --- [shiptrack-backend] [           main] o.s.b.w.embedded.tomcat.TomcatWebServer  : Tomcat started on port 8080 (http) with context path '/'
2026-08-12T17:16:19.513+05:30  INFO 27180 --- [shiptrack-backend] [           main] c.shiptrack.ShiptrackBackendApplication  : Started ShiptrackBackendApplication in 47.063 seconds (process running for 47.391)
Hibernate: 
    select
        s1_0.id,
        s1_0.actual_delivery_time,
        s1_0.created_at,
        s1_0.created_by,
        s1_0.delivery_address,
        s1_0.destination_latitude,
        s1_0.destination_longitude,
        s1_0.estimated_delivery_time,
        s1_0.estimated_duration,
        s1_0.origin_latitude,
        s1_0.origin_longitude,
        s1_0.receiver_name,
        s1_0.route_polyline,
        s1_0.sender_address,
        s1_0.sender_name,
        s1_0.status,
        s1_0.total_distance,
        s1_0.tracking_number 
    from
        shipments s1_0 
    where
        s1_0.status in (?, ?)
Hibernate: 
    select
        s1_0.id,
        s1_0.actual_delivery_time,
        s1_0.created_at,
        s1_0.created_by,
        s1_0.delivery_address,
        s1_0.destination_latitude,
        s1_0.destination_longitude,
        s1_0.estimated_delivery_time,
        s1_0.estimated_duration,
        s1_0.origin_latitude,
        s1_0.origin_longitude,
        s1_0.receiver_name,
        s1_0.route_polyline,
        s1_0.sender_address,
        s1_0.sender_name,
        s1_0.status,
        s1_0.total_distance,
        s1_0.tracking_number 
    from
        shipments s1_0 
    where
        s1_0.status in (?, ?)
Hibernate: 
    select
        u1_0.id 
    from
        users u1_0 
    where
        u1_0.email=? 
    fetch
        first ? rows only
Hibernate: 
    select
        s1_0.id,
        s1_0.actual_delivery_time,
        s1_0.created_at,
        s1_0.created_by,
        s1_0.delivery_address,
        s1_0.destination_latitude,
        s1_0.destination_longitude,
        s1_0.estimated_delivery_time,
        s1_0.estimated_duration,
        s1_0.origin_latitude,
        s1_0.origin_longitude,
        s1_0.receiver_name,
        s1_0.route_polyline,
        s1_0.sender_address,
        s1_0.sender_name,
        s1_0.status,
        s1_0.total_distance,
        s1_0.tracking_number 
    from
        shipments s1_0 
    where
        s1_0.status in (?, ?)

Admin account already exists.

Hibernate: 
    select
        u1_0.id 
    from
        users u1_0 
    where
        u1_0.email=? 
    fetch
        first ? rows only

Support assistant account already exists.

Hibernate: 
    select
        u1_0.id 
    from
        users u1_0 
    where
        u1_0.email=? 
    fetch
        first ? rows only

Delivery operator account already exists.

Hibernate: 
    select
        te1_0.id,
        te1_0.latitude,
        te1_0.longitude,
        te1_0.recorded_at,
        te1_0.shipment_id,
        te1_0.status 
    from
        tracking_events te1_0 
    left join
        shipments s1_0 
            on s1_0.id=te1_0.shipment_id 
    where
        s1_0.id=? 
    order by
        te1_0.recorded_at
Hibernate: 
    select
        te1_0.id,
        te1_0.latitude,
        te1_0.longitude,
        te1_0.recorded_at,
        te1_0.shipment_id,
        te1_0.status 
    from
        tracking_events te1_0 
    left join
        shipments s1_0 
            on s1_0.id=te1_0.shipment_id 
    where
        s1_0.id=? 
    order by
        te1_0.recorded_at
Hibernate: 
    select
        s1_0.id,
        s1_0.actual_delivery_time,
        s1_0.created_at,
        s1_0.created_by,
        s1_0.delivery_address,
        s1_0.destination_latitude,
        s1_0.destination_longitude,
        s1_0.estimated_delivery_time,
        s1_0.estimated_duration,
        s1_0.origin_latitude,
        s1_0.origin_longitude,
        s1_0.receiver_name,
        s1_0.route_polyline,
        s1_0.sender_address,
        s1_0.sender_name,
        s1_0.status,
        s1_0.total_distance,
        s1_0.tracking_number 
    from
        shipments s1_0 
    where
        s1_0.id=?
Hibernate: 
    select
        s1_0.id,
        s1_0.actual_delivery_time,
        s1_0.created_at,
        s1_0.created_by,
        s1_0.delivery_address,
        s1_0.destination_latitude,
        s1_0.destination_longitude,
        s1_0.estimated_delivery_time,
        s1_0.estimated_duration,
        s1_0.origin_latitude,
        s1_0.origin_longitude,
        s1_0.receiver_name,
        s1_0.route_polyline,
        s1_0.sender_address,
        s1_0.sender_name,
        s1_0.status,
        s1_0.total_distance,
        s1_0.tracking_number 
    from
        shipments s1_0 
    where
        s1_0.id=?
Hibernate: 
    select
        te1_0.id,
        te1_0.latitude,
        te1_0.longitude,
        te1_0.recorded_at,
        te1_0.shipment_id,
        te1_0.status 
    from
        tracking_events te1_0 
    left join
        shipments s1_0 
            on s1_0.id=te1_0.shipment_id 
    where
        s1_0.id=? 
    order by
        te1_0.recorded_at
Hibernate: 
    select
        te1_0.id,
        te1_0.latitude,
        te1_0.longitude,
        te1_0.recorded_at,
        te1_0.shipment_id,
        te1_0.status 
    from
        tracking_events te1_0 
    left join
        shipments s1_0 
            on s1_0.id=te1_0.shipment_id 
    where
        s1_0.id=? 
    order by
        te1_0.recorded_at
Hibernate: 
    select
        rhp1_0.id,
        rhp1_0.latitude,
        rhp1_0.longitude,
        rhp1_0.progress,
        rhp1_0.recorded_at,
        rhp1_0.shipment_id,
        rhp1_0.speed 
    from
        route_history_points rhp1_0 
    left join
        shipments s1_0 
            on s1_0.id=rhp1_0.shipment_id 
    where
        s1_0.id=? 
    order by
        rhp1_0.recorded_at desc 
    fetch
        first ? rows only
Hibernate: 
    select
        rhp1_0.id,
        rhp1_0.latitude,
        rhp1_0.longitude,
        rhp1_0.progress,
        rhp1_0.recorded_at,
        rhp1_0.shipment_id,
        rhp1_0.speed 
    from
        route_history_points rhp1_0 
    left join
        shipments s1_0 
            on s1_0.id=rhp1_0.shipment_id 
    where
        s1_0.id=? 
    order by
        rhp1_0.recorded_at desc 
    fetch
        first ? rows only
Hibernate: 
    select
        dp1_0.id,
        dp1_0.delay_minutes,
        dp1_0.delay_reason,
        dp1_0.detected_at,
        dp1_0.is_active,
        dp1_0.probability,
        dp1_0.shipment_id 
    from
        delay_predictions dp1_0 
    where
        dp1_0.shipment_id=? 
        and dp1_0.is_active 
    order by
        dp1_0.detected_at desc 
    fetch
        first ? rows only
Hibernate: 
    insert 
    into
        route_history_points
        (latitude, longitude, progress, recorded_at, shipment_id, speed) 
    values
        (?, ?, ?, ?, ?, ?)
Hibernate: 
    select
        dp1_0.id,
        dp1_0.delay_minutes,
        dp1_0.delay_reason,
        dp1_0.detected_at,
        dp1_0.is_active,
        dp1_0.probability,
        dp1_0.shipment_id 
    from
        delay_predictions dp1_0 
    where
        dp1_0.shipment_id=? 
        and dp1_0.is_active
Hibernate: 
    select
        dp1_0.id,
        dp1_0.delay_minutes,
        dp1_0.delay_reason,
        dp1_0.detected_at,
        dp1_0.is_active,
        dp1_0.probability,
        dp1_0.shipment_id 
    from
        delay_predictions dp1_0 
    where
        dp1_0.id=?
Hibernate: 
    update
        delay_predictions 
    set
        delay_minutes=?,
        delay_reason=?,
        detected_at=?,
        is_active=?,
        probability=?,
        shipment_id=? 
    where
        id=?
2026-08-12T17:16:19.647+05:30  INFO 27180 --- [shiptrack-backend] [MessageBroker-2] c.s.service.DelayPredictionService       : Superseded 1 stale delay prediction(s) for shipment 22
Hibernate: 
    insert 
    into
        delay_predictions
        (delay_minutes, delay_reason, detected_at, is_active, probability, shipment_id) 
    values
        (?, ?, ?, ?, ?, ?)
2026-08-12T17:16:19.672+05:30  INFO 27180 --- [shiptrack-backend] [MessageBroker-3] c.shiptrack.service.LiveTrackingService  : Broadcast location update for shipment 24: 15.30064,74.08526
2026-08-12T17:16:19.672+05:30  WARN 27180 --- [shiptrack-backend] [MessageBroker-2] c.shiptrack.service.LiveTrackingService  : Delay alert for shipment 22: No location update for 20094 minutes (120 min, 0.9% probability)
2026-08-12T17:16:19.673+05:30  WARN 27180 --- [shiptrack-backend] [MessageBroker-2] c.s.service.DelayPredictionService       : Delay detected for shipment 22: No location update for 20094 minutes (120 min)
Hibernate: 
    select
        s1_0.id,
        s1_0.actual_delivery_time,
        s1_0.created_at,
        s1_0.created_by,
        s1_0.delivery_address,
        s1_0.destination_latitude,
        s1_0.destination_longitude,
        s1_0.estimated_delivery_time,
        s1_0.estimated_duration,
        s1_0.origin_latitude,
        s1_0.origin_longitude,
        s1_0.receiver_name,
        s1_0.route_polyline,
        s1_0.sender_address,
        s1_0.sender_name,
        s1_0.status,
        s1_0.total_distance,
        s1_0.tracking_number 
    from
        shipments s1_0 
    where
        s1_0.id=?
Hibernate: 
    select
        te1_0.id,
        te1_0.latitude,
        te1_0.longitude,
        te1_0.recorded_at,
        te1_0.shipment_id,
        te1_0.status 
    from
        tracking_events te1_0 
    left join
        shipments s1_0 
            on s1_0.id=te1_0.shipment_id 
    where
        s1_0.id=? 
    order by
        te1_0.recorded_at
Hibernate: 
    select
        te1_0.id,
        te1_0.latitude,
        te1_0.longitude,
        te1_0.recorded_at,
        te1_0.shipment_id,
        te1_0.status 
    from
        tracking_events te1_0 
    left join
        shipments s1_0 
            on s1_0.id=te1_0.shipment_id 
    where
        s1_0.id=? 
    order by
        te1_0.recorded_at
Hibernate: 
    select
        rhp1_0.id,
        rhp1_0.latitude,
        rhp1_0.longitude,
        rhp1_0.progress,
        rhp1_0.recorded_at,
        rhp1_0.shipment_id,
        rhp1_0.speed 
    from
        route_history_points rhp1_0 
    left join
        shipments s1_0 
            on s1_0.id=rhp1_0.shipment_id 
    where
        s1_0.id=? 
    order by
        rhp1_0.recorded_at desc 
    fetch
        first ? rows only
Hibernate: 
    insert 
    into
        route_history_points
        (latitude, longitude, progress, recorded_at, shipment_id, speed) 
    values
        (?, ?, ?, ?, ?, ?)
2026-08-12T17:16:19.680+05:30  INFO 27180 --- [shiptrack-backend] [MessageBroker-3] c.shiptrack.service.LiveTrackingService  : Broadcast location update for shipment 52: 22.382874662678685,87.3917873612492
Hibernate: 
    select
        dp1_0.id,
        dp1_0.delay_minutes,
        dp1_0.delay_reason,
        dp1_0.detected_at,
        dp1_0.is_active,
        dp1_0.probability,
        dp1_0.shipment_id 
    from
        delay_predictions dp1_0 
    where
        dp1_0.shipment_id=? 
        and dp1_0.is_active 
    order by
        dp1_0.detected_at desc 
    fetch
        first ? rows only
Hibernate: 
    select
        te1_0.id,
        te1_0.latitude,
        te1_0.longitude,
        te1_0.recorded_at,
        te1_0.shipment_id,
        te1_0.status 
    from
        tracking_events te1_0 
    left join
        shipments s1_0 
            on s1_0.id=te1_0.shipment_id 
    where
        s1_0.id=? 
    order by
        te1_0.recorded_at
Hibernate: 
    select
        dp1_0.id,
        dp1_0.delay_minutes,
        dp1_0.delay_reason,
        dp1_0.detected_at,
        dp1_0.is_active,
        dp1_0.probability,
        dp1_0.shipment_id 
    from
        delay_predictions dp1_0 
    where
        dp1_0.shipment_id=? 
        and dp1_0.is_active
Hibernate: 
    select
        dp1_0.id,
        dp1_0.delay_minutes,
        dp1_0.delay_reason,
        dp1_0.detected_at,
        dp1_0.is_active,
        dp1_0.probability,
        dp1_0.shipment_id 
    from
        delay_predictions dp1_0 
    where
        dp1_0.id=?
Hibernate: 
    update
        delay_predictions 
    set
        delay_minutes=?,
        delay_reason=?,
        detected_at=?,
        is_active=?,
        probability=?,
        shipment_id=? 
    where
        id=?
2026-08-12T17:16:19.687+05:30  INFO 27180 --- [shiptrack-backend] [MessageBroker-2] c.s.service.DelayPredictionService       : Superseded 1 stale delay prediction(s) for shipment 24
Hibernate: 
    insert 
    into
        delay_predictions
        (delay_minutes, delay_reason, detected_at, is_active, probability, shipment_id) 
    values
        (?, ?, ?, ?, ?, ?)
2026-08-12T17:16:19.690+05:30  WARN 27180 --- [shiptrack-backend] [MessageBroker-2] c.shiptrack.service.LiveTrackingService  : Delay alert for shipment 24: Shipment is behind schedule (22242 min, 0.95% probability)
2026-08-12T17:16:19.690+05:30  WARN 27180 --- [shiptrack-backend] [MessageBroker-2] c.s.service.DelayPredictionService       : Delay detected for shipment 24: Shipment is behind schedule (22242 min)
Hibernate: 
    select
        s1_0.id,
        s1_0.actual_delivery_time,
        s1_0.created_at,
        s1_0.created_by,
        s1_0.delivery_address,
        s1_0.destination_latitude,
        s1_0.destination_longitude,
        s1_0.estimated_delivery_time,
        s1_0.estimated_duration,
        s1_0.origin_latitude,
        s1_0.origin_longitude,
        s1_0.receiver_name,
        s1_0.route_polyline,
        s1_0.sender_address,
        s1_0.sender_name,
        s1_0.status,
        s1_0.total_distance,
        s1_0.tracking_number 
    from
        shipments s1_0 
    where
        s1_0.id=?
Hibernate: 
    select
        te1_0.id,
        te1_0.latitude,
        te1_0.longitude,
        te1_0.recorded_at,
        te1_0.shipment_id,
        te1_0.status 
    from
        tracking_events te1_0 
    left join
        shipments s1_0 
            on s1_0.id=te1_0.shipment_id 
    where
        s1_0.id=? 
    order by
        te1_0.recorded_at
Hibernate: 
    select
        rhp1_0.id,
        rhp1_0.latitude,
        rhp1_0.longitude,
        rhp1_0.progress,
        rhp1_0.recorded_at,
        rhp1_0.shipment_id,
        rhp1_0.speed 
    from
        route_history_points rhp1_0 
    left join
        shipments s1_0 
            on s1_0.id=rhp1_0.shipment_id 
    where
        s1_0.id=? 
    order by
        rhp1_0.recorded_at desc 
    fetch
        first ? rows only
2026-08-12T17:16:25.009+05:30  INFO 27180 --- [shiptrack-backend] [nio-8080-exec-1] o.a.c.c.C.[Tomcat].[localhost].[/]       : Initializing Spring DispatcherServlet 'dispatcherServlet'
2026-08-12T17:16:25.010+05:30  INFO 27180 --- [shiptrack-backend] [nio-8080-exec-1] o.s.web.servlet.DispatcherServlet        : Initializing Servlet 'dispatcherServlet'
2026-08-12T17:16:25.011+05:30  INFO 27180 --- [shiptrack-backend] [nio-8080-exec-1] o.s.web.servlet.DispatcherServlet        : Completed initialization in 1 ms
Hibernate: 
    select
        s1_0.id,
        s1_0.actual_delivery_time,
        s1_0.created_at,
        s1_0.created_by,
        s1_0.delivery_address,
        s1_0.destination_latitude,
        s1_0.destination_longitude,
        s1_0.estimated_delivery_time,
        s1_0.estimated_duration,
        s1_0.origin_latitude,
        s1_0.origin_longitude,
        s1_0.receiver_name,
        s1_0.route_polyline,
        s1_0.sender_address,
        s1_0.sender_name,
        s1_0.status,
        s1_0.total_distance,
        s1_0.tracking_number 
    from
        shipments s1_0 
    where
        s1_0.status in (?, ?)
Hibernate: 
    insert 
    into
        route_history_points
        (latitude, longitude, progress, recorded_at, shipment_id, speed) 
    values
        (?, ?, ?, ?, ?, ?)
2026-08-12T17:16:49.535+05:30  INFO 27180 --- [shiptrack-backend] [MessageBroker-6] c.shiptrack.service.LiveTrackingService  : Broadcast location update for shipment 24: 15.30064,74.08526
Hibernate: 
    insert 
    into
        route_history_points
        (latitude, longitude, progress, recorded_at, shipment_id, speed) 
    values
        (?, ?, ?, ?, ?, ?)
2026-08-12T17:16:49.540+05:30  INFO 27180 --- [shiptrack-backend] [MessageBroker-6] c.shiptrack.service.LiveTrackingService  : Broadcast location update for shipment 52: 22.382874662678685,87.3917873612492
2026-08-12T17:17:01.718+05:30  WARN 27180 --- [shiptrack-backend] [MessageBroker-1] com.shiptrack.service.GeocodingService   : OSRM routing failed

org.springframework.web.client.ResourceAccessException: I/O error on GET request for "https://router.project-osrm.org/route/v1/driving/88.3638953,22.5726459;85.906508,25.6440845": Connection timed out: getsockopt
	at org.springframework.web.client.RestTemplate.createResourceAccessException(RestTemplate.java:926) ~[spring-web-6.2.8.jar!/:6.2.8]
	at org.springframework.web.client.RestTemplate.doExecute(RestTemplate.java:906) ~[spring-web-6.2.8.jar!/:6.2.8]
	at org.springframework.web.client.RestTemplate.execute(RestTemplate.java:801) ~[spring-web-6.2.8.jar!/:6.2.8]
	at org.springframework.web.client.RestTemplate.getForObject(RestTemplate.java:415) ~[spring-web-6.2.8.jar!/:6.2.8]
	at com.shiptrack.service.GeocodingService.routeWithOsrm(GeocodingService.java:202) ~[!/:0.0.1-SNAPSHOT]
	at com.shiptrack.service.GeocodingService.calculateRoute(GeocodingService.java:147) ~[!/:0.0.1-SNAPSHOT]
	at com.shiptrack.service.GeocodingService.calculateDuration(GeocodingService.java:247) ~[!/:0.0.1-SNAPSHOT]
	at com.shiptrack.service.EtaService.calculateEta(EtaService.java:95) ~[!/:0.0.1-SNAPSHOT]
	at com.shiptrack.service.EtaService.recalculateActiveEtas(EtaService.java:130) ~[!/:0.0.1-SNAPSHOT]
	at java.base/jdk.internal.reflect.DirectMethodHandleAccessor.invoke(DirectMethodHandleAccessor.java:104) ~[na:na]
	at java.base/java.lang.reflect.Method.invoke(Method.java:565) ~[na:na]
	at org.springframework.aop.support.AopUtils.invokeJoinpointUsingReflection(AopUtils.java:359) ~[spring-aop-6.2.8.jar!/:6.2.8]
	at org.springframework.aop.framework.CglibAopProxy$DynamicAdvisedInterceptor.intercept(CglibAopProxy.java:724) ~[spring-aop-6.2.8.jar!/:6.2.8]
	at com.shiptrack.service.EtaService$$SpringCGLIB$$0.recalculateActiveEtas(<generated>) ~[!/:0.0.1-SNAPSHOT]
	at java.base/jdk.internal.reflect.DirectMethodHandleAccessor.invoke(DirectMethodHandleAccessor.java:104) ~[na:na]
	at java.base/java.lang.reflect.Method.invoke(Method.java:565) ~[na:na]
	at org.springframework.scheduling.support.ScheduledMethodRunnable.runInternal(ScheduledMethodRunnable.java:130) ~[spring-context-6.2.8.jar!/:6.2.8]
	at org.springframework.scheduling.support.ScheduledMethodRunnable.lambda$run$2(ScheduledMethodRunnable.java:124) ~[spring-context-6.2.8.jar!/:6.2.8]
	at io.micrometer.observation.Observation.observe(Observation.java:498) ~[micrometer-observation-1.15.1.jar!/:1.15.1]
	at org.springframework.scheduling.support.ScheduledMethodRunnable.run(ScheduledMethodRunnable.java:124) ~[spring-context-6.2.8.jar!/:6.2.8]
	at org.springframework.scheduling.config.Task$OutcomeTrackingRunnable.run(Task.java:85) ~[spring-context-6.2.8.jar!/:6.2.8]
	at org.springframework.scheduling.support.DelegatingErrorHandlingRunnable.run(DelegatingErrorHandlingRunnable.java:54) ~[spring-context-6.2.8.jar!/:6.2.8]
	at java.base/java.util.concurrent.Executors$RunnableAdapter.call(Executors.java:545) ~[na:na]
	at java.base/java.util.concurrent.FutureTask.runAndReset(FutureTask.java:371) ~[na:na]
	at java.base/java.util.concurrent.ScheduledThreadPoolExecutor$ScheduledFutureTask.run(ScheduledThreadPoolExecutor.java:310) ~[na:na]
	at java.base/java.util.concurrent.ThreadPoolExecutor.runWorker(ThreadPoolExecutor.java:1090) ~[na:na]
	at java.base/java.util.concurrent.ThreadPoolExecutor$Worker.run(ThreadPoolExecutor.java:614) ~[na:na]
	at java.base/java.lang.Thread.run(Thread.java:1516) ~[na:na]
Caused by: java.net.ConnectException: Connection timed out: getsockopt
	at java.base/sun.nio.ch.Net.pollConnect(Native Method) ~[na:na]
	at java.base/sun.nio.ch.Net.pollConnectNow(Net.java:642) ~[na:na]
	at java.base/sun.nio.ch.SocketChannelImpl.finishConnect(SocketChannelImpl.java:1043) ~[na:na]
	at java.net.http/jdk.internal.net.http.PlainHttpConnection$ConnectEvent.handle(PlainHttpConnection.java:134) ~[java.net.http:na]
	at java.net.http/jdk.internal.net.http.HttpClientImpl$SelectorManager.handleEvent(HttpClientImpl.java:1610) ~[java.net.http:na]
	at java.net.http/jdk.internal.net.http.HttpClientImpl$SelectorManager.lambda$run$3(HttpClientImpl.java:1555) ~[java.net.http:na]
	at java.base/java.util.ArrayList.forEach(ArrayList.java:1612) ~[na:na]
	at java.net.http/jdk.internal.net.http.HttpClientImpl$SelectorManager.run(HttpClientImpl.java:1555) ~[java.net.http:na]
	at java.base/java.lang.VirtualThread.run(VirtualThread.java:475) ~[na:na]

2026-08-12T17:17:01.725+05:30  WARN 27180 --- [shiptrack-backend] [MessageBroker-1] com.shiptrack.service.GeocodingService   : All routing providers failed for (22.5726459,88.3638953) -> (25.6440845,85.906508)
2026-08-12T17:17:01.739+05:30  WARN 27180 --- [shiptrack-backend] [MessageBroker-1] com.shiptrack.service.EtaService         : Failed to recalculate ETA for shipment 22

org.springframework.dao.InvalidDataAccessApiUsageException: Executing an update/delete query
	at org.springframework.orm.jpa.EntityManagerFactoryUtils.convertJpaAccessExceptionIfPossible(EntityManagerFactoryUtils.java:400) ~[spring-orm-6.2.8.jar!/:6.2.8]
	at org.springframework.orm.jpa.vendor.HibernateJpaDialect.translateExceptionIfPossible(HibernateJpaDialect.java:246) ~[spring-orm-6.2.8.jar!/:6.2.8]
	at org.springframework.orm.jpa.AbstractEntityManagerFactoryBean.translateExceptionIfPossible(AbstractEntityManagerFactoryBean.java:560) ~[spring-orm-6.2.8.jar!/:6.2.8]
	at org.springframework.dao.support.ChainedPersistenceExceptionTranslator.translateExceptionIfPossible(ChainedPersistenceExceptionTranslator.java:61) ~[spring-tx-6.2.8.jar!/:6.2.8]
	at org.springframework.dao.support.DataAccessUtils.translateIfNecessary(DataAccessUtils.java:343) ~[spring-tx-6.2.8.jar!/:6.2.8]
	at org.springframework.dao.support.PersistenceExceptionTranslationInterceptor.invoke(PersistenceExceptionTranslationInterceptor.java:160) ~[spring-tx-6.2.8.jar!/:6.2.8]
	at org.springframework.aop.framework.ReflectiveMethodInvocation.proceed(ReflectiveMethodInvocation.java:184) ~[spring-aop-6.2.8.jar!/:6.2.8]
	at org.springframework.data.jpa.repository.support.CrudMethodMetadataPostProcessor$CrudMethodMetadataPopulatingMethodInterceptor.invoke(CrudMethodMetadataPostProcessor.java:136) ~[spring-data-jpa-3.5.1.jar!/:3.5.1]
	at org.springframework.aop.framework.ReflectiveMethodInvocation.proceed(ReflectiveMethodInvocation.java:184) ~[spring-aop-6.2.8.jar!/:6.2.8]
	at org.springframework.aop.framework.JdkDynamicAopProxy.invoke(JdkDynamicAopProxy.java:223) ~[spring-aop-6.2.8.jar!/:6.2.8]
	at jdk.proxy2/jdk.proxy2.$Proxy145.updateEtaFields(Unknown Source) ~[na:na]
	at com.shiptrack.service.EtaService.calculateEta(EtaService.java:103) ~[!/:0.0.1-SNAPSHOT]
	at com.shiptrack.service.EtaService.recalculateActiveEtas(EtaService.java:130) ~[!/:0.0.1-SNAPSHOT]
	at java.base/jdk.internal.reflect.DirectMethodHandleAccessor.invoke(DirectMethodHandleAccessor.java:104) ~[na:na]
	at java.base/java.lang.reflect.Method.invoke(Method.java:565) ~[na:na]
	at org.springframework.aop.support.AopUtils.invokeJoinpointUsingReflection(AopUtils.java:359) ~[spring-aop-6.2.8.jar!/:6.2.8]
	at org.springframework.aop.framework.CglibAopProxy$DynamicAdvisedInterceptor.intercept(CglibAopProxy.java:724) ~[spring-aop-6.2.8.jar!/:6.2.8]
	at com.shiptrack.service.EtaService$$SpringCGLIB$$0.recalculateActiveEtas(<generated>) ~[!/:0.0.1-SNAPSHOT]
	at java.base/jdk.internal.reflect.DirectMethodHandleAccessor.invoke(DirectMethodHandleAccessor.java:104) ~[na:na]
	at java.base/java.lang.reflect.Method.invoke(Method.java:565) ~[na:na]
	at org.springframework.scheduling.support.ScheduledMethodRunnable.runInternal(ScheduledMethodRunnable.java:130) ~[spring-context-6.2.8.jar!/:6.2.8]
	at org.springframework.scheduling.support.ScheduledMethodRunnable.lambda$run$2(ScheduledMethodRunnable.java:124) ~[spring-context-6.2.8.jar!/:6.2.8]
	at io.micrometer.observation.Observation.observe(Observation.java:498) ~[micrometer-observation-1.15.1.jar!/:1.15.1]
	at org.springframework.scheduling.support.ScheduledMethodRunnable.run(ScheduledMethodRunnable.java:124) ~[spring-context-6.2.8.jar!/:6.2.8]
	at org.springframework.scheduling.config.Task$OutcomeTrackingRunnable.run(Task.java:85) ~[spring-context-6.2.8.jar!/:6.2.8]
	at org.springframework.scheduling.support.DelegatingErrorHandlingRunnable.run(DelegatingErrorHandlingRunnable.java:54) ~[spring-context-6.2.8.jar!/:6.2.8]
	at java.base/java.util.concurrent.Executors$RunnableAdapter.call(Executors.java:545) ~[na:na]
	at java.base/java.util.concurrent.FutureTask.runAndReset(FutureTask.java:371) ~[na:na]
	at java.base/java.util.concurrent.ScheduledThreadPoolExecutor$ScheduledFutureTask.run(ScheduledThreadPoolExecutor.java:310) ~[na:na]
	at java.base/java.util.concurrent.ThreadPoolExecutor.runWorker(ThreadPoolExecutor.java:1090) ~[na:na]
	at java.base/java.util.concurrent.ThreadPoolExecutor$Worker.run(ThreadPoolExecutor.java:614) ~[na:na]
	at java.base/java.lang.Thread.run(Thread.java:1516) ~[na:na]
Caused by: jakarta.persistence.TransactionRequiredException: Executing an update/delete query
	at org.hibernate.internal.AbstractSharedSessionContract.checkTransactionNeededForUpdateOperation(AbstractSharedSessionContract.java:560) ~[hibernate-core-6.6.18.Final.jar!/:6.6.18.Final]
	at org.hibernate.query.sqm.internal.QuerySqmImpl.executeUpdate(QuerySqmImpl.java:489) ~[hibernate-core-6.6.18.Final.jar!/:6.6.18.Final]
	at java.base/jdk.internal.reflect.DirectMethodHandleAccessor.invoke(DirectMethodHandleAccessor.java:104) ~[na:na]
	at java.base/java.lang.reflect.Method.invoke(Method.java:565) ~[na:na]
	at org.springframework.orm.jpa.SharedEntityManagerCreator$DeferredQueryInvocationHandler.invoke(SharedEntityManagerCreator.java:419) ~[spring-orm-6.2.8.jar!/:6.2.8]
	at jdk.proxy2/jdk.proxy2.$Proxy168.executeUpdate(Unknown Source) ~[na:na]
	at org.springframework.data.jpa.repository.query.JpaQueryExecution$ModifyingExecution.doExecute(JpaQueryExecution.java:267) ~[spring-data-jpa-3.5.1.jar!/:3.5.1]
	at org.springframework.data.jpa.repository.query.JpaQueryExecution.execute(JpaQueryExecution.java:93) ~[spring-data-jpa-3.5.1.jar!/:3.5.1]
	at org.springframework.data.jpa.repository.query.AbstractJpaQuery.doExecute(AbstractJpaQuery.java:160) ~[spring-data-jpa-3.5.1.jar!/:3.5.1]
	at org.springframework.data.jpa.repository.query.AbstractJpaQuery.execute(AbstractJpaQuery.java:148) ~[spring-data-jpa-3.5.1.jar!/:3.5.1]
	at org.springframework.data.repository.core.support.RepositoryMethodInvoker.doInvoke(RepositoryMethodInvoker.java:170) ~[spring-data-commons-3.5.1.jar!/:3.5.1]
	at org.springframework.data.repository.core.support.RepositoryMethodInvoker.invoke(RepositoryMethodInvoker.java:158) ~[spring-data-commons-3.5.1.jar!/:3.5.1]
	at org.springframework.data.repository.core.support.QueryExecutorMethodInterceptor.doInvoke(QueryExecutorMethodInterceptor.java:170) ~[spring-data-commons-3.5.1.jar!/:3.5.1]
	at org.springframework.data.repository.core.support.QueryExecutorMethodInterceptor.invoke(QueryExecutorMethodInterceptor.java:149) ~[spring-data-commons-3.5.1.jar!/:3.5.1]
	at org.springframework.aop.framework.ReflectiveMethodInvocation.proceed(ReflectiveMethodInvocation.java:184) ~[spring-aop-6.2.8.jar!/:6.2.8]
	at org.springframework.data.projection.DefaultMethodInvokingMethodInterceptor.invoke(DefaultMethodInvokingMethodInterceptor.java:69) ~[spring-data-commons-3.5.1.jar!/:3.5.1]
	at org.springframework.aop.framework.ReflectiveMethodInvocation.proceed(ReflectiveMethodInvocation.java:184) ~[spring-aop-6.2.8.jar!/:6.2.8]
	at org.springframework.transaction.interceptor.TransactionAspectSupport.invokeWithinTransaction(TransactionAspectSupport.java:380) ~[spring-tx-6.2.8.jar!/:6.2.8]
	at org.springframework.transaction.interceptor.TransactionInterceptor.invoke(TransactionInterceptor.java:119) ~[spring-tx-6.2.8.jar!/:6.2.8]
	at org.springframework.aop.framework.ReflectiveMethodInvocation.proceed(ReflectiveMethodInvocation.java:184) ~[spring-aop-6.2.8.jar!/:6.2.8]
	at org.springframework.dao.support.PersistenceExceptionTranslationInterceptor.invoke(PersistenceExceptionTranslationInterceptor.java:138) ~[spring-tx-6.2.8.jar!/:6.2.8]
	... 26 common frames omitted

Hibernate: 
    select
        s1_0.id,
        s1_0.actual_delivery_time,
        s1_0.created_at,
        s1_0.created_by,
        s1_0.delivery_address,
        s1_0.destination_latitude,
        s1_0.destination_longitude,
        s1_0.estimated_delivery_time,
        s1_0.estimated_duration,
        s1_0.origin_latitude,
        s1_0.origin_longitude,
        s1_0.receiver_name,
        s1_0.route_polyline,
        s1_0.sender_address,
        s1_0.sender_name,
        s1_0.status,
        s1_0.total_distance,
        s1_0.tracking_number 
    from
        shipments s1_0 
    where
        s1_0.id=?
Hibernate: 
    select
        te1_0.id,
        te1_0.latitude,
        te1_0.longitude,
        te1_0.recorded_at,
        te1_0.shipment_id,
        te1_0.status 
    from
        tracking_events te1_0 
    left join
        shipments s1_0 
            on s1_0.id=te1_0.shipment_id 
    where
        s1_0.id=? 
    order by
        te1_0.recorded_at
Hibernate: 
    select
        rhp1_0.id,
        rhp1_0.latitude,
        rhp1_0.longitude,
        rhp1_0.progress,
        rhp1_0.recorded_at,
        rhp1_0.shipment_id,
        rhp1_0.speed 
    from
        route_history_points rhp1_0 
    left join
        shipments s1_0 
            on s1_0.id=rhp1_0.shipment_id 
    where
        s1_0.id=? 
    order by
        rhp1_0.recorded_at desc 
    fetch
        first ? rows only
2026-08-12T17:17:01.796+05:30  WARN 27180 --- [shiptrack-backend] [MessageBroker-2] com.shiptrack.service.GeocodingService   : OSRM routing failed

org.springframework.web.client.ResourceAccessException: I/O error on GET request for "https://router.project-osrm.org/route/v1/driving/88.3638953,22.5726459;84.6897321,20.5431241": Connection timed out: getsockopt
	at org.springframework.web.client.RestTemplate.createResourceAccessException(RestTemplate.java:926) ~[spring-web-6.2.8.jar!/:6.2.8]
	at org.springframework.web.client.RestTemplate.doExecute(RestTemplate.java:906) ~[spring-web-6.2.8.jar!/:6.2.8]
	at org.springframework.web.client.RestTemplate.execute(RestTemplate.java:801) ~[spring-web-6.2.8.jar!/:6.2.8]
	at org.springframework.web.client.RestTemplate.getForObject(RestTemplate.java:415) ~[spring-web-6.2.8.jar!/:6.2.8]
	at com.shiptrack.service.GeocodingService.routeWithOsrm(GeocodingService.java:202) ~[!/:0.0.1-SNAPSHOT]
	at com.shiptrack.service.GeocodingService.calculateRoute(GeocodingService.java:147) ~[!/:0.0.1-SNAPSHOT]
	at com.shiptrack.service.GeocodingService.calculateDuration(GeocodingService.java:247) ~[!/:0.0.1-SNAPSHOT]
	at com.shiptrack.service.DelayPredictionService.checkForDelays(DelayPredictionService.java:99) ~[!/:0.0.1-SNAPSHOT]
	at com.shiptrack.service.DelayPredictionService.checkAllActiveShipments(DelayPredictionService.java:162) ~[!/:0.0.1-SNAPSHOT]
	at java.base/jdk.internal.reflect.DirectMethodHandleAccessor.invoke(DirectMethodHandleAccessor.java:104) ~[na:na]
	at java.base/java.lang.reflect.Method.invoke(Method.java:565) ~[na:na]
	at org.springframework.aop.support.AopUtils.invokeJoinpointUsingReflection(AopUtils.java:359) ~[spring-aop-6.2.8.jar!/:6.2.8]
	at org.springframework.aop.framework.CglibAopProxy$DynamicAdvisedInterceptor.intercept(CglibAopProxy.java:724) ~[spring-aop-6.2.8.jar!/:6.2.8]
	at com.shiptrack.service.DelayPredictionService$$SpringCGLIB$$0.checkAllActiveShipments(<generated>) ~[!/:0.0.1-SNAPSHOT]
	at java.base/jdk.internal.reflect.DirectMethodHandleAccessor.invoke(DirectMethodHandleAccessor.java:104) ~[na:na]
	at java.base/java.lang.reflect.Method.invoke(Method.java:565) ~[na:na]
	at org.springframework.scheduling.support.ScheduledMethodRunnable.runInternal(ScheduledMethodRunnable.java:130) ~[spring-context-6.2.8.jar!/:6.2.8]
	at org.springframework.scheduling.support.ScheduledMethodRunnable.lambda$run$2(ScheduledMethodRunnable.java:124) ~[spring-context-6.2.8.jar!/:6.2.8]
	at io.micrometer.observation.Observation.observe(Observation.java:498) ~[micrometer-observation-1.15.1.jar!/:1.15.1]
	at org.springframework.scheduling.support.ScheduledMethodRunnable.run(ScheduledMethodRunnable.java:124) ~[spring-context-6.2.8.jar!/:6.2.8]
	at org.springframework.scheduling.config.Task$OutcomeTrackingRunnable.run(Task.java:85) ~[spring-context-6.2.8.jar!/:6.2.8]
	at org.springframework.scheduling.support.DelegatingErrorHandlingRunnable.run(DelegatingErrorHandlingRunnable.java:54) ~[spring-context-6.2.8.jar!/:6.2.8]
	at java.base/java.util.concurrent.Executors$RunnableAdapter.call(Executors.java:545) ~[na:na]
	at java.base/java.util.concurrent.FutureTask.runAndReset(FutureTask.java:371) ~[na:na]
	at java.base/java.util.concurrent.ScheduledThreadPoolExecutor$ScheduledFutureTask.run(ScheduledThreadPoolExecutor.java:310) ~[na:na]
	at java.base/java.util.concurrent.ThreadPoolExecutor.runWorker(ThreadPoolExecutor.java:1090) ~[na:na]
	at java.base/java.util.concurrent.ThreadPoolExecutor$Worker.run(ThreadPoolExecutor.java:614) ~[na:na]
	at java.base/java.lang.Thread.run(Thread.java:1516) ~[na:na]
Caused by: java.net.ConnectException: Connection timed out: getsockopt
	at java.base/sun.nio.ch.Net.pollConnect(Native Method) ~[na:na]
	at java.base/sun.nio.ch.Net.pollConnectNow(Net.java:642) ~[na:na]
	at java.base/sun.nio.ch.SocketChannelImpl.finishConnect(SocketChannelImpl.java:1043) ~[na:na]
	at java.net.http/jdk.internal.net.http.PlainHttpConnection$ConnectEvent.handle(PlainHttpConnection.java:134) ~[java.net.http:na]
	at java.net.http/jdk.internal.net.http.HttpClientImpl$SelectorManager.handleEvent(HttpClientImpl.java:1610) ~[java.net.http:na]
	at java.net.http/jdk.internal.net.http.HttpClientImpl$SelectorManager.lambda$run$3(HttpClientImpl.java:1555) ~[java.net.http:na]
	at java.base/java.util.ArrayList.forEach(ArrayList.java:1612) ~[na:na]
	at java.net.http/jdk.internal.net.http.HttpClientImpl$SelectorManager.run(HttpClientImpl.java:1555) ~[java.net.http:na]
	at java.base/java.lang.VirtualThread.run(VirtualThread.java:475) ~[na:na]

2026-08-12T17:17:01.798+05:30  WARN 27180 --- [shiptrack-backend] [MessageBroker-2] com.shiptrack.service.GeocodingService   : All routing providers failed for (22.5726459,88.3638953) -> (20.5431241,84.6897321)
Hibernate: 
    select
        dp1_0.id,
        dp1_0.delay_minutes,
        dp1_0.delay_reason,
        dp1_0.detected_at,
        dp1_0.is_active,
        dp1_0.probability,
        dp1_0.shipment_id 
    from
        delay_predictions dp1_0 
    where
        dp1_0.shipment_id=? 
        and dp1_0.is_active
Hibernate: 
    select
        s1_0.id,
        s1_0.actual_delivery_time,
        s1_0.created_at,
        s1_0.created_by,
        s1_0.delivery_address,
        s1_0.destination_latitude,
        s1_0.destination_longitude,
        s1_0.estimated_delivery_time,
        s1_0.estimated_duration,
        s1_0.origin_latitude,
        s1_0.origin_longitude,
        s1_0.receiver_name,
        s1_0.route_polyline,
        s1_0.sender_address,
        s1_0.sender_name,
        s1_0.status,
        s1_0.total_distance,
        s1_0.tracking_number 
    from
        shipments s1_0 
    where
        s1_0.id=?
Hibernate: 
    select
        te1_0.id,
        te1_0.latitude,
        te1_0.longitude,
        te1_0.recorded_at,
        te1_0.shipment_id,
        te1_0.status 
    from
        tracking_events te1_0 
    left join
        shipments s1_0 
            on s1_0.id=te1_0.shipment_id 
    where
        s1_0.id=? 
    order by
        te1_0.recorded_at
Hibernate: 
    select
        rhp1_0.id,
        rhp1_0.latitude,
        rhp1_0.longitude,
        rhp1_0.progress,
        rhp1_0.recorded_at,
        rhp1_0.shipment_id,
        rhp1_0.speed 
    from
        route_history_points rhp1_0 
    left join
        shipments s1_0 
            on s1_0.id=rhp1_0.shipment_id 
    where
        s1_0.id=? 
    order by
        rhp1_0.recorded_at desc 
    fetch
        first ? rows only
Hibernate: 
    select
        dp1_0.id,
        dp1_0.delay_minutes,
        dp1_0.delay_reason,
        dp1_0.detected_at,
        dp1_0.is_active,
        dp1_0.probability,
        dp1_0.shipment_id 
    from
        delay_predictions dp1_0 
    where
        dp1_0.shipment_id=? 
        and dp1_0.is_active 
    order by
        dp1_0.detected_at desc 
    fetch
        first ? rows only
Hibernate: 
    select
        dp1_0.id,
        dp1_0.delay_minutes,
        dp1_0.delay_reason,
        dp1_0.detected_at,
        dp1_0.is_active,
        dp1_0.probability,
        dp1_0.shipment_id 
    from
        delay_predictions dp1_0 
    where
        dp1_0.shipment_id=? 
        and dp1_0.is_active
Hibernate: 
    select
        dp1_0.id,
        dp1_0.delay_minutes,
        dp1_0.delay_reason,
        dp1_0.detected_at,
        dp1_0.is_active,
        dp1_0.probability,
        dp1_0.shipment_id 
    from
        delay_predictions dp1_0 
    where
        dp1_0.id=?
Hibernate: 
    update
        delay_predictions 
    set
        delay_minutes=?,
        delay_reason=?,
        detected_at=?,
        is_active=?,
        probability=?,
        shipment_id=? 
    where
        id=?
2026-08-12T17:17:01.814+05:30  INFO 27180 --- [shiptrack-backend] [MessageBroker-2] c.s.service.DelayPredictionService       : Superseded 1 stale delay prediction(s) for shipment 53
Hibernate: 
    insert 
    into
        delay_predictions
        (delay_minutes, delay_reason, detected_at, is_active, probability, shipment_id) 
    values
        (?, ?, ?, ?, ?, ?)
2026-08-12T17:17:01.817+05:30  WARN 27180 --- [shiptrack-backend] [MessageBroker-2] c.shiptrack.service.LiveTrackingService  : Delay alert for shipment 53: No location update for 56 minutes (56 min, 0.6866666666666666% probability)
2026-08-12T17:17:01.818+05:30  WARN 27180 --- [shiptrack-backend] [MessageBroker-2] c.s.service.DelayPredictionService       : Delay detected for shipment 53: No location update for 56 minutes (56 min)
2026-08-12T17:17:19.494+05:30  INFO 27180 --- [shiptrack-backend] [MessageBroker-8] o.s.w.s.c.WebSocketMessageBrokerStats    : WebSocketSession[1 current WS(1)-HttpStream(0)-HttpPoll(0), 1 total, 0 closed abnormally (0 connect failure, 0 send limit, 0 transport error)], stompSubProtocol[processed CONNECT(1)-CONNECTED(1)-DISCONNECT(0)], stompBrokerRelay[null], inboundChannel[pool size = 6, active threads = 0, queued tasks = 0, completed tasks = 6], outboundChannel[pool size = 2, active threads = 0, queued tasks = 0, completed tasks = 2], sockJsScheduler[pool size = 16, active threads = 2, queued tasks = 4, completed tasks = 15]
Hibernate: 
    select
        s1_0.id,
        s1_0.actual_delivery_time,
        s1_0.created_at,
        s1_0.created_by,
        s1_0.delivery_address,
        s1_0.destination_latitude,
        s1_0.destination_longitude,
        s1_0.estimated_delivery_time,
        s1_0.estimated_duration,
        s1_0.origin_latitude,
        s1_0.origin_longitude,
        s1_0.receiver_name,
        s1_0.route_polyline,
        s1_0.sender_address,
        s1_0.sender_name,
        s1_0.status,
        s1_0.total_distance,
        s1_0.tracking_number 
    from
        shipments s1_0 
    where
        s1_0.status in (?, ?)
Hibernate: 
    select
        s1_0.id,
        s1_0.actual_delivery_time,
        s1_0.created_at,
        s1_0.created_by,
        s1_0.delivery_address,
        s1_0.destination_latitude,
        s1_0.destination_longitude,
        s1_0.estimated_delivery_time,
        s1_0.estimated_duration,
        s1_0.origin_latitude,
        s1_0.origin_longitude,
        s1_0.receiver_name,
        s1_0.route_polyline,
        s1_0.sender_address,
        s1_0.sender_name,
        s1_0.status,
        s1_0.total_distance,
        s1_0.tracking_number 
    from
        shipments s1_0 
    where
        s1_0.status in (?, ?)
Hibernate: 
    select
        s1_0.id,
        s1_0.actual_delivery_time,
        s1_0.created_at,
        s1_0.created_by,
        s1_0.delivery_address,
        s1_0.destination_latitude,
        s1_0.destination_longitude,
        s1_0.estimated_delivery_time,
        s1_0.estimated_duration,
        s1_0.origin_latitude,
        s1_0.origin_longitude,
        s1_0.receiver_name,
        s1_0.route_polyline,
        s1_0.sender_address,
        s1_0.sender_name,
        s1_0.status,
        s1_0.total_distance,
        s1_0.tracking_number 
    from
        shipments s1_0 
    where
        s1_0.id=?
Hibernate: 
    insert 
    into
        route_history_points
        (latitude, longitude, progress, recorded_at, shipment_id, speed) 
    values
        (?, ?, ?, ?, ?, ?)
2026-08-12T17:17:19.529+05:30  INFO 27180 --- [shiptrack-backend] [MessageBroker-3] c.shiptrack.service.LiveTrackingService  : Broadcast location update for shipment 24: 15.30064,74.08526
Hibernate: 
    select
        te1_0.id,
        te1_0.latitude,
        te1_0.longitude,
        te1_0.recorded_at,
        te1_0.shipment_id,
        te1_0.status 
    from
        tracking_events te1_0 
    left join
        shipments s1_0 
            on s1_0.id=te1_0.shipment_id 
    where
        s1_0.id=? 
    order by
        te1_0.recorded_at
Hibernate: 
    insert 
    into
        route_history_points
        (latitude, longitude, progress, recorded_at, shipment_id, speed) 
    values
        (?, ?, ?, ?, ?, ?)
Hibernate: 
    select
        rhp1_0.id,
        rhp1_0.latitude,
        rhp1_0.longitude,
        rhp1_0.progress,
        rhp1_0.recorded_at,
        rhp1_0.shipment_id,
        rhp1_0.speed 
    from
        route_history_points rhp1_0 
    left join
        shipments s1_0 
            on s1_0.id=rhp1_0.shipment_id 
    where
        s1_0.id=? 
    order by
        rhp1_0.recorded_at desc 
    fetch
        first ? rows only
2026-08-12T17:17:19.537+05:30  INFO 27180 --- [shiptrack-backend] [MessageBroker-3] c.shiptrack.service.LiveTrackingService  : Broadcast location update for shipment 52: 22.387266319359952,87.37979928277355
Hibernate: 
    select
        dp1_0.id,
        dp1_0.delay_minutes,
        dp1_0.delay_reason,
        dp1_0.detected_at,
        dp1_0.is_active,
        dp1_0.probability,
        dp1_0.shipment_id 
    from
        delay_predictions dp1_0 
    where
        dp1_0.shipment_id=? 
        and dp1_0.is_active 
    order by
        dp1_0.detected_at desc 
    fetch
        first ? rows only
Hibernate: 
    select
        dp1_0.id,
        dp1_0.delay_minutes,
        dp1_0.delay_reason,
        dp1_0.detected_at,
        dp1_0.is_active,
        dp1_0.probability,
        dp1_0.shipment_id 
    from
        delay_predictions dp1_0 
    where
        dp1_0.shipment_id=? 
        and dp1_0.is_active
Hibernate: 
    select
        dp1_0.id,
        dp1_0.delay_minutes,
        dp1_0.delay_reason,
        dp1_0.detected_at,
        dp1_0.is_active,
        dp1_0.probability,
        dp1_0.shipment_id 
    from
        delay_predictions dp1_0 
    where
        dp1_0.id=?
Hibernate: 
    update
        delay_predictions 
    set
        delay_minutes=?,
        delay_reason=?,
        detected_at=?,
        is_active=?,
        probability=?,
        shipment_id=? 
    where
        id=?
2026-08-12T17:17:19.552+05:30  INFO 27180 --- [shiptrack-backend] [essageBroker-14] c.s.service.DelayPredictionService       : Superseded 1 stale delay prediction(s) for shipment 22
Hibernate: 
    insert 
    into
        delay_predictions
        (delay_minutes, delay_reason, detected_at, is_active, probability, shipment_id) 
    values
        (?, ?, ?, ?, ?, ?)
2026-08-12T17:17:19.555+05:30  WARN 27180 --- [shiptrack-backend] [essageBroker-14] c.shiptrack.service.LiveTrackingService  : Delay alert for shipment 22: No location update for 20095 minutes (120 min, 0.9% probability)
2026-08-12T17:17:19.556+05:30  WARN 27180 --- [shiptrack-backend] [essageBroker-14] c.s.service.DelayPredictionService       : Delay detected for shipment 22: No location update for 20095 minutes (120 min)
Hibernate: 
    select
        s1_0.id,
        s1_0.actual_delivery_time,
        s1_0.created_at,
        s1_0.created_by,
        s1_0.delivery_address,
        s1_0.destination_latitude,
        s1_0.destination_longitude,
        s1_0.estimated_delivery_time,
        s1_0.estimated_duration,
        s1_0.origin_latitude,
        s1_0.origin_longitude,
        s1_0.receiver_name,
        s1_0.route_polyline,
        s1_0.sender_address,
        s1_0.sender_name,
        s1_0.status,
        s1_0.total_distance,
        s1_0.tracking_number 
    from
        shipments s1_0 
    where
        s1_0.id=?
Hibernate: 
    select
        te1_0.id,
        te1_0.latitude,
        te1_0.longitude,
        te1_0.recorded_at,
        te1_0.shipment_id,
        te1_0.status 
    from
        tracking_events te1_0 
    left join
        shipments s1_0 
            on s1_0.id=te1_0.shipment_id 
    where
        s1_0.id=? 
    order by
        te1_0.recorded_at
Hibernate: 
    select
        rhp1_0.id,
        rhp1_0.latitude,
        rhp1_0.longitude,
        rhp1_0.progress,
        rhp1_0.recorded_at,
        rhp1_0.shipment_id,
        rhp1_0.speed 
    from
        route_history_points rhp1_0 
    left join
        shipments s1_0 
            on s1_0.id=rhp1_0.shipment_id 
    where
        s1_0.id=? 
    order by
        rhp1_0.recorded_at desc 
    fetch
        first ? rows only
Hibernate: 
    select
        dp1_0.id,
        dp1_0.delay_minutes,
        dp1_0.delay_reason,
        dp1_0.detected_at,
        dp1_0.is_active,
        dp1_0.probability,
        dp1_0.shipment_id 
    from
        delay_predictions dp1_0 
    where
        dp1_0.shipment_id=? 
        and dp1_0.is_active 
    order by
        dp1_0.detected_at desc 
    fetch
        first ? rows only
Hibernate: 
    select
        dp1_0.id,
        dp1_0.delay_minutes,
        dp1_0.delay_reason,
        dp1_0.detected_at,
        dp1_0.is_active,
        dp1_0.probability,
        dp1_0.shipment_id 
    from
        delay_predictions dp1_0 
    where
        dp1_0.shipment_id=? 
        and dp1_0.is_active
Hibernate: 
    select
        dp1_0.id,
        dp1_0.delay_minutes,
        dp1_0.delay_reason,
        dp1_0.detected_at,
        dp1_0.is_active,
        dp1_0.probability,
        dp1_0.shipment_id 
    from
        delay_predictions dp1_0 
    where
        dp1_0.id=?
Hibernate: 
    update
        delay_predictions 
    set
        delay_minutes=?,
        delay_reason=?,
        detected_at=?,
        is_active=?,
        probability=?,
        shipment_id=? 
    where
        id=?
2026-08-12T17:17:19.566+05:30  INFO 27180 --- [shiptrack-backend] [essageBroker-14] c.s.service.DelayPredictionService       : Superseded 1 stale delay prediction(s) for shipment 24
Hibernate: 
    insert 
    into
        delay_predictions
        (delay_minutes, delay_reason, detected_at, is_active, probability, shipment_id) 
    values
        (?, ?, ?, ?, ?, ?)
2026-08-12T17:17:19.568+05:30  WARN 27180 --- [shiptrack-backend] [essageBroker-14] c.shiptrack.service.LiveTrackingService  : Delay alert for shipment 24: Shipment is behind schedule (22243 min, 0.95% probability)
2026-08-12T17:17:19.568+05:30  WARN 27180 --- [shiptrack-backend] [essageBroker-14] c.s.service.DelayPredictionService       : Delay detected for shipment 24: Shipment is behind schedule (22243 min)
Hibernate: 
    select
        s1_0.id,
        s1_0.actual_delivery_time,
        s1_0.created_at,
        s1_0.created_by,
        s1_0.delivery_address,
        s1_0.destination_latitude,
        s1_0.destination_longitude,
        s1_0.estimated_delivery_time,
        s1_0.estimated_duration,
        s1_0.origin_latitude,
        s1_0.origin_longitude,
        s1_0.receiver_name,
        s1_0.route_polyline,
        s1_0.sender_address,
        s1_0.sender_name,
        s1_0.status,
        s1_0.total_distance,
        s1_0.tracking_number 
    from
        shipments s1_0 
    where
        s1_0.id=?
Hibernate: 
    select
        te1_0.id,
        te1_0.latitude,
        te1_0.longitude,
        te1_0.recorded_at,
        te1_0.shipment_id,
        te1_0.status 
    from
        tracking_events te1_0 
    left join
        shipments s1_0 
            on s1_0.id=te1_0.shipment_id 
    where
        s1_0.id=? 
    order by
        te1_0.recorded_at
Hibernate: 
    select
        rhp1_0.id,
        rhp1_0.latitude,
        rhp1_0.longitude,
        rhp1_0.progress,
        rhp1_0.recorded_at,
        rhp1_0.shipment_id,
        rhp1_0.speed 
    from
        route_history_points rhp1_0 
    left join
        shipments s1_0 
            on s1_0.id=rhp1_0.shipment_id 
    where
        s1_0.id=? 
    order by
        rhp1_0.recorded_at desc 
    fetch
        first ? rows only
2026-08-12T17:17:43.877+05:30  WARN 27180 --- [shiptrack-backend] [MessageBroker-1] com.shiptrack.service.GeocodingService   : OSRM routing failed

org.springframework.web.client.ResourceAccessException: I/O error on GET request for "https://router.project-osrm.org/route/v1/driving/74.08526,15.30064;72.8692035,19.054999": Connection timed out: getsockopt
	at org.springframework.web.client.RestTemplate.createResourceAccessException(RestTemplate.java:926) ~[spring-web-6.2.8.jar!/:6.2.8]
	at org.springframework.web.client.RestTemplate.doExecute(RestTemplate.java:906) ~[spring-web-6.2.8.jar!/:6.2.8]
	at org.springframework.web.client.RestTemplate.execute(RestTemplate.java:801) ~[spring-web-6.2.8.jar!/:6.2.8]
	at org.springframework.web.client.RestTemplate.getForObject(RestTemplate.java:415) ~[spring-web-6.2.8.jar!/:6.2.8]
	at com.shiptrack.service.GeocodingService.routeWithOsrm(GeocodingService.java:202) ~[!/:0.0.1-SNAPSHOT]
	at com.shiptrack.service.GeocodingService.calculateRoute(GeocodingService.java:147) ~[!/:0.0.1-SNAPSHOT]
	at com.shiptrack.service.GeocodingService.calculateDuration(GeocodingService.java:247) ~[!/:0.0.1-SNAPSHOT]
	at com.shiptrack.service.EtaService.calculateEta(EtaService.java:95) ~[!/:0.0.1-SNAPSHOT]
	at com.shiptrack.service.EtaService.recalculateActiveEtas(EtaService.java:130) ~[!/:0.0.1-SNAPSHOT]
	at java.base/jdk.internal.reflect.DirectMethodHandleAccessor.invoke(DirectMethodHandleAccessor.java:104) ~[na:na]
	at java.base/java.lang.reflect.Method.invoke(Method.java:565) ~[na:na]
	at org.springframework.aop.support.AopUtils.invokeJoinpointUsingReflection(AopUtils.java:359) ~[spring-aop-6.2.8.jar!/:6.2.8]
	at org.springframework.aop.framework.CglibAopProxy$DynamicAdvisedInterceptor.intercept(CglibAopProxy.java:724) ~[spring-aop-6.2.8.jar!/:6.2.8]
	at com.shiptrack.service.EtaService$$SpringCGLIB$$0.recalculateActiveEtas(<generated>) ~[!/:0.0.1-SNAPSHOT]
	at java.base/jdk.internal.reflect.DirectMethodHandleAccessor.invoke(DirectMethodHandleAccessor.java:104) ~[na:na]
	at java.base/java.lang.reflect.Method.invoke(Method.java:565) ~[na:na]
	at org.springframework.scheduling.support.ScheduledMethodRunnable.runInternal(ScheduledMethodRunnable.java:130) ~[spring-context-6.2.8.jar!/:6.2.8]
	at org.springframework.scheduling.support.ScheduledMethodRunnable.lambda$run$2(ScheduledMethodRunnable.java:124) ~[spring-context-6.2.8.jar!/:6.2.8]
	at io.micrometer.observation.Observation.observe(Observation.java:498) ~[micrometer-observation-1.15.1.jar!/:1.15.1]
	at org.springframework.scheduling.support.ScheduledMethodRunnable.run(ScheduledMethodRunnable.java:124) ~[spring-context-6.2.8.jar!/:6.2.8]
	at org.springframework.scheduling.config.Task$OutcomeTrackingRunnable.run(Task.java:85) ~[spring-context-6.2.8.jar!/:6.2.8]
	at org.springframework.scheduling.support.DelegatingErrorHandlingRunnable.run(DelegatingErrorHandlingRunnable.java:54) ~[spring-context-6.2.8.jar!/:6.2.8]
	at java.base/java.util.concurrent.Executors$RunnableAdapter.call(Executors.java:545) ~[na:na]
	at java.base/java.util.concurrent.FutureTask.runAndReset(FutureTask.java:371) ~[na:na]
	at java.base/java.util.concurrent.ScheduledThreadPoolExecutor$ScheduledFutureTask.run(ScheduledThreadPoolExecutor.java:310) ~[na:na]
	at java.base/java.util.concurrent.ThreadPoolExecutor.runWorker(ThreadPoolExecutor.java:1090) ~[na:na]
	at java.base/java.util.concurrent.ThreadPoolExecutor$Worker.run(ThreadPoolExecutor.java:614) ~[na:na]
	at java.base/java.lang.Thread.run(Thread.java:1516) ~[na:na]
Caused by: java.net.ConnectException: Connection timed out: getsockopt
	at java.base/sun.nio.ch.Net.pollConnect(Native Method) ~[na:na]
	at java.base/sun.nio.ch.Net.pollConnectNow(Net.java:642) ~[na:na]
	at java.base/sun.nio.ch.SocketChannelImpl.finishConnect(SocketChannelImpl.java:1043) ~[na:na]
	at java.net.http/jdk.internal.net.http.PlainHttpConnection$ConnectEvent.handle(PlainHttpConnection.java:134) ~[java.net.http:na]
	at java.net.http/jdk.internal.net.http.HttpClientImpl$SelectorManager.handleEvent(HttpClientImpl.java:1610) ~[java.net.http:na]
	at java.net.http/jdk.internal.net.http.HttpClientImpl$SelectorManager.lambda$run$3(HttpClientImpl.java:1555) ~[java.net.http:na]
	at java.base/java.util.ArrayList.forEach(ArrayList.java:1612) ~[na:na]
	at java.net.http/jdk.internal.net.http.HttpClientImpl$SelectorManager.run(HttpClientImpl.java:1555) ~[java.net.http:na]
	at java.base/java.lang.VirtualThread.run(VirtualThread.java:475) ~[na:na]

2026-08-12T17:17:43.880+05:30  WARN 27180 --- [shiptrack-backend] [MessageBroker-1] com.shiptrack.service.GeocodingService   : All routing providers failed for (15.30064,74.08526) -> (19.054999,72.8692035)
2026-08-12T17:17:43.882+05:30  WARN 27180 --- [shiptrack-backend] [MessageBroker-1] com.shiptrack.service.EtaService         : Failed to recalculate ETA for shipment 24

org.springframework.dao.InvalidDataAccessApiUsageException: Executing an update/delete query
	at org.springframework.orm.jpa.EntityManagerFactoryUtils.convertJpaAccessExceptionIfPossible(EntityManagerFactoryUtils.java:400) ~[spring-orm-6.2.8.jar!/:6.2.8]
	at org.springframework.orm.jpa.vendor.HibernateJpaDialect.translateExceptionIfPossible(HibernateJpaDialect.java:246) ~[spring-orm-6.2.8.jar!/:6.2.8]
	at org.springframework.orm.jpa.AbstractEntityManagerFactoryBean.translateExceptionIfPossible(AbstractEntityManagerFactoryBean.java:560) ~[spring-orm-6.2.8.jar!/:6.2.8]
	at org.springframework.dao.support.ChainedPersistenceExceptionTranslator.translateExceptionIfPossible(ChainedPersistenceExceptionTranslator.java:61) ~[spring-tx-6.2.8.jar!/:6.2.8]
	at org.springframework.dao.support.DataAccessUtils.translateIfNecessary(DataAccessUtils.java:343) ~[spring-tx-6.2.8.jar!/:6.2.8]
	at org.springframework.dao.support.PersistenceExceptionTranslationInterceptor.invoke(PersistenceExceptionTranslationInterceptor.java:160) ~[spring-tx-6.2.8.jar!/:6.2.8]
	at org.springframework.aop.framework.ReflectiveMethodInvocation.proceed(ReflectiveMethodInvocation.java:184) ~[spring-aop-6.2.8.jar!/:6.2.8]
	at org.springframework.data.jpa.repository.support.CrudMethodMetadataPostProcessor$CrudMethodMetadataPopulatingMethodInterceptor.invoke(CrudMethodMetadataPostProcessor.java:136) ~[spring-data-jpa-3.5.1.jar!/:3.5.1]
	at org.springframework.aop.framework.ReflectiveMethodInvocation.proceed(ReflectiveMethodInvocation.java:184) ~[spring-aop-6.2.8.jar!/:6.2.8]
	at org.springframework.aop.framework.JdkDynamicAopProxy.invoke(JdkDynamicAopProxy.java:223) ~[spring-aop-6.2.8.jar!/:6.2.8]
	at jdk.proxy2/jdk.proxy2.$Proxy145.updateEtaFields(Unknown Source) ~[na:na]
	at com.shiptrack.service.EtaService.calculateEta(EtaService.java:103) ~[!/:0.0.1-SNAPSHOT]
	at com.shiptrack.service.EtaService.recalculateActiveEtas(EtaService.java:130) ~[!/:0.0.1-SNAPSHOT]
	at java.base/jdk.internal.reflect.DirectMethodHandleAccessor.invoke(DirectMethodHandleAccessor.java:104) ~[na:na]
	at java.base/java.lang.reflect.Method.invoke(Method.java:565) ~[na:na]
	at org.springframework.aop.support.AopUtils.invokeJoinpointUsingReflection(AopUtils.java:359) ~[spring-aop-6.2.8.jar!/:6.2.8]
	at org.springframework.aop.framework.CglibAopProxy$DynamicAdvisedInterceptor.intercept(CglibAopProxy.java:724) ~[spring-aop-6.2.8.jar!/:6.2.8]
	at com.shiptrack.service.EtaService$$SpringCGLIB$$0.recalculateActiveEtas(<generated>) ~[!/:0.0.1-SNAPSHOT]
	at java.base/jdk.internal.reflect.DirectMethodHandleAccessor.invoke(DirectMethodHandleAccessor.java:104) ~[na:na]
	at java.base/java.lang.reflect.Method.invoke(Method.java:565) ~[na:na]
	at org.springframework.scheduling.support.ScheduledMethodRunnable.runInternal(ScheduledMethodRunnable.java:130) ~[spring-context-6.2.8.jar!/:6.2.8]
	at org.springframework.scheduling.support.ScheduledMethodRunnable.lambda$run$2(ScheduledMethodRunnable.java:124) ~[spring-context-6.2.8.jar!/:6.2.8]
	at io.micrometer.observation.Observation.observe(Observation.java:498) ~[micrometer-observation-1.15.1.jar!/:1.15.1]
	at org.springframework.scheduling.support.ScheduledMethodRunnable.run(ScheduledMethodRunnable.java:124) ~[spring-context-6.2.8.jar!/:6.2.8]
	at org.springframework.scheduling.config.Task$OutcomeTrackingRunnable.run(Task.java:85) ~[spring-context-6.2.8.jar!/:6.2.8]
	at org.springframework.scheduling.support.DelegatingErrorHandlingRunnable.run(DelegatingErrorHandlingRunnable.java:54) ~[spring-context-6.2.8.jar!/:6.2.8]
	at java.base/java.util.concurrent.Executors$RunnableAdapter.call(Executors.java:545) ~[na:na]
	at java.base/java.util.concurrent.FutureTask.runAndReset(FutureTask.java:371) ~[na:na]
	at java.base/java.util.concurrent.ScheduledThreadPoolExecutor$ScheduledFutureTask.run(ScheduledThreadPoolExecutor.java:310) ~[na:na]
	at java.base/java.util.concurrent.ThreadPoolExecutor.runWorker(ThreadPoolExecutor.java:1090) ~[na:na]
	at java.base/java.util.concurrent.ThreadPoolExecutor$Worker.run(ThreadPoolExecutor.java:614) ~[na:na]
	at java.base/java.lang.Thread.run(Thread.java:1516) ~[na:na]
Caused by: jakarta.persistence.TransactionRequiredException: Executing an update/delete query
	at org.hibernate.internal.AbstractSharedSessionContract.checkTransactionNeededForUpdateOperation(AbstractSharedSessionContract.java:560) ~[hibernate-core-6.6.18.Final.jar!/:6.6.18.Final]
	at org.hibernate.query.sqm.internal.QuerySqmImpl.executeUpdate(QuerySqmImpl.java:489) ~[hibernate-core-6.6.18.Final.jar!/:6.6.18.Final]
	at java.base/jdk.internal.reflect.DirectMethodHandleAccessor.invoke(DirectMethodHandleAccessor.java:104) ~[na:na]
	at java.base/java.lang.reflect.Method.invoke(Method.java:565) ~[na:na]
	at org.springframework.orm.jpa.SharedEntityManagerCreator$DeferredQueryInvocationHandler.invoke(SharedEntityManagerCreator.java:419) ~[spring-orm-6.2.8.jar!/:6.2.8]
	at jdk.proxy2/jdk.proxy2.$Proxy168.executeUpdate(Unknown Source) ~[na:na]
	at org.springframework.data.jpa.repository.query.JpaQueryExecution$ModifyingExecution.doExecute(JpaQueryExecution.java:267) ~[spring-data-jpa-3.5.1.jar!/:3.5.1]
	at org.springframework.data.jpa.repository.query.JpaQueryExecution.execute(JpaQueryExecution.java:93) ~[spring-data-jpa-3.5.1.jar!/:3.5.1]
	at org.springframework.data.jpa.repository.query.AbstractJpaQuery.doExecute(AbstractJpaQuery.java:160) ~[spring-data-jpa-3.5.1.jar!/:3.5.1]
	at org.springframework.data.jpa.repository.query.AbstractJpaQuery.execute(AbstractJpaQuery.java:148) ~[spring-data-jpa-3.5.1.jar!/:3.5.1]
	at org.springframework.data.repository.core.support.RepositoryMethodInvoker.doInvoke(RepositoryMethodInvoker.java:170) ~[spring-data-commons-3.5.1.jar!/:3.5.1]
	at org.springframework.data.repository.core.support.RepositoryMethodInvoker.invoke(RepositoryMethodInvoker.java:158) ~[spring-data-commons-3.5.1.jar!/:3.5.1]
	at org.springframework.data.repository.core.support.QueryExecutorMethodInterceptor.doInvoke(QueryExecutorMethodInterceptor.java:170) ~[spring-data-commons-3.5.1.jar!/:3.5.1]
	at org.springframework.data.repository.core.support.QueryExecutorMethodInterceptor.invoke(QueryExecutorMethodInterceptor.java:149) ~[spring-data-commons-3.5.1.jar!/:3.5.1]
	at org.springframework.aop.framework.ReflectiveMethodInvocation.proceed(ReflectiveMethodInvocation.java:184) ~[spring-aop-6.2.8.jar!/:6.2.8]
	at org.springframework.data.projection.DefaultMethodInvokingMethodInterceptor.invoke(DefaultMethodInvokingMethodInterceptor.java:69) ~[spring-data-commons-3.5.1.jar!/:3.5.1]
	at org.springframework.aop.framework.ReflectiveMethodInvocation.proceed(ReflectiveMethodInvocation.java:184) ~[spring-aop-6.2.8.jar!/:6.2.8]
	at org.springframework.transaction.interceptor.TransactionAspectSupport.invokeWithinTransaction(TransactionAspectSupport.java:380) ~[spring-tx-6.2.8.jar!/:6.2.8]
	at org.springframework.transaction.interceptor.TransactionInterceptor.invoke(TransactionInterceptor.java:119) ~[spring-tx-6.2.8.jar!/:6.2.8]
	at org.springframework.aop.framework.ReflectiveMethodInvocation.proceed(ReflectiveMethodInvocation.java:184) ~[spring-aop-6.2.8.jar!/:6.2.8]
	at org.springframework.dao.support.PersistenceExceptionTranslationInterceptor.invoke(PersistenceExceptionTranslationInterceptor.java:138) ~[spring-tx-6.2.8.jar!/:6.2.8]
	... 26 common frames omitted

Hibernate: 
    select
        s1_0.id,
        s1_0.actual_delivery_time,
        s1_0.created_at,
        s1_0.created_by,
        s1_0.delivery_address,
        s1_0.destination_latitude,
        s1_0.destination_longitude,
        s1_0.estimated_delivery_time,
        s1_0.estimated_duration,
        s1_0.origin_latitude,
        s1_0.origin_longitude,
        s1_0.receiver_name,
        s1_0.route_polyline,
        s1_0.sender_address,
        s1_0.sender_name,
        s1_0.status,
        s1_0.total_distance,
        s1_0.tracking_number 
    from
        shipments s1_0 
    where
        s1_0.id=?
Hibernate: 
    select
        te1_0.id,
        te1_0.latitude,
        te1_0.longitude,
        te1_0.recorded_at,
        te1_0.shipment_id,
        te1_0.status 
    from
        tracking_events te1_0 
    left join
        shipments s1_0 
            on s1_0.id=te1_0.shipment_id 
    where
        s1_0.id=? 
    order by
        te1_0.recorded_at
Hibernate: 
    select
        rhp1_0.id,
        rhp1_0.latitude,
        rhp1_0.longitude,
        rhp1_0.progress,
        rhp1_0.recorded_at,
        rhp1_0.shipment_id,
        rhp1_0.speed 
    from
        route_history_points rhp1_0 
    left join
        shipments s1_0 
            on s1_0.id=rhp1_0.shipment_id 
    where
        s1_0.id=? 
    order by
        rhp1_0.recorded_at desc 
    fetch
        first ? rows only
Hibernate: 
    select
        s1_0.id,
        s1_0.actual_delivery_time,
        s1_0.created_at,
        s1_0.created_by,
        s1_0.delivery_address,
        s1_0.destination_latitude,
        s1_0.destination_longitude,
        s1_0.estimated_delivery_time,
        s1_0.estimated_duration,
        s1_0.origin_latitude,
        s1_0.origin_longitude,
        s1_0.receiver_name,
        s1_0.route_polyline,
        s1_0.sender_address,
        s1_0.sender_name,
        s1_0.status,
        s1_0.total_distance,
        s1_0.tracking_number 
    from
        shipments s1_0 
    where
        s1_0.status in (?, ?)
Hibernate: 
    insert 
    into
        route_history_points
        (latitude, longitude, progress, recorded_at, shipment_id, speed) 
    values
        (?, ?, ?, ?, ?, ?)
2026-08-12T17:17:49.525+05:30  INFO 27180 --- [shiptrack-backend] [MessageBroker-9] c.shiptrack.service.LiveTrackingService  : Broadcast location update for shipment 24: 15.298208349392231,74.07551384392771
Hibernate: 
    insert 
    into
        route_history_points
        (latitude, longitude, progress, recorded_at, shipment_id, speed) 
    values
        (?, ?, ?, ?, ?, ?)
2026-08-12T17:17:49.529+05:30  INFO 27180 --- [shiptrack-backend] [MessageBroker-9] c.shiptrack.service.LiveTrackingService  : Broadcast location update for shipment 52: 22.387266319359952,87.37979928277355
2026-08-12T17:18:01.725+05:30  WARN 27180 --- [shiptrack-backend] [essageBroker-14] com.shiptrack.service.GeocodingService   : OSRM routing failed

org.springframework.web.client.ResourceAccessException: I/O error on GET request for "https://router.project-osrm.org/route/v1/driving/88.3638953,22.5726459;84.6897321,20.5431241": Connection timed out: getsockopt
	at org.springframework.web.client.RestTemplate.createResourceAccessException(RestTemplate.java:926) ~[spring-web-6.2.8.jar!/:6.2.8]
	at org.springframework.web.client.RestTemplate.doExecute(RestTemplate.java:906) ~[spring-web-6.2.8.jar!/:6.2.8]
	at org.springframework.web.client.RestTemplate.execute(RestTemplate.java:801) ~[spring-web-6.2.8.jar!/:6.2.8]
	at org.springframework.web.client.RestTemplate.getForObject(RestTemplate.java:415) ~[spring-web-6.2.8.jar!/:6.2.8]
	at com.shiptrack.service.GeocodingService.routeWithOsrm(GeocodingService.java:202) ~[!/:0.0.1-SNAPSHOT]
	at com.shiptrack.service.GeocodingService.calculateRoute(GeocodingService.java:147) ~[!/:0.0.1-SNAPSHOT]
	at com.shiptrack.service.GeocodingService.calculateDuration(GeocodingService.java:247) ~[!/:0.0.1-SNAPSHOT]
	at com.shiptrack.service.DelayPredictionService.checkForDelays(DelayPredictionService.java:99) ~[!/:0.0.1-SNAPSHOT]
	at com.shiptrack.service.DelayPredictionService.checkAllActiveShipments(DelayPredictionService.java:162) ~[!/:0.0.1-SNAPSHOT]
	at java.base/jdk.internal.reflect.DirectMethodHandleAccessor.invoke(DirectMethodHandleAccessor.java:104) ~[na:na]
	at java.base/java.lang.reflect.Method.invoke(Method.java:565) ~[na:na]
	at org.springframework.aop.support.AopUtils.invokeJoinpointUsingReflection(AopUtils.java:359) ~[spring-aop-6.2.8.jar!/:6.2.8]
	at org.springframework.aop.framework.CglibAopProxy$DynamicAdvisedInterceptor.intercept(CglibAopProxy.java:724) ~[spring-aop-6.2.8.jar!/:6.2.8]
	at com.shiptrack.service.DelayPredictionService$$SpringCGLIB$$0.checkAllActiveShipments(<generated>) ~[!/:0.0.1-SNAPSHOT]
	at java.base/jdk.internal.reflect.DirectMethodHandleAccessor.invoke(DirectMethodHandleAccessor.java:104) ~[na:na]
	at java.base/java.lang.reflect.Method.invoke(Method.java:565) ~[na:na]
	at org.springframework.scheduling.support.ScheduledMethodRunnable.runInternal(ScheduledMethodRunnable.java:130) ~[spring-context-6.2.8.jar!/:6.2.8]
	at org.springframework.scheduling.support.ScheduledMethodRunnable.lambda$run$2(ScheduledMethodRunnable.java:124) ~[spring-context-6.2.8.jar!/:6.2.8]
	at io.micrometer.observation.Observation.observe(Observation.java:498) ~[micrometer-observation-1.15.1.jar!/:1.15.1]
	at org.springframework.scheduling.support.ScheduledMethodRunnable.run(ScheduledMethodRunnable.java:124) ~[spring-context-6.2.8.jar!/:6.2.8]
	at org.springframework.scheduling.config.Task$OutcomeTrackingRunnable.run(Task.java:85) ~[spring-context-6.2.8.jar!/:6.2.8]
	at org.springframework.scheduling.support.DelegatingErrorHandlingRunnable.run(DelegatingErrorHandlingRunnable.java:54) ~[spring-context-6.2.8.jar!/:6.2.8]
	at java.base/java.util.concurrent.Executors$RunnableAdapter.call(Executors.java:545) ~[na:na]
	at java.base/java.util.concurrent.FutureTask.runAndReset(FutureTask.java:371) ~[na:na]
	at java.base/java.util.concurrent.ScheduledThreadPoolExecutor$ScheduledFutureTask.run(ScheduledThreadPoolExecutor.java:310) ~[na:na]
	at java.base/java.util.concurrent.ThreadPoolExecutor.runWorker(ThreadPoolExecutor.java:1090) ~[na:na]
	at java.base/java.util.concurrent.ThreadPoolExecutor$Worker.run(ThreadPoolExecutor.java:614) ~[na:na]
	at java.base/java.lang.Thread.run(Thread.java:1516) ~[na:na]
Caused by: java.net.ConnectException: Connection timed out: getsockopt
	at java.base/sun.nio.ch.Net.pollConnect(Native Method) ~[na:na]
	at java.base/sun.nio.ch.Net.pollConnectNow(Net.java:642) ~[na:na]
	at java.base/sun.nio.ch.SocketChannelImpl.finishConnect(SocketChannelImpl.java:1043) ~[na:na]
	at java.net.http/jdk.internal.net.http.PlainHttpConnection$ConnectEvent.handle(PlainHttpConnection.java:134) ~[java.net.http:na]
	at java.net.http/jdk.internal.net.http.HttpClientImpl$SelectorManager.handleEvent(HttpClientImpl.java:1610) ~[java.net.http:na]
	at java.net.http/jdk.internal.net.http.HttpClientImpl$SelectorManager.lambda$run$3(HttpClientImpl.java:1555) ~[java.net.http:na]
	at java.base/java.util.ArrayList.forEach(ArrayList.java:1612) ~[na:na]
	at java.net.http/jdk.internal.net.http.HttpClientImpl$SelectorManager.run(HttpClientImpl.java:1555) ~[java.net.http:na]
	at java.base/java.lang.VirtualThread.run(VirtualThread.java:475) ~[na:na]

2026-08-12T17:18:01.729+05:30  WARN 27180 --- [shiptrack-backend] [essageBroker-14] com.shiptrack.service.GeocodingService   : All routing providers failed for (22.5726459,88.3638953) -> (20.5431241,84.6897321)
Hibernate: 
    select
        dp1_0.id,
        dp1_0.delay_minutes,
        dp1_0.delay_reason,
        dp1_0.detected_at,
        dp1_0.is_active,
        dp1_0.probability,
        dp1_0.shipment_id 
    from
        delay_predictions dp1_0 
    where
        dp1_0.shipment_id=? 
        and dp1_0.is_active
Hibernate: 
    select
        s1_0.id,
        s1_0.actual_delivery_time,
        s1_0.created_at,
        s1_0.created_by,
        s1_0.delivery_address,
        s1_0.destination_latitude,
        s1_0.destination_longitude,
        s1_0.estimated_delivery_time,
        s1_0.estimated_duration,
        s1_0.origin_latitude,
        s1_0.origin_longitude,
        s1_0.receiver_name,
        s1_0.route_polyline,
        s1_0.sender_address,
        s1_0.sender_name,
        s1_0.status,
        s1_0.total_distance,
        s1_0.tracking_number 
    from
        shipments s1_0 
    where
        s1_0.id=?
Hibernate: 
    select
        te1_0.id,
        te1_0.latitude,
        te1_0.longitude,
        te1_0.recorded_at,
        te1_0.shipment_id,
        te1_0.status 
    from
        tracking_events te1_0 
    left join
        shipments s1_0 
            on s1_0.id=te1_0.shipment_id 
    where
        s1_0.id=? 
    order by
        te1_0.recorded_at
Hibernate: 
    select
        rhp1_0.id,
        rhp1_0.latitude,
        rhp1_0.longitude,
        rhp1_0.progress,
        rhp1_0.recorded_at,
        rhp1_0.shipment_id,
        rhp1_0.speed 
    from
        route_history_points rhp1_0 
    left join
        shipments s1_0 
            on s1_0.id=rhp1_0.shipment_id 
    where
        s1_0.id=? 
    order by
        rhp1_0.recorded_at desc 
    fetch
        first ? rows only
Hibernate: 
    select
        dp1_0.id,
        dp1_0.delay_minutes,
        dp1_0.delay_reason,
        dp1_0.detected_at,
        dp1_0.is_active,
        dp1_0.probability,
        dp1_0.shipment_id 
    from
        delay_predictions dp1_0 
    where
        dp1_0.shipment_id=? 
        and dp1_0.is_active 
    order by
        dp1_0.detected_at desc 
    fetch
        first ? rows only
Hibernate: 
    select
        dp1_0.id,
        dp1_0.delay_minutes,
        dp1_0.delay_reason,
        dp1_0.detected_at,
        dp1_0.is_active,
        dp1_0.probability,
        dp1_0.shipment_id 
    from
        delay_predictions dp1_0 
    where
        dp1_0.shipment_id=? 
        and dp1_0.is_active
Hibernate: 
    select
        dp1_0.id,
        dp1_0.delay_minutes,
        dp1_0.delay_reason,
        dp1_0.detected_at,
        dp1_0.is_active,
        dp1_0.probability,
        dp1_0.shipment_id 
    from
        delay_predictions dp1_0 
    where
        dp1_0.id=?
Hibernate: 
    update
        delay_predictions 
    set
        delay_minutes=?,
        delay_reason=?,
        detected_at=?,
        is_active=?,
        probability=?,
        shipment_id=? 
    where
        id=?
2026-08-12T17:18:01.772+05:30  INFO 27180 --- [shiptrack-backend] [essageBroker-14] c.s.service.DelayPredictionService       : Superseded 1 stale delay prediction(s) for shipment 53
Hibernate: 
    insert 
    into
        delay_predictions
        (delay_minutes, delay_reason, detected_at, is_active, probability, shipment_id) 
    values
        (?, ?, ?, ?, ?, ?)
2026-08-12T17:18:01.775+05:30  WARN 27180 --- [shiptrack-backend] [essageBroker-14] c.shiptrack.service.LiveTrackingService  : Delay alert for shipment 53: No location update for 57 minutes (57 min, 0.69% probability)
2026-08-12T17:18:01.775+05:30  WARN 27180 --- [shiptrack-backend] [essageBroker-14] c.s.service.DelayPredictionService       : Delay detected for shipment 53: No location update for 57 minutes (57 min)
Hibernate: 
    select
        s1_0.id,
        s1_0.actual_delivery_time,
        s1_0.created_at,
        s1_0.created_by,
        s1_0.delivery_address,
        s1_0.destination_latitude,
        s1_0.destination_longitude,
        s1_0.estimated_delivery_time,
        s1_0.estimated_duration,
        s1_0.origin_latitude,
        s1_0.origin_longitude,
        s1_0.receiver_name,
        s1_0.route_polyline,
        s1_0.sender_address,
        s1_0.sender_name,
        s1_0.status,
        s1_0.total_distance,
        s1_0.tracking_number 
    from
        shipments s1_0 
    where
        s1_0.status in (?, ?)
Hibernate: 
    select
        s1_0.id,
        s1_0.actual_delivery_time,
        s1_0.created_at,
        s1_0.created_by,
        s1_0.delivery_address,
        s1_0.destination_latitude,
        s1_0.destination_longitude,
        s1_0.estimated_delivery_time,
        s1_0.estimated_duration,
        s1_0.origin_latitude,
        s1_0.origin_longitude,
        s1_0.receiver_name,
        s1_0.route_polyline,
        s1_0.sender_address,
        s1_0.sender_name,
        s1_0.status,
        s1_0.total_distance,
        s1_0.tracking_number 
    from
        shipments s1_0 
    where
        s1_0.status in (?, ?)
Hibernate: 
    select
        s1_0.id,
        s1_0.actual_delivery_time,
        s1_0.created_at,
        s1_0.created_by,
        s1_0.delivery_address,
        s1_0.destination_latitude,
        s1_0.destination_longitude,
        s1_0.estimated_delivery_time,
        s1_0.estimated_duration,
        s1_0.origin_latitude,
        s1_0.origin_longitude,
        s1_0.receiver_name,
        s1_0.route_polyline,
        s1_0.sender_address,
        s1_0.sender_name,
        s1_0.status,
        s1_0.total_distance,
        s1_0.tracking_number 
    from
        shipments s1_0 
    where
        s1_0.id=?
Hibernate: 
    insert 
    into
        route_history_points
        (latitude, longitude, progress, recorded_at, shipment_id, speed) 
    values
        (?, ?, ?, ?, ?, ?)
Hibernate: 
    select
        te1_0.id,
        te1_0.latitude,
        te1_0.longitude,
        te1_0.recorded_at,
        te1_0.shipment_id,
        te1_0.status 
    from
        tracking_events te1_0 
    left join
        shipments s1_0 
            on s1_0.id=te1_0.shipment_id 
    where
        s1_0.id=? 
    order by
        te1_0.recorded_at
2026-08-12T17:18:19.527+05:30  INFO 27180 --- [shiptrack-backend] [MessageBroker-5] c.shiptrack.service.LiveTrackingService  : Broadcast location update for shipment 24: 15.298208349392231,74.07551384392771
Hibernate: 
    select
        rhp1_0.id,
        rhp1_0.latitude,
        rhp1_0.longitude,
        rhp1_0.progress,
        rhp1_0.recorded_at,
        rhp1_0.shipment_id,
        rhp1_0.speed 
    from
        route_history_points rhp1_0 
    left join
        shipments s1_0 
            on s1_0.id=rhp1_0.shipment_id 
    where
        s1_0.id=? 
    order by
        rhp1_0.recorded_at desc 
    fetch
        first ? rows only
Hibernate: 
    select
        dp1_0.id,
        dp1_0.delay_minutes,
        dp1_0.delay_reason,
        dp1_0.detected_at,
        dp1_0.is_active,
        dp1_0.probability,
        dp1_0.shipment_id 
    from
        delay_predictions dp1_0 
    where
        dp1_0.shipment_id=? 
        and dp1_0.is_active 
    order by
        dp1_0.detected_at desc 
    fetch
        first ? rows only
Hibernate: 
    insert 
    into
        route_history_points
        (latitude, longitude, progress, recorded_at, shipment_id, speed) 
    values
        (?, ?, ?, ?, ?, ?)
Hibernate: 
    select
        dp1_0.id,
        dp1_0.delay_minutes,
        dp1_0.delay_reason,
        dp1_0.detected_at,
        dp1_0.is_active,
        dp1_0.probability,
        dp1_0.shipment_id 
    from
        delay_predictions dp1_0 
    where
        dp1_0.shipment_id=? 
        and dp1_0.is_active
2026-08-12T17:18:19.531+05:30  INFO 27180 --- [shiptrack-backend] [MessageBroker-5] c.shiptrack.service.LiveTrackingService  : Broadcast location update for shipment 52: 22.382393345026188,87.36837275266402
Hibernate: 
    select
        dp1_0.id,
        dp1_0.delay_minutes,
        dp1_0.delay_reason,
        dp1_0.detected_at,
        dp1_0.is_active,
        dp1_0.probability,
        dp1_0.shipment_id 
    from
        delay_predictions dp1_0 
    where
        dp1_0.id=?
Hibernate: 
    update
        delay_predictions 
    set
        delay_minutes=?,
        delay_reason=?,
        detected_at=?,
        is_active=?,
        probability=?,
        shipment_id=? 
    where
        id=?
2026-08-12T17:18:19.534+05:30  INFO 27180 --- [shiptrack-backend] [essageBroker-13] c.s.service.DelayPredictionService       : Superseded 1 stale delay prediction(s) for shipment 22
Hibernate: 
    insert 
    into
        delay_predictions
        (delay_minutes, delay_reason, detected_at, is_active, probability, shipment_id) 
    values
        (?, ?, ?, ?, ?, ?)
2026-08-12T17:18:19.537+05:30  WARN 27180 --- [shiptrack-backend] [essageBroker-13] c.shiptrack.service.LiveTrackingService  : Delay alert for shipment 22: No location update for 20096 minutes (120 min, 0.9% probability)
2026-08-12T17:18:19.537+05:30  WARN 27180 --- [shiptrack-backend] [essageBroker-13] c.s.service.DelayPredictionService       : Delay detected for shipment 22: No location update for 20096 minutes (120 min)
Hibernate: 
    select
        s1_0.id,
        s1_0.actual_delivery_time,
        s1_0.created_at,
        s1_0.created_by,
        s1_0.delivery_address,
        s1_0.destination_latitude,
        s1_0.destination_longitude,
        s1_0.estimated_delivery_time,
        s1_0.estimated_duration,
        s1_0.origin_latitude,
        s1_0.origin_longitude,
        s1_0.receiver_name,
        s1_0.route_polyline,
        s1_0.sender_address,
        s1_0.sender_name,
        s1_0.status,
        s1_0.total_distance,
        s1_0.tracking_number 
    from
        shipments s1_0 
    where
        s1_0.id=?
Hibernate: 
    select
        te1_0.id,
        te1_0.latitude,
        te1_0.longitude,
        te1_0.recorded_at,
        te1_0.shipment_id,
        te1_0.status 
    from
        tracking_events te1_0 
    left join
        shipments s1_0 
            on s1_0.id=te1_0.shipment_id 
    where
        s1_0.id=? 
    order by
        te1_0.recorded_at
Hibernate: 
    select
        rhp1_0.id,
        rhp1_0.latitude,
        rhp1_0.longitude,
        rhp1_0.progress,
        rhp1_0.recorded_at,
        rhp1_0.shipment_id,
        rhp1_0.speed 
    from
        route_history_points rhp1_0 
    left join
        shipments s1_0 
            on s1_0.id=rhp1_0.shipment_id 
    where
        s1_0.id=? 
    order by
        rhp1_0.recorded_at desc 
    fetch
        first ? rows only
Hibernate: 
    select
        dp1_0.id,
        dp1_0.delay_minutes,
        dp1_0.delay_reason,
        dp1_0.detected_at,
        dp1_0.is_active,
        dp1_0.probability,
        dp1_0.shipment_id 
    from
        delay_predictions dp1_0 
    where
        dp1_0.shipment_id=? 
        and dp1_0.is_active 
    order by
        dp1_0.detected_at desc 
    fetch
        first ? rows only
Hibernate: 
    select
        dp1_0.id,
        dp1_0.delay_minutes,
        dp1_0.delay_reason,
        dp1_0.detected_at,
        dp1_0.is_active,
        dp1_0.probability,
        dp1_0.shipment_id 
    from
        delay_predictions dp1_0 
    where
        dp1_0.shipment_id=? 
        and dp1_0.is_active
Hibernate: 
    select
        dp1_0.id,
        dp1_0.delay_minutes,
        dp1_0.delay_reason,
        dp1_0.detected_at,
        dp1_0.is_active,
        dp1_0.probability,
        dp1_0.shipment_id 
    from
        delay_predictions dp1_0 
    where
        dp1_0.id=?
Hibernate: 
    update
        delay_predictions 
    set
        delay_minutes=?,
        delay_reason=?,
        detected_at=?,
        is_active=?,
        probability=?,
        shipment_id=? 
    where
        id=?
2026-08-12T17:18:19.549+05:30  INFO 27180 --- [shiptrack-backend] [essageBroker-13] c.s.service.DelayPredictionService       : Superseded 1 stale delay prediction(s) for shipment 24
Hibernate: 
    insert 
    into
        delay_predictions
        (delay_minutes, delay_reason, detected_at, is_active, probability, shipment_id) 
    values
        (?, ?, ?, ?, ?, ?)
2026-08-12T17:18:19.551+05:30  WARN 27180 --- [shiptrack-backend] [essageBroker-13] c.shiptrack.service.LiveTrackingService  : Delay alert for shipment 24: Shipment is behind schedule (22244 min, 0.95% probability)
2026-08-12T17:18:19.551+05:30  WARN 27180 --- [shiptrack-backend] [essageBroker-13] c.s.service.DelayPredictionService       : Delay detected for shipment 24: Shipment is behind schedule (22244 min)
Hibernate: 
    select
        s1_0.id,
        s1_0.actual_delivery_time,
        s1_0.created_at,
        s1_0.created_by,
        s1_0.delivery_address,
        s1_0.destination_latitude,
        s1_0.destination_longitude,
        s1_0.estimated_delivery_time,
        s1_0.estimated_duration,
        s1_0.origin_latitude,
        s1_0.origin_longitude,
        s1_0.receiver_name,
        s1_0.route_polyline,
        s1_0.sender_address,
        s1_0.sender_name,
        s1_0.status,
        s1_0.total_distance,
        s1_0.tracking_number 
    from
        shipments s1_0 
    where
        s1_0.id=?
Hibernate: 
    select
        te1_0.id,
        te1_0.latitude,
        te1_0.longitude,
        te1_0.recorded_at,
        te1_0.shipment_id,
        te1_0.status 
    from
        tracking_events te1_0 
    left join
        shipments s1_0 
            on s1_0.id=te1_0.shipment_id 
    where
        s1_0.id=? 
    order by
        te1_0.recorded_at
Hibernate: 
    select
        rhp1_0.id,
        rhp1_0.latitude,
        rhp1_0.longitude,
        rhp1_0.progress,
        rhp1_0.recorded_at,
        rhp1_0.shipment_id,
        rhp1_0.speed 
    from
        route_history_points rhp1_0 
    left join
        shipments s1_0 
            on s1_0.id=rhp1_0.shipment_id 
    where
        s1_0.id=? 
    order by
        rhp1_0.recorded_at desc 
    fetch
        first ? rows only
2026-08-12T17:18:25.957+05:30  WARN 27180 --- [shiptrack-backend] [MessageBroker-1] com.shiptrack.service.GeocodingService   : OSRM routing failed

org.springframework.web.client.ResourceAccessException: I/O error on GET request for "https://router.project-osrm.org/route/v1/driving/87.37979928277355,22.387266319359952;84.6897321,20.5431241": Connection timed out: getsockopt
	at org.springframework.web.client.RestTemplate.createResourceAccessException(RestTemplate.java:926) ~[spring-web-6.2.8.jar!/:6.2.8]
	at org.springframework.web.client.RestTemplate.doExecute(RestTemplate.java:906) ~[spring-web-6.2.8.jar!/:6.2.8]
	at org.springframework.web.client.RestTemplate.execute(RestTemplate.java:801) ~[spring-web-6.2.8.jar!/:6.2.8]
	at org.springframework.web.client.RestTemplate.getForObject(RestTemplate.java:415) ~[spring-web-6.2.8.jar!/:6.2.8]
	at com.shiptrack.service.GeocodingService.routeWithOsrm(GeocodingService.java:202) ~[!/:0.0.1-SNAPSHOT]
	at com.shiptrack.service.GeocodingService.calculateRoute(GeocodingService.java:147) ~[!/:0.0.1-SNAPSHOT]
	at com.shiptrack.service.GeocodingService.calculateDuration(GeocodingService.java:247) ~[!/:0.0.1-SNAPSHOT]
	at com.shiptrack.service.EtaService.calculateEta(EtaService.java:95) ~[!/:0.0.1-SNAPSHOT]
	at com.shiptrack.service.EtaService.recalculateActiveEtas(EtaService.java:130) ~[!/:0.0.1-SNAPSHOT]
	at java.base/jdk.internal.reflect.DirectMethodHandleAccessor.invoke(DirectMethodHandleAccessor.java:104) ~[na:na]
	at java.base/java.lang.reflect.Method.invoke(Method.java:565) ~[na:na]
	at org.springframework.aop.support.AopUtils.invokeJoinpointUsingReflection(AopUtils.java:359) ~[spring-aop-6.2.8.jar!/:6.2.8]
	at org.springframework.aop.framework.CglibAopProxy$DynamicAdvisedInterceptor.intercept(CglibAopProxy.java:724) ~[spring-aop-6.2.8.jar!/:6.2.8]
	at com.shiptrack.service.EtaService$$SpringCGLIB$$0.recalculateActiveEtas(<generated>) ~[!/:0.0.1-SNAPSHOT]
	at java.base/jdk.internal.reflect.DirectMethodHandleAccessor.invoke(DirectMethodHandleAccessor.java:104) ~[na:na]
	at java.base/java.lang.reflect.Method.invoke(Method.java:565) ~[na:na]
	at org.springframework.scheduling.support.ScheduledMethodRunnable.runInternal(ScheduledMethodRunnable.java:130) ~[spring-context-6.2.8.jar!/:6.2.8]
	at org.springframework.scheduling.support.ScheduledMethodRunnable.lambda$run$2(ScheduledMethodRunnable.java:124) ~[spring-context-6.2.8.jar!/:6.2.8]
	at io.micrometer.observation.Observation.observe(Observation.java:498) ~[micrometer-observation-1.15.1.jar!/:1.15.1]
	at org.springframework.scheduling.support.ScheduledMethodRunnable.run(ScheduledMethodRunnable.java:124) ~[spring-context-6.2.8.jar!/:6.2.8]
	at org.springframework.scheduling.config.Task$OutcomeTrackingRunnable.run(Task.java:85) ~[spring-context-6.2.8.jar!/:6.2.8]
	at org.springframework.scheduling.support.DelegatingErrorHandlingRunnable.run(DelegatingErrorHandlingRunnable.java:54) ~[spring-context-6.2.8.jar!/:6.2.8]
	at java.base/java.util.concurrent.Executors$RunnableAdapter.call(Executors.java:545) ~[na:na]
	at java.base/java.util.concurrent.FutureTask.runAndReset(FutureTask.java:371) ~[na:na]
	at java.base/java.util.concurrent.ScheduledThreadPoolExecutor$ScheduledFutureTask.run(ScheduledThreadPoolExecutor.java:310) ~[na:na]
	at java.base/java.util.concurrent.ThreadPoolExecutor.runWorker(ThreadPoolExecutor.java:1090) ~[na:na]
	at java.base/java.util.concurrent.ThreadPoolExecutor$Worker.run(ThreadPoolExecutor.java:614) ~[na:na]
	at java.base/java.lang.Thread.run(Thread.java:1516) ~[na:na]
Caused by: java.net.ConnectException: Connection timed out: getsockopt
	at java.base/sun.nio.ch.Net.pollConnect(Native Method) ~[na:na]
	at java.base/sun.nio.ch.Net.pollConnectNow(Net.java:642) ~[na:na]
	at java.base/sun.nio.ch.SocketChannelImpl.finishConnect(SocketChannelImpl.java:1043) ~[na:na]
	at java.net.http/jdk.internal.net.http.PlainHttpConnection$ConnectEvent.handle(PlainHttpConnection.java:134) ~[java.net.http:na]
	at java.net.http/jdk.internal.net.http.HttpClientImpl$SelectorManager.handleEvent(HttpClientImpl.java:1610) ~[java.net.http:na]
	at java.net.http/jdk.internal.net.http.HttpClientImpl$SelectorManager.lambda$run$3(HttpClientImpl.java:1555) ~[java.net.http:na]
	at java.base/java.util.ArrayList.forEach(ArrayList.java:1612) ~[na:na]
	at java.net.http/jdk.internal.net.http.HttpClientImpl$SelectorManager.run(HttpClientImpl.java:1555) ~[java.net.http:na]
	at java.base/java.lang.VirtualThread.run(VirtualThread.java:475) ~[na:na]

2026-08-12T17:18:25.960+05:30  WARN 27180 --- [shiptrack-backend] [MessageBroker-1] com.shiptrack.service.GeocodingService   : All routing providers failed for (22.387266319359952,87.37979928277355) -> (20.5431241,84.6897321)
2026-08-12T17:18:25.961+05:30  WARN 27180 --- [shiptrack-backend] [MessageBroker-1] com.shiptrack.service.EtaService         : Failed to recalculate ETA for shipment 52

org.springframework.dao.InvalidDataAccessApiUsageException: Executing an update/delete query
	at org.springframework.orm.jpa.EntityManagerFactoryUtils.convertJpaAccessExceptionIfPossible(EntityManagerFactoryUtils.java:400) ~[spring-orm-6.2.8.jar!/:6.2.8]
	at org.springframework.orm.jpa.vendor.HibernateJpaDialect.translateExceptionIfPossible(HibernateJpaDialect.java:246) ~[spring-orm-6.2.8.jar!/:6.2.8]
	at org.springframework.orm.jpa.AbstractEntityManagerFactoryBean.translateExceptionIfPossible(AbstractEntityManagerFactoryBean.java:560) ~[spring-orm-6.2.8.jar!/:6.2.8]
	at org.springframework.dao.support.ChainedPersistenceExceptionTranslator.translateExceptionIfPossible(ChainedPersistenceExceptionTranslator.java:61) ~[spring-tx-6.2.8.jar!/:6.2.8]
	at org.springframework.dao.support.DataAccessUtils.translateIfNecessary(DataAccessUtils.java:343) ~[spring-tx-6.2.8.jar!/:6.2.8]
	at org.springframework.dao.support.PersistenceExceptionTranslationInterceptor.invoke(PersistenceExceptionTranslationInterceptor.java:160) ~[spring-tx-6.2.8.jar!/:6.2.8]
	at org.springframework.aop.framework.ReflectiveMethodInvocation.proceed(ReflectiveMethodInvocation.java:184) ~[spring-aop-6.2.8.jar!/:6.2.8]
	at org.springframework.data.jpa.repository.support.CrudMethodMetadataPostProcessor$CrudMethodMetadataPopulatingMethodInterceptor.invoke(CrudMethodMetadataPostProcessor.java:136) ~[spring-data-jpa-3.5.1.jar!/:3.5.1]
	at org.springframework.aop.framework.ReflectiveMethodInvocation.proceed(ReflectiveMethodInvocation.java:184) ~[spring-aop-6.2.8.jar!/:6.2.8]
	at org.springframework.aop.framework.JdkDynamicAopProxy.invoke(JdkDynamicAopProxy.java:223) ~[spring-aop-6.2.8.jar!/:6.2.8]
	at jdk.proxy2/jdk.proxy2.$Proxy145.updateEtaFields(Unknown Source) ~[na:na]
	at com.shiptrack.service.EtaService.calculateEta(EtaService.java:103) ~[!/:0.0.1-SNAPSHOT]
	at com.shiptrack.service.EtaService.recalculateActiveEtas(EtaService.java:130) ~[!/:0.0.1-SNAPSHOT]
	at java.base/jdk.internal.reflect.DirectMethodHandleAccessor.invoke(DirectMethodHandleAccessor.java:104) ~[na:na]
	at java.base/java.lang.reflect.Method.invoke(Method.java:565) ~[na:na]
	at org.springframework.aop.support.AopUtils.invokeJoinpointUsingReflection(AopUtils.java:359) ~[spring-aop-6.2.8.jar!/:6.2.8]
	at org.springframework.aop.framework.CglibAopProxy$DynamicAdvisedInterceptor.intercept(CglibAopProxy.java:724) ~[spring-aop-6.2.8.jar!/:6.2.8]
	at com.shiptrack.service.EtaService$$SpringCGLIB$$0.recalculateActiveEtas(<generated>) ~[!/:0.0.1-SNAPSHOT]
	at java.base/jdk.internal.reflect.DirectMethodHandleAccessor.invoke(DirectMethodHandleAccessor.java:104) ~[na:na]
	at java.base/java.lang.reflect.Method.invoke(Method.java:565) ~[na:na]
	at org.springframework.scheduling.support.ScheduledMethodRunnable.runInternal(ScheduledMethodRunnable.java:130) ~[spring-context-6.2.8.jar!/:6.2.8]
	at org.springframework.scheduling.support.ScheduledMethodRunnable.lambda$run$2(ScheduledMethodRunnable.java:124) ~[spring-context-6.2.8.jar!/:6.2.8]
	at io.micrometer.observation.Observation.observe(Observation.java:498) ~[micrometer-observation-1.15.1.jar!/:1.15.1]
	at org.springframework.scheduling.support.ScheduledMethodRunnable.run(ScheduledMethodRunnable.java:124) ~[spring-context-6.2.8.jar!/:6.2.8]
	at org.springframework.scheduling.config.Task$OutcomeTrackingRunnable.run(Task.java:85) ~[spring-context-6.2.8.jar!/:6.2.8]
	at org.springframework.scheduling.support.DelegatingErrorHandlingRunnable.run(DelegatingErrorHandlingRunnable.java:54) ~[spring-context-6.2.8.jar!/:6.2.8]
	at java.base/java.util.concurrent.Executors$RunnableAdapter.call(Executors.java:545) ~[na:na]
	at java.base/java.util.concurrent.FutureTask.runAndReset(FutureTask.java:371) ~[na:na]
	at java.base/java.util.concurrent.ScheduledThreadPoolExecutor$ScheduledFutureTask.run(ScheduledThreadPoolExecutor.java:310) ~[na:na]
	at java.base/java.util.concurrent.ThreadPoolExecutor.runWorker(ThreadPoolExecutor.java:1090) ~[na:na]
	at java.base/java.util.concurrent.ThreadPoolExecutor$Worker.run(ThreadPoolExecutor.java:614) ~[na:na]
	at java.base/java.lang.Thread.run(Thread.java:1516) ~[na:na]
Caused by: jakarta.persistence.TransactionRequiredException: Executing an update/delete query
	at org.hibernate.internal.AbstractSharedSessionContract.checkTransactionNeededForUpdateOperation(AbstractSharedSessionContract.java:560) ~[hibernate-core-6.6.18.Final.jar!/:6.6.18.Final]
	at org.hibernate.query.sqm.internal.QuerySqmImpl.executeUpdate(QuerySqmImpl.java:489) ~[hibernate-core-6.6.18.Final.jar!/:6.6.18.Final]
	at java.base/jdk.internal.reflect.DirectMethodHandleAccessor.invoke(DirectMethodHandleAccessor.java:104) ~[na:na]
	at java.base/java.lang.reflect.Method.invoke(Method.java:565) ~[na:na]
	at org.springframework.orm.jpa.SharedEntityManagerCreator$DeferredQueryInvocationHandler.invoke(SharedEntityManagerCreator.java:419) ~[spring-orm-6.2.8.jar!/:6.2.8]
	at jdk.proxy2/jdk.proxy2.$Proxy168.executeUpdate(Unknown Source) ~[na:na]
	at org.springframework.data.jpa.repository.query.JpaQueryExecution$ModifyingExecution.doExecute(JpaQueryExecution.java:267) ~[spring-data-jpa-3.5.1.jar!/:3.5.1]
	at org.springframework.data.jpa.repository.query.JpaQueryExecution.execute(JpaQueryExecution.java:93) ~[spring-data-jpa-3.5.1.jar!/:3.5.1]
	at org.springframework.data.jpa.repository.query.AbstractJpaQuery.doExecute(AbstractJpaQuery.java:160) ~[spring-data-jpa-3.5.1.jar!/:3.5.1]
	at org.springframework.data.jpa.repository.query.AbstractJpaQuery.execute(AbstractJpaQuery.java:148) ~[spring-data-jpa-3.5.1.jar!/:3.5.1]
	at org.springframework.data.repository.core.support.RepositoryMethodInvoker.doInvoke(RepositoryMethodInvoker.java:170) ~[spring-data-commons-3.5.1.jar!/:3.5.1]
	at org.springframework.data.repository.core.support.RepositoryMethodInvoker.invoke(RepositoryMethodInvoker.java:158) ~[spring-data-commons-3.5.1.jar!/:3.5.1]
	at org.springframework.data.repository.core.support.QueryExecutorMethodInterceptor.doInvoke(QueryExecutorMethodInterceptor.java:170) ~[spring-data-commons-3.5.1.jar!/:3.5.1]
	at org.springframework.data.repository.core.support.QueryExecutorMethodInterceptor.invoke(QueryExecutorMethodInterceptor.java:149) ~[spring-data-commons-3.5.1.jar!/:3.5.1]
	at org.springframework.aop.framework.ReflectiveMethodInvocation.proceed(ReflectiveMethodInvocation.java:184) ~[spring-aop-6.2.8.jar!/:6.2.8]
	at org.springframework.data.projection.DefaultMethodInvokingMethodInterceptor.invoke(DefaultMethodInvokingMethodInterceptor.java:69) ~[spring-data-commons-3.5.1.jar!/:3.5.1]
	at org.springframework.aop.framework.ReflectiveMethodInvocation.proceed(ReflectiveMethodInvocation.java:184) ~[spring-aop-6.2.8.jar!/:6.2.8]
	at org.springframework.transaction.interceptor.TransactionAspectSupport.invokeWithinTransaction(TransactionAspectSupport.java:380) ~[spring-tx-6.2.8.jar!/:6.2.8]
	at org.springframework.transaction.interceptor.TransactionInterceptor.invoke(TransactionInterceptor.java:119) ~[spring-tx-6.2.8.jar!/:6.2.8]
	at org.springframework.aop.framework.ReflectiveMethodInvocation.proceed(ReflectiveMethodInvocation.java:184) ~[spring-aop-6.2.8.jar!/:6.2.8]
	at org.springframework.dao.support.PersistenceExceptionTranslationInterceptor.invoke(PersistenceExceptionTranslationInterceptor.java:138) ~[spring-tx-6.2.8.jar!/:6.2.8]
	... 26 common frames omitted

Hibernate: 
    select
        s1_0.id,
        s1_0.actual_delivery_time,
        s1_0.created_at,
        s1_0.created_by,
        s1_0.delivery_address,
        s1_0.destination_latitude,
        s1_0.destination_longitude,
        s1_0.estimated_delivery_time,
        s1_0.estimated_duration,
        s1_0.origin_latitude,
        s1_0.origin_longitude,
        s1_0.receiver_name,
        s1_0.route_polyline,
        s1_0.sender_address,
        s1_0.sender_name,
        s1_0.status,
        s1_0.total_distance,
        s1_0.tracking_number 
    from
        shipments s1_0 
    where
        s1_0.id=?
Hibernate: 
    select
        te1_0.id,
        te1_0.latitude,
        te1_0.longitude,
        te1_0.recorded_at,
        te1_0.shipment_id,
        te1_0.status 
    from
        tracking_events te1_0 
    left join
        shipments s1_0 
            on s1_0.id=te1_0.shipment_id 
    where
        s1_0.id=? 
    order by
        te1_0.recorded_at
Hibernate: 
    select
        rhp1_0.id,
        rhp1_0.latitude,
        rhp1_0.longitude,
        rhp1_0.progress,
        rhp1_0.recorded_at,
        rhp1_0.shipment_id,
        rhp1_0.speed 
    from
        route_history_points rhp1_0 
    left join
        shipments s1_0 
            on s1_0.id=rhp1_0.shipment_id 
    where
        s1_0.id=? 
    order by
        rhp1_0.recorded_at desc 
    fetch
        first ? rows only
Hibernate: 
    select
        s1_0.id,
        s1_0.actual_delivery_time,
        s1_0.created_at,
        s1_0.created_by,
        s1_0.delivery_address,
        s1_0.destination_latitude,
        s1_0.destination_longitude,
        s1_0.estimated_delivery_time,
        s1_0.estimated_duration,
        s1_0.origin_latitude,
        s1_0.origin_longitude,
        s1_0.receiver_name,
        s1_0.route_polyline,
        s1_0.sender_address,
        s1_0.sender_name,
        s1_0.status,
        s1_0.total_distance,
        s1_0.tracking_number 
    from
        shipments s1_0 
    where
        s1_0.status in (?, ?)
Hibernate: 
    insert 
    into
        route_history_points
        (latitude, longitude, progress, recorded_at, shipment_id, speed) 
    values
        (?, ?, ?, ?, ?, ?)
2026-08-12T17:18:49.521+05:30  INFO 27180 --- [shiptrack-backend] [essageBroker-11] c.shiptrack.service.LiveTrackingService  : Broadcast location update for shipment 24: 15.300309894723805,74.06665673643796
Hibernate: 
    insert 
    into
        route_history_points
        (latitude, longitude, progress, recorded_at, shipment_id, speed) 
    values
        (?, ?, ?, ?, ?, ?)
2026-08-12T17:18:49.524+05:30  INFO 27180 --- [shiptrack-backend] [essageBroker-11] c.shiptrack.service.LiveTrackingService  : Broadcast location update for shipment 52: 22.382393345026188,87.36837275266402
2026-08-12T17:18:50.181+05:30  INFO 27180 --- [shiptrack-backend] [MessageBroker-1] com.shiptrack.service.GeocodingService   : OSRM route found: 1.0 km, 2 min
2026-08-12T17:18:50.184+05:30  WARN 27180 --- [shiptrack-backend] [MessageBroker-1] com.shiptrack.service.EtaService         : Failed to recalculate ETA for shipment 53

org.springframework.dao.InvalidDataAccessApiUsageException: Executing an update/delete query
	at org.springframework.orm.jpa.EntityManagerFactoryUtils.convertJpaAccessExceptionIfPossible(EntityManagerFactoryUtils.java:400) ~[spring-orm-6.2.8.jar!/:6.2.8]
	at org.springframework.orm.jpa.vendor.HibernateJpaDialect.translateExceptionIfPossible(HibernateJpaDialect.java:246) ~[spring-orm-6.2.8.jar!/:6.2.8]
	at org.springframework.orm.jpa.AbstractEntityManagerFactoryBean.translateExceptionIfPossible(AbstractEntityManagerFactoryBean.java:560) ~[spring-orm-6.2.8.jar!/:6.2.8]
	at org.springframework.dao.support.ChainedPersistenceExceptionTranslator.translateExceptionIfPossible(ChainedPersistenceExceptionTranslator.java:61) ~[spring-tx-6.2.8.jar!/:6.2.8]
	at org.springframework.dao.support.DataAccessUtils.translateIfNecessary(DataAccessUtils.java:343) ~[spring-tx-6.2.8.jar!/:6.2.8]
	at org.springframework.dao.support.PersistenceExceptionTranslationInterceptor.invoke(PersistenceExceptionTranslationInterceptor.java:160) ~[spring-tx-6.2.8.jar!/:6.2.8]
	at org.springframework.aop.framework.ReflectiveMethodInvocation.proceed(ReflectiveMethodInvocation.java:184) ~[spring-aop-6.2.8.jar!/:6.2.8]
	at org.springframework.data.jpa.repository.support.CrudMethodMetadataPostProcessor$CrudMethodMetadataPopulatingMethodInterceptor.invoke(CrudMethodMetadataPostProcessor.java:136) ~[spring-data-jpa-3.5.1.jar!/:3.5.1]
	at org.springframework.aop.framework.ReflectiveMethodInvocation.proceed(ReflectiveMethodInvocation.java:184) ~[spring-aop-6.2.8.jar!/:6.2.8]
	at org.springframework.aop.framework.JdkDynamicAopProxy.invoke(JdkDynamicAopProxy.java:223) ~[spring-aop-6.2.8.jar!/:6.2.8]
	at jdk.proxy2/jdk.proxy2.$Proxy145.updateEtaFields(Unknown Source) ~[na:na]
	at com.shiptrack.service.EtaService.calculateEta(EtaService.java:103) ~[!/:0.0.1-SNAPSHOT]
	at com.shiptrack.service.EtaService.recalculateActiveEtas(EtaService.java:130) ~[!/:0.0.1-SNAPSHOT]
	at java.base/jdk.internal.reflect.DirectMethodHandleAccessor.invoke(DirectMethodHandleAccessor.java:104) ~[na:na]
	at java.base/java.lang.reflect.Method.invoke(Method.java:565) ~[na:na]
	at org.springframework.aop.support.AopUtils.invokeJoinpointUsingReflection(AopUtils.java:359) ~[spring-aop-6.2.8.jar!/:6.2.8]
	at org.springframework.aop.framework.CglibAopProxy$DynamicAdvisedInterceptor.intercept(CglibAopProxy.java:724) ~[spring-aop-6.2.8.jar!/:6.2.8]
	at com.shiptrack.service.EtaService$$SpringCGLIB$$0.recalculateActiveEtas(<generated>) ~[!/:0.0.1-SNAPSHOT]
	at java.base/jdk.internal.reflect.DirectMethodHandleAccessor.invoke(DirectMethodHandleAccessor.java:104) ~[na:na]
	at java.base/java.lang.reflect.Method.invoke(Method.java:565) ~[na:na]
	at org.springframework.scheduling.support.ScheduledMethodRunnable.runInternal(ScheduledMethodRunnable.java:130) ~[spring-context-6.2.8.jar!/:6.2.8]
	at org.springframework.scheduling.support.ScheduledMethodRunnable.lambda$run$2(ScheduledMethodRunnable.java:124) ~[spring-context-6.2.8.jar!/:6.2.8]
	at io.micrometer.observation.Observation.observe(Observation.java:498) ~[micrometer-observation-1.15.1.jar!/:1.15.1]
	at org.springframework.scheduling.support.ScheduledMethodRunnable.run(ScheduledMethodRunnable.java:124) ~[spring-context-6.2.8.jar!/:6.2.8]
	at org.springframework.scheduling.config.Task$OutcomeTrackingRunnable.run(Task.java:85) ~[spring-context-6.2.8.jar!/:6.2.8]
	at org.springframework.scheduling.support.DelegatingErrorHandlingRunnable.run(DelegatingErrorHandlingRunnable.java:54) ~[spring-context-6.2.8.jar!/:6.2.8]
	at java.base/java.util.concurrent.Executors$RunnableAdapter.call(Executors.java:545) ~[na:na]
	at java.base/java.util.concurrent.FutureTask.runAndReset(FutureTask.java:371) ~[na:na]
	at java.base/java.util.concurrent.ScheduledThreadPoolExecutor$ScheduledFutureTask.run(ScheduledThreadPoolExecutor.java:310) ~[na:na]
	at java.base/java.util.concurrent.ThreadPoolExecutor.runWorker(ThreadPoolExecutor.java:1090) ~[na:na]
	at java.base/java.util.concurrent.ThreadPoolExecutor$Worker.run(ThreadPoolExecutor.java:614) ~[na:na]
	at java.base/java.lang.Thread.run(Thread.java:1516) ~[na:na]
Caused by: jakarta.persistence.TransactionRequiredException: Executing an update/delete query
	at org.hibernate.internal.AbstractSharedSessionContract.checkTransactionNeededForUpdateOperation(AbstractSharedSessionContract.java:560) ~[hibernate-core-6.6.18.Final.jar!/:6.6.18.Final]
	at org.hibernate.query.sqm.internal.QuerySqmImpl.executeUpdate(QuerySqmImpl.java:489) ~[hibernate-core-6.6.18.Final.jar!/:6.6.18.Final]
	at java.base/jdk.internal.reflect.DirectMethodHandleAccessor.invoke(DirectMethodHandleAccessor.java:104) ~[na:na]
	at java.base/java.lang.reflect.Method.invoke(Method.java:565) ~[na:na]
	at org.springframework.orm.jpa.SharedEntityManagerCreator$DeferredQueryInvocationHandler.invoke(SharedEntityManagerCreator.java:419) ~[spring-orm-6.2.8.jar!/:6.2.8]
	at jdk.proxy2/jdk.proxy2.$Proxy168.executeUpdate(Unknown Source) ~[na:na]
	at org.springframework.data.jpa.repository.query.JpaQueryExecution$ModifyingExecution.doExecute(JpaQueryExecution.java:267) ~[spring-data-jpa-3.5.1.jar!/:3.5.1]
	at org.springframework.data.jpa.repository.query.JpaQueryExecution.execute(JpaQueryExecution.java:93) ~[spring-data-jpa-3.5.1.jar!/:3.5.1]
	at org.springframework.data.jpa.repository.query.AbstractJpaQuery.doExecute(AbstractJpaQuery.java:160) ~[spring-data-jpa-3.5.1.jar!/:3.5.1]
	at org.springframework.data.jpa.repository.query.AbstractJpaQuery.execute(AbstractJpaQuery.java:148) ~[spring-data-jpa-3.5.1.jar!/:3.5.1]
	at org.springframework.data.repository.core.support.RepositoryMethodInvoker.doInvoke(RepositoryMethodInvoker.java:170) ~[spring-data-commons-3.5.1.jar!/:3.5.1]
	at org.springframework.data.repository.core.support.RepositoryMethodInvoker.invoke(RepositoryMethodInvoker.java:158) ~[spring-data-commons-3.5.1.jar!/:3.5.1]
	at org.springframework.data.repository.core.support.QueryExecutorMethodInterceptor.doInvoke(QueryExecutorMethodInterceptor.java:170) ~[spring-data-commons-3.5.1.jar!/:3.5.1]
	at org.springframework.data.repository.core.support.QueryExecutorMethodInterceptor.invoke(QueryExecutorMethodInterceptor.java:149) ~[spring-data-commons-3.5.1.jar!/:3.5.1]
	at org.springframework.aop.framework.ReflectiveMethodInvocation.proceed(ReflectiveMethodInvocation.java:184) ~[spring-aop-6.2.8.jar!/:6.2.8]
	at org.springframework.data.projection.DefaultMethodInvokingMethodInterceptor.invoke(DefaultMethodInvokingMethodInterceptor.java:69) ~[spring-data-commons-3.5.1.jar!/:3.5.1]
	at org.springframework.aop.framework.ReflectiveMethodInvocation.proceed(ReflectiveMethodInvocation.java:184) ~[spring-aop-6.2.8.jar!/:6.2.8]
	at org.springframework.transaction.interceptor.TransactionAspectSupport.invokeWithinTransaction(TransactionAspectSupport.java:380) ~[spring-tx-6.2.8.jar!/:6.2.8]
	at org.springframework.transaction.interceptor.TransactionInterceptor.invoke(TransactionInterceptor.java:119) ~[spring-tx-6.2.8.jar!/:6.2.8]
	at org.springframework.aop.framework.ReflectiveMethodInvocation.proceed(ReflectiveMethodInvocation.java:184) ~[spring-aop-6.2.8.jar!/:6.2.8]
	at org.springframework.dao.support.PersistenceExceptionTranslationInterceptor.invoke(PersistenceExceptionTranslationInterceptor.java:138) ~[spring-tx-6.2.8.jar!/:6.2.8]
	... 26 common frames omitted

Hibernate: 
    select
        s1_0.id,
        s1_0.actual_delivery_time,
        s1_0.created_at,
        s1_0.created_by,
        s1_0.delivery_address,
        s1_0.destination_latitude,
        s1_0.destination_longitude,
        s1_0.estimated_delivery_time,
        s1_0.estimated_duration,
        s1_0.origin_latitude,
        s1_0.origin_longitude,
        s1_0.receiver_name,
        s1_0.route_polyline,
        s1_0.sender_address,
        s1_0.sender_name,
        s1_0.status,
        s1_0.total_distance,
        s1_0.tracking_number 
    from
        shipments s1_0 
    where
        s1_0.status in (?, ?)
Hibernate: 
    select
        s1_0.id,
        s1_0.actual_delivery_time,
        s1_0.created_at,
        s1_0.created_by,
        s1_0.delivery_address,
        s1_0.destination_latitude,
        s1_0.destination_longitude,
        s1_0.estimated_delivery_time,
        s1_0.estimated_duration,
        s1_0.origin_latitude,
        s1_0.origin_longitude,
        s1_0.receiver_name,
        s1_0.route_polyline,
        s1_0.sender_address,
        s1_0.sender_name,
        s1_0.status,
        s1_0.total_distance,
        s1_0.tracking_number 
    from
        shipments s1_0 
    where
        s1_0.id=?
Hibernate: 
    select
        te1_0.id,
        te1_0.latitude,
        te1_0.longitude,
        te1_0.recorded_at,
        te1_0.shipment_id,
        te1_0.status 
    from
        tracking_events te1_0 
    left join
        shipments s1_0 
            on s1_0.id=te1_0.shipment_id 
    where
        s1_0.id=? 
    order by
        te1_0.recorded_at
Hibernate: 
    select
        rhp1_0.id,
        rhp1_0.latitude,
        rhp1_0.longitude,
        rhp1_0.progress,
        rhp1_0.recorded_at,
        rhp1_0.shipment_id,
        rhp1_0.speed 
    from
        route_history_points rhp1_0 
    left join
        shipments s1_0 
            on s1_0.id=rhp1_0.shipment_id 
    where
        s1_0.id=? 
    order by
        rhp1_0.recorded_at desc 
    fetch
        first ? rows only
2026-08-12T17:19:03.579+05:30  INFO 27180 --- [shiptrack-backend] [essageBroker-13] com.shiptrack.service.GeocodingService   : OSRM route found: 615.1 km, 462 min
Hibernate: 
    select
        dp1_0.id,
        dp1_0.delay_minutes,
        dp1_0.delay_reason,
        dp1_0.detected_at,
        dp1_0.is_active,
        dp1_0.probability,
        dp1_0.shipment_id 
    from
        delay_predictions dp1_0 
    where
        dp1_0.shipment_id=? 
        and dp1_0.is_active
Hibernate: 
    select
        s1_0.id,
        s1_0.actual_delivery_time,
        s1_0.created_at,
        s1_0.created_by,
        s1_0.delivery_address,
        s1_0.destination_latitude,
        s1_0.destination_longitude,
        s1_0.estimated_delivery_time,
        s1_0.estimated_duration,
        s1_0.origin_latitude,
        s1_0.origin_longitude,
        s1_0.receiver_name,
        s1_0.route_polyline,
        s1_0.sender_address,
        s1_0.sender_name,
        s1_0.status,
        s1_0.total_distance,
        s1_0.tracking_number 
    from
        shipments s1_0 
    where
        s1_0.id=?
Hibernate: 
    select
        te1_0.id,
        te1_0.latitude,
        te1_0.longitude,
        te1_0.recorded_at,
        te1_0.shipment_id,
        te1_0.status 
    from
        tracking_events te1_0 
    left join
        shipments s1_0 
            on s1_0.id=te1_0.shipment_id 
    where
        s1_0.id=? 
    order by
        te1_0.recorded_at
Hibernate: 
    select
        rhp1_0.id,
        rhp1_0.latitude,
        rhp1_0.longitude,
        rhp1_0.progress,
        rhp1_0.recorded_at,
        rhp1_0.shipment_id,
        rhp1_0.speed 
    from
        route_history_points rhp1_0 
    left join
        shipments s1_0 
            on s1_0.id=rhp1_0.shipment_id 
    where
        s1_0.id=? 
    order by
        rhp1_0.recorded_at desc 
    fetch
        first ? rows only
Hibernate: 
    select
        dp1_0.id,
        dp1_0.delay_minutes,
        dp1_0.delay_reason,
        dp1_0.detected_at,
        dp1_0.is_active,
        dp1_0.probability,
        dp1_0.shipment_id 
    from
        delay_predictions dp1_0 
    where
        dp1_0.shipment_id=? 
        and dp1_0.is_active 
    order by
        dp1_0.detected_at desc 
    fetch
        first ? rows only
Hibernate: 
    select
        dp1_0.id,
        dp1_0.delay_minutes,
        dp1_0.delay_reason,
        dp1_0.detected_at,
        dp1_0.is_active,
        dp1_0.probability,
        dp1_0.shipment_id 
    from
        delay_predictions dp1_0 
    where
        dp1_0.shipment_id=? 
        and dp1_0.is_active
Hibernate: 
    select
        dp1_0.id,
        dp1_0.delay_minutes,
        dp1_0.delay_reason,
        dp1_0.detected_at,
        dp1_0.is_active,
        dp1_0.probability,
        dp1_0.shipment_id 
    from
        delay_predictions dp1_0 
    where
        dp1_0.id=?
Hibernate: 
    update
        delay_predictions 
    set
        delay_minutes=?,
        delay_reason=?,
        detected_at=?,
        is_active=?,
        probability=?,
        shipment_id=? 
    where
        id=?
2026-08-12T17:19:03.598+05:30  INFO 27180 --- [shiptrack-backend] [essageBroker-13] c.s.service.DelayPredictionService       : Superseded 1 stale delay prediction(s) for shipment 53
Hibernate: 
    insert 
    into
        delay_predictions
        (delay_minutes, delay_reason, detected_at, is_active, probability, shipment_id) 
    values
        (?, ?, ?, ?, ?, ?)
2026-08-12T17:19:03.600+05:30  WARN 27180 --- [shiptrack-backend] [essageBroker-13] c.shiptrack.service.LiveTrackingService  : Delay alert for shipment 53: No location update for 58 minutes (58 min, 0.6933333333333334% probability)
2026-08-12T17:19:03.600+05:30  WARN 27180 --- [shiptrack-backend] [essageBroker-13] c.s.service.DelayPredictionService       : Delay detected for shipment 53: No location update for 58 minutes (58 min)
Hibernate: 
    select
        s1_0.id,
        s1_0.actual_delivery_time,
        s1_0.created_at,
        s1_0.created_by,
        s1_0.delivery_address,
        s1_0.destination_latitude,
        s1_0.destination_longitude,
        s1_0.estimated_delivery_time,
        s1_0.estimated_duration,
        s1_0.origin_latitude,
        s1_0.origin_longitude,
        s1_0.receiver_name,
        s1_0.route_polyline,
        s1_0.sender_address,
        s1_0.sender_name,
        s1_0.status,
        s1_0.total_distance,
        s1_0.tracking_number 
    from
        shipments s1_0 
    where
        s1_0.status in (?, ?)
Hibernate: 
    select
        s1_0.id,
        s1_0.actual_delivery_time,
        s1_0.created_at,
        s1_0.created_by,
        s1_0.delivery_address,
        s1_0.destination_latitude,
        s1_0.destination_longitude,
        s1_0.estimated_delivery_time,
        s1_0.estimated_duration,
        s1_0.origin_latitude,
        s1_0.origin_longitude,
        s1_0.receiver_name,
        s1_0.route_polyline,
        s1_0.sender_address,
        s1_0.sender_name,
        s1_0.status,
        s1_0.total_distance,
        s1_0.tracking_number 
    from
        shipments s1_0 
    where
        s1_0.status in (?, ?)
Hibernate: 
    select
        s1_0.id,
        s1_0.actual_delivery_time,
        s1_0.created_at,
        s1_0.created_by,
        s1_0.delivery_address,
        s1_0.destination_latitude,
        s1_0.destination_longitude,
        s1_0.estimated_delivery_time,
        s1_0.estimated_duration,
        s1_0.origin_latitude,
        s1_0.origin_longitude,
        s1_0.receiver_name,
        s1_0.route_polyline,
        s1_0.sender_address,
        s1_0.sender_name,
        s1_0.status,
        s1_0.total_distance,
        s1_0.tracking_number 
    from
        shipments s1_0 
    where
        s1_0.id=?
Hibernate: 
    insert 
    into
        route_history_points
        (latitude, longitude, progress, recorded_at, shipment_id, speed) 
    values
        (?, ?, ?, ?, ?, ?)
2026-08-12T17:19:19.520+05:30  INFO 27180 --- [shiptrack-backend] [essageBroker-11] c.shiptrack.service.LiveTrackingService  : Broadcast location update for shipment 24: 15.300309894723805,74.06665673643796
Hibernate: 
    select
        te1_0.id,
        te1_0.latitude,
        te1_0.longitude,
        te1_0.recorded_at,
        te1_0.shipment_id,
        te1_0.status 
    from
        tracking_events te1_0 
    left join
        shipments s1_0 
            on s1_0.id=te1_0.shipment_id 
    where
        s1_0.id=? 
    order by
        te1_0.recorded_at
Hibernate: 
    insert 
    into
        route_history_points
        (latitude, longitude, progress, recorded_at, shipment_id, speed) 
    values
        (?, ?, ?, ?, ?, ?)
Hibernate: 
    select
        rhp1_0.id,
        rhp1_0.latitude,
        rhp1_0.longitude,
        rhp1_0.progress,
        rhp1_0.recorded_at,
        rhp1_0.shipment_id,
        rhp1_0.speed 
    from
        route_history_points rhp1_0 
    left join
        shipments s1_0 
            on s1_0.id=rhp1_0.shipment_id 
    where
        s1_0.id=? 
    order by
        rhp1_0.recorded_at desc 
    fetch
        first ? rows only
2026-08-12T17:19:19.523+05:30  INFO 27180 --- [shiptrack-backend] [essageBroker-11] c.shiptrack.service.LiveTrackingService  : Broadcast location update for shipment 52: 22.371084287713163,87.37080335544381
Hibernate: 
    select
        dp1_0.id,
        dp1_0.delay_minutes,
        dp1_0.delay_reason,
        dp1_0.detected_at,
        dp1_0.is_active,
        dp1_0.probability,
        dp1_0.shipment_id 
    from
        delay_predictions dp1_0 
    where
        dp1_0.shipment_id=? 
        and dp1_0.is_active 
    order by
        dp1_0.detected_at desc 
    fetch
        first ? rows only
Hibernate: 
    select
        dp1_0.id,
        dp1_0.delay_minutes,
        dp1_0.delay_reason,
        dp1_0.detected_at,
        dp1_0.is_active,
        dp1_0.probability,
        dp1_0.shipment_id 
    from
        delay_predictions dp1_0 
    where
        dp1_0.shipment_id=? 
        and dp1_0.is_active
Hibernate: 
    select
        dp1_0.id,
        dp1_0.delay_minutes,
        dp1_0.delay_reason,
        dp1_0.detected_at,
        dp1_0.is_active,
        dp1_0.probability,
        dp1_0.shipment_id 
    from
        delay_predictions dp1_0 
    where
        dp1_0.id=?
Hibernate: 
    update
        delay_predictions 
    set
        delay_minutes=?,
        delay_reason=?,
        detected_at=?,
        is_active=?,
        probability=?,
        shipment_id=? 
    where
        id=?
2026-08-12T17:19:19.532+05:30  INFO 27180 --- [shiptrack-backend] [MessageBroker-4] c.s.service.DelayPredictionService       : Superseded 1 stale delay prediction(s) for shipment 22
Hibernate: 
    insert 
    into
        delay_predictions
        (delay_minutes, delay_reason, detected_at, is_active, probability, shipment_id) 
    values
        (?, ?, ?, ?, ?, ?)
2026-08-12T17:19:19.534+05:30  WARN 27180 --- [shiptrack-backend] [MessageBroker-4] c.shiptrack.service.LiveTrackingService  : Delay alert for shipment 22: No location update for 20097 minutes (120 min, 0.9% probability)
2026-08-12T17:19:19.535+05:30  WARN 27180 --- [shiptrack-backend] [MessageBroker-4] c.s.service.DelayPredictionService       : Delay detected for shipment 22: No location update for 20097 minutes (120 min)
Hibernate: 
    select
        s1_0.id,
        s1_0.actual_delivery_time,
        s1_0.created_at,
        s1_0.created_by,
        s1_0.delivery_address,
        s1_0.destination_latitude,
        s1_0.destination_longitude,
        s1_0.estimated_delivery_time,
        s1_0.estimated_duration,
        s1_0.origin_latitude,
        s1_0.origin_longitude,
        s1_0.receiver_name,
        s1_0.route_polyline,
        s1_0.sender_address,
        s1_0.sender_name,
        s1_0.status,
        s1_0.total_distance,
        s1_0.tracking_number 
    from
        shipments s1_0 
    where
        s1_0.id=?
Hibernate: 
    select
        te1_0.id,
        te1_0.latitude,
        te1_0.longitude,
        te1_0.recorded_at,
        te1_0.shipment_id,
        te1_0.status 
    from
        tracking_events te1_0 
    left join
        shipments s1_0 
            on s1_0.id=te1_0.shipment_id 
    where
        s1_0.id=? 
    order by
        te1_0.recorded_at
Hibernate: 
    select
        rhp1_0.id,
        rhp1_0.latitude,
        rhp1_0.longitude,
        rhp1_0.progress,
        rhp1_0.recorded_at,
        rhp1_0.shipment_id,
        rhp1_0.speed 
    from
        route_history_points rhp1_0 
    left join
        shipments s1_0 
            on s1_0.id=rhp1_0.shipment_id 
    where
        s1_0.id=? 
    order by
        rhp1_0.recorded_at desc 
    fetch
        first ? rows only
Hibernate: 
    select
        dp1_0.id,
        dp1_0.delay_minutes,
        dp1_0.delay_reason,
        dp1_0.detected_at,
        dp1_0.is_active,
        dp1_0.probability,
        dp1_0.shipment_id 
    from
        delay_predictions dp1_0 
    where
        dp1_0.shipment_id=? 
        and dp1_0.is_active 
    order by
        dp1_0.detected_at desc 
    fetch
        first ? rows only
Hibernate: 
    select
        dp1_0.id,
        dp1_0.delay_minutes,
        dp1_0.delay_reason,
        dp1_0.detected_at,
        dp1_0.is_active,
        dp1_0.probability,
        dp1_0.shipment_id 
    from
        delay_predictions dp1_0 
    where
        dp1_0.shipment_id=? 
        and dp1_0.is_active
Hibernate: 
    select
        dp1_0.id,
        dp1_0.delay_minutes,
        dp1_0.delay_reason,
        dp1_0.detected_at,
        dp1_0.is_active,
        dp1_0.probability,
        dp1_0.shipment_id 
    from
        delay_predictions dp1_0 
    where
        dp1_0.id=?
Hibernate: 
    update
        delay_predictions 
    set
        delay_minutes=?,
        delay_reason=?,
        detected_at=?,
        is_active=?,
        probability=?,
        shipment_id=? 
    where
        id=?
2026-08-12T17:19:19.553+05:30  INFO 27180 --- [shiptrack-backend] [MessageBroker-4] c.s.service.DelayPredictionService       : Superseded 1 stale delay prediction(s) for shipment 24
Hibernate: 
    insert 
    into
        delay_predictions
        (delay_minutes, delay_reason, detected_at, is_active, probability, shipment_id) 
    values
        (?, ?, ?, ?, ?, ?)
2026-08-12T17:19:19.556+05:30  WARN 27180 --- [shiptrack-backend] [MessageBroker-4] c.shiptrack.service.LiveTrackingService  : Delay alert for shipment 24: Shipment is behind schedule (22245 min, 0.95% probability)
2026-08-12T17:19:19.556+05:30  WARN 27180 --- [shiptrack-backend] [MessageBroker-4] c.s.service.DelayPredictionService       : Delay detected for shipment 24: Shipment is behind schedule (22245 min)
Hibernate: 
    select
        s1_0.id,
        s1_0.actual_delivery_time,
        s1_0.created_at,
        s1_0.created_by,
        s1_0.delivery_address,
        s1_0.destination_latitude,
        s1_0.destination_longitude,
        s1_0.estimated_delivery_time,
        s1_0.estimated_duration,
        s1_0.origin_latitude,
        s1_0.origin_longitude,
        s1_0.receiver_name,
        s1_0.route_polyline,
        s1_0.sender_address,
        s1_0.sender_name,
        s1_0.status,
        s1_0.total_distance,
        s1_0.tracking_number 
    from
        shipments s1_0 
    where
        s1_0.id=?
Hibernate: 
    select
        te1_0.id,
        te1_0.latitude,
        te1_0.longitude,
        te1_0.recorded_at,
        te1_0.shipment_id,
        te1_0.status 
    from
        tracking_events te1_0 
    left join
        shipments s1_0 
            on s1_0.id=te1_0.shipment_id 
    where
        s1_0.id=? 
    order by
        te1_0.recorded_at
Hibernate: 
    select
        rhp1_0.id,
        rhp1_0.latitude,
        rhp1_0.longitude,
        rhp1_0.progress,
        rhp1_0.recorded_at,
        rhp1_0.shipment_id,
        rhp1_0.speed 
    from
        route_history_points rhp1_0 
    left join
        shipments s1_0 
            on s1_0.id=rhp1_0.shipment_id 
    where
        s1_0.id=? 
    order by
        rhp1_0.recorded_at desc 
    fetch
        first ? rows only
Hibernate: 
    select
        s1_0.id,
        s1_0.actual_delivery_time,
        s1_0.created_at,
        s1_0.created_by,
        s1_0.delivery_address,
        s1_0.destination_latitude,
        s1_0.destination_longitude,
        s1_0.estimated_delivery_time,
        s1_0.estimated_duration,
        s1_0.origin_latitude,
        s1_0.origin_longitude,
        s1_0.receiver_name,
        s1_0.route_polyline,
        s1_0.sender_address,
        s1_0.sender_name,
        s1_0.status,
        s1_0.total_distance,
        s1_0.tracking_number 
    from
        shipments s1_0 
    where
        s1_0.status in (?, ?)
Hibernate: 
    insert 
    into
        route_history_points
        (latitude, longitude, progress, recorded_at, shipment_id, speed) 
    values
        (?, ?, ?, ?, ?, ?)
2026-08-12T17:19:49.521+05:30  INFO 27180 --- [shiptrack-backend] [essageBroker-16] c.shiptrack.service.LiveTrackingService  : Broadcast location update for shipment 24: 15.30311543446636,74.05533311210485
Hibernate: 
    insert 
    into
        route_history_points
        (latitude, longitude, progress, recorded_at, shipment_id, speed) 
    values
        (?, ?, ?, ?, ?, ?)
2026-08-12T17:19:49.524+05:30  INFO 27180 --- [shiptrack-backend] [essageBroker-16] c.shiptrack.service.LiveTrackingService  : Broadcast location update for shipment 52: 22.371084287713163,87.37080335544381
Hibernate: 
    select
        s1_0.id,
        s1_0.actual_delivery_time,
        s1_0.created_at,
        s1_0.created_by,
        s1_0.delivery_address,
        s1_0.destination_latitude,
        s1_0.destination_longitude,
        s1_0.estimated_delivery_time,
        s1_0.estimated_duration,
        s1_0.origin_latitude,
        s1_0.origin_longitude,
        s1_0.receiver_name,
        s1_0.route_polyline,
        s1_0.sender_address,
        s1_0.sender_name,
        s1_0.status,
        s1_0.total_distance,
        s1_0.tracking_number 
    from
        shipments s1_0 
    where
        s1_0.status in (?, ?)
Hibernate: 
    insert 
    into
        route_history_points
        (latitude, longitude, progress, recorded_at, shipment_id, speed) 
    values
        (?, ?, ?, ?, ?, ?)
2026-08-12T17:20:19.526+05:30  INFO 27180 --- [shiptrack-backend] [essageBroker-12] c.shiptrack.service.LiveTrackingService  : Broadcast location update for shipment 24: 15.30311543446636,74.05533311210485
Hibernate: 
    insert 
    into
        route_history_points
        (latitude, longitude, progress, recorded_at, shipment_id, speed) 
    values
        (?, ?, ?, ?, ?, ?)
2026-08-12T17:20:19.529+05:30  INFO 27180 --- [shiptrack-backend] [essageBroker-12] c.shiptrack.service.LiveTrackingService  : Broadcast location update for shipment 52: 22.361161080029003,87.3780704510934
Hibernate: 
    select
        s1_0.id,
        s1_0.actual_delivery_time,
        s1_0.created_at,
        s1_0.created_by,
        s1_0.delivery_address,
        s1_0.destination_latitude,
        s1_0.destination_longitude,
        s1_0.estimated_delivery_time,
        s1_0.estimated_duration,
        s1_0.origin_latitude,
        s1_0.origin_longitude,
        s1_0.receiver_name,
        s1_0.route_polyline,
        s1_0.sender_address,
        s1_0.sender_name,
        s1_0.status,
        s1_0.total_distance,
        s1_0.tracking_number 
    from
        shipments s1_0 
    where
        s1_0.status in (?, ?)
Hibernate: 
    insert 
    into
        route_history_points
        (latitude, longitude, progress, recorded_at, shipment_id, speed) 
    values
        (?, ?, ?, ?, ?, ?)
2026-08-12T17:20:49.524+05:30  INFO 27180 --- [shiptrack-backend] [MessageBroker-5] c.shiptrack.service.LiveTrackingService  : Broadcast location update for shipment 24: 15.306904881441984,74.04445207685386
Hibernate: 
    insert 
    into
        route_history_points
        (latitude, longitude, progress, recorded_at, shipment_id, speed) 
    values
        (?, ?, ?, ?, ?, ?)
2026-08-12T17:20:49.527+05:30  INFO 27180 --- [shiptrack-backend] [MessageBroker-5] c.shiptrack.service.LiveTrackingService  : Broadcast location update for shipment 52: 22.361161080029003,87.3780704510934
Hibernate: 
    select
        s1_0.id,
        s1_0.actual_delivery_time,
        s1_0.created_at,
        s1_0.created_by,
        s1_0.delivery_address,
        s1_0.destination_latitude,
        s1_0.destination_longitude,
        s1_0.estimated_delivery_time,
        s1_0.estimated_duration,
        s1_0.origin_latitude,
        s1_0.origin_longitude,
        s1_0.receiver_name,
        s1_0.route_polyline,
        s1_0.sender_address,
        s1_0.sender_name,
        s1_0.status,
        s1_0.total_distance,
        s1_0.tracking_number 
    from
        shipments s1_0 
    where
        s1_0.status in (?, ?)
Hibernate: 
    insert 
    into
        route_history_points
        (latitude, longitude, progress, recorded_at, shipment_id, speed) 
    values
        (?, ?, ?, ?, ?, ?)
2026-08-12T17:21:19.527+05:30  INFO 27180 --- [shiptrack-backend] [essageBroker-16] c.shiptrack.service.LiveTrackingService  : Broadcast location update for shipment 24: 15.306904881441984,74.04445207685386
Hibernate: 
    insert 
    into
        route_history_points
        (latitude, longitude, progress, recorded_at, shipment_id, speed) 
    values
        (?, ?, ?, ?, ?, ?)
2026-08-12T17:21:19.531+05:30  INFO 27180 --- [shiptrack-backend] [essageBroker-16] c.shiptrack.service.LiveTrackingService  : Broadcast location update for shipment 52: 22.350727430944364,87.38450294339573
Hibernate: 
    select
        s1_0.id,
        s1_0.actual_delivery_time,
        s1_0.created_at,
        s1_0.created_by,
        s1_0.delivery_address,
        s1_0.destination_latitude,
        s1_0.destination_longitude,
        s1_0.estimated_delivery_time,
        s1_0.estimated_duration,
        s1_0.origin_latitude,
        s1_0.origin_longitude,
        s1_0.receiver_name,
        s1_0.route_polyline,
        s1_0.sender_address,
        s1_0.sender_name,
        s1_0.status,
        s1_0.total_distance,
        s1_0.tracking_number 
    from
        shipments s1_0 
    where
        s1_0.status in (?, ?)
Hibernate: 
    insert 
    into
        route_history_points
        (latitude, longitude, progress, recorded_at, shipment_id, speed) 
    values
        (?, ?, ?, ?, ?, ?)
2026-08-12T17:21:49.530+05:30  INFO 27180 --- [shiptrack-backend] [MessageBroker-5] c.shiptrack.service.LiveTrackingService  : Broadcast location update for shipment 24: 15.31371242190868,74.03607307902693
Hibernate: 
    insert 
    into
        route_history_points
        (latitude, longitude, progress, recorded_at, shipment_id, speed) 
    values
        (?, ?, ?, ?, ?, ?)
2026-08-12T17:21:49.534+05:30  INFO 27180 --- [shiptrack-backend] [MessageBroker-5] c.shiptrack.service.LiveTrackingService  : Broadcast location update for shipment 52: 22.350727430944364,87.38450294339573
2026-08-12T17:22:13.743+05:30  INFO 27180 --- [shiptrack-backend] [MessageBroker-4] com.shiptrack.service.GeocodingService   : OSRM route found: 615.1 km, 462 min
Hibernate: 
    select
        dp1_0.id,
        dp1_0.delay_minutes,
        dp1_0.delay_reason,
        dp1_0.detected_at,
        dp1_0.is_active,
        dp1_0.probability,
        dp1_0.shipment_id 
    from
        delay_predictions dp1_0 
    where
        dp1_0.shipment_id=? 
        and dp1_0.is_active
Hibernate: 
    select
        s1_0.id,
        s1_0.actual_delivery_time,
        s1_0.created_at,
        s1_0.created_by,
        s1_0.delivery_address,
        s1_0.destination_latitude,
        s1_0.destination_longitude,
        s1_0.estimated_delivery_time,
        s1_0.estimated_duration,
        s1_0.origin_latitude,
        s1_0.origin_longitude,
        s1_0.receiver_name,
        s1_0.route_polyline,
        s1_0.sender_address,
        s1_0.sender_name,
        s1_0.status,
        s1_0.total_distance,
        s1_0.tracking_number 
    from
        shipments s1_0 
    where
        s1_0.id=?
Hibernate: 
    select
        te1_0.id,
        te1_0.latitude,
        te1_0.longitude,
        te1_0.recorded_at,
        te1_0.shipment_id,
        te1_0.status 
    from
        tracking_events te1_0 
    left join
        shipments s1_0 
            on s1_0.id=te1_0.shipment_id 
    where
        s1_0.id=? 
    order by
        te1_0.recorded_at
Hibernate: 
    select
        rhp1_0.id,
        rhp1_0.latitude,
        rhp1_0.longitude,
        rhp1_0.progress,
        rhp1_0.recorded_at,
        rhp1_0.shipment_id,
        rhp1_0.speed 
    from
        route_history_points rhp1_0 
    left join
        shipments s1_0 
            on s1_0.id=rhp1_0.shipment_id 
    where
        s1_0.id=? 
    order by
        rhp1_0.recorded_at desc 
    fetch
        first ? rows only
Hibernate: 
    select
        dp1_0.id,
        dp1_0.delay_minutes,
        dp1_0.delay_reason,
        dp1_0.detected_at,
        dp1_0.is_active,
        dp1_0.probability,
        dp1_0.shipment_id 
    from
        delay_predictions dp1_0 
    where
        dp1_0.shipment_id=? 
        and dp1_0.is_active 
    order by
        dp1_0.detected_at desc 
    fetch
        first ? rows only
Hibernate: 
    select
        dp1_0.id,
        dp1_0.delay_minutes,
        dp1_0.delay_reason,
        dp1_0.detected_at,
        dp1_0.is_active,
        dp1_0.probability,
        dp1_0.shipment_id 
    from
        delay_predictions dp1_0 
    where
        dp1_0.shipment_id=? 
        and dp1_0.is_active
Hibernate: 
    select
        dp1_0.id,
        dp1_0.delay_minutes,
        dp1_0.delay_reason,
        dp1_0.detected_at,
        dp1_0.is_active,
        dp1_0.probability,
        dp1_0.shipment_id 
    from
        delay_predictions dp1_0 
    where
        dp1_0.id=?
Hibernate: 
    update
        delay_predictions 
    set
        delay_minutes=?,
        delay_reason=?,
        detected_at=?,
        is_active=?,
        probability=?,
        shipment_id=? 
    where
        id=?
2026-08-12T17:22:13.761+05:30  INFO 27180 --- [shiptrack-backend] [MessageBroker-4] c.s.service.DelayPredictionService       : Superseded 1 stale delay prediction(s) for shipment 53
Hibernate: 
    insert 
    into
        delay_predictions
        (delay_minutes, delay_reason, detected_at, is_active, probability, shipment_id) 
    values
        (?, ?, ?, ?, ?, ?)
2026-08-12T17:22:13.763+05:30  WARN 27180 --- [shiptrack-backend] [MessageBroker-4] c.shiptrack.service.LiveTrackingService  : Delay alert for shipment 53: No location update for 61 minutes (61 min, 0.7033333333333334% probability)
2026-08-12T17:22:13.764+05:30  WARN 27180 --- [shiptrack-backend] [MessageBroker-4] c.s.service.DelayPredictionService       : Delay detected for shipment 53: No location update for 61 minutes (61 min)
Hibernate: 
    select
        s1_0.id,
        s1_0.actual_delivery_time,
        s1_0.created_at,
        s1_0.created_by,
        s1_0.delivery_address,
        s1_0.destination_latitude,
        s1_0.destination_longitude,
        s1_0.estimated_delivery_time,
        s1_0.estimated_duration,
        s1_0.origin_latitude,
        s1_0.origin_longitude,
        s1_0.receiver_name,
        s1_0.route_polyline,
        s1_0.sender_address,
        s1_0.sender_name,
        s1_0.status,
        s1_0.total_distance,
        s1_0.tracking_number 
    from
        shipments s1_0 
    where
        s1_0.status in (?, ?)
Hibernate: 
    select
        s1_0.id,
        s1_0.actual_delivery_time,
        s1_0.created_at,
        s1_0.created_by,
        s1_0.delivery_address,
        s1_0.destination_latitude,
        s1_0.destination_longitude,
        s1_0.estimated_delivery_time,
        s1_0.estimated_duration,
        s1_0.origin_latitude,
        s1_0.origin_longitude,
        s1_0.receiver_name,
        s1_0.route_polyline,
        s1_0.sender_address,
        s1_0.sender_name,
        s1_0.status,
        s1_0.total_distance,
        s1_0.tracking_number 
    from
        shipments s1_0 
    where
        s1_0.id=?
Hibernate: 
    select
        te1_0.id,
        te1_0.latitude,
        te1_0.longitude,
        te1_0.recorded_at,
        te1_0.shipment_id,
        te1_0.status 
    from
        tracking_events te1_0 
    left join
        shipments s1_0 
            on s1_0.id=te1_0.shipment_id 
    where
        s1_0.id=? 
    order by
        te1_0.recorded_at
Hibernate: 
    select
        rhp1_0.id,
        rhp1_0.latitude,
        rhp1_0.longitude,
        rhp1_0.progress,
        rhp1_0.recorded_at,
        rhp1_0.shipment_id,
        rhp1_0.speed 
    from
        route_history_points rhp1_0 
    left join
        shipments s1_0 
            on s1_0.id=rhp1_0.shipment_id 
    where
        s1_0.id=? 
    order by
        rhp1_0.recorded_at desc 
    fetch
        first ? rows only
Hibernate: 
    select
        dp1_0.id,
        dp1_0.delay_minutes,
        dp1_0.delay_reason,
        dp1_0.detected_at,
        dp1_0.is_active,
        dp1_0.probability,
        dp1_0.shipment_id 
    from
        delay_predictions dp1_0 
    where
        dp1_0.shipment_id=? 
        and dp1_0.is_active 
    order by
        dp1_0.detected_at desc 
    fetch
        first ? rows only
Hibernate: 
    select
        dp1_0.id,
        dp1_0.delay_minutes,
        dp1_0.delay_reason,
        dp1_0.detected_at,
        dp1_0.is_active,
        dp1_0.probability,
        dp1_0.shipment_id 
    from
        delay_predictions dp1_0 
    where
        dp1_0.shipment_id=? 
        and dp1_0.is_active
Hibernate: 
    select
        dp1_0.id,
        dp1_0.delay_minutes,
        dp1_0.delay_reason,
        dp1_0.detected_at,
        dp1_0.is_active,
        dp1_0.probability,
        dp1_0.shipment_id 
    from
        delay_predictions dp1_0 
    where
        dp1_0.id=?
Hibernate: 
    update
        delay_predictions 
    set
        delay_minutes=?,
        delay_reason=?,
        detected_at=?,
        is_active=?,
        probability=?,
        shipment_id=? 
    where
        id=?
2026-08-12T17:22:13.774+05:30  INFO 27180 --- [shiptrack-backend] [MessageBroker-4] c.s.service.DelayPredictionService       : Superseded 1 stale delay prediction(s) for shipment 22
Hibernate: 
    insert 
    into
        delay_predictions
        (delay_minutes, delay_reason, detected_at, is_active, probability, shipment_id) 
    values
        (?, ?, ?, ?, ?, ?)
2026-08-12T17:22:13.776+05:30  WARN 27180 --- [shiptrack-backend] [MessageBroker-4] c.shiptrack.service.LiveTrackingService  : Delay alert for shipment 22: No location update for 20100 minutes (120 min, 0.9% probability)
2026-08-12T17:22:13.776+05:30  WARN 27180 --- [shiptrack-backend] [MessageBroker-4] c.s.service.DelayPredictionService       : Delay detected for shipment 22: No location update for 20100 minutes (120 min)
Hibernate: 
    select
        s1_0.id,
        s1_0.actual_delivery_time,
        s1_0.created_at,
        s1_0.created_by,
        s1_0.delivery_address,
        s1_0.destination_latitude,
        s1_0.destination_longitude,
        s1_0.estimated_delivery_time,
        s1_0.estimated_duration,
        s1_0.origin_latitude,
        s1_0.origin_longitude,
        s1_0.receiver_name,
        s1_0.route_polyline,
        s1_0.sender_address,
        s1_0.sender_name,
        s1_0.status,
        s1_0.total_distance,
        s1_0.tracking_number 
    from
        shipments s1_0 
    where
        s1_0.id=?
Hibernate: 
    select
        te1_0.id,
        te1_0.latitude,
        te1_0.longitude,
        te1_0.recorded_at,
        te1_0.shipment_id,
        te1_0.status 
    from
        tracking_events te1_0 
    left join
        shipments s1_0 
            on s1_0.id=te1_0.shipment_id 
    where
        s1_0.id=? 
    order by
        te1_0.recorded_at
Hibernate: 
    select
        rhp1_0.id,
        rhp1_0.latitude,
        rhp1_0.longitude,
        rhp1_0.progress,
        rhp1_0.recorded_at,
        rhp1_0.shipment_id,
        rhp1_0.speed 
    from
        route_history_points rhp1_0 
    left join
        shipments s1_0 
            on s1_0.id=rhp1_0.shipment_id 
    where
        s1_0.id=? 
    order by
        rhp1_0.recorded_at desc 
    fetch
        first ? rows only
Hibernate: 
    select
        dp1_0.id,
        dp1_0.delay_minutes,
        dp1_0.delay_reason,
        dp1_0.detected_at,
        dp1_0.is_active,
        dp1_0.probability,
        dp1_0.shipment_id 
    from
        delay_predictions dp1_0 
    where
        dp1_0.shipment_id=? 
        and dp1_0.is_active 
    order by
        dp1_0.detected_at desc 
    fetch
        first ? rows only
Hibernate: 
    select
        dp1_0.id,
        dp1_0.delay_minutes,
        dp1_0.delay_reason,
        dp1_0.detected_at,
        dp1_0.is_active,
        dp1_0.probability,
        dp1_0.shipment_id 
    from
        delay_predictions dp1_0 
    where
        dp1_0.shipment_id=? 
        and dp1_0.is_active
Hibernate: 
    select
        dp1_0.id,
        dp1_0.delay_minutes,
        dp1_0.delay_reason,
        dp1_0.detected_at,
        dp1_0.is_active,
        dp1_0.probability,
        dp1_0.shipment_id 
    from
        delay_predictions dp1_0 
    where
        dp1_0.id=?
Hibernate: 
    update
        delay_predictions 
    set
        delay_minutes=?,
        delay_reason=?,
        detected_at=?,
        is_active=?,
        probability=?,
        shipment_id=? 
    where
        id=?
2026-08-12T17:22:13.786+05:30  INFO 27180 --- [shiptrack-backend] [MessageBroker-4] c.s.service.DelayPredictionService       : Superseded 1 stale delay prediction(s) for shipment 24
Hibernate: 
    insert 
    into
        delay_predictions
        (delay_minutes, delay_reason, detected_at, is_active, probability, shipment_id) 
    values
        (?, ?, ?, ?, ?, ?)
2026-08-12T17:22:13.788+05:30  WARN 27180 --- [shiptrack-backend] [MessageBroker-4] c.shiptrack.service.LiveTrackingService  : Delay alert for shipment 24: Shipment is behind schedule (22248 min, 0.95% probability)
2026-08-12T17:22:13.788+05:30  WARN 27180 --- [shiptrack-backend] [MessageBroker-4] c.s.service.DelayPredictionService       : Delay detected for shipment 24: Shipment is behind schedule (22248 min)
Hibernate: 
    select
        s1_0.id,
        s1_0.actual_delivery_time,
        s1_0.created_at,
        s1_0.created_by,
        s1_0.delivery_address,
        s1_0.destination_latitude,
        s1_0.destination_longitude,
        s1_0.estimated_delivery_time,
        s1_0.estimated_duration,
        s1_0.origin_latitude,
        s1_0.origin_longitude,
        s1_0.receiver_name,
        s1_0.route_polyline,
        s1_0.sender_address,
        s1_0.sender_name,
        s1_0.status,
        s1_0.total_distance,
        s1_0.tracking_number 
    from
        shipments s1_0 
    where
        s1_0.id=?
Hibernate: 
    select
        te1_0.id,
        te1_0.latitude,
        te1_0.longitude,
        te1_0.recorded_at,
        te1_0.shipment_id,
        te1_0.status 
    from
        tracking_events te1_0 
    left join
        shipments s1_0 
            on s1_0.id=te1_0.shipment_id 
    where
        s1_0.id=? 
    order by
        te1_0.recorded_at
Hibernate: 
    select
        rhp1_0.id,
        rhp1_0.latitude,
        rhp1_0.longitude,
        rhp1_0.progress,
        rhp1_0.recorded_at,
        rhp1_0.shipment_id,
        rhp1_0.speed 
    from
        route_history_points rhp1_0 
    left join
        shipments s1_0 
            on s1_0.id=rhp1_0.shipment_id 
    where
        s1_0.id=? 
    order by
        rhp1_0.recorded_at desc 
    fetch
        first ? rows only
Hibernate: 
    select
        s1_0.id,
        s1_0.actual_delivery_time,
        s1_0.created_at,
        s1_0.created_by,
        s1_0.delivery_address,
        s1_0.destination_latitude,
        s1_0.destination_longitude,
        s1_0.estimated_delivery_time,
        s1_0.estimated_duration,
        s1_0.origin_latitude,
        s1_0.origin_longitude,
        s1_0.receiver_name,
        s1_0.route_polyline,
        s1_0.sender_address,
        s1_0.sender_name,
        s1_0.status,
        s1_0.total_distance,
        s1_0.tracking_number 
    from
        shipments s1_0 
    where
        s1_0.status in (?, ?)
Hibernate: 
    insert 
    into
        route_history_points
        (latitude, longitude, progress, recorded_at, shipment_id, speed) 
    values
        (?, ?, ?, ?, ?, ?)
2026-08-12T17:22:19.521+05:30  INFO 27180 --- [shiptrack-backend] [MessageBroker-5] c.shiptrack.service.LiveTrackingService  : Broadcast location update for shipment 24: 15.31371242190868,74.03607307902693
Hibernate: 
    insert 
    into
        route_history_points
        (latitude, longitude, progress, recorded_at, shipment_id, speed) 
    values
        (?, ?, ?, ?, ?, ?)
2026-08-12T17:22:19.524+05:30  INFO 27180 --- [shiptrack-backend] [MessageBroker-5] c.shiptrack.service.LiveTrackingService  : Broadcast location update for shipment 52: 22.339761987202763,87.3898053744829
2026-08-12T17:22:20.071+05:30  INFO 27180 --- [shiptrack-backend] [MessageBroker-4] com.shiptrack.service.GeocodingService   : OSRM route found: 615.1 km, 462 min
Hibernate: 
    select
        dp1_0.id,
        dp1_0.delay_minutes,
        dp1_0.delay_reason,
        dp1_0.detected_at,
        dp1_0.is_active,
        dp1_0.probability,
        dp1_0.shipment_id 
    from
        delay_predictions dp1_0 
    where
        dp1_0.shipment_id=? 
        and dp1_0.is_active
Hibernate: 
    select
        s1_0.id,
        s1_0.actual_delivery_time,
        s1_0.created_at,
        s1_0.created_by,
        s1_0.delivery_address,
        s1_0.destination_latitude,
        s1_0.destination_longitude,
        s1_0.estimated_delivery_time,
        s1_0.estimated_duration,
        s1_0.origin_latitude,
        s1_0.origin_longitude,
        s1_0.receiver_name,
        s1_0.route_polyline,
        s1_0.sender_address,
        s1_0.sender_name,
        s1_0.status,
        s1_0.total_distance,
        s1_0.tracking_number 
    from
        shipments s1_0 
    where
        s1_0.id=?
Hibernate: 
    select
        te1_0.id,
        te1_0.latitude,
        te1_0.longitude,
        te1_0.recorded_at,
        te1_0.shipment_id,
        te1_0.status 
    from
        tracking_events te1_0 
    left join
        shipments s1_0 
            on s1_0.id=te1_0.shipment_id 
    where
        s1_0.id=? 
    order by
        te1_0.recorded_at
Hibernate: 
    select
        rhp1_0.id,
        rhp1_0.latitude,
        rhp1_0.longitude,
        rhp1_0.progress,
        rhp1_0.recorded_at,
        rhp1_0.shipment_id,
        rhp1_0.speed 
    from
        route_history_points rhp1_0 
    left join
        shipments s1_0 
            on s1_0.id=rhp1_0.shipment_id 
    where
        s1_0.id=? 
    order by
        rhp1_0.recorded_at desc 
    fetch
        first ? rows only
Hibernate: 
    select
        dp1_0.id,
        dp1_0.delay_minutes,
        dp1_0.delay_reason,
        dp1_0.detected_at,
        dp1_0.is_active,
        dp1_0.probability,
        dp1_0.shipment_id 
    from
        delay_predictions dp1_0 
    where
        dp1_0.shipment_id=? 
        and dp1_0.is_active 
    order by
        dp1_0.detected_at desc 
    fetch
        first ? rows only
Hibernate: 
    select
        s1_0.id,
        s1_0.actual_delivery_time,
        s1_0.created_at,
        s1_0.created_by,
        s1_0.delivery_address,
        s1_0.destination_latitude,
        s1_0.destination_longitude,
        s1_0.estimated_delivery_time,
        s1_0.estimated_duration,
        s1_0.origin_latitude,
        s1_0.origin_longitude,
        s1_0.receiver_name,
        s1_0.route_polyline,
        s1_0.sender_address,
        s1_0.sender_name,
        s1_0.status,
        s1_0.total_distance,
        s1_0.tracking_number 
    from
        shipments s1_0 
    where
        s1_0.status in (?, ?)
Hibernate: 
    select
        s1_0.id,
        s1_0.actual_delivery_time,
        s1_0.created_at,
        s1_0.created_by,
        s1_0.delivery_address,
        s1_0.destination_latitude,
        s1_0.destination_longitude,
        s1_0.estimated_delivery_time,
        s1_0.estimated_duration,
        s1_0.origin_latitude,
        s1_0.origin_longitude,
        s1_0.receiver_name,
        s1_0.route_polyline,
        s1_0.sender_address,
        s1_0.sender_name,
        s1_0.status,
        s1_0.total_distance,
        s1_0.tracking_number 
    from
        shipments s1_0 
    where
        s1_0.id=?
Hibernate: 
    select
        te1_0.id,
        te1_0.latitude,
        te1_0.longitude,
        te1_0.recorded_at,
        te1_0.shipment_id,
        te1_0.status 
    from
        tracking_events te1_0 
    left join
        shipments s1_0 
            on s1_0.id=te1_0.shipment_id 
    where
        s1_0.id=? 
    order by
        te1_0.recorded_at
Hibernate: 
    select
        rhp1_0.id,
        rhp1_0.latitude,
        rhp1_0.longitude,
        rhp1_0.progress,
        rhp1_0.recorded_at,
        rhp1_0.shipment_id,
        rhp1_0.speed 
    from
        route_history_points rhp1_0 
    left join
        shipments s1_0 
            on s1_0.id=rhp1_0.shipment_id 
    where
        s1_0.id=? 
    order by
        rhp1_0.recorded_at desc 
    fetch
        first ? rows only
Hibernate: 
    select
        dp1_0.id,
        dp1_0.delay_minutes,
        dp1_0.delay_reason,
        dp1_0.detected_at,
        dp1_0.is_active,
        dp1_0.probability,
        dp1_0.shipment_id 
    from
        delay_predictions dp1_0 
    where
        dp1_0.shipment_id=? 
        and dp1_0.is_active 
    order by
        dp1_0.detected_at desc 
    fetch
        first ? rows only
Hibernate: 
    select
        s1_0.id,
        s1_0.actual_delivery_time,
        s1_0.created_at,
        s1_0.created_by,
        s1_0.delivery_address,
        s1_0.destination_latitude,
        s1_0.destination_longitude,
        s1_0.estimated_delivery_time,
        s1_0.estimated_duration,
        s1_0.origin_latitude,
        s1_0.origin_longitude,
        s1_0.receiver_name,
        s1_0.route_polyline,
        s1_0.sender_address,
        s1_0.sender_name,
        s1_0.status,
        s1_0.total_distance,
        s1_0.tracking_number 
    from
        shipments s1_0 
    where
        s1_0.id=?
Hibernate: 
    select
        te1_0.id,
        te1_0.latitude,
        te1_0.longitude,
        te1_0.recorded_at,
        te1_0.shipment_id,
        te1_0.status 
    from
        tracking_events te1_0 
    left join
        shipments s1_0 
            on s1_0.id=te1_0.shipment_id 
    where
        s1_0.id=? 
    order by
        te1_0.recorded_at
Hibernate: 
    select
        rhp1_0.id,
        rhp1_0.latitude,
        rhp1_0.longitude,
        rhp1_0.progress,
        rhp1_0.recorded_at,
        rhp1_0.shipment_id,
        rhp1_0.speed 
    from
        route_history_points rhp1_0 
    left join
        shipments s1_0 
            on s1_0.id=rhp1_0.shipment_id 
    where
        s1_0.id=? 
    order by
        rhp1_0.recorded_at desc 
    fetch
        first ? rows only
Hibernate: 
    select
        dp1_0.id,
        dp1_0.delay_minutes,
        dp1_0.delay_reason,
        dp1_0.detected_at,
        dp1_0.is_active,
        dp1_0.probability,
        dp1_0.shipment_id 
    from
        delay_predictions dp1_0 
    where
        dp1_0.shipment_id=? 
        and dp1_0.is_active 
    order by
        dp1_0.detected_at desc 
    fetch
        first ? rows only
Hibernate: 
    select
        s1_0.id,
        s1_0.actual_delivery_time,
        s1_0.created_at,
        s1_0.created_by,
        s1_0.delivery_address,
        s1_0.destination_latitude,
        s1_0.destination_longitude,
        s1_0.estimated_delivery_time,
        s1_0.estimated_duration,
        s1_0.origin_latitude,
        s1_0.origin_longitude,
        s1_0.receiver_name,
        s1_0.route_polyline,
        s1_0.sender_address,
        s1_0.sender_name,
        s1_0.status,
        s1_0.total_distance,
        s1_0.tracking_number 
    from
        shipments s1_0 
    where
        s1_0.id=?
Hibernate: 
    select
        te1_0.id,
        te1_0.latitude,
        te1_0.longitude,
        te1_0.recorded_at,
        te1_0.shipment_id,
        te1_0.status 
    from
        tracking_events te1_0 
    left join
        shipments s1_0 
            on s1_0.id=te1_0.shipment_id 
    where
        s1_0.id=? 
    order by
        te1_0.recorded_at
Hibernate: 
    select
        rhp1_0.id,
        rhp1_0.latitude,
        rhp1_0.longitude,
        rhp1_0.progress,
        rhp1_0.recorded_at,
        rhp1_0.shipment_id,
        rhp1_0.speed 
    from
        route_history_points rhp1_0 
    left join
        shipments s1_0 
            on s1_0.id=rhp1_0.shipment_id 
    where
        s1_0.id=? 
    order by
        rhp1_0.recorded_at desc 
    fetch
        first ? rows only
2026-08-12T17:22:36.870+05:30  INFO 27180 --- [shiptrack-backend] [MessageBroker-4] com.shiptrack.service.GeocodingService   : OSRM route found: 615.1 km, 462 min
Hibernate: 
    select
        dp1_0.id,
        dp1_0.delay_minutes,
        dp1_0.delay_reason,
        dp1_0.detected_at,
        dp1_0.is_active,
        dp1_0.probability,
        dp1_0.shipment_id 
    from
        delay_predictions dp1_0 
    where
        dp1_0.shipment_id=? 
        and dp1_0.is_active
Hibernate: 
    select
        s1_0.id,
        s1_0.actual_delivery_time,
        s1_0.created_at,
        s1_0.created_by,
        s1_0.delivery_address,
        s1_0.destination_latitude,
        s1_0.destination_longitude,
        s1_0.estimated_delivery_time,
        s1_0.estimated_duration,
        s1_0.origin_latitude,
        s1_0.origin_longitude,
        s1_0.receiver_name,
        s1_0.route_polyline,
        s1_0.sender_address,
        s1_0.sender_name,
        s1_0.status,
        s1_0.total_distance,
        s1_0.tracking_number 
    from
        shipments s1_0 
    where
        s1_0.id=?
Hibernate: 
    select
        te1_0.id,
        te1_0.latitude,
        te1_0.longitude,
        te1_0.recorded_at,
        te1_0.shipment_id,
        te1_0.status 
    from
        tracking_events te1_0 
    left join
        shipments s1_0 
            on s1_0.id=te1_0.shipment_id 
    where
        s1_0.id=? 
    order by
        te1_0.recorded_at
Hibernate: 
    select
        rhp1_0.id,
        rhp1_0.latitude,
        rhp1_0.longitude,
        rhp1_0.progress,
        rhp1_0.recorded_at,
        rhp1_0.shipment_id,
        rhp1_0.speed 
    from
        route_history_points rhp1_0 
    left join
        shipments s1_0 
            on s1_0.id=rhp1_0.shipment_id 
    where
        s1_0.id=? 
    order by
        rhp1_0.recorded_at desc 
    fetch
        first ? rows only
Hibernate: 
    select
        dp1_0.id,
        dp1_0.delay_minutes,
        dp1_0.delay_reason,
        dp1_0.detected_at,
        dp1_0.is_active,
        dp1_0.probability,
        dp1_0.shipment_id 
    from
        delay_predictions dp1_0 
    where
        dp1_0.shipment_id=? 
        and dp1_0.is_active 
    order by
        dp1_0.detected_at desc 
    fetch
        first ? rows only
Hibernate: 
    select
        s1_0.id,
        s1_0.actual_delivery_time,
        s1_0.created_at,
        s1_0.created_by,
        s1_0.delivery_address,
        s1_0.destination_latitude,
        s1_0.destination_longitude,
        s1_0.estimated_delivery_time,
        s1_0.estimated_duration,
        s1_0.origin_latitude,
        s1_0.origin_longitude,
        s1_0.receiver_name,
        s1_0.route_polyline,
        s1_0.sender_address,
        s1_0.sender_name,
        s1_0.status,
        s1_0.total_distance,
        s1_0.tracking_number 
    from
        shipments s1_0 
    where
        s1_0.status in (?, ?)
Hibernate: 
    select
        s1_0.id,
        s1_0.actual_delivery_time,
        s1_0.created_at,
        s1_0.created_by,
        s1_0.delivery_address,
        s1_0.destination_latitude,
        s1_0.destination_longitude,
        s1_0.estimated_delivery_time,
        s1_0.estimated_duration,
        s1_0.origin_latitude,
        s1_0.origin_longitude,
        s1_0.receiver_name,
        s1_0.route_polyline,
        s1_0.sender_address,
        s1_0.sender_name,
        s1_0.status,
        s1_0.total_distance,
        s1_0.tracking_number 
    from
        shipments s1_0 
    where
        s1_0.id=?
Hibernate: 
    select
        te1_0.id,
        te1_0.latitude,
        te1_0.longitude,
        te1_0.recorded_at,
        te1_0.shipment_id,
        te1_0.status 
    from
        tracking_events te1_0 
    left join
        shipments s1_0 
            on s1_0.id=te1_0.shipment_id 
    where
        s1_0.id=? 
    order by
        te1_0.recorded_at
Hibernate: 
    select
        rhp1_0.id,
        rhp1_0.latitude,
        rhp1_0.longitude,
        rhp1_0.progress,
        rhp1_0.recorded_at,
        rhp1_0.shipment_id,
        rhp1_0.speed 
    from
        route_history_points rhp1_0 
    left join
        shipments s1_0 
            on s1_0.id=rhp1_0.shipment_id 
    where
        s1_0.id=? 
    order by
        rhp1_0.recorded_at desc 
    fetch
        first ? rows only
Hibernate: 
    select
        dp1_0.id,
        dp1_0.delay_minutes,
        dp1_0.delay_reason,
        dp1_0.detected_at,
        dp1_0.is_active,
        dp1_0.probability,
        dp1_0.shipment_id 
    from
        delay_predictions dp1_0 
    where
        dp1_0.shipment_id=? 
        and dp1_0.is_active 
    order by
        dp1_0.detected_at desc 
    fetch
        first ? rows only
Hibernate: 
    select
        s1_0.id,
        s1_0.actual_delivery_time,
        s1_0.created_at,
        s1_0.created_by,
        s1_0.delivery_address,
        s1_0.destination_latitude,
        s1_0.destination_longitude,
        s1_0.estimated_delivery_time,
        s1_0.estimated_duration,
        s1_0.origin_latitude,
        s1_0.origin_longitude,
        s1_0.receiver_name,
        s1_0.route_polyline,
        s1_0.sender_address,
        s1_0.sender_name,
        s1_0.status,
        s1_0.total_distance,
        s1_0.tracking_number 
    from
        shipments s1_0 
    where
        s1_0.id=?
Hibernate: 
    select
        te1_0.id,
        te1_0.latitude,
        te1_0.longitude,
        te1_0.recorded_at,
        te1_0.shipment_id,
        te1_0.status 
    from
        tracking_events te1_0 
    left join
        shipments s1_0 
            on s1_0.id=te1_0.shipment_id 
    where
        s1_0.id=? 
    order by
        te1_0.recorded_at
Hibernate: 
    select
        rhp1_0.id,
        rhp1_0.latitude,
        rhp1_0.longitude,
        rhp1_0.progress,
        rhp1_0.recorded_at,
        rhp1_0.shipment_id,
        rhp1_0.speed 
    from
        route_history_points rhp1_0 
    left join
        shipments s1_0 
            on s1_0.id=rhp1_0.shipment_id 
    where
        s1_0.id=? 
    order by
        rhp1_0.recorded_at desc 
    fetch
        first ? rows only
Hibernate: 
    select
        dp1_0.id,
        dp1_0.delay_minutes,
        dp1_0.delay_reason,
        dp1_0.detected_at,
        dp1_0.is_active,
        dp1_0.probability,
        dp1_0.shipment_id 
    from
        delay_predictions dp1_0 
    where
        dp1_0.shipment_id=? 
        and dp1_0.is_active 
    order by
        dp1_0.detected_at desc 
    fetch
        first ? rows only
Hibernate: 
    select
        s1_0.id,
        s1_0.actual_delivery_time,
        s1_0.created_at,
        s1_0.created_by,
        s1_0.delivery_address,
        s1_0.destination_latitude,
        s1_0.destination_longitude,
        s1_0.estimated_delivery_time,
        s1_0.estimated_duration,
        s1_0.origin_latitude,
        s1_0.origin_longitude,
        s1_0.receiver_name,
        s1_0.route_polyline,
        s1_0.sender_address,
        s1_0.sender_name,
        s1_0.status,
        s1_0.total_distance,
        s1_0.tracking_number 
    from
        shipments s1_0 
    where
        s1_0.id=?
Hibernate: 
    select
        te1_0.id,
        te1_0.latitude,
        te1_0.longitude,
        te1_0.recorded_at,
        te1_0.shipment_id,
        te1_0.status 
    from
        tracking_events te1_0 
    left join
        shipments s1_0 
            on s1_0.id=te1_0.shipment_id 
    where
        s1_0.id=? 
    order by
        te1_0.recorded_at
Hibernate: 
    select
        rhp1_0.id,
        rhp1_0.latitude,
        rhp1_0.longitude,
        rhp1_0.progress,
        rhp1_0.recorded_at,
        rhp1_0.shipment_id,
        rhp1_0.speed 
    from
        route_history_points rhp1_0 
    left join
        shipments s1_0 
            on s1_0.id=rhp1_0.shipment_id 
    where
        s1_0.id=? 
    order by
        rhp1_0.recorded_at desc 
    fetch
        first ? rows only
Hibernate: 
    select
        s1_0.id,
        s1_0.actual_delivery_time,
        s1_0.created_at,
        s1_0.created_by,
        s1_0.delivery_address,
        s1_0.destination_latitude,
        s1_0.destination_longitude,
        s1_0.estimated_delivery_time,
        s1_0.estimated_duration,
        s1_0.origin_latitude,
        s1_0.origin_longitude,
        s1_0.receiver_name,
        s1_0.route_polyline,
        s1_0.sender_address,
        s1_0.sender_name,
        s1_0.status,
        s1_0.total_distance,
        s1_0.tracking_number 
    from
        shipments s1_0 
    where
        s1_0.status in (?, ?)
Hibernate: 
    insert 
    into
        route_history_points
        (latitude, longitude, progress, recorded_at, shipment_id, speed) 
    values
        (?, ?, ?, ?, ?, ?)
2026-08-12T17:22:49.523+05:30  INFO 27180 --- [shiptrack-backend] [MessageBroker-6] c.shiptrack.service.LiveTrackingService  : Broadcast location update for shipment 24: 15.319036093849281,74.02918342394757
Hibernate: 
    insert 
    into
        route_history_points
        (latitude, longitude, progress, recorded_at, shipment_id, speed) 
    values
        (?, ?, ?, ?, ?, ?)
2026-08-12T17:22:49.531+05:30  INFO 27180 --- [shiptrack-backend] [MessageBroker-6] c.shiptrack.service.LiveTrackingService  : Broadcast location update for shipment 52: 22.339761987202763,87.3898053744829
2026-08-12T17:22:53.203+05:30  INFO 27180 --- [shiptrack-backend] [MessageBroker-4] com.shiptrack.service.GeocodingService   : OSRM route found: 615.1 km, 462 min
Hibernate: 
    select
        dp1_0.id,
        dp1_0.delay_minutes,
        dp1_0.delay_reason,
        dp1_0.detected_at,
        dp1_0.is_active,
        dp1_0.probability,
        dp1_0.shipment_id 
    from
        delay_predictions dp1_0 
    where
        dp1_0.shipment_id=? 
        and dp1_0.is_active
Hibernate: 
    select
        s1_0.id,
        s1_0.actual_delivery_time,
        s1_0.created_at,
        s1_0.created_by,
        s1_0.delivery_address,
        s1_0.destination_latitude,
        s1_0.destination_longitude,
        s1_0.estimated_delivery_time,
        s1_0.estimated_duration,
        s1_0.origin_latitude,
        s1_0.origin_longitude,
        s1_0.receiver_name,
        s1_0.route_polyline,
        s1_0.sender_address,
        s1_0.sender_name,
        s1_0.status,
        s1_0.total_distance,
        s1_0.tracking_number 
    from
        shipments s1_0 
    where
        s1_0.id=?
Hibernate: 
    select
        te1_0.id,
        te1_0.latitude,
        te1_0.longitude,
        te1_0.recorded_at,
        te1_0.shipment_id,
        te1_0.status 
    from
        tracking_events te1_0 
    left join
        shipments s1_0 
            on s1_0.id=te1_0.shipment_id 
    where
        s1_0.id=? 
    order by
        te1_0.recorded_at
Hibernate: 
    select
        rhp1_0.id,
        rhp1_0.latitude,
        rhp1_0.longitude,
        rhp1_0.progress,
        rhp1_0.recorded_at,
        rhp1_0.shipment_id,
        rhp1_0.speed 
    from
        route_history_points rhp1_0 
    left join
        shipments s1_0 
            on s1_0.id=rhp1_0.shipment_id 
    where
        s1_0.id=? 
    order by
        rhp1_0.recorded_at desc 
    fetch
        first ? rows only
Hibernate: 
    select
        dp1_0.id,
        dp1_0.delay_minutes,
        dp1_0.delay_reason,
        dp1_0.detected_at,
        dp1_0.is_active,
        dp1_0.probability,
        dp1_0.shipment_id 
    from
        delay_predictions dp1_0 
    where
        dp1_0.shipment_id=? 
        and dp1_0.is_active 
    order by
        dp1_0.detected_at desc 
    fetch
        first ? rows only
Hibernate: 
    select
        dp1_0.id,
        dp1_0.delay_minutes,
        dp1_0.delay_reason,
        dp1_0.detected_at,
        dp1_0.is_active,
        dp1_0.probability,
        dp1_0.shipment_id 
    from
        delay_predictions dp1_0 
    where
        dp1_0.shipment_id=? 
        and dp1_0.is_active
Hibernate: 
    select
        dp1_0.id,
        dp1_0.delay_minutes,
        dp1_0.delay_reason,
        dp1_0.detected_at,
        dp1_0.is_active,
        dp1_0.probability,
        dp1_0.shipment_id 
    from
        delay_predictions dp1_0 
    where
        dp1_0.id=?
Hibernate: 
    update
        delay_predictions 
    set
        delay_minutes=?,
        delay_reason=?,
        detected_at=?,
        is_active=?,
        probability=?,
        shipment_id=? 
    where
        id=?
2026-08-12T17:22:53.223+05:30  INFO 27180 --- [shiptrack-backend] [MessageBroker-4] c.s.service.DelayPredictionService       : Superseded 1 stale delay prediction(s) for shipment 53
Hibernate: 
    insert 
    into
        delay_predictions
        (delay_minutes, delay_reason, detected_at, is_active, probability, shipment_id) 
    values
        (?, ?, ?, ?, ?, ?)
2026-08-12T17:22:53.224+05:30  WARN 27180 --- [shiptrack-backend] [MessageBroker-4] c.shiptrack.service.LiveTrackingService  : Delay alert for shipment 53: No location update for 62 minutes (62 min, 0.7066666666666667% probability)
2026-08-12T17:22:53.224+05:30  WARN 27180 --- [shiptrack-backend] [MessageBroker-4] c.s.service.DelayPredictionService       : Delay detected for shipment 53: No location update for 62 minutes (62 min)
Hibernate: 
    select
        u1_0.id,
        u1_0.created_at,
        u1_0.email,
        u1_0.name,
        u1_0.password,
        u1_0.phone,
        u1_0.role 
    from
        users u1_0 
    where
        u1_0.email=?
Hibernate: 
    select
        u1_0.id,
        u1_0.created_at,
        u1_0.email,
        u1_0.name,
        u1_0.password,
        u1_0.phone,
        u1_0.role 
    from
        users u1_0 
    where
        u1_0.email=?
Hibernate: 
    select
        u1_0.id,
        u1_0.created_at,
        u1_0.email,
        u1_0.name,
        u1_0.password,
        u1_0.phone,
        u1_0.role 
    from
        users u1_0 
    where
        u1_0.email=?
Hibernate: 
    select
        s1_0.id,
        s1_0.actual_delivery_time,
        s1_0.created_at,
        s1_0.created_by,
        s1_0.delivery_address,
        s1_0.destination_latitude,
        s1_0.destination_longitude,
        s1_0.estimated_delivery_time,
        s1_0.estimated_duration,
        s1_0.origin_latitude,
        s1_0.origin_longitude,
        s1_0.receiver_name,
        s1_0.route_polyline,
        s1_0.sender_address,
        s1_0.sender_name,
        s1_0.status,
        s1_0.total_distance,
        s1_0.tracking_number 
    from
        shipments s1_0 
    where
        s1_0.created_at>?
Hibernate: 
    select
        u1_0.id,
        u1_0.created_at,
        u1_0.email,
        u1_0.name,
        u1_0.password,
        u1_0.phone,
        u1_0.role 
    from
        users u1_0 
    where
        u1_0.email=?
Hibernate: 
    select
        u1_0.id,
        u1_0.created_at,
        u1_0.email,
        u1_0.name,
        u1_0.password,
        u1_0.phone,
        u1_0.role 
    from
        users u1_0 
    where
        u1_0.email=?
Hibernate: 
    select
        s1_0.id,
        s1_0.actual_delivery_time,
        s1_0.created_at,
        s1_0.created_by,
        s1_0.delivery_address,
        s1_0.destination_latitude,
        s1_0.destination_longitude,
        s1_0.estimated_delivery_time,
        s1_0.estimated_duration,
        s1_0.origin_latitude,
        s1_0.origin_longitude,
        s1_0.receiver_name,
        s1_0.route_polyline,
        s1_0.sender_address,
        s1_0.sender_name,
        s1_0.status,
        s1_0.total_distance,
        s1_0.tracking_number 
    from
        shipments s1_0 
    where
        s1_0.created_at>?
Hibernate: 
    select
        u1_0.id,
        u1_0.created_at,
        u1_0.email,
        u1_0.name,
        u1_0.password,
        u1_0.phone,
        u1_0.role 
    from
        users u1_0 
    where
        u1_0.email=?
Hibernate: 
    select
        u1_0.id,
        u1_0.created_at,
        u1_0.email,
        u1_0.name,
        u1_0.password,
        u1_0.phone,
        u1_0.role 
    from
        users u1_0 
    where
        u1_0.email=?
Hibernate: 
    select
        s1_0.id,
        s1_0.actual_delivery_time,
        s1_0.created_at,
        s1_0.created_by,
        s1_0.delivery_address,
        s1_0.destination_latitude,
        s1_0.destination_longitude,
        s1_0.estimated_delivery_time,
        s1_0.estimated_duration,
        s1_0.origin_latitude,
        s1_0.origin_longitude,
        s1_0.receiver_name,
        s1_0.route_polyline,
        s1_0.sender_address,
        s1_0.sender_name,
        s1_0.status,
        s1_0.total_distance,
        s1_0.tracking_number 
    from
        shipments s1_0 
    where
        s1_0.created_at>?
Hibernate: 
    select
        u1_0.id,
        u1_0.created_at,
        u1_0.email,
        u1_0.name,
        u1_0.password,
        u1_0.phone,
        u1_0.role 
    from
        users u1_0 
    where
        u1_0.email=?
Hibernate: 
    select
        u1_0.id,
        u1_0.created_at,
        u1_0.email,
        u1_0.name,
        u1_0.password,
        u1_0.phone,
        u1_0.role 
    from
        users u1_0 
    where
        u1_0.email=?
Hibernate: 
    select
        u1_0.id,
        u1_0.created_at,
        u1_0.email,
        u1_0.name,
        u1_0.password,
        u1_0.phone,
        u1_0.role 
    from
        users u1_0 
    where
        u1_0.email=?
Hibernate: 
    select
        u1_0.id,
        u1_0.created_at,
        u1_0.email,
        u1_0.name,
        u1_0.password,
        u1_0.phone,
        u1_0.role 
    from
        users u1_0 
    where
        u1_0.email=?
Hibernate: 
    select
        s1_0.id,
        s1_0.actual_delivery_time,
        s1_0.created_at,
        s1_0.created_by,
        s1_0.delivery_address,
        s1_0.destination_latitude,
        s1_0.destination_longitude,
        s1_0.estimated_delivery_time,
        s1_0.estimated_duration,
        s1_0.origin_latitude,
        s1_0.origin_longitude,
        s1_0.receiver_name,
        s1_0.route_polyline,
        s1_0.sender_address,
        s1_0.sender_name,
        s1_0.status,
        s1_0.total_distance,
        s1_0.tracking_number 
    from
        shipments s1_0 
    where
        s1_0.created_at>?
Hibernate: 
    select
        s1_0.id,
        s1_0.actual_delivery_time,
        s1_0.created_at,
        s1_0.created_by,
        s1_0.delivery_address,
        s1_0.destination_latitude,
        s1_0.destination_longitude,
        s1_0.estimated_delivery_time,
        s1_0.estimated_duration,
        s1_0.origin_latitude,
        s1_0.origin_longitude,
        s1_0.receiver_name,
        s1_0.route_polyline,
        s1_0.sender_address,
        s1_0.sender_name,
        s1_0.status,
        s1_0.total_distance,
        s1_0.tracking_number 
    from
        shipments s1_0 
    where
        s1_0.actual_delivery_time>?
Hibernate: 
    select
        s1_0.id,
        s1_0.actual_delivery_time,
        s1_0.created_at,
        s1_0.created_by,
        s1_0.delivery_address,
        s1_0.destination_latitude,
        s1_0.destination_longitude,
        s1_0.estimated_delivery_time,
        s1_0.estimated_duration,
        s1_0.origin_latitude,
        s1_0.origin_longitude,
        s1_0.receiver_name,
        s1_0.route_polyline,
        s1_0.sender_address,
        s1_0.sender_name,
        s1_0.status,
        s1_0.total_distance,
        s1_0.tracking_number 
    from
        shipments s1_0 
    where
        s1_0.status in (?, ?)
Hibernate: 
    select
        s1_0.id,
        s1_0.actual_delivery_time,
        s1_0.created_at,
        s1_0.created_by,
        s1_0.delivery_address,
        s1_0.destination_latitude,
        s1_0.destination_longitude,
        s1_0.estimated_delivery_time,
        s1_0.estimated_duration,
        s1_0.origin_latitude,
        s1_0.origin_longitude,
        s1_0.receiver_name,
        s1_0.route_polyline,
        s1_0.sender_address,
        s1_0.sender_name,
        s1_0.status,
        s1_0.total_distance,
        s1_0.tracking_number 
    from
        shipments s1_0 
    where
        s1_0.status in (?, ?)
Hibernate: 
    select
        s1_0.id,
        s1_0.actual_delivery_time,
        s1_0.created_at,
        s1_0.created_by,
        s1_0.delivery_address,
        s1_0.destination_latitude,
        s1_0.destination_longitude,
        s1_0.estimated_delivery_time,
        s1_0.estimated_duration,
        s1_0.origin_latitude,
        s1_0.origin_longitude,
        s1_0.receiver_name,
        s1_0.route_polyline,
        s1_0.sender_address,
        s1_0.sender_name,
        s1_0.status,
        s1_0.total_distance,
        s1_0.tracking_number 
    from
        shipments s1_0 
    where
        s1_0.id=?
Hibernate: 
    insert 
    into
        route_history_points
        (latitude, longitude, progress, recorded_at, shipment_id, speed) 
    values
        (?, ?, ?, ?, ?, ?)
Hibernate: 
    select
        te1_0.id,
        te1_0.latitude,
        te1_0.longitude,
        te1_0.recorded_at,
        te1_0.shipment_id,
        te1_0.status 
    from
        tracking_events te1_0 
    left join
        shipments s1_0 
            on s1_0.id=te1_0.shipment_id 
    where
        s1_0.id=? 
    order by
        te1_0.recorded_at
Hibernate: 
    select
        rhp1_0.id,
        rhp1_0.latitude,
        rhp1_0.longitude,
        rhp1_0.progress,
        rhp1_0.recorded_at,
        rhp1_0.shipment_id,
        rhp1_0.speed 
    from
        route_history_points rhp1_0 
    left join
        shipments s1_0 
            on s1_0.id=rhp1_0.shipment_id 
    where
        s1_0.id=? 
    order by
        rhp1_0.recorded_at desc 
    fetch
        first ? rows only
2026-08-12T17:23:19.522+05:30  INFO 27180 --- [shiptrack-backend] [MessageBroker-6] c.shiptrack.service.LiveTrackingService  : Broadcast location update for shipment 24: 15.319036093849281,74.02918342394757
Hibernate: 
    select
        dp1_0.id,
        dp1_0.delay_minutes,
        dp1_0.delay_reason,
        dp1_0.detected_at,
        dp1_0.is_active,
        dp1_0.probability,
        dp1_0.shipment_id 
    from
        delay_predictions dp1_0 
    where
        dp1_0.shipment_id=? 
        and dp1_0.is_active 
    order by
        dp1_0.detected_at desc 
    fetch
        first ? rows only
Hibernate: 
    insert 
    into
        route_history_points
        (latitude, longitude, progress, recorded_at, shipment_id, speed) 
    values
        (?, ?, ?, ?, ?, ?)
Hibernate: 
    select
        dp1_0.id,
        dp1_0.delay_minutes,
        dp1_0.delay_reason,
        dp1_0.detected_at,
        dp1_0.is_active,
        dp1_0.probability,
        dp1_0.shipment_id 
    from
        delay_predictions dp1_0 
    where
        dp1_0.shipment_id=? 
        and dp1_0.is_active
2026-08-12T17:23:19.527+05:30  INFO 27180 --- [shiptrack-backend] [MessageBroker-6] c.shiptrack.service.LiveTrackingService  : Broadcast location update for shipment 52: 22.328810447834215,87.39514002514014
Hibernate: 
    select
        dp1_0.id,
        dp1_0.delay_minutes,
        dp1_0.delay_reason,
        dp1_0.detected_at,
        dp1_0.is_active,
        dp1_0.probability,
        dp1_0.shipment_id 
    from
        delay_predictions dp1_0 
    where
        dp1_0.id=?
Hibernate: 
    update
        delay_predictions 
    set
        delay_minutes=?,
        delay_reason=?,
        detected_at=?,
        is_active=?,
        probability=?,
        shipment_id=? 
    where
        id=?
2026-08-12T17:23:19.529+05:30  INFO 27180 --- [shiptrack-backend] [MessageBroker-7] c.s.service.DelayPredictionService       : Superseded 1 stale delay prediction(s) for shipment 22
Hibernate: 
    insert 
    into
        delay_predictions
        (delay_minutes, delay_reason, detected_at, is_active, probability, shipment_id) 
    values
        (?, ?, ?, ?, ?, ?)
2026-08-12T17:23:19.532+05:30  WARN 27180 --- [shiptrack-backend] [MessageBroker-7] c.shiptrack.service.LiveTrackingService  : Delay alert for shipment 22: No location update for 20101 minutes (120 min, 0.9% probability)
2026-08-12T17:23:19.533+05:30  WARN 27180 --- [shiptrack-backend] [MessageBroker-7] c.s.service.DelayPredictionService       : Delay detected for shipment 22: No location update for 20101 minutes (120 min)
Hibernate: 
    select
        s1_0.id,
        s1_0.actual_delivery_time,
        s1_0.created_at,
        s1_0.created_by,
        s1_0.delivery_address,
        s1_0.destination_latitude,
        s1_0.destination_longitude,
        s1_0.estimated_delivery_time,
        s1_0.estimated_duration,
        s1_0.origin_latitude,
        s1_0.origin_longitude,
        s1_0.receiver_name,
        s1_0.route_polyline,
        s1_0.sender_address,
        s1_0.sender_name,
        s1_0.status,
        s1_0.total_distance,
        s1_0.tracking_number 
    from
        shipments s1_0 
    where
        s1_0.id=?
Hibernate: 
    select
        te1_0.id,
        te1_0.latitude,
        te1_0.longitude,
        te1_0.recorded_at,
        te1_0.shipment_id,
        te1_0.status 
    from
        tracking_events te1_0 
    left join
        shipments s1_0 
            on s1_0.id=te1_0.shipment_id 
    where
        s1_0.id=? 
    order by
        te1_0.recorded_at
Hibernate: 
    select
        rhp1_0.id,
        rhp1_0.latitude,
        rhp1_0.longitude,
        rhp1_0.progress,
        rhp1_0.recorded_at,
        rhp1_0.shipment_id,
        rhp1_0.speed 
    from
        route_history_points rhp1_0 
    left join
        shipments s1_0 
            on s1_0.id=rhp1_0.shipment_id 
    where
        s1_0.id=? 
    order by
        rhp1_0.recorded_at desc 
    fetch
        first ? rows only
Hibernate: 
    select
        dp1_0.id,
        dp1_0.delay_minutes,
        dp1_0.delay_reason,
        dp1_0.detected_at,
        dp1_0.is_active,
        dp1_0.probability,
        dp1_0.shipment_id 
    from
        delay_predictions dp1_0 
    where
        dp1_0.shipment_id=? 
        and dp1_0.is_active 
    order by
        dp1_0.detected_at desc 
    fetch
        first ? rows only
Hibernate: 
    select
        dp1_0.id,
        dp1_0.delay_minutes,
        dp1_0.delay_reason,
        dp1_0.detected_at,
        dp1_0.is_active,
        dp1_0.probability,
        dp1_0.shipment_id 
    from
        delay_predictions dp1_0 
    where
        dp1_0.shipment_id=? 
        and dp1_0.is_active
Hibernate: 
    select
        dp1_0.id,
        dp1_0.delay_minutes,
        dp1_0.delay_reason,
        dp1_0.detected_at,
        dp1_0.is_active,
        dp1_0.probability,
        dp1_0.shipment_id 
    from
        delay_predictions dp1_0 
    where
        dp1_0.id=?
Hibernate: 
    update
        delay_predictions 
    set
        delay_minutes=?,
        delay_reason=?,
        detected_at=?,
        is_active=?,
        probability=?,
        shipment_id=? 
    where
        id=?
2026-08-12T17:23:19.543+05:30  INFO 27180 --- [shiptrack-backend] [MessageBroker-7] c.s.service.DelayPredictionService       : Superseded 1 stale delay prediction(s) for shipment 24
Hibernate: 
    insert 
    into
        delay_predictions
        (delay_minutes, delay_reason, detected_at, is_active, probability, shipment_id) 
    values
        (?, ?, ?, ?, ?, ?)
2026-08-12T17:23:19.544+05:30  WARN 27180 --- [shiptrack-backend] [MessageBroker-7] c.shiptrack.service.LiveTrackingService  : Delay alert for shipment 24: Shipment is behind schedule (22249 min, 0.95% probability)
2026-08-12T17:23:19.545+05:30  WARN 27180 --- [shiptrack-backend] [MessageBroker-7] c.s.service.DelayPredictionService       : Delay detected for shipment 24: Shipment is behind schedule (22249 min)
Hibernate: 
    select
        s1_0.id,
        s1_0.actual_delivery_time,
        s1_0.created_at,
        s1_0.created_by,
        s1_0.delivery_address,
        s1_0.destination_latitude,
        s1_0.destination_longitude,
        s1_0.estimated_delivery_time,
        s1_0.estimated_duration,
        s1_0.origin_latitude,
        s1_0.origin_longitude,
        s1_0.receiver_name,
        s1_0.route_polyline,
        s1_0.sender_address,
        s1_0.sender_name,
        s1_0.status,
        s1_0.total_distance,
        s1_0.tracking_number 
    from
        shipments s1_0 
    where
        s1_0.id=?
Hibernate: 
    select
        te1_0.id,
        te1_0.latitude,
        te1_0.longitude,
        te1_0.recorded_at,
        te1_0.shipment_id,
        te1_0.status 
    from
        tracking_events te1_0 
    left join
        shipments s1_0 
            on s1_0.id=te1_0.shipment_id 
    where
        s1_0.id=? 
    order by
        te1_0.recorded_at
Hibernate: 
    select
        rhp1_0.id,
        rhp1_0.latitude,
        rhp1_0.longitude,
        rhp1_0.progress,
        rhp1_0.recorded_at,
        rhp1_0.shipment_id,
        rhp1_0.speed 
    from
        route_history_points rhp1_0 
    left join
        shipments s1_0 
            on s1_0.id=rhp1_0.shipment_id 
    where
        s1_0.id=? 
    order by
        rhp1_0.recorded_at desc 
    fetch
        first ? rows only
2026-08-12T17:23:25.824+05:30  INFO 27180 --- [shiptrack-backend] [MessageBroker-7] com.shiptrack.service.GeocodingService   : OSRM route found: 615.1 km, 462 min
Hibernate: 
    select
        dp1_0.id,
        dp1_0.delay_minutes,
        dp1_0.delay_reason,
        dp1_0.detected_at,
        dp1_0.is_active,
        dp1_0.probability,
        dp1_0.shipment_id 
    from
        delay_predictions dp1_0 
    where
        dp1_0.shipment_id=? 
        and dp1_0.is_active
Hibernate: 
    select
        s1_0.id,
        s1_0.actual_delivery_time,
        s1_0.created_at,
        s1_0.created_by,
        s1_0.delivery_address,
        s1_0.destination_latitude,
        s1_0.destination_longitude,
        s1_0.estimated_delivery_time,
        s1_0.estimated_duration,
        s1_0.origin_latitude,
        s1_0.origin_longitude,
        s1_0.receiver_name,
        s1_0.route_polyline,
        s1_0.sender_address,
        s1_0.sender_name,
        s1_0.status,
        s1_0.total_distance,
        s1_0.tracking_number 
    from
        shipments s1_0 
    where
        s1_0.id=?
Hibernate: 
    select
        te1_0.id,
        te1_0.latitude,
        te1_0.longitude,
        te1_0.recorded_at,
        te1_0.shipment_id,
        te1_0.status 
    from
        tracking_events te1_0 
    left join
        shipments s1_0 
            on s1_0.id=te1_0.shipment_id 
    where
        s1_0.id=? 
    order by
        te1_0.recorded_at
Hibernate: 
    select
        rhp1_0.id,
        rhp1_0.latitude,
        rhp1_0.longitude,
        rhp1_0.progress,
        rhp1_0.recorded_at,
        rhp1_0.shipment_id,
        rhp1_0.speed 
    from
        route_history_points rhp1_0 
    left join
        shipments s1_0 
            on s1_0.id=rhp1_0.shipment_id 
    where
        s1_0.id=? 
    order by
        rhp1_0.recorded_at desc 
    fetch
        first ? rows only
Hibernate: 
    select
        dp1_0.id,
        dp1_0.delay_minutes,
        dp1_0.delay_reason,
        dp1_0.detected_at,
        dp1_0.is_active,
        dp1_0.probability,
        dp1_0.shipment_id 
    from
        delay_predictions dp1_0 
    where
        dp1_0.shipment_id=? 
        and dp1_0.is_active 
    order by
        dp1_0.detected_at desc 
    fetch
        first ? rows only
Hibernate: 
    select
        s1_0.id,
        s1_0.actual_delivery_time,
        s1_0.created_at,
        s1_0.created_by,
        s1_0.delivery_address,
        s1_0.destination_latitude,
        s1_0.destination_longitude,
        s1_0.estimated_delivery_time,
        s1_0.estimated_duration,
        s1_0.origin_latitude,
        s1_0.origin_longitude,
        s1_0.receiver_name,
        s1_0.route_polyline,
        s1_0.sender_address,
        s1_0.sender_name,
        s1_0.status,
        s1_0.total_distance,
        s1_0.tracking_number 
    from
        shipments s1_0 
    where
        s1_0.status in (?, ?)
Hibernate: 
    insert 
    into
        route_history_points
        (latitude, longitude, progress, recorded_at, shipment_id, speed) 
    values
        (?, ?, ?, ?, ?, ?)
2026-08-12T17:23:49.526+05:30  INFO 27180 --- [shiptrack-backend] [MessageBroker-2] c.shiptrack.service.LiveTrackingService  : Broadcast location update for shipment 24: 15.326737312683312,74.022832997067
Hibernate: 
    insert 
    into
        route_history_points
        (latitude, longitude, progress, recorded_at, shipment_id, speed) 
    values
        (?, ?, ?, ?, ?, ?)
2026-08-12T17:23:49.532+05:30  INFO 27180 --- [shiptrack-backend] [MessageBroker-2] c.shiptrack.service.LiveTrackingService  : Broadcast location update for shipment 52: 22.328810447834215,87.39514002514014
Hibernate: 
    select
        s1_0.id,
        s1_0.actual_delivery_time,
        s1_0.created_at,
        s1_0.created_by,
        s1_0.delivery_address,
        s1_0.destination_latitude,
        s1_0.destination_longitude,
        s1_0.estimated_delivery_time,
        s1_0.estimated_duration,
        s1_0.origin_latitude,
        s1_0.origin_longitude,
        s1_0.receiver_name,
        s1_0.route_polyline,
        s1_0.sender_address,
        s1_0.sender_name,
        s1_0.status,
        s1_0.total_distance,
        s1_0.tracking_number 
    from
        shipments s1_0 
    where
        s1_0.status in (?, ?)
Hibernate: 
    select
        s1_0.id,
        s1_0.actual_delivery_time,
        s1_0.created_at,
        s1_0.created_by,
        s1_0.delivery_address,
        s1_0.destination_latitude,
        s1_0.destination_longitude,
        s1_0.estimated_delivery_time,
        s1_0.estimated_duration,
        s1_0.origin_latitude,
        s1_0.origin_longitude,
        s1_0.receiver_name,
        s1_0.route_polyline,
        s1_0.sender_address,
        s1_0.sender_name,
        s1_0.status,
        s1_0.total_distance,
        s1_0.tracking_number 
    from
        shipments s1_0 
    where
        s1_0.status in (?, ?)
Hibernate: 
    select
        s1_0.id,
        s1_0.actual_delivery_time,
        s1_0.created_at,
        s1_0.created_by,
        s1_0.delivery_address,
        s1_0.destination_latitude,
        s1_0.destination_longitude,
        s1_0.estimated_delivery_time,
        s1_0.estimated_duration,
        s1_0.origin_latitude,
        s1_0.origin_longitude,
        s1_0.receiver_name,
        s1_0.route_polyline,
        s1_0.sender_address,
        s1_0.sender_name,
        s1_0.status,
        s1_0.total_distance,
        s1_0.tracking_number 
    from
        shipments s1_0 
    where
        s1_0.id=?
Hibernate: 
    insert 
    into
        route_history_points
        (latitude, longitude, progress, recorded_at, shipment_id, speed) 
    values
        (?, ?, ?, ?, ?, ?)
Hibernate: 
    select
        te1_0.id,
        te1_0.latitude,
        te1_0.longitude,
        te1_0.recorded_at,
        te1_0.shipment_id,
        te1_0.status 
    from
        tracking_events te1_0 
    left join
        shipments s1_0 
            on s1_0.id=te1_0.shipment_id 
    where
        s1_0.id=? 
    order by
        te1_0.recorded_at
2026-08-12T17:24:19.525+05:30  INFO 27180 --- [shiptrack-backend] [essageBroker-16] c.shiptrack.service.LiveTrackingService  : Broadcast location update for shipment 24: 15.326737312683312,74.022832997067
Hibernate: 
    insert 
    into
        route_history_points
        (latitude, longitude, progress, recorded_at, shipment_id, speed) 
    values
        (?, ?, ?, ?, ?, ?)
Hibernate: 
    select
        rhp1_0.id,
        rhp1_0.latitude,
        rhp1_0.longitude,
        rhp1_0.progress,
        rhp1_0.recorded_at,
        rhp1_0.shipment_id,
        rhp1_0.speed 
    from
        route_history_points rhp1_0 
    left join
        shipments s1_0 
            on s1_0.id=rhp1_0.shipment_id 
    where
        s1_0.id=? 
    order by
        rhp1_0.recorded_at desc 
    fetch
        first ? rows only
2026-08-12T17:24:19.527+05:30  INFO 27180 --- [shiptrack-backend] [essageBroker-16] c.shiptrack.service.LiveTrackingService  : Broadcast location update for shipment 52: 22.317287135080324,87.39752571390636
Hibernate: 
    select
        dp1_0.id,
        dp1_0.delay_minutes,
        dp1_0.delay_reason,
        dp1_0.detected_at,
        dp1_0.is_active,
        dp1_0.probability,
        dp1_0.shipment_id 
    from
        delay_predictions dp1_0 
    where
        dp1_0.shipment_id=? 
        and dp1_0.is_active 
    order by
        dp1_0.detected_at desc 
    fetch
        first ? rows only
Hibernate: 
    select
        dp1_0.id,
        dp1_0.delay_minutes,
        dp1_0.delay_reason,
        dp1_0.detected_at,
        dp1_0.is_active,
        dp1_0.probability,
        dp1_0.shipment_id 
    from
        delay_predictions dp1_0 
    where
        dp1_0.shipment_id=? 
        and dp1_0.is_active
Hibernate: 
    select
        dp1_0.id,
        dp1_0.delay_minutes,
        dp1_0.delay_reason,
        dp1_0.detected_at,
        dp1_0.is_active,
        dp1_0.probability,
        dp1_0.shipment_id 
    from
        delay_predictions dp1_0 
    where
        dp1_0.id=?
Hibernate: 
    update
        delay_predictions 
    set
        delay_minutes=?,
        delay_reason=?,
        detected_at=?,
        is_active=?,
        probability=?,
        shipment_id=? 
    where
        id=?
2026-08-12T17:24:19.532+05:30  INFO 27180 --- [shiptrack-backend] [MessageBroker-8] c.s.service.DelayPredictionService       : Superseded 1 stale delay prediction(s) for shipment 22
Hibernate: 
    insert 
    into
        delay_predictions
        (delay_minutes, delay_reason, detected_at, is_active, probability, shipment_id) 
    values
        (?, ?, ?, ?, ?, ?)
2026-08-12T17:24:19.534+05:30  WARN 27180 --- [shiptrack-backend] [MessageBroker-8] c.shiptrack.service.LiveTrackingService  : Delay alert for shipment 22: No location update for 20102 minutes (120 min, 0.9% probability)
2026-08-12T17:24:19.535+05:30  WARN 27180 --- [shiptrack-backend] [MessageBroker-8] c.s.service.DelayPredictionService       : Delay detected for shipment 22: No location update for 20102 minutes (120 min)
Hibernate: 
    select
        s1_0.id,
        s1_0.actual_delivery_time,
        s1_0.created_at,
        s1_0.created_by,
        s1_0.delivery_address,
        s1_0.destination_latitude,
        s1_0.destination_longitude,
        s1_0.estimated_delivery_time,
        s1_0.estimated_duration,
        s1_0.origin_latitude,
        s1_0.origin_longitude,
        s1_0.receiver_name,
        s1_0.route_polyline,
        s1_0.sender_address,
        s1_0.sender_name,
        s1_0.status,
        s1_0.total_distance,
        s1_0.tracking_number 
    from
        shipments s1_0 
    where
        s1_0.id=?
Hibernate: 
    select
        te1_0.id,
        te1_0.latitude,
        te1_0.longitude,
        te1_0.recorded_at,
        te1_0.shipment_id,
        te1_0.status 
    from
        tracking_events te1_0 
    left join
        shipments s1_0 
            on s1_0.id=te1_0.shipment_id 
    where
        s1_0.id=? 
    order by
        te1_0.recorded_at
Hibernate: 
    select
        rhp1_0.id,
        rhp1_0.latitude,
        rhp1_0.longitude,
        rhp1_0.progress,
        rhp1_0.recorded_at,
        rhp1_0.shipment_id,
        rhp1_0.speed 
    from
        route_history_points rhp1_0 
    left join
        shipments s1_0 
            on s1_0.id=rhp1_0.shipment_id 
    where
        s1_0.id=? 
    order by
        rhp1_0.recorded_at desc 
    fetch
        first ? rows only
Hibernate: 
    select
        dp1_0.id,
        dp1_0.delay_minutes,
        dp1_0.delay_reason,
        dp1_0.detected_at,
        dp1_0.is_active,
        dp1_0.probability,
        dp1_0.shipment_id 
    from
        delay_predictions dp1_0 
    where
        dp1_0.shipment_id=? 
        and dp1_0.is_active 
    order by
        dp1_0.detected_at desc 
    fetch
        first ? rows only
Hibernate: 
    select
        dp1_0.id,
        dp1_0.delay_minutes,
        dp1_0.delay_reason,
        dp1_0.detected_at,
        dp1_0.is_active,
        dp1_0.probability,
        dp1_0.shipment_id 
    from
        delay_predictions dp1_0 
    where
        dp1_0.shipment_id=? 
        and dp1_0.is_active
Hibernate: 
    select
        dp1_0.id,
        dp1_0.delay_minutes,
        dp1_0.delay_reason,
        dp1_0.detected_at,
        dp1_0.is_active,
        dp1_0.probability,
        dp1_0.shipment_id 
    from
        delay_predictions dp1_0 
    where
        dp1_0.id=?
Hibernate: 
    update
        delay_predictions 
    set
        delay_minutes=?,
        delay_reason=?,
        detected_at=?,
        is_active=?,
        probability=?,
        shipment_id=? 
    where
        id=?
2026-08-12T17:24:19.544+05:30  INFO 27180 --- [shiptrack-backend] [MessageBroker-8] c.s.service.DelayPredictionService       : Superseded 1 stale delay prediction(s) for shipment 24
Hibernate: 
    insert 
    into
        delay_predictions
        (delay_minutes, delay_reason, detected_at, is_active, probability, shipment_id) 
    values
        (?, ?, ?, ?, ?, ?)
2026-08-12T17:24:19.546+05:30  WARN 27180 --- [shiptrack-backend] [MessageBroker-8] c.shiptrack.service.LiveTrackingService  : Delay alert for shipment 24: Shipment is behind schedule (22250 min, 0.95% probability)
2026-08-12T17:24:19.546+05:30  WARN 27180 --- [shiptrack-backend] [MessageBroker-8] c.s.service.DelayPredictionService       : Delay detected for shipment 24: Shipment is behind schedule (22250 min)
Hibernate: 
    select
        s1_0.id,
        s1_0.actual_delivery_time,
        s1_0.created_at,
        s1_0.created_by,
        s1_0.delivery_address,
        s1_0.destination_latitude,
        s1_0.destination_longitude,
        s1_0.estimated_delivery_time,
        s1_0.estimated_duration,
        s1_0.origin_latitude,
        s1_0.origin_longitude,
        s1_0.receiver_name,
        s1_0.route_polyline,
        s1_0.sender_address,
        s1_0.sender_name,
        s1_0.status,
        s1_0.total_distance,
        s1_0.tracking_number 
    from
        shipments s1_0 
    where
        s1_0.id=?
Hibernate: 
    select
        te1_0.id,
        te1_0.latitude,
        te1_0.longitude,
        te1_0.recorded_at,
        te1_0.shipment_id,
        te1_0.status 
    from
        tracking_events te1_0 
    left join
        shipments s1_0 
            on s1_0.id=te1_0.shipment_id 
    where
        s1_0.id=? 
    order by
        te1_0.recorded_at
Hibernate: 
    select
        rhp1_0.id,
        rhp1_0.latitude,
        rhp1_0.longitude,
        rhp1_0.progress,
        rhp1_0.recorded_at,
        rhp1_0.shipment_id,
        rhp1_0.speed 
    from
        route_history_points rhp1_0 
    left join
        shipments s1_0 
            on s1_0.id=rhp1_0.shipment_id 
    where
        s1_0.id=? 
    order by
        rhp1_0.recorded_at desc 
    fetch
        first ? rows only
2026-08-12T17:24:21.443+05:30  INFO 27180 --- [shiptrack-backend] [MessageBroker-8] com.shiptrack.service.GeocodingService   : OSRM route found: 615.1 km, 462 min
Hibernate: 
    select
        dp1_0.id,
        dp1_0.delay_minutes,
        dp1_0.delay_reason,
        dp1_0.detected_at,
        dp1_0.is_active,
        dp1_0.probability,
        dp1_0.shipment_id 
    from
        delay_predictions dp1_0 
    where
        dp1_0.shipment_id=? 
        and dp1_0.is_active
Hibernate: 
    select
        s1_0.id,
        s1_0.actual_delivery_time,
        s1_0.created_at,
        s1_0.created_by,
        s1_0.delivery_address,
        s1_0.destination_latitude,
        s1_0.destination_longitude,
        s1_0.estimated_delivery_time,
        s1_0.estimated_duration,
        s1_0.origin_latitude,
        s1_0.origin_longitude,
        s1_0.receiver_name,
        s1_0.route_polyline,
        s1_0.sender_address,
        s1_0.sender_name,
        s1_0.status,
        s1_0.total_distance,
        s1_0.tracking_number 
    from
        shipments s1_0 
    where
        s1_0.id=?
Hibernate: 
    select
        te1_0.id,
        te1_0.latitude,
        te1_0.longitude,
        te1_0.recorded_at,
        te1_0.shipment_id,
        te1_0.status 
    from
        tracking_events te1_0 
    left join
        shipments s1_0 
            on s1_0.id=te1_0.shipment_id 
    where
        s1_0.id=? 
    order by
        te1_0.recorded_at
Hibernate: 
    select
        rhp1_0.id,
        rhp1_0.latitude,
        rhp1_0.longitude,
        rhp1_0.progress,
        rhp1_0.recorded_at,
        rhp1_0.shipment_id,
        rhp1_0.speed 
    from
        route_history_points rhp1_0 
    left join
        shipments s1_0 
            on s1_0.id=rhp1_0.shipment_id 
    where
        s1_0.id=? 
    order by
        rhp1_0.recorded_at desc 
    fetch
        first ? rows only
Hibernate: 
    select
        dp1_0.id,
        dp1_0.delay_minutes,
        dp1_0.delay_reason,
        dp1_0.detected_at,
        dp1_0.is_active,
        dp1_0.probability,
        dp1_0.shipment_id 
    from
        delay_predictions dp1_0 
    where
        dp1_0.shipment_id=? 
        and dp1_0.is_active 
    order by
        dp1_0.detected_at desc 
    fetch
        first ? rows only
Hibernate: 
    select
        dp1_0.id,
        dp1_0.delay_minutes,
        dp1_0.delay_reason,
        dp1_0.detected_at,
        dp1_0.is_active,
        dp1_0.probability,
        dp1_0.shipment_id 
    from
        delay_predictions dp1_0 
    where
        dp1_0.shipment_id=? 
        and dp1_0.is_active
Hibernate: 
    select
        dp1_0.id,
        dp1_0.delay_minutes,
        dp1_0.delay_reason,
        dp1_0.detected_at,
        dp1_0.is_active,
        dp1_0.probability,
        dp1_0.shipment_id 
    from
        delay_predictions dp1_0 
    where
        dp1_0.id=?
Hibernate: 
    update
        delay_predictions 
    set
        delay_minutes=?,
        delay_reason=?,
        detected_at=?,
        is_active=?,
        probability=?,
        shipment_id=? 
    where
        id=?
2026-08-12T17:24:21.459+05:30  INFO 27180 --- [shiptrack-backend] [MessageBroker-8] c.s.service.DelayPredictionService       : Superseded 1 stale delay prediction(s) for shipment 53
Hibernate: 
    insert 
    into
        delay_predictions
        (delay_minutes, delay_reason, detected_at, is_active, probability, shipment_id) 
    values
        (?, ?, ?, ?, ?, ?)
2026-08-12T17:24:21.462+05:30  WARN 27180 --- [shiptrack-backend] [MessageBroker-8] c.shiptrack.service.LiveTrackingService  : Delay alert for shipment 53: No location update for 63 minutes (63 min, 0.71% probability)
2026-08-12T17:24:21.462+05:30  WARN 27180 --- [shiptrack-backend] [MessageBroker-8] c.s.service.DelayPredictionService       : Delay detected for shipment 53: No location update for 63 minutes (63 min)
Hibernate: 
    select
        u1_0.id,
        u1_0.created_at,
        u1_0.email,
        u1_0.name,
        u1_0.password,
        u1_0.phone,
        u1_0.role 
    from
        users u1_0 
    where
        u1_0.email=?
Hibernate: 
    select
        u1_0.id,
        u1_0.created_at,
        u1_0.email,
        u1_0.name,
        u1_0.password,
        u1_0.phone,
        u1_0.role 
    from
        users u1_0 
    where
        u1_0.email=?
Hibernate: 
    select
        u1_0.id,
        u1_0.created_at,
        u1_0.email,
        u1_0.name,
        u1_0.password,
        u1_0.phone,
        u1_0.role 
    from
        users u1_0 
    where
        u1_0.email=?
Hibernate: 
    select
        u1_0.id,
        u1_0.created_at,
        u1_0.email,
        u1_0.name,
        u1_0.password,
        u1_0.phone,
        u1_0.role 
    from
        users u1_0 
    where
        u1_0.email=?
Hibernate: 
    select
        s1_0.id,
        s1_0.actual_delivery_time,
        s1_0.created_at,
        s1_0.created_by,
        s1_0.delivery_address,
        s1_0.destination_latitude,
        s1_0.destination_longitude,
        s1_0.estimated_delivery_time,
        s1_0.estimated_duration,
        s1_0.origin_latitude,
        s1_0.origin_longitude,
        s1_0.receiver_name,
        s1_0.route_polyline,
        s1_0.sender_address,
        s1_0.sender_name,
        s1_0.status,
        s1_0.total_distance,
        s1_0.tracking_number 
    from
        shipments s1_0 
    order by
        s1_0.created_at desc
Hibernate: 
    select
        te1_0.id,
        te1_0.latitude,
        te1_0.longitude,
        te1_0.recorded_at,
        te1_0.shipment_id,
        te1_0.status 
    from
        tracking_events te1_0 
    left join
        shipments s1_0 
            on s1_0.id=te1_0.shipment_id 
    where
        s1_0.id=? 
    order by
        te1_0.recorded_at
Hibernate: 
    select
        pod1_0.id,
        pod1_0.captured_at,
        pod1_0.captured_by,
        pod1_0.item_image_data,
        pod1_0.item_image_hash,
        pod1_0.method,
        pod1_0.notes,
        pod1_0.recipient_name,
        pod1_0.shipment_id,
        pod1_0.signature_data,
        pod1_0.signature_hash,
        pod1_0.verification_notes,
        pod1_0.verification_status,
        pod1_0.verified_at,
        pod1_0.verified_by 
    from
        proof_of_deliveries pod1_0 
    left join
        shipments s1_0 
            on s1_0.id=pod1_0.shipment_id 
    where
        s1_0.id=?
Hibernate: 
    select
        u1_0.id,
        u1_0.created_at,
        u1_0.email,
        u1_0.name,
        u1_0.password,
        u1_0.phone,
        u1_0.role 
    from
        users u1_0 
    where
        u1_0.id=?
Hibernate: 
    select
        te1_0.id,
        te1_0.latitude,
        te1_0.longitude,
        te1_0.recorded_at,
        te1_0.shipment_id,
        te1_0.status 
    from
        tracking_events te1_0 
    left join
        shipments s1_0 
            on s1_0.id=te1_0.shipment_id 
    where
        s1_0.id=? 
    order by
        te1_0.recorded_at
Hibernate: 
    select
        pod1_0.id,
        pod1_0.captured_at,
        pod1_0.captured_by,
        pod1_0.item_image_data,
        pod1_0.item_image_hash,
        pod1_0.method,
        pod1_0.notes,
        pod1_0.recipient_name,
        pod1_0.shipment_id,
        pod1_0.signature_data,
        pod1_0.signature_hash,
        pod1_0.verification_notes,
        pod1_0.verification_status,
        pod1_0.verified_at,
        pod1_0.verified_by 
    from
        proof_of_deliveries pod1_0 
    left join
        shipments s1_0 
            on s1_0.id=pod1_0.shipment_id 
    where
        s1_0.id=?
Hibernate: 
    select
        te1_0.id,
        te1_0.latitude,
        te1_0.longitude,
        te1_0.recorded_at,
        te1_0.shipment_id,
        te1_0.status 
    from
        tracking_events te1_0 
    left join
        shipments s1_0 
            on s1_0.id=te1_0.shipment_id 
    where
        s1_0.id=? 
    order by
        te1_0.recorded_at
Hibernate: 
    select
        pod1_0.id,
        pod1_0.captured_at,
        pod1_0.captured_by,
        pod1_0.item_image_data,
        pod1_0.item_image_hash,
        pod1_0.method,
        pod1_0.notes,
        pod1_0.recipient_name,
        pod1_0.shipment_id,
        pod1_0.signature_data,
        pod1_0.signature_hash,
        pod1_0.verification_notes,
        pod1_0.verification_status,
        pod1_0.verified_at,
        pod1_0.verified_by 
    from
        proof_of_deliveries pod1_0 
    left join
        shipments s1_0 
            on s1_0.id=pod1_0.shipment_id 
    where
        s1_0.id=?
Hibernate: 
    select
        te1_0.id,
        te1_0.latitude,
        te1_0.longitude,
        te1_0.recorded_at,
        te1_0.shipment_id,
        te1_0.status 
    from
        tracking_events te1_0 
    left join
        shipments s1_0 
            on s1_0.id=te1_0.shipment_id 
    where
        s1_0.id=? 
    order by
        te1_0.recorded_at
Hibernate: 
    select
        pod1_0.id,
        pod1_0.captured_at,
        pod1_0.captured_by,
        pod1_0.item_image_data,
        pod1_0.item_image_hash,
        pod1_0.method,
        pod1_0.notes,
        pod1_0.recipient_name,
        pod1_0.shipment_id,
        pod1_0.signature_data,
        pod1_0.signature_hash,
        pod1_0.verification_notes,
        pod1_0.verification_status,
        pod1_0.verified_at,
        pod1_0.verified_by 
    from
        proof_of_deliveries pod1_0 
    left join
        shipments s1_0 
            on s1_0.id=pod1_0.shipment_id 
    where
        s1_0.id=?
Hibernate: 
    select
        te1_0.id,
        te1_0.latitude,
        te1_0.longitude,
        te1_0.recorded_at,
        te1_0.shipment_id,
        te1_0.status 
    from
        tracking_events te1_0 
    left join
        shipments s1_0 
            on s1_0.id=te1_0.shipment_id 
    where
        s1_0.id=? 
    order by
        te1_0.recorded_at
Hibernate: 
    select
        pod1_0.id,
        pod1_0.captured_at,
        pod1_0.captured_by,
        pod1_0.item_image_data,
        pod1_0.item_image_hash,
        pod1_0.method,
        pod1_0.notes,
        pod1_0.recipient_name,
        pod1_0.shipment_id,
        pod1_0.signature_data,
        pod1_0.signature_hash,
        pod1_0.verification_notes,
        pod1_0.verification_status,
        pod1_0.verified_at,
        pod1_0.verified_by 
    from
        proof_of_deliveries pod1_0 
    left join
        shipments s1_0 
            on s1_0.id=pod1_0.shipment_id 
    where
        s1_0.id=?
Hibernate: 
    select
        te1_0.id,
        te1_0.latitude,
        te1_0.longitude,
        te1_0.recorded_at,
        te1_0.shipment_id,
        te1_0.status 
    from
        tracking_events te1_0 
    left join
        shipments s1_0 
            on s1_0.id=te1_0.shipment_id 
    where
        s1_0.id=? 
    order by
        te1_0.recorded_at
Hibernate: 
    select
        pod1_0.id,
        pod1_0.captured_at,
        pod1_0.captured_by,
        pod1_0.item_image_data,
        pod1_0.item_image_hash,
        pod1_0.method,
        pod1_0.notes,
        pod1_0.recipient_name,
        pod1_0.shipment_id,
        pod1_0.signature_data,
        pod1_0.signature_hash,
        pod1_0.verification_notes,
        pod1_0.verification_status,
        pod1_0.verified_at,
        pod1_0.verified_by 
    from
        proof_of_deliveries pod1_0 
    left join
        shipments s1_0 
            on s1_0.id=pod1_0.shipment_id 
    where
        s1_0.id=?
Hibernate: 
    select
        te1_0.id,
        te1_0.latitude,
        te1_0.longitude,
        te1_0.recorded_at,
        te1_0.shipment_id,
        te1_0.status 
    from
        tracking_events te1_0 
    left join
        shipments s1_0 
            on s1_0.id=te1_0.shipment_id 
    where
        s1_0.id=? 
    order by
        te1_0.recorded_at
Hibernate: 
    select
        pod1_0.id,
        pod1_0.captured_at,
        pod1_0.captured_by,
        pod1_0.item_image_data,
        pod1_0.item_image_hash,
        pod1_0.method,
        pod1_0.notes,
        pod1_0.recipient_name,
        pod1_0.shipment_id,
        pod1_0.signature_data,
        pod1_0.signature_hash,
        pod1_0.verification_notes,
        pod1_0.verification_status,
        pod1_0.verified_at,
        pod1_0.verified_by 
    from
        proof_of_deliveries pod1_0 
    left join
        shipments s1_0 
            on s1_0.id=pod1_0.shipment_id 
    where
        s1_0.id=?
Hibernate: 
    select
        te1_0.id,
        te1_0.latitude,
        te1_0.longitude,
        te1_0.recorded_at,
        te1_0.shipment_id,
        te1_0.status 
    from
        tracking_events te1_0 
    left join
        shipments s1_0 
            on s1_0.id=te1_0.shipment_id 
    where
        s1_0.id=? 
    order by
        te1_0.recorded_at
Hibernate: 
    select
        pod1_0.id,
        pod1_0.captured_at,
        pod1_0.captured_by,
        pod1_0.item_image_data,
        pod1_0.item_image_hash,
        pod1_0.method,
        pod1_0.notes,
        pod1_0.recipient_name,
        pod1_0.shipment_id,
        pod1_0.signature_data,
        pod1_0.signature_hash,
        pod1_0.verification_notes,
        pod1_0.verification_status,
        pod1_0.verified_at,
        pod1_0.verified_by 
    from
        proof_of_deliveries pod1_0 
    left join
        shipments s1_0 
            on s1_0.id=pod1_0.shipment_id 
    where
        s1_0.id=?
Hibernate: 
    select
        te1_0.id,
        te1_0.latitude,
        te1_0.longitude,
        te1_0.recorded_at,
        te1_0.shipment_id,
        te1_0.status 
    from
        tracking_events te1_0 
    left join
        shipments s1_0 
            on s1_0.id=te1_0.shipment_id 
    where
        s1_0.id=? 
    order by
        te1_0.recorded_at
Hibernate: 
    select
        pod1_0.id,
        pod1_0.captured_at,
        pod1_0.captured_by,
        pod1_0.item_image_data,
        pod1_0.item_image_hash,
        pod1_0.method,
        pod1_0.notes,
        pod1_0.recipient_name,
        pod1_0.shipment_id,
        pod1_0.signature_data,
        pod1_0.signature_hash,
        pod1_0.verification_notes,
        pod1_0.verification_status,
        pod1_0.verified_at,
        pod1_0.verified_by 
    from
        proof_of_deliveries pod1_0 
    left join
        shipments s1_0 
            on s1_0.id=pod1_0.shipment_id 
    where
        s1_0.id=?
Hibernate: 
    select
        count(*) 
    from
        shipments s1_0
Hibernate: 
    select
        te1_0.id,
        te1_0.latitude,
        te1_0.longitude,
        te1_0.recorded_at,
        te1_0.shipment_id,
        te1_0.status 
    from
        tracking_events te1_0 
    left join
        shipments s1_0 
            on s1_0.id=te1_0.shipment_id 
    where
        s1_0.id=? 
    order by
        te1_0.recorded_at
Hibernate: 
    select
        pod1_0.id,
        pod1_0.captured_at,
        pod1_0.captured_by,
        pod1_0.item_image_data,
        pod1_0.item_image_hash,
        pod1_0.method,
        pod1_0.notes,
        pod1_0.recipient_name,
        pod1_0.shipment_id,
        pod1_0.signature_data,
        pod1_0.signature_hash,
        pod1_0.verification_notes,
        pod1_0.verification_status,
        pod1_0.verified_at,
        pod1_0.verified_by 
    from
        proof_of_deliveries pod1_0 
    left join
        shipments s1_0 
            on s1_0.id=pod1_0.shipment_id 
    where
        s1_0.id=?
Hibernate: 
    select
        count(s1_0.id) 
    from
        shipments s1_0 
    where
        s1_0.status=?
Hibernate: 
    select
        te1_0.id,
        te1_0.latitude,
        te1_0.longitude,
        te1_0.recorded_at,
        te1_0.shipment_id,
        te1_0.status 
    from
        tracking_events te1_0 
    left join
        shipments s1_0 
            on s1_0.id=te1_0.shipment_id 
    where
        s1_0.id=? 
    order by
        te1_0.recorded_at
Hibernate: 
    select
        count(s1_0.id) 
    from
        shipments s1_0 
    where
        s1_0.status=?
Hibernate: 
    select
        pod1_0.id,
        pod1_0.captured_at,
        pod1_0.captured_by,
        pod1_0.item_image_data,
        pod1_0.item_image_hash,
        pod1_0.method,
        pod1_0.notes,
        pod1_0.recipient_name,
        pod1_0.shipment_id,
        pod1_0.signature_data,
        pod1_0.signature_hash,
        pod1_0.verification_notes,
        pod1_0.verification_status,
        pod1_0.verified_at,
        pod1_0.verified_by 
    from
        proof_of_deliveries pod1_0 
    left join
        shipments s1_0 
            on s1_0.id=pod1_0.shipment_id 
    where
        s1_0.id=?
Hibernate: 
    select
        count(s1_0.id) 
    from
        shipments s1_0 
    where
        s1_0.status=?
Hibernate: 
    select
        te1_0.id,
        te1_0.latitude,
        te1_0.longitude,
        te1_0.recorded_at,
        te1_0.shipment_id,
        te1_0.status 
    from
        tracking_events te1_0 
    left join
        shipments s1_0 
            on s1_0.id=te1_0.shipment_id 
    where
        s1_0.id=? 
    order by
        te1_0.recorded_at
Hibernate: 
    select
        count(s1_0.id) 
    from
        shipments s1_0 
    where
        s1_0.status=?
Hibernate: 
    select
        pod1_0.id,
        pod1_0.captured_at,
        pod1_0.captured_by,
        pod1_0.item_image_data,
        pod1_0.item_image_hash,
        pod1_0.method,
        pod1_0.notes,
        pod1_0.recipient_name,
        pod1_0.shipment_id,
        pod1_0.signature_data,
        pod1_0.signature_hash,
        pod1_0.verification_notes,
        pod1_0.verification_status,
        pod1_0.verified_at,
        pod1_0.verified_by 
    from
        proof_of_deliveries pod1_0 
    left join
        shipments s1_0 
            on s1_0.id=pod1_0.shipment_id 
    where
        s1_0.id=?
Hibernate: 
    select
        count(s1_0.id) 
    from
        shipments s1_0 
    where
        s1_0.status=?
Hibernate: 
    select
        te1_0.id,
        te1_0.latitude,
        te1_0.longitude,
        te1_0.recorded_at,
        te1_0.shipment_id,
        te1_0.status 
    from
        tracking_events te1_0 
    left join
        shipments s1_0 
            on s1_0.id=te1_0.shipment_id 
    where
        s1_0.id=? 
    order by
        te1_0.recorded_at
Hibernate: 
    select
        pod1_0.id,
        pod1_0.captured_at,
        pod1_0.captured_by,
        pod1_0.item_image_data,
        pod1_0.item_image_hash,
        pod1_0.method,
        pod1_0.notes,
        pod1_0.recipient_name,
        pod1_0.shipment_id,
        pod1_0.signature_data,
        pod1_0.signature_hash,
        pod1_0.verification_notes,
        pod1_0.verification_status,
        pod1_0.verified_at,
        pod1_0.verified_by 
    from
        proof_of_deliveries pod1_0 
    left join
        shipments s1_0 
            on s1_0.id=pod1_0.shipment_id 
    where
        s1_0.id=?
Hibernate: 
    select
        te1_0.id,
        te1_0.latitude,
        te1_0.longitude,
        te1_0.recorded_at,
        te1_0.shipment_id,
        te1_0.status 
    from
        tracking_events te1_0 
    left join
        shipments s1_0 
            on s1_0.id=te1_0.shipment_id 
    where
        s1_0.id=? 
    order by
        te1_0.recorded_at
Hibernate: 
    select
        pod1_0.id,
        pod1_0.captured_at,
        pod1_0.captured_by,
        pod1_0.item_image_data,
        pod1_0.item_image_hash,
        pod1_0.method,
        pod1_0.notes,
        pod1_0.recipient_name,
        pod1_0.shipment_id,
        pod1_0.signature_data,
        pod1_0.signature_hash,
        pod1_0.verification_notes,
        pod1_0.verification_status,
        pod1_0.verified_at,
        pod1_0.verified_by 
    from
        proof_of_deliveries pod1_0 
    left join
        shipments s1_0 
            on s1_0.id=pod1_0.shipment_id 
    where
        s1_0.id=?
Hibernate: 
    select
        te1_0.id,
        te1_0.latitude,
        te1_0.longitude,
        te1_0.recorded_at,
        te1_0.shipment_id,
        te1_0.status 
    from
        tracking_events te1_0 
    left join
        shipments s1_0 
            on s1_0.id=te1_0.shipment_id 
    where
        s1_0.id=? 
    order by
        te1_0.recorded_at
Hibernate: 
    select
        u1_0.id,
        u1_0.created_at,
        u1_0.email,
        u1_0.name,
        u1_0.password,
        u1_0.phone,
        u1_0.role 
    from
        users u1_0 
    where
        u1_0.email=?
Hibernate: 
    select
        pod1_0.id,
        pod1_0.captured_at,
        pod1_0.captured_by,
        pod1_0.item_image_data,
        pod1_0.item_image_hash,
        pod1_0.method,
        pod1_0.notes,
        pod1_0.recipient_name,
        pod1_0.shipment_id,
        pod1_0.signature_data,
        pod1_0.signature_hash,
        pod1_0.verification_notes,
        pod1_0.verification_status,
        pod1_0.verified_at,
        pod1_0.verified_by 
    from
        proof_of_deliveries pod1_0 
    left join
        shipments s1_0 
            on s1_0.id=pod1_0.shipment_id 
    where
        s1_0.id=?
Hibernate: 
    select
        u1_0.id,
        u1_0.created_at,
        u1_0.email,
        u1_0.name,
        u1_0.password,
        u1_0.phone,
        u1_0.role 
    from
        users u1_0 
    where
        u1_0.email=?
Hibernate: 
    select
        count(*) 
    from
        shipments s1_0
Hibernate: 
    select
        count(s1_0.id) 
    from
        shipments s1_0 
    where
        s1_0.status=?
Hibernate: 
    select
        count(s1_0.id) 
    from
        shipments s1_0 
    where
        s1_0.status=?
Hibernate: 
    select
        count(s1_0.id) 
    from
        shipments s1_0 
    where
        s1_0.status=?
Hibernate: 
    select
        count(s1_0.id) 
    from
        shipments s1_0 
    where
        s1_0.status=?
Hibernate: 
    select
        count(s1_0.id) 
    from
        shipments s1_0 
    where
        s1_0.status=?
Hibernate: 
    select
        u1_0.id,
        u1_0.created_at,
        u1_0.email,
        u1_0.name,
        u1_0.password,
        u1_0.phone,
        u1_0.role 
    from
        users u1_0 
    where
        u1_0.email=?
Hibernate: 
    select
        u1_0.id,
        u1_0.created_at,
        u1_0.email,
        u1_0.name,
        u1_0.password,
        u1_0.phone,
        u1_0.role 
    from
        users u1_0 
    where
        u1_0.email=?
Hibernate: 
    select
        s1_0.id,
        s1_0.actual_delivery_time,
        s1_0.created_at,
        s1_0.created_by,
        s1_0.delivery_address,
        s1_0.destination_latitude,
        s1_0.destination_longitude,
        s1_0.estimated_delivery_time,
        s1_0.estimated_duration,
        s1_0.origin_latitude,
        s1_0.origin_longitude,
        s1_0.receiver_name,
        s1_0.route_polyline,
        s1_0.sender_address,
        s1_0.sender_name,
        s1_0.status,
        s1_0.total_distance,
        s1_0.tracking_number 
    from
        shipments s1_0 
    order by
        s1_0.created_at desc
Hibernate: 
    select
        te1_0.id,
        te1_0.latitude,
        te1_0.longitude,
        te1_0.recorded_at,
        te1_0.shipment_id,
        te1_0.status 
    from
        tracking_events te1_0 
    left join
        shipments s1_0 
            on s1_0.id=te1_0.shipment_id 
    where
        s1_0.id=? 
    order by
        te1_0.recorded_at
Hibernate: 
    select
        pod1_0.id,
        pod1_0.captured_at,
        pod1_0.captured_by,
        pod1_0.item_image_data,
        pod1_0.item_image_hash,
        pod1_0.method,
        pod1_0.notes,
        pod1_0.recipient_name,
        pod1_0.shipment_id,
        pod1_0.signature_data,
        pod1_0.signature_hash,
        pod1_0.verification_notes,
        pod1_0.verification_status,
        pod1_0.verified_at,
        pod1_0.verified_by 
    from
        proof_of_deliveries pod1_0 
    left join
        shipments s1_0 
            on s1_0.id=pod1_0.shipment_id 
    where
        s1_0.id=?
Hibernate: 
    select
        u1_0.id,
        u1_0.created_at,
        u1_0.email,
        u1_0.name,
        u1_0.password,
        u1_0.phone,
        u1_0.role 
    from
        users u1_0 
    where
        u1_0.id=?
Hibernate: 
    select
        te1_0.id,
        te1_0.latitude,
        te1_0.longitude,
        te1_0.recorded_at,
        te1_0.shipment_id,
        te1_0.status 
    from
        tracking_events te1_0 
    left join
        shipments s1_0 
            on s1_0.id=te1_0.shipment_id 
    where
        s1_0.id=? 
    order by
        te1_0.recorded_at
Hibernate: 
    select
        pod1_0.id,
        pod1_0.captured_at,
        pod1_0.captured_by,
        pod1_0.item_image_data,
        pod1_0.item_image_hash,
        pod1_0.method,
        pod1_0.notes,
        pod1_0.recipient_name,
        pod1_0.shipment_id,
        pod1_0.signature_data,
        pod1_0.signature_hash,
        pod1_0.verification_notes,
        pod1_0.verification_status,
        pod1_0.verified_at,
        pod1_0.verified_by 
    from
        proof_of_deliveries pod1_0 
    left join
        shipments s1_0 
            on s1_0.id=pod1_0.shipment_id 
    where
        s1_0.id=?
Hibernate: 
    select
        te1_0.id,
        te1_0.latitude,
        te1_0.longitude,
        te1_0.recorded_at,
        te1_0.shipment_id,
        te1_0.status 
    from
        tracking_events te1_0 
    left join
        shipments s1_0 
            on s1_0.id=te1_0.shipment_id 
    where
        s1_0.id=? 
    order by
        te1_0.recorded_at
Hibernate: 
    select
        pod1_0.id,
        pod1_0.captured_at,
        pod1_0.captured_by,
        pod1_0.item_image_data,
        pod1_0.item_image_hash,
        pod1_0.method,
        pod1_0.notes,
        pod1_0.recipient_name,
        pod1_0.shipment_id,
        pod1_0.signature_data,
        pod1_0.signature_hash,
        pod1_0.verification_notes,
        pod1_0.verification_status,
        pod1_0.verified_at,
        pod1_0.verified_by 
    from
        proof_of_deliveries pod1_0 
    left join
        shipments s1_0 
            on s1_0.id=pod1_0.shipment_id 
    where
        s1_0.id=?
Hibernate: 
    select
        te1_0.id,
        te1_0.latitude,
        te1_0.longitude,
        te1_0.recorded_at,
        te1_0.shipment_id,
        te1_0.status 
    from
        tracking_events te1_0 
    left join
        shipments s1_0 
            on s1_0.id=te1_0.shipment_id 
    where
        s1_0.id=? 
    order by
        te1_0.recorded_at
Hibernate: 
    select
        pod1_0.id,
        pod1_0.captured_at,
        pod1_0.captured_by,
        pod1_0.item_image_data,
        pod1_0.item_image_hash,
        pod1_0.method,
        pod1_0.notes,
        pod1_0.recipient_name,
        pod1_0.shipment_id,
        pod1_0.signature_data,
        pod1_0.signature_hash,
        pod1_0.verification_notes,
        pod1_0.verification_status,
        pod1_0.verified_at,
        pod1_0.verified_by 
    from
        proof_of_deliveries pod1_0 
    left join
        shipments s1_0 
            on s1_0.id=pod1_0.shipment_id 
    where
        s1_0.id=?
Hibernate: 
    select
        te1_0.id,
        te1_0.latitude,
        te1_0.longitude,
        te1_0.recorded_at,
        te1_0.shipment_id,
        te1_0.status 
    from
        tracking_events te1_0 
    left join
        shipments s1_0 
            on s1_0.id=te1_0.shipment_id 
    where
        s1_0.id=? 
    order by
        te1_0.recorded_at
Hibernate: 
    select
        pod1_0.id,
        pod1_0.captured_at,
        pod1_0.captured_by,
        pod1_0.item_image_data,
        pod1_0.item_image_hash,
        pod1_0.method,
        pod1_0.notes,
        pod1_0.recipient_name,
        pod1_0.shipment_id,
        pod1_0.signature_data,
        pod1_0.signature_hash,
        pod1_0.verification_notes,
        pod1_0.verification_status,
        pod1_0.verified_at,
        pod1_0.verified_by 
    from
        proof_of_deliveries pod1_0 
    left join
        shipments s1_0 
            on s1_0.id=pod1_0.shipment_id 
    where
        s1_0.id=?
Hibernate: 
    select
        te1_0.id,
        te1_0.latitude,
        te1_0.longitude,
        te1_0.recorded_at,
        te1_0.shipment_id,
        te1_0.status 
    from
        tracking_events te1_0 
    left join
        shipments s1_0 
            on s1_0.id=te1_0.shipment_id 
    where
        s1_0.id=? 
    order by
        te1_0.recorded_at
Hibernate: 
    select
        pod1_0.id,
        pod1_0.captured_at,
        pod1_0.captured_by,
        pod1_0.item_image_data,
        pod1_0.item_image_hash,
        pod1_0.method,
        pod1_0.notes,
        pod1_0.recipient_name,
        pod1_0.shipment_id,
        pod1_0.signature_data,
        pod1_0.signature_hash,
        pod1_0.verification_notes,
        pod1_0.verification_status,
        pod1_0.verified_at,
        pod1_0.verified_by 
    from
        proof_of_deliveries pod1_0 
    left join
        shipments s1_0 
            on s1_0.id=pod1_0.shipment_id 
    where
        s1_0.id=?
Hibernate: 
    select
        te1_0.id,
        te1_0.latitude,
        te1_0.longitude,
        te1_0.recorded_at,
        te1_0.shipment_id,
        te1_0.status 
    from
        tracking_events te1_0 
    left join
        shipments s1_0 
            on s1_0.id=te1_0.shipment_id 
    where
        s1_0.id=? 
    order by
        te1_0.recorded_at
Hibernate: 
    select
        pod1_0.id,
        pod1_0.captured_at,
        pod1_0.captured_by,
        pod1_0.item_image_data,
        pod1_0.item_image_hash,
        pod1_0.method,
        pod1_0.notes,
        pod1_0.recipient_name,
        pod1_0.shipment_id,
        pod1_0.signature_data,
        pod1_0.signature_hash,
        pod1_0.verification_notes,
        pod1_0.verification_status,
        pod1_0.verified_at,
        pod1_0.verified_by 
    from
        proof_of_deliveries pod1_0 
    left join
        shipments s1_0 
            on s1_0.id=pod1_0.shipment_id 
    where
        s1_0.id=?
Hibernate: 
    select
        te1_0.id,
        te1_0.latitude,
        te1_0.longitude,
        te1_0.recorded_at,
        te1_0.shipment_id,
        te1_0.status 
    from
        tracking_events te1_0 
    left join
        shipments s1_0 
            on s1_0.id=te1_0.shipment_id 
    where
        s1_0.id=? 
    order by
        te1_0.recorded_at
Hibernate: 
    select
        pod1_0.id,
        pod1_0.captured_at,
        pod1_0.captured_by,
        pod1_0.item_image_data,
        pod1_0.item_image_hash,
        pod1_0.method,
        pod1_0.notes,
        pod1_0.recipient_name,
        pod1_0.shipment_id,
        pod1_0.signature_data,
        pod1_0.signature_hash,
        pod1_0.verification_notes,
        pod1_0.verification_status,
        pod1_0.verified_at,
        pod1_0.verified_by 
    from
        proof_of_deliveries pod1_0 
    left join
        shipments s1_0 
            on s1_0.id=pod1_0.shipment_id 
    where
        s1_0.id=?
Hibernate: 
    select
        te1_0.id,
        te1_0.latitude,
        te1_0.longitude,
        te1_0.recorded_at,
        te1_0.shipment_id,
        te1_0.status 
    from
        tracking_events te1_0 
    left join
        shipments s1_0 
            on s1_0.id=te1_0.shipment_id 
    where
        s1_0.id=? 
    order by
        te1_0.recorded_at
Hibernate: 
    select
        pod1_0.id,
        pod1_0.captured_at,
        pod1_0.captured_by,
        pod1_0.item_image_data,
        pod1_0.item_image_hash,
        pod1_0.method,
        pod1_0.notes,
        pod1_0.recipient_name,
        pod1_0.shipment_id,
        pod1_0.signature_data,
        pod1_0.signature_hash,
        pod1_0.verification_notes,
        pod1_0.verification_status,
        pod1_0.verified_at,
        pod1_0.verified_by 
    from
        proof_of_deliveries pod1_0 
    left join
        shipments s1_0 
            on s1_0.id=pod1_0.shipment_id 
    where
        s1_0.id=?
Hibernate: 
    select
        te1_0.id,
        te1_0.latitude,
        te1_0.longitude,
        te1_0.recorded_at,
        te1_0.shipment_id,
        te1_0.status 
    from
        tracking_events te1_0 
    left join
        shipments s1_0 
            on s1_0.id=te1_0.shipment_id 
    where
        s1_0.id=? 
    order by
        te1_0.recorded_at
Hibernate: 
    select
        pod1_0.id,
        pod1_0.captured_at,
        pod1_0.captured_by,
        pod1_0.item_image_data,
        pod1_0.item_image_hash,
        pod1_0.method,
        pod1_0.notes,
        pod1_0.recipient_name,
        pod1_0.shipment_id,
        pod1_0.signature_data,
        pod1_0.signature_hash,
        pod1_0.verification_notes,
        pod1_0.verification_status,
        pod1_0.verified_at,
        pod1_0.verified_by 
    from
        proof_of_deliveries pod1_0 
    left join
        shipments s1_0 
            on s1_0.id=pod1_0.shipment_id 
    where
        s1_0.id=?
Hibernate: 
    select
        te1_0.id,
        te1_0.latitude,
        te1_0.longitude,
        te1_0.recorded_at,
        te1_0.shipment_id,
        te1_0.status 
    from
        tracking_events te1_0 
    left join
        shipments s1_0 
            on s1_0.id=te1_0.shipment_id 
    where
        s1_0.id=? 
    order by
        te1_0.recorded_at
Hibernate: 
    select
        pod1_0.id,
        pod1_0.captured_at,
        pod1_0.captured_by,
        pod1_0.item_image_data,
        pod1_0.item_image_hash,
        pod1_0.method,
        pod1_0.notes,
        pod1_0.recipient_name,
        pod1_0.shipment_id,
        pod1_0.signature_data,
        pod1_0.signature_hash,
        pod1_0.verification_notes,
        pod1_0.verification_status,
        pod1_0.verified_at,
        pod1_0.verified_by 
    from
        proof_of_deliveries pod1_0 
    left join
        shipments s1_0 
            on s1_0.id=pod1_0.shipment_id 
    where
        s1_0.id=?
Hibernate: 
    select
        te1_0.id,
        te1_0.latitude,
        te1_0.longitude,
        te1_0.recorded_at,
        te1_0.shipment_id,
        te1_0.status 
    from
        tracking_events te1_0 
    left join
        shipments s1_0 
            on s1_0.id=te1_0.shipment_id 
    where
        s1_0.id=? 
    order by
        te1_0.recorded_at
Hibernate: 
    select
        pod1_0.id,
        pod1_0.captured_at,
        pod1_0.captured_by,
        pod1_0.item_image_data,
        pod1_0.item_image_hash,
        pod1_0.method,
        pod1_0.notes,
        pod1_0.recipient_name,
        pod1_0.shipment_id,
        pod1_0.signature_data,
        pod1_0.signature_hash,
        pod1_0.verification_notes,
        pod1_0.verification_status,
        pod1_0.verified_at,
        pod1_0.verified_by 
    from
        proof_of_deliveries pod1_0 
    left join
        shipments s1_0 
            on s1_0.id=pod1_0.shipment_id 
    where
        s1_0.id=?
Hibernate: 
    select
        te1_0.id,
        te1_0.latitude,
        te1_0.longitude,
        te1_0.recorded_at,
        te1_0.shipment_id,
        te1_0.status 
    from
        tracking_events te1_0 
    left join
        shipments s1_0 
            on s1_0.id=te1_0.shipment_id 
    where
        s1_0.id=? 
    order by
        te1_0.recorded_at
Hibernate: 
    select
        pod1_0.id,
        pod1_0.captured_at,
        pod1_0.captured_by,
        pod1_0.item_image_data,
        pod1_0.item_image_hash,
        pod1_0.method,
        pod1_0.notes,
        pod1_0.recipient_name,
        pod1_0.shipment_id,
        pod1_0.signature_data,
        pod1_0.signature_hash,
        pod1_0.verification_notes,
        pod1_0.verification_status,
        pod1_0.verified_at,
        pod1_0.verified_by 
    from
        proof_of_deliveries pod1_0 
    left join
        shipments s1_0 
            on s1_0.id=pod1_0.shipment_id 
    where
        s1_0.id=?
Hibernate: 
    select
        te1_0.id,
        te1_0.latitude,
        te1_0.longitude,
        te1_0.recorded_at,
        te1_0.shipment_id,
        te1_0.status 
    from
        tracking_events te1_0 
    left join
        shipments s1_0 
            on s1_0.id=te1_0.shipment_id 
    where
        s1_0.id=? 
    order by
        te1_0.recorded_at
Hibernate: 
    select
        pod1_0.id,
        pod1_0.captured_at,
        pod1_0.captured_by,
        pod1_0.item_image_data,
        pod1_0.item_image_hash,
        pod1_0.method,
        pod1_0.notes,
        pod1_0.recipient_name,
        pod1_0.shipment_id,
        pod1_0.signature_data,
        pod1_0.signature_hash,
        pod1_0.verification_notes,
        pod1_0.verification_status,
        pod1_0.verified_at,
        pod1_0.verified_by 
    from
        proof_of_deliveries pod1_0 
    left join
        shipments s1_0 
            on s1_0.id=pod1_0.shipment_id 
    where
        s1_0.id=?
Hibernate: 
    select
        te1_0.id,
        te1_0.latitude,
        te1_0.longitude,
        te1_0.recorded_at,
        te1_0.shipment_id,
        te1_0.status 
    from
        tracking_events te1_0 
    left join
        shipments s1_0 
            on s1_0.id=te1_0.shipment_id 
    where
        s1_0.id=? 
    order by
        te1_0.recorded_at
Hibernate: 
    select
        pod1_0.id,
        pod1_0.captured_at,
        pod1_0.captured_by,
        pod1_0.item_image_data,
        pod1_0.item_image_hash,
        pod1_0.method,
        pod1_0.notes,
        pod1_0.recipient_name,
        pod1_0.shipment_id,
        pod1_0.signature_data,
        pod1_0.signature_hash,
        pod1_0.verification_notes,
        pod1_0.verification_status,
        pod1_0.verified_at,
        pod1_0.verified_by 
    from
        proof_of_deliveries pod1_0 
    left join
        shipments s1_0 
            on s1_0.id=pod1_0.shipment_id 
    where
        s1_0.id=?
Hibernate: 
    select
        u1_0.id,
        u1_0.created_at,
        u1_0.email,
        u1_0.name,
        u1_0.password,
        u1_0.phone,
        u1_0.role 
    from
        users u1_0 
    where
        u1_0.email=?
Hibernate: 
    select
        u1_0.id,
        u1_0.created_at,
        u1_0.email,
        u1_0.name,
        u1_0.password,
        u1_0.phone,
        u1_0.role 
    from
        users u1_0 
    where
        u1_0.email=?
Hibernate: 
    select
        u1_0.id,
        u1_0.created_at,
        u1_0.email,
        u1_0.name,
        u1_0.password,
        u1_0.phone,
        u1_0.role 
    from
        users u1_0 
    where
        u1_0.email=?
Hibernate: 
    select
        u1_0.id,
        u1_0.created_at,
        u1_0.email,
        u1_0.name,
        u1_0.password,
        u1_0.phone,
        u1_0.role 
    from
        users u1_0 
    where
        u1_0.email=?
Hibernate: 
    select
        u1_0.id,
        u1_0.created_at,
        u1_0.email,
        u1_0.name,
        u1_0.password,
        u1_0.phone,
        u1_0.role 
    from
        users u1_0 
    where
        u1_0.email=?
Hibernate: 
    select
        count(s1_0.id) 
    from
        shipments s1_0 
    where
        s1_0.status=?
Hibernate: 
    select
        count(s1_0.id) 
    from
        shipments s1_0 
    where
        s1_0.status=?
Hibernate: 
    select
        count(s1_0.id) 
    from
        shipments s1_0 
    where
        s1_0.status=?
Hibernate: 
    select
        u1_0.id,
        u1_0.created_at,
        u1_0.email,
        u1_0.name,
        u1_0.password,
        u1_0.phone,
        u1_0.role 
    from
        users u1_0 
    where
        u1_0.email=?
Hibernate: 
    select
        count(s1_0.id) 
    from
        shipments s1_0 
    where
        s1_0.status=?
Hibernate: 
    select
        s1_0.id,
        s1_0.actual_delivery_time,
        s1_0.created_at,
        s1_0.created_by,
        s1_0.delivery_address,
        s1_0.destination_latitude,
        s1_0.destination_longitude,
        s1_0.estimated_delivery_time,
        s1_0.estimated_duration,
        s1_0.origin_latitude,
        s1_0.origin_longitude,
        s1_0.receiver_name,
        s1_0.route_polyline,
        s1_0.sender_address,
        s1_0.sender_name,
        s1_0.status,
        s1_0.total_distance,
        s1_0.tracking_number 
    from
        shipments s1_0 
    where
        s1_0.created_at>?
Hibernate: 
    select
        count(s1_0.id) 
    from
        shipments s1_0 
    where
        s1_0.status=?
Hibernate: 
    select
        count(s1_0.id) 
    from
        shipments s1_0 
    where
        s1_0.status=?
Hibernate: 
    select
        u1_0.id,
        u1_0.created_at,
        u1_0.email,
        u1_0.name,
        u1_0.password,
        u1_0.phone,
        u1_0.role 
    from
        users u1_0 
    where
        u1_0.email=?
Hibernate: 
    select
        s1_0.id,
        s1_0.actual_delivery_time,
        s1_0.created_at,
        s1_0.created_by,
        s1_0.delivery_address,
        s1_0.destination_latitude,
        s1_0.destination_longitude,
        s1_0.estimated_delivery_time,
        s1_0.estimated_duration,
        s1_0.origin_latitude,
        s1_0.origin_longitude,
        s1_0.receiver_name,
        s1_0.route_polyline,
        s1_0.sender_address,
        s1_0.sender_name,
        s1_0.status,
        s1_0.total_distance,
        s1_0.tracking_number 
    from
        shipments s1_0 
    where
        s1_0.actual_delivery_time>?
Hibernate: 
    select
        count(s1_0.id) 
    from
        shipments s1_0 
    where
        s1_0.status=?
Hibernate: 
    select
        count(s1_0.id) 
    from
        shipments s1_0 
    where
        s1_0.status=?
Hibernate: 
    select
        s1_0.id,
        s1_0.actual_delivery_time,
        s1_0.created_at,
        s1_0.created_by,
        s1_0.delivery_address,
        s1_0.destination_latitude,
        s1_0.destination_longitude,
        s1_0.estimated_delivery_time,
        s1_0.estimated_duration,
        s1_0.origin_latitude,
        s1_0.origin_longitude,
        s1_0.receiver_name,
        s1_0.route_polyline,
        s1_0.sender_address,
        s1_0.sender_name,
        s1_0.status,
        s1_0.total_distance,
        s1_0.tracking_number 
    from
        shipments s1_0 
    where
        s1_0.created_at>?
Hibernate: 
    select
        s1_0.id,
        s1_0.actual_delivery_time,
        s1_0.created_at,
        s1_0.created_by,
        s1_0.delivery_address,
        s1_0.destination_latitude,
        s1_0.destination_longitude,
        s1_0.estimated_delivery_time,
        s1_0.estimated_duration,
        s1_0.origin_latitude,
        s1_0.origin_longitude,
        s1_0.receiver_name,
        s1_0.route_polyline,
        s1_0.sender_address,
        s1_0.sender_name,
        s1_0.status,
        s1_0.total_distance,
        s1_0.tracking_number 
    from
        shipments s1_0 
    where
        s1_0.status=?
Hibernate: 
    select
        u1_0.id,
        u1_0.created_at,
        u1_0.email,
        u1_0.name,
        u1_0.password,
        u1_0.phone,
        u1_0.role 
    from
        users u1_0 
    where
        u1_0.email=?
Hibernate: 
    select
        u1_0.id,
        u1_0.created_at,
        u1_0.email,
        u1_0.name,
        u1_0.password,
        u1_0.phone,
        u1_0.role 
    from
        users u1_0 
    where
        u1_0.email=?
Hibernate: 
    select
        u1_0.id,
        u1_0.created_at,
        u1_0.email,
        u1_0.name,
        u1_0.password,
        u1_0.phone,
        u1_0.role 
    from
        users u1_0 
    where
        u1_0.email=?
Hibernate: 
    select
        u1_0.id,
        u1_0.created_at,
        u1_0.email,
        u1_0.name,
        u1_0.password,
        u1_0.phone,
        u1_0.role 
    from
        users u1_0 
    where
        u1_0.email=?
Hibernate: 
    select
        s1_0.id,
        s1_0.actual_delivery_time,
        s1_0.created_at,
        s1_0.created_by,
        s1_0.delivery_address,
        s1_0.destination_latitude,
        s1_0.destination_longitude,
        s1_0.estimated_delivery_time,
        s1_0.estimated_duration,
        s1_0.origin_latitude,
        s1_0.origin_longitude,
        s1_0.receiver_name,
        s1_0.route_polyline,
        s1_0.sender_address,
        s1_0.sender_name,
        s1_0.status,
        s1_0.total_distance,
        s1_0.tracking_number 
    from
        shipments s1_0 
    where
        s1_0.created_at>?
Hibernate: 
    select
        s1_0.id,
        s1_0.actual_delivery_time,
        s1_0.created_at,
        s1_0.created_by,
        s1_0.delivery_address,
        s1_0.destination_latitude,
        s1_0.destination_longitude,
        s1_0.estimated_delivery_time,
        s1_0.estimated_duration,
        s1_0.origin_latitude,
        s1_0.origin_longitude,
        s1_0.receiver_name,
        s1_0.route_polyline,
        s1_0.sender_address,
        s1_0.sender_name,
        s1_0.status,
        s1_0.total_distance,
        s1_0.tracking_number 
    from
        shipments s1_0 
    where
        s1_0.created_at>?
Hibernate: 
    select
        u1_0.id,
        u1_0.created_at,
        u1_0.email,
        u1_0.name,
        u1_0.password,
        u1_0.phone,
        u1_0.role 
    from
        users u1_0 
    where
        u1_0.email=?
Hibernate: 
    select
        s1_0.id,
        s1_0.actual_delivery_time,
        s1_0.created_at,
        s1_0.created_by,
        s1_0.delivery_address,
        s1_0.destination_latitude,
        s1_0.destination_longitude,
        s1_0.estimated_delivery_time,
        s1_0.estimated_duration,
        s1_0.origin_latitude,
        s1_0.origin_longitude,
        s1_0.receiver_name,
        s1_0.route_polyline,
        s1_0.sender_address,
        s1_0.sender_name,
        s1_0.status,
        s1_0.total_distance,
        s1_0.tracking_number 
    from
        shipments s1_0 
    where
        s1_0.actual_delivery_time>?
Hibernate: 
    select
        s1_0.id,
        s1_0.actual_delivery_time,
        s1_0.created_at,
        s1_0.created_by,
        s1_0.delivery_address,
        s1_0.destination_latitude,
        s1_0.destination_longitude,
        s1_0.estimated_delivery_time,
        s1_0.estimated_duration,
        s1_0.origin_latitude,
        s1_0.origin_longitude,
        s1_0.receiver_name,
        s1_0.route_polyline,
        s1_0.sender_address,
        s1_0.sender_name,
        s1_0.status,
        s1_0.total_distance,
        s1_0.tracking_number 
    from
        shipments s1_0 
    where
        s1_0.created_at>?
Hibernate: 
    select
        s1_0.id,
        s1_0.actual_delivery_time,
        s1_0.created_at,
        s1_0.created_by,
        s1_0.delivery_address,
        s1_0.destination_latitude,
        s1_0.destination_longitude,
        s1_0.estimated_delivery_time,
        s1_0.estimated_duration,
        s1_0.origin_latitude,
        s1_0.origin_longitude,
        s1_0.receiver_name,
        s1_0.route_polyline,
        s1_0.sender_address,
        s1_0.sender_name,
        s1_0.status,
        s1_0.total_distance,
        s1_0.tracking_number 
    from
        shipments s1_0
Hibernate: 
    select
        u1_0.id,
        u1_0.created_at,
        u1_0.email,
        u1_0.name,
        u1_0.password,
        u1_0.phone,
        u1_0.role 
    from
        users u1_0 
    where
        u1_0.email=?
Hibernate: 
    select
        u1_0.id,
        u1_0.created_at,
        u1_0.email,
        u1_0.name,
        u1_0.password,
        u1_0.phone,
        u1_0.role 
    from
        users u1_0 
    where
        u1_0.email=?
Hibernate: 
    select
        count(s1_0.id) 
    from
        shipments s1_0 
    where
        s1_0.status=?
Hibernate: 
    select
        count(s1_0.id) 
    from
        shipments s1_0 
    where
        s1_0.status=?
Hibernate: 
    select
        count(s1_0.id) 
    from
        shipments s1_0 
    where
        s1_0.status=?
Hibernate: 
    select
        count(s1_0.id) 
    from
        shipments s1_0 
    where
        s1_0.status=?
Hibernate: 
    select
        count(s1_0.id) 
    from
        shipments s1_0 
    where
        s1_0.status=?
Hibernate: 
    select
        count(s1_0.id) 
    from
        shipments s1_0 
    where
        s1_0.status=?
Hibernate: 
    select
        count(s1_0.id) 
    from
        shipments s1_0 
    where
        s1_0.status=?
Hibernate: 
    select
        u1_0.id,
        u1_0.created_at,
        u1_0.email,
        u1_0.name,
        u1_0.password,
        u1_0.phone,
        u1_0.role 
    from
        users u1_0 
    where
        u1_0.email=?
Hibernate: 
    select
        count(s1_0.id) 
    from
        shipments s1_0 
    where
        s1_0.status=?
Hibernate: 
    select
        s1_0.id,
        s1_0.actual_delivery_time,
        s1_0.created_at,
        s1_0.created_by,
        s1_0.delivery_address,
        s1_0.destination_latitude,
        s1_0.destination_longitude,
        s1_0.estimated_delivery_time,
        s1_0.estimated_duration,
        s1_0.origin_latitude,
        s1_0.origin_longitude,
        s1_0.receiver_name,
        s1_0.route_polyline,
        s1_0.sender_address,
        s1_0.sender_name,
        s1_0.status,
        s1_0.total_distance,
        s1_0.tracking_number 
    from
        shipments s1_0 
    where
        s1_0.status=?
Hibernate: 
    select
        u1_0.id,
        u1_0.created_at,
        u1_0.email,
        u1_0.name,
        u1_0.password,
        u1_0.phone,
        u1_0.role 
    from
        users u1_0 
    where
        u1_0.email=?
Hibernate: 
    select
        s1_0.id,
        s1_0.actual_delivery_time,
        s1_0.created_at,
        s1_0.created_by,
        s1_0.delivery_address,
        s1_0.destination_latitude,
        s1_0.destination_longitude,
        s1_0.estimated_delivery_time,
        s1_0.estimated_duration,
        s1_0.origin_latitude,
        s1_0.origin_longitude,
        s1_0.receiver_name,
        s1_0.route_polyline,
        s1_0.sender_address,
        s1_0.sender_name,
        s1_0.status,
        s1_0.total_distance,
        s1_0.tracking_number 
    from
        shipments s1_0 
    where
        s1_0.created_at>?
Hibernate: 
    select
        s1_0.id,
        s1_0.actual_delivery_time,
        s1_0.created_at,
        s1_0.created_by,
        s1_0.delivery_address,
        s1_0.destination_latitude,
        s1_0.destination_longitude,
        s1_0.estimated_delivery_time,
        s1_0.estimated_duration,
        s1_0.origin_latitude,
        s1_0.origin_longitude,
        s1_0.receiver_name,
        s1_0.route_polyline,
        s1_0.sender_address,
        s1_0.sender_name,
        s1_0.status,
        s1_0.total_distance,
        s1_0.tracking_number 
    from
        shipments s1_0
Hibernate: 
    select
        u1_0.id,
        u1_0.created_at,
        u1_0.email,
        u1_0.name,
        u1_0.password,
        u1_0.phone,
        u1_0.role 
    from
        users u1_0 
    where
        u1_0.email=?
Hibernate: 
    select
        u1_0.id,
        u1_0.created_at,
        u1_0.email,
        u1_0.name,
        u1_0.password,
        u1_0.phone,
        u1_0.role 
    from
        users u1_0 
    where
        u1_0.email=?
Hibernate: 
    select
        s1_0.id,
        s1_0.actual_delivery_time,
        s1_0.created_at,
        s1_0.created_by,
        s1_0.delivery_address,
        s1_0.destination_latitude,
        s1_0.destination_longitude,
        s1_0.estimated_delivery_time,
        s1_0.estimated_duration,
        s1_0.origin_latitude,
        s1_0.origin_longitude,
        s1_0.receiver_name,
        s1_0.route_polyline,
        s1_0.sender_address,
        s1_0.sender_name,
        s1_0.status,
        s1_0.total_distance,
        s1_0.tracking_number 
    from
        shipments s1_0 
    where
        s1_0.created_at>?
Hibernate: 
    select
        s1_0.id,
        s1_0.actual_delivery_time,
        s1_0.created_at,
        s1_0.created_by,
        s1_0.delivery_address,
        s1_0.destination_latitude,
        s1_0.destination_longitude,
        s1_0.estimated_delivery_time,
        s1_0.estimated_duration,
        s1_0.origin_latitude,
        s1_0.origin_longitude,
        s1_0.receiver_name,
        s1_0.route_polyline,
        s1_0.sender_address,
        s1_0.sender_name,
        s1_0.status,
        s1_0.total_distance,
        s1_0.tracking_number 
    from
        shipments s1_0 
    where
        s1_0.actual_delivery_time>?
Hibernate: 
    select
        u1_0.id,
        u1_0.created_at,
        u1_0.email,
        u1_0.name,
        u1_0.password,
        u1_0.phone,
        u1_0.role 
    from
        users u1_0 
    where
        u1_0.email=?
Hibernate: 
    select
        u1_0.id,
        u1_0.created_at,
        u1_0.email,
        u1_0.name,
        u1_0.password,
        u1_0.phone,
        u1_0.role 
    from
        users u1_0 
    where
        u1_0.email=?
Hibernate: 
    select
        s1_0.id,
        s1_0.actual_delivery_time,
        s1_0.created_at,
        s1_0.created_by,
        s1_0.delivery_address,
        s1_0.destination_latitude,
        s1_0.destination_longitude,
        s1_0.estimated_delivery_time,
        s1_0.estimated_duration,
        s1_0.origin_latitude,
        s1_0.origin_longitude,
        s1_0.receiver_name,
        s1_0.route_polyline,
        s1_0.sender_address,
        s1_0.sender_name,
        s1_0.status,
        s1_0.total_distance,
        s1_0.tracking_number 
    from
        shipments s1_0 
    where
        s1_0.created_at>?
Hibernate: 
    select
        s1_0.id,
        s1_0.actual_delivery_time,
        s1_0.created_at,
        s1_0.created_by,
        s1_0.delivery_address,
        s1_0.destination_latitude,
        s1_0.destination_longitude,
        s1_0.estimated_delivery_time,
        s1_0.estimated_duration,
        s1_0.origin_latitude,
        s1_0.origin_longitude,
        s1_0.receiver_name,
        s1_0.route_polyline,
        s1_0.sender_address,
        s1_0.sender_name,
        s1_0.status,
        s1_0.total_distance,
        s1_0.tracking_number 
    from
        shipments s1_0 
    where
        s1_0.actual_delivery_time>?
Hibernate: 
    select
        u1_0.id,
        u1_0.created_at,
        u1_0.email,
        u1_0.name,
        u1_0.password,
        u1_0.phone,
        u1_0.role 
    from
        users u1_0 
    where
        u1_0.email=?
Hibernate: 
    select
        u1_0.id,
        u1_0.created_at,
        u1_0.email,
        u1_0.name,
        u1_0.password,
        u1_0.phone,
        u1_0.role 
    from
        users u1_0 
    where
        u1_0.email=?
Hibernate: 
    select
        s1_0.id,
        s1_0.actual_delivery_time,
        s1_0.created_at,
        s1_0.created_by,
        s1_0.delivery_address,
        s1_0.destination_latitude,
        s1_0.destination_longitude,
        s1_0.estimated_delivery_time,
        s1_0.estimated_duration,
        s1_0.origin_latitude,
        s1_0.origin_longitude,
        s1_0.receiver_name,
        s1_0.route_polyline,
        s1_0.sender_address,
        s1_0.sender_name,
        s1_0.status,
        s1_0.total_distance,
        s1_0.tracking_number 
    from
        shipments s1_0 
    where
        s1_0.created_at>?
Hibernate: 
    select
        u1_0.id,
        u1_0.created_at,
        u1_0.email,
        u1_0.name,
        u1_0.password,
        u1_0.phone,
        u1_0.role 
    from
        users u1_0 
    where
        u1_0.email=?
Hibernate: 
    select
        u1_0.id,
        u1_0.created_at,
        u1_0.email,
        u1_0.name,
        u1_0.password,
        u1_0.phone,
        u1_0.role 
    from
        users u1_0 
    where
        u1_0.email=?
Hibernate: 
    select
        s1_0.id,
        s1_0.actual_delivery_time,
        s1_0.created_at,
        s1_0.created_by,
        s1_0.delivery_address,
        s1_0.destination_latitude,
        s1_0.destination_longitude,
        s1_0.estimated_delivery_time,
        s1_0.estimated_duration,
        s1_0.origin_latitude,
        s1_0.origin_longitude,
        s1_0.receiver_name,
        s1_0.route_polyline,
        s1_0.sender_address,
        s1_0.sender_name,
        s1_0.status,
        s1_0.total_distance,
        s1_0.tracking_number 
    from
        shipments s1_0 
    where
        s1_0.created_at>?
Hibernate: 
    select
        s1_0.id,
        s1_0.actual_delivery_time,
        s1_0.created_at,
        s1_0.created_by,
        s1_0.delivery_address,
        s1_0.destination_latitude,
        s1_0.destination_longitude,
        s1_0.estimated_delivery_time,
        s1_0.estimated_duration,
        s1_0.origin_latitude,
        s1_0.origin_longitude,
        s1_0.receiver_name,
        s1_0.route_polyline,
        s1_0.sender_address,
        s1_0.sender_name,
        s1_0.status,
        s1_0.total_distance,
        s1_0.tracking_number 
    from
        shipments s1_0 
    where
        s1_0.status in (?, ?)
Hibernate: 
    insert 
    into
        route_history_points
        (latitude, longitude, progress, recorded_at, shipment_id, speed) 
    values
        (?, ?, ?, ?, ?, ?)
2026-08-12T17:24:49.537+05:30  INFO 27180 --- [shiptrack-backend] [MessageBroker-9] c.shiptrack.service.LiveTrackingService  : Broadcast location update for shipment 24: 15.335966278800006,74.01738699413816
Hibernate: 
    insert 
    into
        route_history_points
        (latitude, longitude, progress, recorded_at, shipment_id, speed) 
    values
        (?, ?, ?, ?, ?, ?)
2026-08-12T17:24:49.541+05:30  INFO 27180 --- [shiptrack-backend] [MessageBroker-9] c.shiptrack.service.LiveTrackingService  : Broadcast location update for shipment 52: 22.317287135080324,87.39752571390636
Hibernate: 
    select
        u1_0.id,
        u1_0.created_at,
        u1_0.email,
        u1_0.name,
        u1_0.password,
        u1_0.phone,
        u1_0.role 
    from
        users u1_0 
    where
        u1_0.email=?
Hibernate: 
    select
        u1_0.id,
        u1_0.created_at,
        u1_0.email,
        u1_0.name,
        u1_0.password,
        u1_0.phone,
        u1_0.role 
    from
        users u1_0 
    where
        u1_0.email=?
Hibernate: 
    select
        s1_0.id,
        s1_0.actual_delivery_time,
        s1_0.created_at,
        s1_0.created_by,
        s1_0.delivery_address,
        s1_0.destination_latitude,
        s1_0.destination_longitude,
        s1_0.estimated_delivery_time,
        s1_0.estimated_duration,
        s1_0.origin_latitude,
        s1_0.origin_longitude,
        s1_0.receiver_name,
        s1_0.route_polyline,
        s1_0.sender_address,
        s1_0.sender_name,
        s1_0.status,
        s1_0.total_distance,
        s1_0.tracking_number 
    from
        shipments s1_0 
    where
        s1_0.created_at>?
Hibernate: 
    select
        u1_0.id,
        u1_0.created_at,
        u1_0.email,
        u1_0.name,
        u1_0.password,
        u1_0.phone,
        u1_0.role 
    from
        users u1_0 
    where
        u1_0.email=?
Hibernate: 
    select
        u1_0.id,
        u1_0.created_at,
        u1_0.email,
        u1_0.name,
        u1_0.password,
        u1_0.phone,
        u1_0.role 
    from
        users u1_0 
    where
        u1_0.email=?
Hibernate: 
    select
        s1_0.id,
        s1_0.actual_delivery_time,
        s1_0.created_at,
        s1_0.created_by,
        s1_0.delivery_address,
        s1_0.destination_latitude,
        s1_0.destination_longitude,
        s1_0.estimated_delivery_time,
        s1_0.estimated_duration,
        s1_0.origin_latitude,
        s1_0.origin_longitude,
        s1_0.receiver_name,
        s1_0.route_polyline,
        s1_0.sender_address,
        s1_0.sender_name,
        s1_0.status,
        s1_0.total_distance,
        s1_0.tracking_number 
    from
        shipments s1_0 
    where
        s1_0.created_at>?
Hibernate: 
    select
        u1_0.id,
        u1_0.created_at,
        u1_0.email,
        u1_0.name,
        u1_0.password,
        u1_0.phone,
        u1_0.role 
    from
        users u1_0 
    where
        u1_0.email=?
Hibernate: 
    select
        u1_0.id,
        u1_0.created_at,
        u1_0.email,
        u1_0.name,
        u1_0.password,
        u1_0.phone,
        u1_0.role 
    from
        users u1_0 
    where
        u1_0.email=?
Hibernate: 
    select
        s1_0.id,
        s1_0.actual_delivery_time,
        s1_0.created_at,
        s1_0.created_by,
        s1_0.delivery_address,
        s1_0.destination_latitude,
        s1_0.destination_longitude,
        s1_0.estimated_delivery_time,
        s1_0.estimated_duration,
        s1_0.origin_latitude,
        s1_0.origin_longitude,
        s1_0.receiver_name,
        s1_0.route_polyline,
        s1_0.sender_address,
        s1_0.sender_name,
        s1_0.status,
        s1_0.total_distance,
        s1_0.tracking_number 
    from
        shipments s1_0 
    where
        s1_0.created_at>?
Hibernate: 
    select
        u1_0.id,
        u1_0.created_at,
        u1_0.email,
        u1_0.name,
        u1_0.password,
        u1_0.phone,
        u1_0.role 
    from
        users u1_0 
    where
        u1_0.email=?
Hibernate: 
    select
        u1_0.id,
        u1_0.created_at,
        u1_0.email,
        u1_0.name,
        u1_0.password,
        u1_0.phone,
        u1_0.role 
    from
        users u1_0 
    where
        u1_0.email=?
Hibernate: 
    select
        s1_0.id,
        s1_0.actual_delivery_time,
        s1_0.created_at,
        s1_0.created_by,
        s1_0.delivery_address,
        s1_0.destination_latitude,
        s1_0.destination_longitude,
        s1_0.estimated_delivery_time,
        s1_0.estimated_duration,
        s1_0.origin_latitude,
        s1_0.origin_longitude,
        s1_0.receiver_name,
        s1_0.route_polyline,
        s1_0.sender_address,
        s1_0.sender_name,
        s1_0.status,
        s1_0.total_distance,
        s1_0.tracking_number 
    from
        shipments s1_0 
    where
        s1_0.created_at>?
Hibernate: 
    select
        u1_0.id,
        u1_0.created_at,
        u1_0.email,
        u1_0.name,
        u1_0.password,
        u1_0.phone,
        u1_0.role 
    from
        users u1_0 
    where
        u1_0.email=?
Hibernate: 
    select
        u1_0.id,
        u1_0.created_at,
        u1_0.email,
        u1_0.name,
        u1_0.password,
        u1_0.phone,
        u1_0.role 
    from
        users u1_0 
    where
        u1_0.email=?
Hibernate: 
    select
        s1_0.id,
        s1_0.actual_delivery_time,
        s1_0.created_at,
        s1_0.created_by,
        s1_0.delivery_address,
        s1_0.destination_latitude,
        s1_0.destination_longitude,
        s1_0.estimated_delivery_time,
        s1_0.estimated_duration,
        s1_0.origin_latitude,
        s1_0.origin_longitude,
        s1_0.receiver_name,
        s1_0.route_polyline,
        s1_0.sender_address,
        s1_0.sender_name,
        s1_0.status,
        s1_0.total_distance,
        s1_0.tracking_number 
    from
        shipments s1_0 
    where
        s1_0.created_at>?
Hibernate: 
    select
        s1_0.id,
        s1_0.actual_delivery_time,
        s1_0.created_at,
        s1_0.created_by,
        s1_0.delivery_address,
        s1_0.destination_latitude,
        s1_0.destination_longitude,
        s1_0.estimated_delivery_time,
        s1_0.estimated_duration,
        s1_0.origin_latitude,
        s1_0.origin_longitude,
        s1_0.receiver_name,
        s1_0.route_polyline,
        s1_0.sender_address,
        s1_0.sender_name,
        s1_0.status,
        s1_0.total_distance,
        s1_0.tracking_number 
    from
        shipments s1_0 
    where
        s1_0.status in (?, ?)
Hibernate: 
    select
        s1_0.id,
        s1_0.actual_delivery_time,
        s1_0.created_at,
        s1_0.created_by,
        s1_0.delivery_address,
        s1_0.destination_latitude,
        s1_0.destination_longitude,
        s1_0.estimated_delivery_time,
        s1_0.estimated_duration,
        s1_0.origin_latitude,
        s1_0.origin_longitude,
        s1_0.receiver_name,
        s1_0.route_polyline,
        s1_0.sender_address,
        s1_0.sender_name,
        s1_0.status,
        s1_0.total_distance,
        s1_0.tracking_number 
    from
        shipments s1_0 
    where
        s1_0.status in (?, ?)
Hibernate: 
    select
        s1_0.id,
        s1_0.actual_delivery_time,
        s1_0.created_at,
        s1_0.created_by,
        s1_0.delivery_address,
        s1_0.destination_latitude,
        s1_0.destination_longitude,
        s1_0.estimated_delivery_time,
        s1_0.estimated_duration,
        s1_0.origin_latitude,
        s1_0.origin_longitude,
        s1_0.receiver_name,
        s1_0.route_polyline,
        s1_0.sender_address,
        s1_0.sender_name,
        s1_0.status,
        s1_0.total_distance,
        s1_0.tracking_number 
    from
        shipments s1_0 
    where
        s1_0.id=?
Hibernate: 
    insert 
    into
        route_history_points
        (latitude, longitude, progress, recorded_at, shipment_id, speed) 
    values
        (?, ?, ?, ?, ?, ?)
Hibernate: 
    select
        te1_0.id,
        te1_0.latitude,
        te1_0.longitude,
        te1_0.recorded_at,
        te1_0.shipment_id,
        te1_0.status 
    from
        tracking_events te1_0 
    left join
        shipments s1_0 
            on s1_0.id=te1_0.shipment_id 
    where
        s1_0.id=? 
    order by
        te1_0.recorded_at
2026-08-12T17:25:19.531+05:30  INFO 27180 --- [shiptrack-backend] [MessageBroker-5] c.shiptrack.service.LiveTrackingService  : Broadcast location update for shipment 24: 15.335966278800006,74.01738699413816
Hibernate: 
    select
        rhp1_0.id,
        rhp1_0.latitude,
        rhp1_0.longitude,
        rhp1_0.progress,
        rhp1_0.recorded_at,
        rhp1_0.shipment_id,
        rhp1_0.speed 
    from
        route_history_points rhp1_0 
    left join
        shipments s1_0 
            on s1_0.id=rhp1_0.shipment_id 
    where
        s1_0.id=? 
    order by
        rhp1_0.recorded_at desc 
    fetch
        first ? rows only
Hibernate: 
    insert 
    into
        route_history_points
        (latitude, longitude, progress, recorded_at, shipment_id, speed) 
    values
        (?, ?, ?, ?, ?, ?)
Hibernate: 
    select
        dp1_0.id,
        dp1_0.delay_minutes,
        dp1_0.delay_reason,
        dp1_0.detected_at,
        dp1_0.is_active,
        dp1_0.probability,
        dp1_0.shipment_id 
    from
        delay_predictions dp1_0 
    where
        dp1_0.shipment_id=? 
        and dp1_0.is_active 
    order by
        dp1_0.detected_at desc 
    fetch
        first ? rows only
2026-08-12T17:25:19.540+05:30  INFO 27180 --- [shiptrack-backend] [MessageBroker-5] c.shiptrack.service.LiveTrackingService  : Broadcast location update for shipment 52: 22.30529334365685,87.39681296393356
Hibernate: 
    select
        dp1_0.id,
        dp1_0.delay_minutes,
        dp1_0.delay_reason,
        dp1_0.detected_at,
        dp1_0.is_active,
        dp1_0.probability,
        dp1_0.shipment_id 
    from
        delay_predictions dp1_0 
    where
        dp1_0.shipment_id=? 
        and dp1_0.is_active
Hibernate: 
    select
        dp1_0.id,
        dp1_0.delay_minutes,
        dp1_0.delay_reason,
        dp1_0.detected_at,
        dp1_0.is_active,
        dp1_0.probability,
        dp1_0.shipment_id 
    from
        delay_predictions dp1_0 
    where
        dp1_0.id=?
Hibernate: 
    update
        delay_predictions 
    set
        delay_minutes=?,
        delay_reason=?,
        detected_at=?,
        is_active=?,
        probability=?,
        shipment_id=? 
    where
        id=?
2026-08-12T17:25:19.550+05:30  INFO 27180 --- [shiptrack-backend] [MessageBroker-7] c.s.service.DelayPredictionService       : Superseded 1 stale delay prediction(s) for shipment 22
Hibernate: 
    insert 
    into
        delay_predictions
        (delay_minutes, delay_reason, detected_at, is_active, probability, shipment_id) 
    values
        (?, ?, ?, ?, ?, ?)
2026-08-12T17:25:19.553+05:30  WARN 27180 --- [shiptrack-backend] [MessageBroker-7] c.shiptrack.service.LiveTrackingService  : Delay alert for shipment 22: No location update for 20103 minutes (120 min, 0.9% probability)
2026-08-12T17:25:19.553+05:30  WARN 27180 --- [shiptrack-backend] [MessageBroker-7] c.s.service.DelayPredictionService       : Delay detected for shipment 22: No location update for 20103 minutes (120 min)
Hibernate: 
    select
        s1_0.id,
        s1_0.actual_delivery_time,
        s1_0.created_at,
        s1_0.created_by,
        s1_0.delivery_address,
        s1_0.destination_latitude,
        s1_0.destination_longitude,
        s1_0.estimated_delivery_time,
        s1_0.estimated_duration,
        s1_0.origin_latitude,
        s1_0.origin_longitude,
        s1_0.receiver_name,
        s1_0.route_polyline,
        s1_0.sender_address,
        s1_0.sender_name,
        s1_0.status,
        s1_0.total_distance,
        s1_0.tracking_number 
    from
        shipments s1_0 
    where
        s1_0.id=?
Hibernate: 
    select
        te1_0.id,
        te1_0.latitude,
        te1_0.longitude,
        te1_0.recorded_at,
        te1_0.shipment_id,
        te1_0.status 
    from
        tracking_events te1_0 
    left join
        shipments s1_0 
            on s1_0.id=te1_0.shipment_id 
    where
        s1_0.id=? 
    order by
        te1_0.recorded_at
Hibernate: 
    select
        rhp1_0.id,
        rhp1_0.latitude,
        rhp1_0.longitude,
        rhp1_0.progress,
        rhp1_0.recorded_at,
        rhp1_0.shipment_id,
        rhp1_0.speed 
    from
        route_history_points rhp1_0 
    left join
        shipments s1_0 
            on s1_0.id=rhp1_0.shipment_id 
    where
        s1_0.id=? 
    order by
        rhp1_0.recorded_at desc 
    fetch
        first ? rows only
Hibernate: 
    select
        dp1_0.id,
        dp1_0.delay_minutes,
        dp1_0.delay_reason,
        dp1_0.detected_at,
        dp1_0.is_active,
        dp1_0.probability,
        dp1_0.shipment_id 
    from
        delay_predictions dp1_0 
    where
        dp1_0.shipment_id=? 
        and dp1_0.is_active 
    order by
        dp1_0.detected_at desc 
    fetch
        first ? rows only
Hibernate: 
    select
        dp1_0.id,
        dp1_0.delay_minutes,
        dp1_0.delay_reason,
        dp1_0.detected_at,
        dp1_0.is_active,
        dp1_0.probability,
        dp1_0.shipment_id 
    from
        delay_predictions dp1_0 
    where
        dp1_0.shipment_id=? 
        and dp1_0.is_active
Hibernate: 
    select
        dp1_0.id,
        dp1_0.delay_minutes,
        dp1_0.delay_reason,
        dp1_0.detected_at,
        dp1_0.is_active,
        dp1_0.probability,
        dp1_0.shipment_id 
    from
        delay_predictions dp1_0 
    where
        dp1_0.id=?
Hibernate: 
    update
        delay_predictions 
    set
        delay_minutes=?,
        delay_reason=?,
        detected_at=?,
        is_active=?,
        probability=?,
        shipment_id=? 
    where
        id=?
2026-08-12T17:25:19.565+05:30  INFO 27180 --- [shiptrack-backend] [MessageBroker-7] c.s.service.DelayPredictionService       : Superseded 1 stale delay prediction(s) for shipment 24
Hibernate: 
    insert 
    into
        delay_predictions
        (delay_minutes, delay_reason, detected_at, is_active, probability, shipment_id) 
    values
        (?, ?, ?, ?, ?, ?)
2026-08-12T17:25:19.567+05:30  WARN 27180 --- [shiptrack-backend] [MessageBroker-7] c.shiptrack.service.LiveTrackingService  : Delay alert for shipment 24: Shipment is behind schedule (22251 min, 0.95% probability)
2026-08-12T17:25:19.568+05:30  WARN 27180 --- [shiptrack-backend] [MessageBroker-7] c.s.service.DelayPredictionService       : Delay detected for shipment 24: Shipment is behind schedule (22251 min)
Hibernate: 
    select
        s1_0.id,
        s1_0.actual_delivery_time,
        s1_0.created_at,
        s1_0.created_by,
        s1_0.delivery_address,
        s1_0.destination_latitude,
        s1_0.destination_longitude,
        s1_0.estimated_delivery_time,
        s1_0.estimated_duration,
        s1_0.origin_latitude,
        s1_0.origin_longitude,
        s1_0.receiver_name,
        s1_0.route_polyline,
        s1_0.sender_address,
        s1_0.sender_name,
        s1_0.status,
        s1_0.total_distance,
        s1_0.tracking_number 
    from
        shipments s1_0 
    where
        s1_0.id=?
Hibernate: 
    select
        te1_0.id,
        te1_0.latitude,
        te1_0.longitude,
        te1_0.recorded_at,
        te1_0.shipment_id,
        te1_0.status 
    from
        tracking_events te1_0 
    left join
        shipments s1_0 
            on s1_0.id=te1_0.shipment_id 
    where
        s1_0.id=? 
    order by
        te1_0.recorded_at
Hibernate: 
    select
        rhp1_0.id,
        rhp1_0.latitude,
        rhp1_0.longitude,
        rhp1_0.progress,
        rhp1_0.recorded_at,
        rhp1_0.shipment_id,
        rhp1_0.speed 
    from
        route_history_points rhp1_0 
    left join
        shipments s1_0 
            on s1_0.id=rhp1_0.shipment_id 
    where
        s1_0.id=? 
    order by
        rhp1_0.recorded_at desc 
    fetch
        first ? rows only
2026-08-12T17:25:21.270+05:30  INFO 27180 --- [shiptrack-backend] [MessageBroker-7] com.shiptrack.service.GeocodingService   : OSRM route found: 615.1 km, 462 min
Hibernate: 
    select
        dp1_0.id,
        dp1_0.delay_minutes,
        dp1_0.delay_reason,
        dp1_0.detected_at,
        dp1_0.is_active,
        dp1_0.probability,
        dp1_0.shipment_id 
    from
        delay_predictions dp1_0 
    where
        dp1_0.shipment_id=? 
        and dp1_0.is_active
Hibernate: 
    select
        s1_0.id,
        s1_0.actual_delivery_time,
        s1_0.created_at,
        s1_0.created_by,
        s1_0.delivery_address,
        s1_0.destination_latitude,
        s1_0.destination_longitude,
        s1_0.estimated_delivery_time,
        s1_0.estimated_duration,
        s1_0.origin_latitude,
        s1_0.origin_longitude,
        s1_0.receiver_name,
        s1_0.route_polyline,
        s1_0.sender_address,
        s1_0.sender_name,
        s1_0.status,
        s1_0.total_distance,
        s1_0.tracking_number 
    from
        shipments s1_0 
    where
        s1_0.id=?
Hibernate: 
    select
        te1_0.id,
        te1_0.latitude,
        te1_0.longitude,
        te1_0.recorded_at,
        te1_0.shipment_id,
        te1_0.status 
    from
        tracking_events te1_0 
    left join
        shipments s1_0 
            on s1_0.id=te1_0.shipment_id 
    where
        s1_0.id=? 
    order by
        te1_0.recorded_at
Hibernate: 
    select
        rhp1_0.id,
        rhp1_0.latitude,
        rhp1_0.longitude,
        rhp1_0.progress,
        rhp1_0.recorded_at,
        rhp1_0.shipment_id,
        rhp1_0.speed 
    from
        route_history_points rhp1_0 
    left join
        shipments s1_0 
            on s1_0.id=rhp1_0.shipment_id 
    where
        s1_0.id=? 
    order by
        rhp1_0.recorded_at desc 
    fetch
        first ? rows only
Hibernate: 
    select
        dp1_0.id,
        dp1_0.delay_minutes,
        dp1_0.delay_reason,
        dp1_0.detected_at,
        dp1_0.is_active,
        dp1_0.probability,
        dp1_0.shipment_id 
    from
        delay_predictions dp1_0 
    where
        dp1_0.shipment_id=? 
        and dp1_0.is_active 
    order by
        dp1_0.detected_at desc 
    fetch
        first ? rows only
Hibernate: 
    select
        dp1_0.id,
        dp1_0.delay_minutes,
        dp1_0.delay_reason,
        dp1_0.detected_at,
        dp1_0.is_active,
        dp1_0.probability,
        dp1_0.shipment_id 
    from
        delay_predictions dp1_0 
    where
        dp1_0.shipment_id=? 
        and dp1_0.is_active
Hibernate: 
    select
        dp1_0.id,
        dp1_0.delay_minutes,
        dp1_0.delay_reason,
        dp1_0.detected_at,
        dp1_0.is_active,
        dp1_0.probability,
        dp1_0.shipment_id 
    from
        delay_predictions dp1_0 
    where
        dp1_0.id=?
Hibernate: 
    update
        delay_predictions 
    set
        delay_minutes=?,
        delay_reason=?,
        detected_at=?,
        is_active=?,
        probability=?,
        shipment_id=? 
    where
        id=?
2026-08-12T17:25:21.292+05:30  INFO 27180 --- [shiptrack-backend] [MessageBroker-7] c.s.service.DelayPredictionService       : Superseded 1 stale delay prediction(s) for shipment 53
Hibernate: 
    insert 
    into
        delay_predictions
        (delay_minutes, delay_reason, detected_at, is_active, probability, shipment_id) 
    values
        (?, ?, ?, ?, ?, ?)
2026-08-12T17:25:21.296+05:30  WARN 27180 --- [shiptrack-backend] [MessageBroker-7] c.shiptrack.service.LiveTrackingService  : Delay alert for shipment 53: No location update for 64 minutes (64 min, 0.7133333333333334% probability)
2026-08-12T17:25:21.296+05:30  WARN 27180 --- [shiptrack-backend] [MessageBroker-7] c.s.service.DelayPredictionService       : Delay detected for shipment 53: No location update for 64 minutes (64 min)
Hibernate: 
    select
        s1_0.id,
        s1_0.actual_delivery_time,
        s1_0.created_at,
        s1_0.created_by,
        s1_0.delivery_address,
        s1_0.destination_latitude,
        s1_0.destination_longitude,
        s1_0.estimated_delivery_time,
        s1_0.estimated_duration,
        s1_0.origin_latitude,
        s1_0.origin_longitude,
        s1_0.receiver_name,
        s1_0.route_polyline,
        s1_0.sender_address,
        s1_0.sender_name,
        s1_0.status,
        s1_0.total_distance,
        s1_0.tracking_number 
    from
        shipments s1_0 
    where
        s1_0.status in (?, ?)
Hibernate: 
    insert 
    into
        route_history_points
        (latitude, longitude, progress, recorded_at, shipment_id, speed) 
    values
        (?, ?, ?, ?, ?, ?)
2026-08-12T17:25:49.521+05:30  INFO 27180 --- [shiptrack-backend] [MessageBroker-4] c.shiptrack.service.LiveTrackingService  : Broadcast location update for shipment 24: 15.343746813096992,74.01219695088628
Hibernate: 
    insert 
    into
        route_history_points
        (latitude, longitude, progress, recorded_at, shipment_id, speed) 
    values
        (?, ?, ?, ?, ?, ?)
2026-08-12T17:25:49.525+05:30  INFO 27180 --- [shiptrack-backend] [MessageBroker-4] c.shiptrack.service.LiveTrackingService  : Broadcast location update for shipment 52: 22.30529334365685,87.39681296393356
Hibernate: 
    select
        s1_0.id,
        s1_0.actual_delivery_time,
        s1_0.created_at,
        s1_0.created_by,
        s1_0.delivery_address,
        s1_0.destination_latitude,
        s1_0.destination_longitude,
        s1_0.estimated_delivery_time,
        s1_0.estimated_duration,
        s1_0.origin_latitude,
        s1_0.origin_longitude,
        s1_0.receiver_name,
        s1_0.route_polyline,
        s1_0.sender_address,
        s1_0.sender_name,
        s1_0.status,
        s1_0.total_distance,
        s1_0.tracking_number 
    from
        shipments s1_0 
    where
        s1_0.status in (?, ?)
Hibernate: 
    select
        s1_0.id,
        s1_0.actual_delivery_time,
        s1_0.created_at,
        s1_0.created_by,
        s1_0.delivery_address,
        s1_0.destination_latitude,
        s1_0.destination_longitude,
        s1_0.estimated_delivery_time,
        s1_0.estimated_duration,
        s1_0.origin_latitude,
        s1_0.origin_longitude,
        s1_0.receiver_name,
        s1_0.route_polyline,
        s1_0.sender_address,
        s1_0.sender_name,
        s1_0.status,
        s1_0.total_distance,
        s1_0.tracking_number 
    from
        shipments s1_0 
    where
        s1_0.status in (?, ?)
Hibernate: 
    select
        s1_0.id,
        s1_0.actual_delivery_time,
        s1_0.created_at,
        s1_0.created_by,
        s1_0.delivery_address,
        s1_0.destination_latitude,
        s1_0.destination_longitude,
        s1_0.estimated_delivery_time,
        s1_0.estimated_duration,
        s1_0.origin_latitude,
        s1_0.origin_longitude,
        s1_0.receiver_name,
        s1_0.route_polyline,
        s1_0.sender_address,
        s1_0.sender_name,
        s1_0.status,
        s1_0.total_distance,
        s1_0.tracking_number 
    from
        shipments s1_0 
    where
        s1_0.id=?
Hibernate: 
    insert 
    into
        route_history_points
        (latitude, longitude, progress, recorded_at, shipment_id, speed) 
    values
        (?, ?, ?, ?, ?, ?)
Hibernate: 
    select
        te1_0.id,
        te1_0.latitude,
        te1_0.longitude,
        te1_0.recorded_at,
        te1_0.shipment_id,
        te1_0.status 
    from
        tracking_events te1_0 
    left join
        shipments s1_0 
            on s1_0.id=te1_0.shipment_id 
    where
        s1_0.id=? 
    order by
        te1_0.recorded_at
2026-08-12T17:26:19.525+05:30  INFO 27180 --- [shiptrack-backend] [essageBroker-10] c.shiptrack.service.LiveTrackingService  : Broadcast location update for shipment 24: 15.343746813096992,74.01219695088628
Hibernate: 
    select
        rhp1_0.id,
        rhp1_0.latitude,
        rhp1_0.longitude,
        rhp1_0.progress,
        rhp1_0.recorded_at,
        rhp1_0.shipment_id,
        rhp1_0.speed 
    from
        route_history_points rhp1_0 
    left join
        shipments s1_0 
            on s1_0.id=rhp1_0.shipment_id 
    where
        s1_0.id=? 
    order by
        rhp1_0.recorded_at desc 
    fetch
        first ? rows only
Hibernate: 
    insert 
    into
        route_history_points
        (latitude, longitude, progress, recorded_at, shipment_id, speed) 
    values
        (?, ?, ?, ?, ?, ?)
Hibernate: 
    select
        dp1_0.id,
        dp1_0.delay_minutes,
        dp1_0.delay_reason,
        dp1_0.detected_at,
        dp1_0.is_active,
        dp1_0.probability,
        dp1_0.shipment_id 
    from
        delay_predictions dp1_0 
    where
        dp1_0.shipment_id=? 
        and dp1_0.is_active 
    order by
        dp1_0.detected_at desc 
    fetch
        first ? rows only
2026-08-12T17:26:19.530+05:30  INFO 27180 --- [shiptrack-backend] [essageBroker-10] c.shiptrack.service.LiveTrackingService  : Broadcast location update for shipment 52: 22.293317712313332,87.39581964036157
Hibernate: 
    select
        dp1_0.id,
        dp1_0.delay_minutes,
        dp1_0.delay_reason,
        dp1_0.detected_at,
        dp1_0.is_active,
        dp1_0.probability,
        dp1_0.shipment_id 
    from
        delay_predictions dp1_0 
    where
        dp1_0.shipment_id=? 
        and dp1_0.is_active
Hibernate: 
    select
        dp1_0.id,
        dp1_0.delay_minutes,
        dp1_0.delay_reason,
        dp1_0.detected_at,
        dp1_0.is_active,
        dp1_0.probability,
        dp1_0.shipment_id 
    from
        delay_predictions dp1_0 
    where
        dp1_0.id=?
Hibernate: 
    update
        delay_predictions 
    set
        delay_minutes=?,
        delay_reason=?,
        detected_at=?,
        is_active=?,
        probability=?,
        shipment_id=? 
    where
        id=?
2026-08-12T17:26:19.534+05:30  INFO 27180 --- [shiptrack-backend] [essageBroker-12] c.s.service.DelayPredictionService       : Superseded 1 stale delay prediction(s) for shipment 22
Hibernate: 
    insert 
    into
        delay_predictions
        (delay_minutes, delay_reason, detected_at, is_active, probability, shipment_id) 
    values
        (?, ?, ?, ?, ?, ?)
2026-08-12T17:26:19.537+05:30  WARN 27180 --- [shiptrack-backend] [essageBroker-12] c.shiptrack.service.LiveTrackingService  : Delay alert for shipment 22: No location update for 20104 minutes (120 min, 0.9% probability)
2026-08-12T17:26:19.537+05:30  WARN 27180 --- [shiptrack-backend] [essageBroker-12] c.s.service.DelayPredictionService       : Delay detected for shipment 22: No location update for 20104 minutes (120 min)
Hibernate: 
    select
        s1_0.id,
        s1_0.actual_delivery_time,
        s1_0.created_at,
        s1_0.created_by,
        s1_0.delivery_address,
        s1_0.destination_latitude,
        s1_0.destination_longitude,
        s1_0.estimated_delivery_time,
        s1_0.estimated_duration,
        s1_0.origin_latitude,
        s1_0.origin_longitude,
        s1_0.receiver_name,
        s1_0.route_polyline,
        s1_0.sender_address,
        s1_0.sender_name,
        s1_0.status,
        s1_0.total_distance,
        s1_0.tracking_number 
    from
        shipments s1_0 
    where
        s1_0.id=?
Hibernate: 
    select
        te1_0.id,
        te1_0.latitude,
        te1_0.longitude,
        te1_0.recorded_at,
        te1_0.shipment_id,
        te1_0.status 
    from
        tracking_events te1_0 
    left join
        shipments s1_0 
            on s1_0.id=te1_0.shipment_id 
    where
        s1_0.id=? 
    order by
        te1_0.recorded_at
Hibernate: 
    select
        rhp1_0.id,
        rhp1_0.latitude,
        rhp1_0.longitude,
        rhp1_0.progress,
        rhp1_0.recorded_at,
        rhp1_0.shipment_id,
        rhp1_0.speed 
    from
        route_history_points rhp1_0 
    left join
        shipments s1_0 
            on s1_0.id=rhp1_0.shipment_id 
    where
        s1_0.id=? 
    order by
        rhp1_0.recorded_at desc 
    fetch
        first ? rows only
Hibernate: 
    select
        dp1_0.id,
        dp1_0.delay_minutes,
        dp1_0.delay_reason,
        dp1_0.detected_at,
        dp1_0.is_active,
        dp1_0.probability,
        dp1_0.shipment_id 
    from
        delay_predictions dp1_0 
    where
        dp1_0.shipment_id=? 
        and dp1_0.is_active 
    order by
        dp1_0.detected_at desc 
    fetch
        first ? rows only
Hibernate: 
    select
        dp1_0.id,
        dp1_0.delay_minutes,
        dp1_0.delay_reason,
        dp1_0.detected_at,
        dp1_0.is_active,
        dp1_0.probability,
        dp1_0.shipment_id 
    from
        delay_predictions dp1_0 
    where
        dp1_0.shipment_id=? 
        and dp1_0.is_active
Hibernate: 
    select
        dp1_0.id,
        dp1_0.delay_minutes,
        dp1_0.delay_reason,
        dp1_0.detected_at,
        dp1_0.is_active,
        dp1_0.probability,
        dp1_0.shipment_id 
    from
        delay_predictions dp1_0 
    where
        dp1_0.id=?
Hibernate: 
    update
        delay_predictions 
    set
        delay_minutes=?,
        delay_reason=?,
        detected_at=?,
        is_active=?,
        probability=?,
        shipment_id=? 
    where
        id=?
2026-08-12T17:26:19.547+05:30  INFO 27180 --- [shiptrack-backend] [essageBroker-12] c.s.service.DelayPredictionService       : Superseded 1 stale delay prediction(s) for shipment 24
Hibernate: 
    insert 
    into
        delay_predictions
        (delay_minutes, delay_reason, detected_at, is_active, probability, shipment_id) 
    values
        (?, ?, ?, ?, ?, ?)
2026-08-12T17:26:19.549+05:30  WARN 27180 --- [shiptrack-backend] [essageBroker-12] c.shiptrack.service.LiveTrackingService  : Delay alert for shipment 24: Shipment is behind schedule (22252 min, 0.95% probability)
2026-08-12T17:26:19.549+05:30  WARN 27180 --- [shiptrack-backend] [essageBroker-12] c.s.service.DelayPredictionService       : Delay detected for shipment 24: Shipment is behind schedule (22252 min)
Hibernate: 
    select
        s1_0.id,
        s1_0.actual_delivery_time,
        s1_0.created_at,
        s1_0.created_by,
        s1_0.delivery_address,
        s1_0.destination_latitude,
        s1_0.destination_longitude,
        s1_0.estimated_delivery_time,
        s1_0.estimated_duration,
        s1_0.origin_latitude,
        s1_0.origin_longitude,
        s1_0.receiver_name,
        s1_0.route_polyline,
        s1_0.sender_address,
        s1_0.sender_name,
        s1_0.status,
        s1_0.total_distance,
        s1_0.tracking_number 
    from
        shipments s1_0 
    where
        s1_0.id=?
Hibernate: 
    select
        te1_0.id,
        te1_0.latitude,
        te1_0.longitude,
        te1_0.recorded_at,
        te1_0.shipment_id,
        te1_0.status 
    from
        tracking_events te1_0 
    left join
        shipments s1_0 
            on s1_0.id=te1_0.shipment_id 
    where
        s1_0.id=? 
    order by
        te1_0.recorded_at
Hibernate: 
    select
        rhp1_0.id,
        rhp1_0.latitude,
        rhp1_0.longitude,
        rhp1_0.progress,
        rhp1_0.recorded_at,
        rhp1_0.shipment_id,
        rhp1_0.speed 
    from
        route_history_points rhp1_0 
    left join
        shipments s1_0 
            on s1_0.id=rhp1_0.shipment_id 
    where
        s1_0.id=? 
    order by
        rhp1_0.recorded_at desc 
    fetch
        first ? rows only
2026-08-12T17:26:21.432+05:30  INFO 27180 --- [shiptrack-backend] [essageBroker-12] com.shiptrack.service.GeocodingService   : OSRM route found: 615.1 km, 462 min
Hibernate: 
    select
        dp1_0.id,
        dp1_0.delay_minutes,
        dp1_0.delay_reason,
        dp1_0.detected_at,
        dp1_0.is_active,
        dp1_0.probability,
        dp1_0.shipment_id 
    from
        delay_predictions dp1_0 
    where
        dp1_0.shipment_id=? 
        and dp1_0.is_active
Hibernate: 
    select
        s1_0.id,
        s1_0.actual_delivery_time,
        s1_0.created_at,
        s1_0.created_by,
        s1_0.delivery_address,
        s1_0.destination_latitude,
        s1_0.destination_longitude,
        s1_0.estimated_delivery_time,
        s1_0.estimated_duration,
        s1_0.origin_latitude,
        s1_0.origin_longitude,
        s1_0.receiver_name,
        s1_0.route_polyline,
        s1_0.sender_address,
        s1_0.sender_name,
        s1_0.status,
        s1_0.total_distance,
        s1_0.tracking_number 
    from
        shipments s1_0 
    where
        s1_0.id=?
Hibernate: 
    select
        te1_0.id,
        te1_0.latitude,
        te1_0.longitude,
        te1_0.recorded_at,
        te1_0.shipment_id,
        te1_0.status 
    from
        tracking_events te1_0 
    left join
        shipments s1_0 
            on s1_0.id=te1_0.shipment_id 
    where
        s1_0.id=? 
    order by
        te1_0.recorded_at
Hibernate: 
    select
        rhp1_0.id,
        rhp1_0.latitude,
        rhp1_0.longitude,
        rhp1_0.progress,
        rhp1_0.recorded_at,
        rhp1_0.shipment_id,
        rhp1_0.speed 
    from
        route_history_points rhp1_0 
    left join
        shipments s1_0 
            on s1_0.id=rhp1_0.shipment_id 
    where
        s1_0.id=? 
    order by
        rhp1_0.recorded_at desc 
    fetch
        first ? rows only
Hibernate: 
    select
        dp1_0.id,
        dp1_0.delay_minutes,
        dp1_0.delay_reason,
        dp1_0.detected_at,
        dp1_0.is_active,
        dp1_0.probability,
        dp1_0.shipment_id 
    from
        delay_predictions dp1_0 
    where
        dp1_0.shipment_id=? 
        and dp1_0.is_active 
    order by
        dp1_0.detected_at desc 
    fetch
        first ? rows only
Hibernate: 
    select
        dp1_0.id,
        dp1_0.delay_minutes,
        dp1_0.delay_reason,
        dp1_0.detected_at,
        dp1_0.is_active,
        dp1_0.probability,
        dp1_0.shipment_id 
    from
        delay_predictions dp1_0 
    where
        dp1_0.shipment_id=? 
        and dp1_0.is_active
Hibernate: 
    select
        dp1_0.id,
        dp1_0.delay_minutes,
        dp1_0.delay_reason,
        dp1_0.detected_at,
        dp1_0.is_active,
        dp1_0.probability,
        dp1_0.shipment_id 
    from
        delay_predictions dp1_0 
    where
        dp1_0.id=?
Hibernate: 
    update
        delay_predictions 
    set
        delay_minutes=?,
        delay_reason=?,
        detected_at=?,
        is_active=?,
        probability=?,
        shipment_id=? 
    where
        id=?
2026-08-12T17:26:21.445+05:30  INFO 27180 --- [shiptrack-backend] [essageBroker-12] c.s.service.DelayPredictionService       : Superseded 1 stale delay prediction(s) for shipment 53
Hibernate: 
    insert 
    into
        delay_predictions
        (delay_minutes, delay_reason, detected_at, is_active, probability, shipment_id) 
    values
        (?, ?, ?, ?, ?, ?)
2026-08-12T17:26:21.447+05:30  WARN 27180 --- [shiptrack-backend] [essageBroker-12] c.shiptrack.service.LiveTrackingService  : Delay alert for shipment 53: No location update for 65 minutes (65 min, 0.7166666666666667% probability)
2026-08-12T17:26:21.448+05:30  WARN 27180 --- [shiptrack-backend] [essageBroker-12] c.s.service.DelayPredictionService       : Delay detected for shipment 53: No location update for 65 minutes (65 min)
Hibernate: 
    select
        s1_0.id,
        s1_0.actual_delivery_time,
        s1_0.created_at,
        s1_0.created_by,
        s1_0.delivery_address,
        s1_0.destination_latitude,
        s1_0.destination_longitude,
        s1_0.estimated_delivery_time,
        s1_0.estimated_duration,
        s1_0.origin_latitude,
        s1_0.origin_longitude,
        s1_0.receiver_name,
        s1_0.route_polyline,
        s1_0.sender_address,
        s1_0.sender_name,
        s1_0.status,
        s1_0.total_distance,
        s1_0.tracking_number 
    from
        shipments s1_0 
    where
        s1_0.status in (?, ?)
Hibernate: 
    insert 
    into
        route_history_points
        (latitude, longitude, progress, recorded_at, shipment_id, speed) 
    values
        (?, ?, ?, ?, ?, ?)
2026-08-12T17:26:49.540+05:30  INFO 27180 --- [shiptrack-backend] [MessageBroker-7] c.shiptrack.service.LiveTrackingService  : Broadcast location update for shipment 24: 15.350797669060459,74.00413327099537
Hibernate: 
    insert 
    into
        route_history_points
        (latitude, longitude, progress, recorded_at, shipment_id, speed) 
    values
        (?, ?, ?, ?, ?, ?)
2026-08-12T17:26:49.546+05:30  INFO 27180 --- [shiptrack-backend] [MessageBroker-7] c.shiptrack.service.LiveTrackingService  : Broadcast location update for shipment 52: 22.293317712313332,87.39581964036157
Hibernate: 
    select
        s1_0.id,
        s1_0.actual_delivery_time,
        s1_0.created_at,
        s1_0.created_by,
        s1_0.delivery_address,
        s1_0.destination_latitude,
        s1_0.destination_longitude,
        s1_0.estimated_delivery_time,
        s1_0.estimated_duration,
        s1_0.origin_latitude,
        s1_0.origin_longitude,
        s1_0.receiver_name,
        s1_0.route_polyline,
        s1_0.sender_address,
        s1_0.sender_name,
        s1_0.status,
        s1_0.total_distance,
        s1_0.tracking_number 
    from
        shipments s1_0 
    where
        s1_0.status in (?, ?)
Hibernate: 
    select
        s1_0.id,
        s1_0.actual_delivery_time,
        s1_0.created_at,
        s1_0.created_by,
        s1_0.delivery_address,
        s1_0.destination_latitude,
        s1_0.destination_longitude,
        s1_0.estimated_delivery_time,
        s1_0.estimated_duration,
        s1_0.origin_latitude,
        s1_0.origin_longitude,
        s1_0.receiver_name,
        s1_0.route_polyline,
        s1_0.sender_address,
        s1_0.sender_name,
        s1_0.status,
        s1_0.total_distance,
        s1_0.tracking_number 
    from
        shipments s1_0 
    where
        s1_0.status in (?, ?)
Hibernate: 
    select
        s1_0.id,
        s1_0.actual_delivery_time,
        s1_0.created_at,
        s1_0.created_by,
        s1_0.delivery_address,
        s1_0.destination_latitude,
        s1_0.destination_longitude,
        s1_0.estimated_delivery_time,
        s1_0.estimated_duration,
        s1_0.origin_latitude,
        s1_0.origin_longitude,
        s1_0.receiver_name,
        s1_0.route_polyline,
        s1_0.sender_address,
        s1_0.sender_name,
        s1_0.status,
        s1_0.total_distance,
        s1_0.tracking_number 
    from
        shipments s1_0 
    where
        s1_0.id=?
Hibernate: 
    insert 
    into
        route_history_points
        (latitude, longitude, progress, recorded_at, shipment_id, speed) 
    values
        (?, ?, ?, ?, ?, ?)
Hibernate: 
    select
        te1_0.id,
        te1_0.latitude,
        te1_0.longitude,
        te1_0.recorded_at,
        te1_0.shipment_id,
        te1_0.status 
    from
        tracking_events te1_0 
    left join
        shipments s1_0 
            on s1_0.id=te1_0.shipment_id 
    where
        s1_0.id=? 
    order by
        te1_0.recorded_at
2026-08-12T17:27:19.527+05:30  INFO 27180 --- [shiptrack-backend] [MessageBroker-2] c.shiptrack.service.LiveTrackingService  : Broadcast location update for shipment 24: 15.350797669060459,74.00413327099537
Hibernate: 
    insert 
    into
        route_history_points
        (latitude, longitude, progress, recorded_at, shipment_id, speed) 
    values
        (?, ?, ?, ?, ?, ?)
Hibernate: 
    select
        rhp1_0.id,
        rhp1_0.latitude,
        rhp1_0.longitude,
        rhp1_0.progress,
        rhp1_0.recorded_at,
        rhp1_0.shipment_id,
        rhp1_0.speed 
    from
        route_history_points rhp1_0 
    left join
        shipments s1_0 
            on s1_0.id=rhp1_0.shipment_id 
    where
        s1_0.id=? 
    order by
        rhp1_0.recorded_at desc 
    fetch
        first ? rows only
2026-08-12T17:27:19.534+05:30  INFO 27180 --- [shiptrack-backend] [MessageBroker-2] c.shiptrack.service.LiveTrackingService  : Broadcast location update for shipment 52: 22.281331745049815,87.39496551116743
Hibernate: 
    select
        dp1_0.id,
        dp1_0.delay_minutes,
        dp1_0.delay_reason,
        dp1_0.detected_at,
        dp1_0.is_active,
        dp1_0.probability,
        dp1_0.shipment_id 
    from
        delay_predictions dp1_0 
    where
        dp1_0.shipment_id=? 
        and dp1_0.is_active 
    order by
        dp1_0.detected_at desc 
    fetch
        first ? rows only
Hibernate: 
    select
        dp1_0.id,
        dp1_0.delay_minutes,
        dp1_0.delay_reason,
        dp1_0.detected_at,
        dp1_0.is_active,
        dp1_0.probability,
        dp1_0.shipment_id 
    from
        delay_predictions dp1_0 
    where
        dp1_0.shipment_id=? 
        and dp1_0.is_active
Hibernate: 
    select
        dp1_0.id,
        dp1_0.delay_minutes,
        dp1_0.delay_reason,
        dp1_0.detected_at,
        dp1_0.is_active,
        dp1_0.probability,
        dp1_0.shipment_id 
    from
        delay_predictions dp1_0 
    where
        dp1_0.id=?
Hibernate: 
    update
        delay_predictions 
    set
        delay_minutes=?,
        delay_reason=?,
        detected_at=?,
        is_active=?,
        probability=?,
        shipment_id=? 
    where
        id=?
2026-08-12T17:27:19.547+05:30  INFO 27180 --- [shiptrack-backend] [MessageBroker-9] c.s.service.DelayPredictionService       : Superseded 1 stale delay prediction(s) for shipment 22
Hibernate: 
    insert 
    into
        delay_predictions
        (delay_minutes, delay_reason, detected_at, is_active, probability, shipment_id) 
    values
        (?, ?, ?, ?, ?, ?)
2026-08-12T17:27:19.549+05:30  WARN 27180 --- [shiptrack-backend] [MessageBroker-9] c.shiptrack.service.LiveTrackingService  : Delay alert for shipment 22: No location update for 20105 minutes (120 min, 0.9% probability)
2026-08-12T17:27:19.549+05:30  WARN 27180 --- [shiptrack-backend] [MessageBroker-9] c.s.service.DelayPredictionService       : Delay detected for shipment 22: No location update for 20105 minutes (120 min)
Hibernate: 
    select
        s1_0.id,
        s1_0.actual_delivery_time,
        s1_0.created_at,
        s1_0.created_by,
        s1_0.delivery_address,
        s1_0.destination_latitude,
        s1_0.destination_longitude,
        s1_0.estimated_delivery_time,
        s1_0.estimated_duration,
        s1_0.origin_latitude,
        s1_0.origin_longitude,
        s1_0.receiver_name,
        s1_0.route_polyline,
        s1_0.sender_address,
        s1_0.sender_name,
        s1_0.status,
        s1_0.total_distance,
        s1_0.tracking_number 
    from
        shipments s1_0 
    where
        s1_0.id=?
Hibernate: 
    select
        te1_0.id,
        te1_0.latitude,
        te1_0.longitude,
        te1_0.recorded_at,
        te1_0.shipment_id,
        te1_0.status 
    from
        tracking_events te1_0 
    left join
        shipments s1_0 
            on s1_0.id=te1_0.shipment_id 
    where
        s1_0.id=? 
    order by
        te1_0.recorded_at
Hibernate: 
    select
        rhp1_0.id,
        rhp1_0.latitude,
        rhp1_0.longitude,
        rhp1_0.progress,
        rhp1_0.recorded_at,
        rhp1_0.shipment_id,
        rhp1_0.speed 
    from
        route_history_points rhp1_0 
    left join
        shipments s1_0 
            on s1_0.id=rhp1_0.shipment_id 
    where
        s1_0.id=? 
    order by
        rhp1_0.recorded_at desc 
    fetch
        first ? rows only
Hibernate: 
    select
        dp1_0.id,
        dp1_0.delay_minutes,
        dp1_0.delay_reason,
        dp1_0.detected_at,
        dp1_0.is_active,
        dp1_0.probability,
        dp1_0.shipment_id 
    from
        delay_predictions dp1_0 
    where
        dp1_0.shipment_id=? 
        and dp1_0.is_active 
    order by
        dp1_0.detected_at desc 
    fetch
        first ? rows only
Hibernate: 
    select
        dp1_0.id,
        dp1_0.delay_minutes,
        dp1_0.delay_reason,
        dp1_0.detected_at,
        dp1_0.is_active,
        dp1_0.probability,
        dp1_0.shipment_id 
    from
        delay_predictions dp1_0 
    where
        dp1_0.shipment_id=? 
        and dp1_0.is_active
Hibernate: 
    select
        dp1_0.id,
        dp1_0.delay_minutes,
        dp1_0.delay_reason,
        dp1_0.detected_at,
        dp1_0.is_active,
        dp1_0.probability,
        dp1_0.shipment_id 
    from
        delay_predictions dp1_0 
    where
        dp1_0.id=?
Hibernate: 
    update
        delay_predictions 
    set
        delay_minutes=?,
        delay_reason=?,
        detected_at=?,
        is_active=?,
        probability=?,
        shipment_id=? 
    where
        id=?
2026-08-12T17:27:19.558+05:30  INFO 27180 --- [shiptrack-backend] [MessageBroker-9] c.s.service.DelayPredictionService       : Superseded 1 stale delay prediction(s) for shipment 24
Hibernate: 
    insert 
    into
        delay_predictions
        (delay_minutes, delay_reason, detected_at, is_active, probability, shipment_id) 
    values
        (?, ?, ?, ?, ?, ?)
2026-08-12T17:27:19.560+05:30  WARN 27180 --- [shiptrack-backend] [MessageBroker-9] c.shiptrack.service.LiveTrackingService  : Delay alert for shipment 24: Shipment is behind schedule (22253 min, 0.95% probability)
2026-08-12T17:27:19.560+05:30  WARN 27180 --- [shiptrack-backend] [MessageBroker-9] c.s.service.DelayPredictionService       : Delay detected for shipment 24: Shipment is behind schedule (22253 min)
Hibernate: 
    select
        s1_0.id,
        s1_0.actual_delivery_time,
        s1_0.created_at,
        s1_0.created_by,
        s1_0.delivery_address,
        s1_0.destination_latitude,
        s1_0.destination_longitude,
        s1_0.estimated_delivery_time,
        s1_0.estimated_duration,
        s1_0.origin_latitude,
        s1_0.origin_longitude,
        s1_0.receiver_name,
        s1_0.route_polyline,
        s1_0.sender_address,
        s1_0.sender_name,
        s1_0.status,
        s1_0.total_distance,
        s1_0.tracking_number 
    from
        shipments s1_0 
    where
        s1_0.id=?
Hibernate: 
    select
        te1_0.id,
        te1_0.latitude,
        te1_0.longitude,
        te1_0.recorded_at,
        te1_0.shipment_id,
        te1_0.status 
    from
        tracking_events te1_0 
    left join
        shipments s1_0 
            on s1_0.id=te1_0.shipment_id 
    where
        s1_0.id=? 
    order by
        te1_0.recorded_at
Hibernate: 
    select
        rhp1_0.id,
        rhp1_0.latitude,
        rhp1_0.longitude,
        rhp1_0.progress,
        rhp1_0.recorded_at,
        rhp1_0.shipment_id,
        rhp1_0.speed 
    from
        route_history_points rhp1_0 
    left join
        shipments s1_0 
            on s1_0.id=rhp1_0.shipment_id 
    where
        s1_0.id=? 
    order by
        rhp1_0.recorded_at desc 
    fetch
        first ? rows only
2026-08-12T17:27:21.273+05:30  INFO 27180 --- [shiptrack-backend] [MessageBroker-9] com.shiptrack.service.GeocodingService   : OSRM route found: 615.1 km, 462 min
Hibernate: 
    select
        dp1_0.id,
        dp1_0.delay_minutes,
        dp1_0.delay_reason,
        dp1_0.detected_at,
        dp1_0.is_active,
        dp1_0.probability,
        dp1_0.shipment_id 
    from
        delay_predictions dp1_0 
    where
        dp1_0.shipment_id=? 
        and dp1_0.is_active
Hibernate: 
    select
        s1_0.id,
        s1_0.actual_delivery_time,
        s1_0.created_at,
        s1_0.created_by,
        s1_0.delivery_address,
        s1_0.destination_latitude,
        s1_0.destination_longitude,
        s1_0.estimated_delivery_time,
        s1_0.estimated_duration,
        s1_0.origin_latitude,
        s1_0.origin_longitude,
        s1_0.receiver_name,
        s1_0.route_polyline,
        s1_0.sender_address,
        s1_0.sender_name,
        s1_0.status,
        s1_0.total_distance,
        s1_0.tracking_number 
    from
        shipments s1_0 
    where
        s1_0.id=?
Hibernate: 
    select
        te1_0.id,
        te1_0.latitude,
        te1_0.longitude,
        te1_0.recorded_at,
        te1_0.shipment_id,
        te1_0.status 
    from
        tracking_events te1_0 
    left join
        shipments s1_0 
            on s1_0.id=te1_0.shipment_id 
    where
        s1_0.id=? 
    order by
        te1_0.recorded_at
Hibernate: 
    select
        rhp1_0.id,
        rhp1_0.latitude,
        rhp1_0.longitude,
        rhp1_0.progress,
        rhp1_0.recorded_at,
        rhp1_0.shipment_id,
        rhp1_0.speed 
    from
        route_history_points rhp1_0 
    left join
        shipments s1_0 
            on s1_0.id=rhp1_0.shipment_id 
    where
        s1_0.id=? 
    order by
        rhp1_0.recorded_at desc 
    fetch
        first ? rows only
Hibernate: 
    select
        dp1_0.id,
        dp1_0.delay_minutes,
        dp1_0.delay_reason,
        dp1_0.detected_at,
        dp1_0.is_active,
        dp1_0.probability,
        dp1_0.shipment_id 
    from
        delay_predictions dp1_0 
    where
        dp1_0.shipment_id=? 
        and dp1_0.is_active 
    order by
        dp1_0.detected_at desc 
    fetch
        first ? rows only
Hibernate: 
    select
        dp1_0.id,
        dp1_0.delay_minutes,
        dp1_0.delay_reason,
        dp1_0.detected_at,
        dp1_0.is_active,
        dp1_0.probability,
        dp1_0.shipment_id 
    from
        delay_predictions dp1_0 
    where
        dp1_0.shipment_id=? 
        and dp1_0.is_active
Hibernate: 
    select
        dp1_0.id,
        dp1_0.delay_minutes,
        dp1_0.delay_reason,
        dp1_0.detected_at,
        dp1_0.is_active,
        dp1_0.probability,
        dp1_0.shipment_id 
    from
        delay_predictions dp1_0 
    where
        dp1_0.id=?
Hibernate: 
    update
        delay_predictions 
    set
        delay_minutes=?,
        delay_reason=?,
        detected_at=?,
        is_active=?,
        probability=?,
        shipment_id=? 
    where
        id=?
2026-08-12T17:27:21.291+05:30  INFO 27180 --- [shiptrack-backend] [MessageBroker-9] c.s.service.DelayPredictionService       : Superseded 1 stale delay prediction(s) for shipment 53
Hibernate: 
    insert 
    into
        delay_predictions
        (delay_minutes, delay_reason, detected_at, is_active, probability, shipment_id) 
    values
        (?, ?, ?, ?, ?, ?)
2026-08-12T17:27:21.293+05:30  WARN 27180 --- [shiptrack-backend] [MessageBroker-9] c.shiptrack.service.LiveTrackingService  : Delay alert for shipment 53: No location update for 66 minutes (66 min, 0.72% probability)
2026-08-12T17:27:21.293+05:30  WARN 27180 --- [shiptrack-backend] [MessageBroker-9] c.s.service.DelayPredictionService       : Delay detected for shipment 53: No location update for 66 minutes (66 min)
Hibernate: 
    select
        u1_0.id,
        u1_0.created_at,
        u1_0.email,
        u1_0.name,
        u1_0.password,
        u1_0.phone,
        u1_0.role 
    from
        users u1_0 
    where
        u1_0.email=?
Hibernate: 
    select
        u1_0.id,
        u1_0.created_at,
        u1_0.email,
        u1_0.name,
        u1_0.password,
        u1_0.phone,
        u1_0.role 
    from
        users u1_0 
    where
        u1_0.email=?
Hibernate: 
    select
        sq1_0.id,
        sq1_0.created_at,
        sq1_0.created_by,
        sq1_0.message,
        sq1_0.resolved_at,
        sq1_0.resolved_by,
        sq1_0.responded_at,
        sq1_0.responded_by,
        sq1_0.response,
        sq1_0.status,
        sq1_0.subject,
        sq1_0.tracking_number 
    from
        support_queries sq1_0 
    order by
        sq1_0.created_at desc
Hibernate: 
    select
        sm1_0.id,
        sm1_0.content,
        sm1_0.query_id,
        sm1_0.sender_id,
        sm1_0.sent_at 
    from
        support_messages sm1_0 
    left join
        support_queries q1_0 
            on q1_0.id=sm1_0.query_id 
    where
        q1_0.id=? 
    order by
        sm1_0.sent_at
Hibernate: 
    select
        u1_0.id,
        u1_0.created_at,
        u1_0.email,
        u1_0.name,
        u1_0.password,
        u1_0.phone,
        u1_0.role 
    from
        users u1_0 
    where
        u1_0.id=?
Hibernate: 
    select
        sm1_0.id,
        sm1_0.content,
        sm1_0.query_id,
        sm1_0.sender_id,
        sm1_0.sent_at 
    from
        support_messages sm1_0 
    left join
        support_queries q1_0 
            on q1_0.id=sm1_0.query_id 
    where
        q1_0.id=? 
    order by
        sm1_0.sent_at
Hibernate: 
    select
        sm1_0.id,
        sm1_0.content,
        sm1_0.query_id,
        sm1_0.sender_id,
        sm1_0.sent_at 
    from
        support_messages sm1_0 
    left join
        support_queries q1_0 
            on q1_0.id=sm1_0.query_id 
    where
        q1_0.id=? 
    order by
        sm1_0.sent_at
Hibernate: 
    select
        u1_0.id,
        u1_0.created_at,
        u1_0.email,
        u1_0.name,
        u1_0.password,
        u1_0.phone,
        u1_0.role 
    from
        users u1_0 
    where
        u1_0.id=?
Hibernate: 
    select
        sm1_0.id,
        sm1_0.content,
        sm1_0.query_id,
        sm1_0.sender_id,
        sm1_0.sent_at 
    from
        support_messages sm1_0 
    left join
        support_queries q1_0 
            on q1_0.id=sm1_0.query_id 
    where
        q1_0.id=? 
    order by
        sm1_0.sent_at
Hibernate: 
    select
        sm1_0.id,
        sm1_0.content,
        sm1_0.query_id,
        sm1_0.sender_id,
        sm1_0.sent_at 
    from
        support_messages sm1_0 
    left join
        support_queries q1_0 
            on q1_0.id=sm1_0.query_id 
    where
        q1_0.id=? 
    order by
        sm1_0.sent_at
Hibernate: 
    select
        u1_0.id,
        u1_0.created_at,
        u1_0.email,
        u1_0.name,
        u1_0.password,
        u1_0.phone,
        u1_0.role 
    from
        users u1_0 
    where
        u1_0.email=?
Hibernate: 
    select
        u1_0.id,
        u1_0.created_at,
        u1_0.email,
        u1_0.name,
        u1_0.password,
        u1_0.phone,
        u1_0.role 
    from
        users u1_0 
    where
        u1_0.email=?
Hibernate: 
    select
        sq1_0.id,
        sq1_0.created_at,
        sq1_0.created_by,
        sq1_0.message,
        sq1_0.resolved_at,
        sq1_0.resolved_by,
        sq1_0.responded_at,
        sq1_0.responded_by,
        sq1_0.response,
        sq1_0.status,
        sq1_0.subject,
        sq1_0.tracking_number 
    from
        support_queries sq1_0 
    order by
        sq1_0.created_at desc
Hibernate: 
    select
        sm1_0.id,
        sm1_0.content,
        sm1_0.query_id,
        sm1_0.sender_id,
        sm1_0.sent_at 
    from
        support_messages sm1_0 
    left join
        support_queries q1_0 
            on q1_0.id=sm1_0.query_id 
    where
        q1_0.id=? 
    order by
        sm1_0.sent_at
Hibernate: 
    select
        u1_0.id,
        u1_0.created_at,
        u1_0.email,
        u1_0.name,
        u1_0.password,
        u1_0.phone,
        u1_0.role 
    from
        users u1_0 
    where
        u1_0.id=?
Hibernate: 
    select
        sm1_0.id,
        sm1_0.content,
        sm1_0.query_id,
        sm1_0.sender_id,
        sm1_0.sent_at 
    from
        support_messages sm1_0 
    left join
        support_queries q1_0 
            on q1_0.id=sm1_0.query_id 
    where
        q1_0.id=? 
    order by
        sm1_0.sent_at
Hibernate: 
    select
        sm1_0.id,
        sm1_0.content,
        sm1_0.query_id,
        sm1_0.sender_id,
        sm1_0.sent_at 
    from
        support_messages sm1_0 
    left join
        support_queries q1_0 
            on q1_0.id=sm1_0.query_id 
    where
        q1_0.id=? 
    order by
        sm1_0.sent_at
Hibernate: 
    select
        u1_0.id,
        u1_0.created_at,
        u1_0.email,
        u1_0.name,
        u1_0.password,
        u1_0.phone,
        u1_0.role 
    from
        users u1_0 
    where
        u1_0.id=?
Hibernate: 
    select
        sm1_0.id,
        sm1_0.content,
        sm1_0.query_id,
        sm1_0.sender_id,
        sm1_0.sent_at 
    from
        support_messages sm1_0 
    left join
        support_queries q1_0 
            on q1_0.id=sm1_0.query_id 
    where
        q1_0.id=? 
    order by
        sm1_0.sent_at
Hibernate: 
    select
        sm1_0.id,
        sm1_0.content,
        sm1_0.query_id,
        sm1_0.sender_id,
        sm1_0.sent_at 
    from
        support_messages sm1_0 
    left join
        support_queries q1_0 
            on q1_0.id=sm1_0.query_id 
    where
        q1_0.id=? 
    order by
        sm1_0.sent_at
Hibernate: 
    select
        u1_0.id,
        u1_0.created_at,
        u1_0.email,
        u1_0.name,
        u1_0.password,
        u1_0.phone,
        u1_0.role 
    from
        users u1_0 
    where
        u1_0.email=?
Hibernate: 
    select
        u1_0.id,
        u1_0.created_at,
        u1_0.email,
        u1_0.name,
        u1_0.password,
        u1_0.phone,
        u1_0.role 
    from
        users u1_0 
    where
        u1_0.email=?
Hibernate: 
    select
        u1_0.id,
        u1_0.created_at,
        u1_0.email,
        u1_0.name,
        u1_0.password,
        u1_0.phone,
        u1_0.role 
    from
        users u1_0
Hibernate: 
    select
        u1_0.id,
        u1_0.created_at,
        u1_0.email,
        u1_0.name,
        u1_0.password,
        u1_0.phone,
        u1_0.role 
    from
        users u1_0 
    where
        u1_0.email=?
Hibernate: 
    select
        u1_0.id,
        u1_0.created_at,
        u1_0.email,
        u1_0.name,
        u1_0.password,
        u1_0.phone,
        u1_0.role 
    from
        users u1_0 
    where
        u1_0.email=?
Hibernate: 
    select
        u1_0.id,
        u1_0.created_at,
        u1_0.email,
        u1_0.name,
        u1_0.password,
        u1_0.phone,
        u1_0.role 
    from
        users u1_0
Hibernate: 
    select
        u1_0.id,
        u1_0.created_at,
        u1_0.email,
        u1_0.name,
        u1_0.password,
        u1_0.phone,
        u1_0.role 
    from
        users u1_0 
    where
        u1_0.email=?
Hibernate: 
    select
        u1_0.id,
        u1_0.created_at,
        u1_0.email,
        u1_0.name,
        u1_0.password,
        u1_0.phone,
        u1_0.role 
    from
        users u1_0 
    where
        u1_0.email=?
Hibernate: 
    select
        pod1_0.id,
        pod1_0.captured_at,
        pod1_0.captured_by,
        pod1_0.item_image_data,
        pod1_0.item_image_hash,
        pod1_0.method,
        pod1_0.notes,
        pod1_0.recipient_name,
        pod1_0.shipment_id,
        pod1_0.signature_data,
        pod1_0.signature_hash,
        pod1_0.verification_notes,
        pod1_0.verification_status,
        pod1_0.verified_at,
        pod1_0.verified_by 
    from
        proof_of_deliveries pod1_0 
    order by
        pod1_0.captured_at desc
Hibernate: 
    select
        u1_0.id,
        u1_0.created_at,
        u1_0.email,
        u1_0.name,
        u1_0.password,
        u1_0.phone,
        u1_0.role 
    from
        users u1_0 
    where
        u1_0.id=?
Hibernate: 
    select
        s1_0.id,
        s1_0.actual_delivery_time,
        s1_0.created_at,
        s1_0.created_by,
        s1_0.delivery_address,
        s1_0.destination_latitude,
        s1_0.destination_longitude,
        s1_0.estimated_delivery_time,
        s1_0.estimated_duration,
        s1_0.origin_latitude,
        s1_0.origin_longitude,
        s1_0.receiver_name,
        s1_0.route_polyline,
        s1_0.sender_address,
        s1_0.sender_name,
        s1_0.status,
        s1_0.total_distance,
        s1_0.tracking_number 
    from
        shipments s1_0 
    where
        s1_0.id=?
Hibernate: 
    select
        s1_0.id,
        s1_0.actual_delivery_time,
        s1_0.created_at,
        s1_0.created_by,
        s1_0.delivery_address,
        s1_0.destination_latitude,
        s1_0.destination_longitude,
        s1_0.estimated_delivery_time,
        s1_0.estimated_duration,
        s1_0.origin_latitude,
        s1_0.origin_longitude,
        s1_0.receiver_name,
        s1_0.route_polyline,
        s1_0.sender_address,
        s1_0.sender_name,
        s1_0.status,
        s1_0.total_distance,
        s1_0.tracking_number 
    from
        shipments s1_0 
    where
        s1_0.id=?
Hibernate: 
    select
        s1_0.id,
        s1_0.actual_delivery_time,
        s1_0.created_at,
        s1_0.created_by,
        s1_0.delivery_address,
        s1_0.destination_latitude,
        s1_0.destination_longitude,
        s1_0.estimated_delivery_time,
        s1_0.estimated_duration,
        s1_0.origin_latitude,
        s1_0.origin_longitude,
        s1_0.receiver_name,
        s1_0.route_polyline,
        s1_0.sender_address,
        s1_0.sender_name,
        s1_0.status,
        s1_0.total_distance,
        s1_0.tracking_number 
    from
        shipments s1_0 
    where
        s1_0.id=?
Hibernate: 
    select
        s1_0.id,
        s1_0.actual_delivery_time,
        s1_0.created_at,
        s1_0.created_by,
        s1_0.delivery_address,
        s1_0.destination_latitude,
        s1_0.destination_longitude,
        s1_0.estimated_delivery_time,
        s1_0.estimated_duration,
        s1_0.origin_latitude,
        s1_0.origin_longitude,
        s1_0.receiver_name,
        s1_0.route_polyline,
        s1_0.sender_address,
        s1_0.sender_name,
        s1_0.status,
        s1_0.total_distance,
        s1_0.tracking_number 
    from
        shipments s1_0 
    where
        s1_0.id=?
Hibernate: 
    select
        s1_0.id,
        s1_0.actual_delivery_time,
        s1_0.created_at,
        s1_0.created_by,
        s1_0.delivery_address,
        s1_0.destination_latitude,
        s1_0.destination_longitude,
        s1_0.estimated_delivery_time,
        s1_0.estimated_duration,
        s1_0.origin_latitude,
        s1_0.origin_longitude,
        s1_0.receiver_name,
        s1_0.route_polyline,
        s1_0.sender_address,
        s1_0.sender_name,
        s1_0.status,
        s1_0.total_distance,
        s1_0.tracking_number 
    from
        shipments s1_0 
    where
        s1_0.id=?
Hibernate: 
    select
        s1_0.id,
        s1_0.actual_delivery_time,
        s1_0.created_at,
        s1_0.created_by,
        s1_0.delivery_address,
        s1_0.destination_latitude,
        s1_0.destination_longitude,
        s1_0.estimated_delivery_time,
        s1_0.estimated_duration,
        s1_0.origin_latitude,
        s1_0.origin_longitude,
        s1_0.receiver_name,
        s1_0.route_polyline,
        s1_0.sender_address,
        s1_0.sender_name,
        s1_0.status,
        s1_0.total_distance,
        s1_0.tracking_number 
    from
        shipments s1_0 
    where
        s1_0.id=?
Hibernate: 
    select
        u1_0.id,
        u1_0.created_at,
        u1_0.email,
        u1_0.name,
        u1_0.password,
        u1_0.phone,
        u1_0.role 
    from
        users u1_0 
    where
        u1_0.email=?
Hibernate: 
    select
        u1_0.id,
        u1_0.created_at,
        u1_0.email,
        u1_0.name,
        u1_0.password,
        u1_0.phone,
        u1_0.role 
    from
        users u1_0 
    where
        u1_0.email=?
Hibernate: 
    select
        pod1_0.id,
        pod1_0.captured_at,
        pod1_0.captured_by,
        pod1_0.item_image_data,
        pod1_0.item_image_hash,
        pod1_0.method,
        pod1_0.notes,
        pod1_0.recipient_name,
        pod1_0.shipment_id,
        pod1_0.signature_data,
        pod1_0.signature_hash,
        pod1_0.verification_notes,
        pod1_0.verification_status,
        pod1_0.verified_at,
        pod1_0.verified_by 
    from
        proof_of_deliveries pod1_0 
    order by
        pod1_0.captured_at desc
Hibernate: 
    select
        u1_0.id,
        u1_0.created_at,
        u1_0.email,
        u1_0.name,
        u1_0.password,
        u1_0.phone,
        u1_0.role 
    from
        users u1_0 
    where
        u1_0.id=?
Hibernate: 
    select
        s1_0.id,
        s1_0.actual_delivery_time,
        s1_0.created_at,
        s1_0.created_by,
        s1_0.delivery_address,
        s1_0.destination_latitude,
        s1_0.destination_longitude,
        s1_0.estimated_delivery_time,
        s1_0.estimated_duration,
        s1_0.origin_latitude,
        s1_0.origin_longitude,
        s1_0.receiver_name,
        s1_0.route_polyline,
        s1_0.sender_address,
        s1_0.sender_name,
        s1_0.status,
        s1_0.total_distance,
        s1_0.tracking_number 
    from
        shipments s1_0 
    where
        s1_0.id=?
Hibernate: 
    select
        s1_0.id,
        s1_0.actual_delivery_time,
        s1_0.created_at,
        s1_0.created_by,
        s1_0.delivery_address,
        s1_0.destination_latitude,
        s1_0.destination_longitude,
        s1_0.estimated_delivery_time,
        s1_0.estimated_duration,
        s1_0.origin_latitude,
        s1_0.origin_longitude,
        s1_0.receiver_name,
        s1_0.route_polyline,
        s1_0.sender_address,
        s1_0.sender_name,
        s1_0.status,
        s1_0.total_distance,
        s1_0.tracking_number 
    from
        shipments s1_0 
    where
        s1_0.id=?
Hibernate: 
    select
        s1_0.id,
        s1_0.actual_delivery_time,
        s1_0.created_at,
        s1_0.created_by,
        s1_0.delivery_address,
        s1_0.destination_latitude,
        s1_0.destination_longitude,
        s1_0.estimated_delivery_time,
        s1_0.estimated_duration,
        s1_0.origin_latitude,
        s1_0.origin_longitude,
        s1_0.receiver_name,
        s1_0.route_polyline,
        s1_0.sender_address,
        s1_0.sender_name,
        s1_0.status,
        s1_0.total_distance,
        s1_0.tracking_number 
    from
        shipments s1_0 
    where
        s1_0.id=?
Hibernate: 
    select
        s1_0.id,
        s1_0.actual_delivery_time,
        s1_0.created_at,
        s1_0.created_by,
        s1_0.delivery_address,
        s1_0.destination_latitude,
        s1_0.destination_longitude,
        s1_0.estimated_delivery_time,
        s1_0.estimated_duration,
        s1_0.origin_latitude,
        s1_0.origin_longitude,
        s1_0.receiver_name,
        s1_0.route_polyline,
        s1_0.sender_address,
        s1_0.sender_name,
        s1_0.status,
        s1_0.total_distance,
        s1_0.tracking_number 
    from
        shipments s1_0 
    where
        s1_0.id=?
Hibernate: 
    select
        s1_0.id,
        s1_0.actual_delivery_time,
        s1_0.created_at,
        s1_0.created_by,
        s1_0.delivery_address,
        s1_0.destination_latitude,
        s1_0.destination_longitude,
        s1_0.estimated_delivery_time,
        s1_0.estimated_duration,
        s1_0.origin_latitude,
        s1_0.origin_longitude,
        s1_0.receiver_name,
        s1_0.route_polyline,
        s1_0.sender_address,
        s1_0.sender_name,
        s1_0.status,
        s1_0.total_distance,
        s1_0.tracking_number 
    from
        shipments s1_0 
    where
        s1_0.id=?
Hibernate: 
    select
        s1_0.id,
        s1_0.actual_delivery_time,
        s1_0.created_at,
        s1_0.created_by,
        s1_0.delivery_address,
        s1_0.destination_latitude,
        s1_0.destination_longitude,
        s1_0.estimated_delivery_time,
        s1_0.estimated_duration,
        s1_0.origin_latitude,
        s1_0.origin_longitude,
        s1_0.receiver_name,
        s1_0.route_polyline,
        s1_0.sender_address,
        s1_0.sender_name,
        s1_0.status,
        s1_0.total_distance,
        s1_0.tracking_number 
    from
        shipments s1_0 
    where
        s1_0.id=?
Hibernate: 
    select
        s1_0.id,
        s1_0.actual_delivery_time,
        s1_0.created_at,
        s1_0.created_by,
        s1_0.delivery_address,
        s1_0.destination_latitude,
        s1_0.destination_longitude,
        s1_0.estimated_delivery_time,
        s1_0.estimated_duration,
        s1_0.origin_latitude,
        s1_0.origin_longitude,
        s1_0.receiver_name,
        s1_0.route_polyline,
        s1_0.sender_address,
        s1_0.sender_name,
        s1_0.status,
        s1_0.total_distance,
        s1_0.tracking_number 
    from
        shipments s1_0 
    where
        s1_0.status in (?, ?)
Hibernate: 
    insert 
    into
        route_history_points
        (latitude, longitude, progress, recorded_at, shipment_id, speed) 
    values
        (?, ?, ?, ?, ?, ?)
2026-08-12T17:27:49.538+05:30  INFO 27180 --- [shiptrack-backend] [MessageBroker-3] c.shiptrack.service.LiveTrackingService  : Broadcast location update for shipment 24: 15.346695944858842,74.0017505959712
Hibernate: 
    insert 
    into
        route_history_points
        (latitude, longitude, progress, recorded_at, shipment_id, speed) 
    values
        (?, ?, ?, ?, ?, ?)
2026-08-12T17:27:49.544+05:30  INFO 27180 --- [shiptrack-backend] [MessageBroker-3] c.shiptrack.service.LiveTrackingService  : Broadcast location update for shipment 52: 22.281331745049815,87.39496551116743
Hibernate: 
    select
        u1_0.id,
        u1_0.created_at,
        u1_0.email,
        u1_0.name,
        u1_0.password,
        u1_0.phone,
        u1_0.role 
    from
        users u1_0 
    where
        u1_0.email=?
Hibernate: 
    select
        u1_0.id,
        u1_0.created_at,
        u1_0.email,
        u1_0.name,
        u1_0.password,
        u1_0.phone,
        u1_0.role 
    from
        users u1_0 
    where
        u1_0.email=?
Hibernate: 
    select
        s1_0.id,
        s1_0.actual_delivery_time,
        s1_0.created_at,
        s1_0.created_by,
        s1_0.delivery_address,
        s1_0.destination_latitude,
        s1_0.destination_longitude,
        s1_0.estimated_delivery_time,
        s1_0.estimated_duration,
        s1_0.origin_latitude,
        s1_0.origin_longitude,
        s1_0.receiver_name,
        s1_0.route_polyline,
        s1_0.sender_address,
        s1_0.sender_name,
        s1_0.status,
        s1_0.total_distance,
        s1_0.tracking_number 
    from
        shipments s1_0 
    order by
        s1_0.created_at desc
Hibernate: 
    select
        te1_0.id,
        te1_0.latitude,
        te1_0.longitude,
        te1_0.recorded_at,
        te1_0.shipment_id,
        te1_0.status 
    from
        tracking_events te1_0 
    left join
        shipments s1_0 
            on s1_0.id=te1_0.shipment_id 
    where
        s1_0.id=? 
    order by
        te1_0.recorded_at
Hibernate: 
    select
        pod1_0.id,
        pod1_0.captured_at,
        pod1_0.captured_by,
        pod1_0.item_image_data,
        pod1_0.item_image_hash,
        pod1_0.method,
        pod1_0.notes,
        pod1_0.recipient_name,
        pod1_0.shipment_id,
        pod1_0.signature_data,
        pod1_0.signature_hash,
        pod1_0.verification_notes,
        pod1_0.verification_status,
        pod1_0.verified_at,
        pod1_0.verified_by 
    from
        proof_of_deliveries pod1_0 
    left join
        shipments s1_0 
            on s1_0.id=pod1_0.shipment_id 
    where
        s1_0.id=?
Hibernate: 
    select
        u1_0.id,
        u1_0.created_at,
        u1_0.email,
        u1_0.name,
        u1_0.password,
        u1_0.phone,
        u1_0.role 
    from
        users u1_0 
    where
        u1_0.id=?
Hibernate: 
    select
        te1_0.id,
        te1_0.latitude,
        te1_0.longitude,
        te1_0.recorded_at,
        te1_0.shipment_id,
        te1_0.status 
    from
        tracking_events te1_0 
    left join
        shipments s1_0 
            on s1_0.id=te1_0.shipment_id 
    where
        s1_0.id=? 
    order by
        te1_0.recorded_at
Hibernate: 
    select
        pod1_0.id,
        pod1_0.captured_at,
        pod1_0.captured_by,
        pod1_0.item_image_data,
        pod1_0.item_image_hash,
        pod1_0.method,
        pod1_0.notes,
        pod1_0.recipient_name,
        pod1_0.shipment_id,
        pod1_0.signature_data,
        pod1_0.signature_hash,
        pod1_0.verification_notes,
        pod1_0.verification_status,
        pod1_0.verified_at,
        pod1_0.verified_by 
    from
        proof_of_deliveries pod1_0 
    left join
        shipments s1_0 
            on s1_0.id=pod1_0.shipment_id 
    where
        s1_0.id=?
Hibernate: 
    select
        te1_0.id,
        te1_0.latitude,
        te1_0.longitude,
        te1_0.recorded_at,
        te1_0.shipment_id,
        te1_0.status 
    from
        tracking_events te1_0 
    left join
        shipments s1_0 
            on s1_0.id=te1_0.shipment_id 
    where
        s1_0.id=? 
    order by
        te1_0.recorded_at
Hibernate: 
    select
        pod1_0.id,
        pod1_0.captured_at,
        pod1_0.captured_by,
        pod1_0.item_image_data,
        pod1_0.item_image_hash,
        pod1_0.method,
        pod1_0.notes,
        pod1_0.recipient_name,
        pod1_0.shipment_id,
        pod1_0.signature_data,
        pod1_0.signature_hash,
        pod1_0.verification_notes,
        pod1_0.verification_status,
        pod1_0.verified_at,
        pod1_0.verified_by 
    from
        proof_of_deliveries pod1_0 
    left join
        shipments s1_0 
            on s1_0.id=pod1_0.shipment_id 
    where
        s1_0.id=?
Hibernate: 
    select
        te1_0.id,
        te1_0.latitude,
        te1_0.longitude,
        te1_0.recorded_at,
        te1_0.shipment_id,
        te1_0.status 
    from
        tracking_events te1_0 
    left join
        shipments s1_0 
            on s1_0.id=te1_0.shipment_id 
    where
        s1_0.id=? 
    order by
        te1_0.recorded_at
Hibernate: 
    select
        pod1_0.id,
        pod1_0.captured_at,
        pod1_0.captured_by,
        pod1_0.item_image_data,
        pod1_0.item_image_hash,
        pod1_0.method,
        pod1_0.notes,
        pod1_0.recipient_name,
        pod1_0.shipment_id,
        pod1_0.signature_data,
        pod1_0.signature_hash,
        pod1_0.verification_notes,
        pod1_0.verification_status,
        pod1_0.verified_at,
        pod1_0.verified_by 
    from
        proof_of_deliveries pod1_0 
    left join
        shipments s1_0 
            on s1_0.id=pod1_0.shipment_id 
    where
        s1_0.id=?
Hibernate: 
    select
        te1_0.id,
        te1_0.latitude,
        te1_0.longitude,
        te1_0.recorded_at,
        te1_0.shipment_id,
        te1_0.status 
    from
        tracking_events te1_0 
    left join
        shipments s1_0 
            on s1_0.id=te1_0.shipment_id 
    where
        s1_0.id=? 
    order by
        te1_0.recorded_at
Hibernate: 
    select
        pod1_0.id,
        pod1_0.captured_at,
        pod1_0.captured_by,
        pod1_0.item_image_data,
        pod1_0.item_image_hash,
        pod1_0.method,
        pod1_0.notes,
        pod1_0.recipient_name,
        pod1_0.shipment_id,
        pod1_0.signature_data,
        pod1_0.signature_hash,
        pod1_0.verification_notes,
        pod1_0.verification_status,
        pod1_0.verified_at,
        pod1_0.verified_by 
    from
        proof_of_deliveries pod1_0 
    left join
        shipments s1_0 
            on s1_0.id=pod1_0.shipment_id 
    where
        s1_0.id=?
Hibernate: 
    select
        te1_0.id,
        te1_0.latitude,
        te1_0.longitude,
        te1_0.recorded_at,
        te1_0.shipment_id,
        te1_0.status 
    from
        tracking_events te1_0 
    left join
        shipments s1_0 
            on s1_0.id=te1_0.shipment_id 
    where
        s1_0.id=? 
    order by
        te1_0.recorded_at
Hibernate: 
    select
        pod1_0.id,
        pod1_0.captured_at,
        pod1_0.captured_by,
        pod1_0.item_image_data,
        pod1_0.item_image_hash,
        pod1_0.method,
        pod1_0.notes,
        pod1_0.recipient_name,
        pod1_0.shipment_id,
        pod1_0.signature_data,
        pod1_0.signature_hash,
        pod1_0.verification_notes,
        pod1_0.verification_status,
        pod1_0.verified_at,
        pod1_0.verified_by 
    from
        proof_of_deliveries pod1_0 
    left join
        shipments s1_0 
            on s1_0.id=pod1_0.shipment_id 
    where
        s1_0.id=?
Hibernate: 
    select
        te1_0.id,
        te1_0.latitude,
        te1_0.longitude,
        te1_0.recorded_at,
        te1_0.shipment_id,
        te1_0.status 
    from
        tracking_events te1_0 
    left join
        shipments s1_0 
            on s1_0.id=te1_0.shipment_id 
    where
        s1_0.id=? 
    order by
        te1_0.recorded_at
Hibernate: 
    select
        pod1_0.id,
        pod1_0.captured_at,
        pod1_0.captured_by,
        pod1_0.item_image_data,
        pod1_0.item_image_hash,
        pod1_0.method,
        pod1_0.notes,
        pod1_0.recipient_name,
        pod1_0.shipment_id,
        pod1_0.signature_data,
        pod1_0.signature_hash,
        pod1_0.verification_notes,
        pod1_0.verification_status,
        pod1_0.verified_at,
        pod1_0.verified_by 
    from
        proof_of_deliveries pod1_0 
    left join
        shipments s1_0 
            on s1_0.id=pod1_0.shipment_id 
    where
        s1_0.id=?
Hibernate: 
    select
        te1_0.id,
        te1_0.latitude,
        te1_0.longitude,
        te1_0.recorded_at,
        te1_0.shipment_id,
        te1_0.status 
    from
        tracking_events te1_0 
    left join
        shipments s1_0 
            on s1_0.id=te1_0.shipment_id 
    where
        s1_0.id=? 
    order by
        te1_0.recorded_at
Hibernate: 
    select
        pod1_0.id,
        pod1_0.captured_at,
        pod1_0.captured_by,
        pod1_0.item_image_data,
        pod1_0.item_image_hash,
        pod1_0.method,
        pod1_0.notes,
        pod1_0.recipient_name,
        pod1_0.shipment_id,
        pod1_0.signature_data,
        pod1_0.signature_hash,
        pod1_0.verification_notes,
        pod1_0.verification_status,
        pod1_0.verified_at,
        pod1_0.verified_by 
    from
        proof_of_deliveries pod1_0 
    left join
        shipments s1_0 
            on s1_0.id=pod1_0.shipment_id 
    where
        s1_0.id=?
Hibernate: 
    select
        te1_0.id,
        te1_0.latitude,
        te1_0.longitude,
        te1_0.recorded_at,
        te1_0.shipment_id,
        te1_0.status 
    from
        tracking_events te1_0 
    left join
        shipments s1_0 
            on s1_0.id=te1_0.shipment_id 
    where
        s1_0.id=? 
    order by
        te1_0.recorded_at
Hibernate: 
    select
        pod1_0.id,
        pod1_0.captured_at,
        pod1_0.captured_by,
        pod1_0.item_image_data,
        pod1_0.item_image_hash,
        pod1_0.method,
        pod1_0.notes,
        pod1_0.recipient_name,
        pod1_0.shipment_id,
        pod1_0.signature_data,
        pod1_0.signature_hash,
        pod1_0.verification_notes,
        pod1_0.verification_status,
        pod1_0.verified_at,
        pod1_0.verified_by 
    from
        proof_of_deliveries pod1_0 
    left join
        shipments s1_0 
            on s1_0.id=pod1_0.shipment_id 
    where
        s1_0.id=?
Hibernate: 
    select
        te1_0.id,
        te1_0.latitude,
        te1_0.longitude,
        te1_0.recorded_at,
        te1_0.shipment_id,
        te1_0.status 
    from
        tracking_events te1_0 
    left join
        shipments s1_0 
            on s1_0.id=te1_0.shipment_id 
    where
        s1_0.id=? 
    order by
        te1_0.recorded_at
Hibernate: 
    select
        pod1_0.id,
        pod1_0.captured_at,
        pod1_0.captured_by,
        pod1_0.item_image_data,
        pod1_0.item_image_hash,
        pod1_0.method,
        pod1_0.notes,
        pod1_0.recipient_name,
        pod1_0.shipment_id,
        pod1_0.signature_data,
        pod1_0.signature_hash,
        pod1_0.verification_notes,
        pod1_0.verification_status,
        pod1_0.verified_at,
        pod1_0.verified_by 
    from
        proof_of_deliveries pod1_0 
    left join
        shipments s1_0 
            on s1_0.id=pod1_0.shipment_id 
    where
        s1_0.id=?
Hibernate: 
    select
        te1_0.id,
        te1_0.latitude,
        te1_0.longitude,
        te1_0.recorded_at,
        te1_0.shipment_id,
        te1_0.status 
    from
        tracking_events te1_0 
    left join
        shipments s1_0 
            on s1_0.id=te1_0.shipment_id 
    where
        s1_0.id=? 
    order by
        te1_0.recorded_at
Hibernate: 
    select
        pod1_0.id,
        pod1_0.captured_at,
        pod1_0.captured_by,
        pod1_0.item_image_data,
        pod1_0.item_image_hash,
        pod1_0.method,
        pod1_0.notes,
        pod1_0.recipient_name,
        pod1_0.shipment_id,
        pod1_0.signature_data,
        pod1_0.signature_hash,
        pod1_0.verification_notes,
        pod1_0.verification_status,
        pod1_0.verified_at,
        pod1_0.verified_by 
    from
        proof_of_deliveries pod1_0 
    left join
        shipments s1_0 
            on s1_0.id=pod1_0.shipment_id 
    where
        s1_0.id=?
Hibernate: 
    select
        te1_0.id,
        te1_0.latitude,
        te1_0.longitude,
        te1_0.recorded_at,
        te1_0.shipment_id,
        te1_0.status 
    from
        tracking_events te1_0 
    left join
        shipments s1_0 
            on s1_0.id=te1_0.shipment_id 
    where
        s1_0.id=? 
    order by
        te1_0.recorded_at
Hibernate: 
    select
        pod1_0.id,
        pod1_0.captured_at,
        pod1_0.captured_by,
        pod1_0.item_image_data,
        pod1_0.item_image_hash,
        pod1_0.method,
        pod1_0.notes,
        pod1_0.recipient_name,
        pod1_0.shipment_id,
        pod1_0.signature_data,
        pod1_0.signature_hash,
        pod1_0.verification_notes,
        pod1_0.verification_status,
        pod1_0.verified_at,
        pod1_0.verified_by 
    from
        proof_of_deliveries pod1_0 
    left join
        shipments s1_0 
            on s1_0.id=pod1_0.shipment_id 
    where
        s1_0.id=?
Hibernate: 
    select
        te1_0.id,
        te1_0.latitude,
        te1_0.longitude,
        te1_0.recorded_at,
        te1_0.shipment_id,
        te1_0.status 
    from
        tracking_events te1_0 
    left join
        shipments s1_0 
            on s1_0.id=te1_0.shipment_id 
    where
        s1_0.id=? 
    order by
        te1_0.recorded_at
Hibernate: 
    select
        pod1_0.id,
        pod1_0.captured_at,
        pod1_0.captured_by,
        pod1_0.item_image_data,
        pod1_0.item_image_hash,
        pod1_0.method,
        pod1_0.notes,
        pod1_0.recipient_name,
        pod1_0.shipment_id,
        pod1_0.signature_data,
        pod1_0.signature_hash,
        pod1_0.verification_notes,
        pod1_0.verification_status,
        pod1_0.verified_at,
        pod1_0.verified_by 
    from
        proof_of_deliveries pod1_0 
    left join
        shipments s1_0 
            on s1_0.id=pod1_0.shipment_id 
    where
        s1_0.id=?
Hibernate: 
    select
        te1_0.id,
        te1_0.latitude,
        te1_0.longitude,
        te1_0.recorded_at,
        te1_0.shipment_id,
        te1_0.status 
    from
        tracking_events te1_0 
    left join
        shipments s1_0 
            on s1_0.id=te1_0.shipment_id 
    where
        s1_0.id=? 
    order by
        te1_0.recorded_at
Hibernate: 
    select
        pod1_0.id,
        pod1_0.captured_at,
        pod1_0.captured_by,
        pod1_0.item_image_data,
        pod1_0.item_image_hash,
        pod1_0.method,
        pod1_0.notes,
        pod1_0.recipient_name,
        pod1_0.shipment_id,
        pod1_0.signature_data,
        pod1_0.signature_hash,
        pod1_0.verification_notes,
        pod1_0.verification_status,
        pod1_0.verified_at,
        pod1_0.verified_by 
    from
        proof_of_deliveries pod1_0 
    left join
        shipments s1_0 
            on s1_0.id=pod1_0.shipment_id 
    where
        s1_0.id=?
Hibernate: 
    select
        te1_0.id,
        te1_0.latitude,
        te1_0.longitude,
        te1_0.recorded_at,
        te1_0.shipment_id,
        te1_0.status 
    from
        tracking_events te1_0 
    left join
        shipments s1_0 
            on s1_0.id=te1_0.shipment_id 
    where
        s1_0.id=? 
    order by
        te1_0.recorded_at
Hibernate: 
    select
        pod1_0.id,
        pod1_0.captured_at,
        pod1_0.captured_by,
        pod1_0.item_image_data,
        pod1_0.item_image_hash,
        pod1_0.method,
        pod1_0.notes,
        pod1_0.recipient_name,
        pod1_0.shipment_id,
        pod1_0.signature_data,
        pod1_0.signature_hash,
        pod1_0.verification_notes,
        pod1_0.verification_status,
        pod1_0.verified_at,
        pod1_0.verified_by 
    from
        proof_of_deliveries pod1_0 
    left join
        shipments s1_0 
            on s1_0.id=pod1_0.shipment_id 
    where
        s1_0.id=?
Hibernate: 
    select
        u1_0.id,
        u1_0.created_at,
        u1_0.email,
        u1_0.name,
        u1_0.password,
        u1_0.phone,
        u1_0.role 
    from
        users u1_0 
    where
        u1_0.email=?
Hibernate: 
    select
        u1_0.id,
        u1_0.created_at,
        u1_0.email,
        u1_0.name,
        u1_0.password,
        u1_0.phone,
        u1_0.role 
    from
        users u1_0 
    where
        u1_0.email=?
Hibernate: 
    select
        s1_0.id,
        s1_0.actual_delivery_time,
        s1_0.created_at,
        s1_0.created_by,
        s1_0.delivery_address,
        s1_0.destination_latitude,
        s1_0.destination_longitude,
        s1_0.estimated_delivery_time,
        s1_0.estimated_duration,
        s1_0.origin_latitude,
        s1_0.origin_longitude,
        s1_0.receiver_name,
        s1_0.route_polyline,
        s1_0.sender_address,
        s1_0.sender_name,
        s1_0.status,
        s1_0.total_distance,
        s1_0.tracking_number 
    from
        shipments s1_0 
    order by
        s1_0.created_at desc
Hibernate: 
    select
        te1_0.id,
        te1_0.latitude,
        te1_0.longitude,
        te1_0.recorded_at,
        te1_0.shipment_id,
        te1_0.status 
    from
        tracking_events te1_0 
    left join
        shipments s1_0 
            on s1_0.id=te1_0.shipment_id 
    where
        s1_0.id=? 
    order by
        te1_0.recorded_at
Hibernate: 
    select
        pod1_0.id,
        pod1_0.captured_at,
        pod1_0.captured_by,
        pod1_0.item_image_data,
        pod1_0.item_image_hash,
        pod1_0.method,
        pod1_0.notes,
        pod1_0.recipient_name,
        pod1_0.shipment_id,
        pod1_0.signature_data,
        pod1_0.signature_hash,
        pod1_0.verification_notes,
        pod1_0.verification_status,
        pod1_0.verified_at,
        pod1_0.verified_by 
    from
        proof_of_deliveries pod1_0 
    left join
        shipments s1_0 
            on s1_0.id=pod1_0.shipment_id 
    where
        s1_0.id=?
Hibernate: 
    select
        u1_0.id,
        u1_0.created_at,
        u1_0.email,
        u1_0.name,
        u1_0.password,
        u1_0.phone,
        u1_0.role 
    from
        users u1_0 
    where
        u1_0.id=?
Hibernate: 
    select
        te1_0.id,
        te1_0.latitude,
        te1_0.longitude,
        te1_0.recorded_at,
        te1_0.shipment_id,
        te1_0.status 
    from
        tracking_events te1_0 
    left join
        shipments s1_0 
            on s1_0.id=te1_0.shipment_id 
    where
        s1_0.id=? 
    order by
        te1_0.recorded_at
Hibernate: 
    select
        pod1_0.id,
        pod1_0.captured_at,
        pod1_0.captured_by,
        pod1_0.item_image_data,
        pod1_0.item_image_hash,
        pod1_0.method,
        pod1_0.notes,
        pod1_0.recipient_name,
        pod1_0.shipment_id,
        pod1_0.signature_data,
        pod1_0.signature_hash,
        pod1_0.verification_notes,
        pod1_0.verification_status,
        pod1_0.verified_at,
        pod1_0.verified_by 
    from
        proof_of_deliveries pod1_0 
    left join
        shipments s1_0 
            on s1_0.id=pod1_0.shipment_id 
    where
        s1_0.id=?
Hibernate: 
    select
        te1_0.id,
        te1_0.latitude,
        te1_0.longitude,
        te1_0.recorded_at,
        te1_0.shipment_id,
        te1_0.status 
    from
        tracking_events te1_0 
    left join
        shipments s1_0 
            on s1_0.id=te1_0.shipment_id 
    where
        s1_0.id=? 
    order by
        te1_0.recorded_at
Hibernate: 
    select
        pod1_0.id,
        pod1_0.captured_at,
        pod1_0.captured_by,
        pod1_0.item_image_data,
        pod1_0.item_image_hash,
        pod1_0.method,
        pod1_0.notes,
        pod1_0.recipient_name,
        pod1_0.shipment_id,
        pod1_0.signature_data,
        pod1_0.signature_hash,
        pod1_0.verification_notes,
        pod1_0.verification_status,
        pod1_0.verified_at,
        pod1_0.verified_by 
    from
        proof_of_deliveries pod1_0 
    left join
        shipments s1_0 
            on s1_0.id=pod1_0.shipment_id 
    where
        s1_0.id=?
Hibernate: 
    select
        te1_0.id,
        te1_0.latitude,
        te1_0.longitude,
        te1_0.recorded_at,
        te1_0.shipment_id,
        te1_0.status 
    from
        tracking_events te1_0 
    left join
        shipments s1_0 
            on s1_0.id=te1_0.shipment_id 
    where
        s1_0.id=? 
    order by
        te1_0.recorded_at
Hibernate: 
    select
        pod1_0.id,
        pod1_0.captured_at,
        pod1_0.captured_by,
        pod1_0.item_image_data,
        pod1_0.item_image_hash,
        pod1_0.method,
        pod1_0.notes,
        pod1_0.recipient_name,
        pod1_0.shipment_id,
        pod1_0.signature_data,
        pod1_0.signature_hash,
        pod1_0.verification_notes,
        pod1_0.verification_status,
        pod1_0.verified_at,
        pod1_0.verified_by 
    from
        proof_of_deliveries pod1_0 
    left join
        shipments s1_0 
            on s1_0.id=pod1_0.shipment_id 
    where
        s1_0.id=?
Hibernate: 
    select
        te1_0.id,
        te1_0.latitude,
        te1_0.longitude,
        te1_0.recorded_at,
        te1_0.shipment_id,
        te1_0.status 
    from
        tracking_events te1_0 
    left join
        shipments s1_0 
            on s1_0.id=te1_0.shipment_id 
    where
        s1_0.id=? 
    order by
        te1_0.recorded_at
Hibernate: 
    select
        pod1_0.id,
        pod1_0.captured_at,
        pod1_0.captured_by,
        pod1_0.item_image_data,
        pod1_0.item_image_hash,
        pod1_0.method,
        pod1_0.notes,
        pod1_0.recipient_name,
        pod1_0.shipment_id,
        pod1_0.signature_data,
        pod1_0.signature_hash,
        pod1_0.verification_notes,
        pod1_0.verification_status,
        pod1_0.verified_at,
        pod1_0.verified_by 
    from
        proof_of_deliveries pod1_0 
    left join
        shipments s1_0 
            on s1_0.id=pod1_0.shipment_id 
    where
        s1_0.id=?
Hibernate: 
    select
        te1_0.id,
        te1_0.latitude,
        te1_0.longitude,
        te1_0.recorded_at,
        te1_0.shipment_id,
        te1_0.status 
    from
        tracking_events te1_0 
    left join
        shipments s1_0 
            on s1_0.id=te1_0.shipment_id 
    where
        s1_0.id=? 
    order by
        te1_0.recorded_at
Hibernate: 
    select
        pod1_0.id,
        pod1_0.captured_at,
        pod1_0.captured_by,
        pod1_0.item_image_data,
        pod1_0.item_image_hash,
        pod1_0.method,
        pod1_0.notes,
        pod1_0.recipient_name,
        pod1_0.shipment_id,
        pod1_0.signature_data,
        pod1_0.signature_hash,
        pod1_0.verification_notes,
        pod1_0.verification_status,
        pod1_0.verified_at,
        pod1_0.verified_by 
    from
        proof_of_deliveries pod1_0 
    left join
        shipments s1_0 
            on s1_0.id=pod1_0.shipment_id 
    where
        s1_0.id=?
Hibernate: 
    select
        te1_0.id,
        te1_0.latitude,
        te1_0.longitude,
        te1_0.recorded_at,
        te1_0.shipment_id,
        te1_0.status 
    from
        tracking_events te1_0 
    left join
        shipments s1_0 
            on s1_0.id=te1_0.shipment_id 
    where
        s1_0.id=? 
    order by
        te1_0.recorded_at
Hibernate: 
    select
        pod1_0.id,
        pod1_0.captured_at,
        pod1_0.captured_by,
        pod1_0.item_image_data,
        pod1_0.item_image_hash,
        pod1_0.method,
        pod1_0.notes,
        pod1_0.recipient_name,
        pod1_0.shipment_id,
        pod1_0.signature_data,
        pod1_0.signature_hash,
        pod1_0.verification_notes,
        pod1_0.verification_status,
        pod1_0.verified_at,
        pod1_0.verified_by 
    from
        proof_of_deliveries pod1_0 
    left join
        shipments s1_0 
            on s1_0.id=pod1_0.shipment_id 
    where
        s1_0.id=?
Hibernate: 
    select
        te1_0.id,
        te1_0.latitude,
        te1_0.longitude,
        te1_0.recorded_at,
        te1_0.shipment_id,
        te1_0.status 
    from
        tracking_events te1_0 
    left join
        shipments s1_0 
            on s1_0.id=te1_0.shipment_id 
    where
        s1_0.id=? 
    order by
        te1_0.recorded_at
Hibernate: 
    select
        pod1_0.id,
        pod1_0.captured_at,
        pod1_0.captured_by,
        pod1_0.item_image_data,
        pod1_0.item_image_hash,
        pod1_0.method,
        pod1_0.notes,
        pod1_0.recipient_name,
        pod1_0.shipment_id,
        pod1_0.signature_data,
        pod1_0.signature_hash,
        pod1_0.verification_notes,
        pod1_0.verification_status,
        pod1_0.verified_at,
        pod1_0.verified_by 
    from
        proof_of_deliveries pod1_0 
    left join
        shipments s1_0 
            on s1_0.id=pod1_0.shipment_id 
    where
        s1_0.id=?
Hibernate: 
    select
        te1_0.id,
        te1_0.latitude,
        te1_0.longitude,
        te1_0.recorded_at,
        te1_0.shipment_id,
        te1_0.status 
    from
        tracking_events te1_0 
    left join
        shipments s1_0 
            on s1_0.id=te1_0.shipment_id 
    where
        s1_0.id=? 
    order by
        te1_0.recorded_at
Hibernate: 
    select
        pod1_0.id,
        pod1_0.captured_at,
        pod1_0.captured_by,
        pod1_0.item_image_data,
        pod1_0.item_image_hash,
        pod1_0.method,
        pod1_0.notes,
        pod1_0.recipient_name,
        pod1_0.shipment_id,
        pod1_0.signature_data,
        pod1_0.signature_hash,
        pod1_0.verification_notes,
        pod1_0.verification_status,
        pod1_0.verified_at,
        pod1_0.verified_by 
    from
        proof_of_deliveries pod1_0 
    left join
        shipments s1_0 
            on s1_0.id=pod1_0.shipment_id 
    where
        s1_0.id=?
Hibernate: 
    select
        te1_0.id,
        te1_0.latitude,
        te1_0.longitude,
        te1_0.recorded_at,
        te1_0.shipment_id,
        te1_0.status 
    from
        tracking_events te1_0 
    left join
        shipments s1_0 
            on s1_0.id=te1_0.shipment_id 
    where
        s1_0.id=? 
    order by
        te1_0.recorded_at
Hibernate: 
    select
        pod1_0.id,
        pod1_0.captured_at,
        pod1_0.captured_by,
        pod1_0.item_image_data,
        pod1_0.item_image_hash,
        pod1_0.method,
        pod1_0.notes,
        pod1_0.recipient_name,
        pod1_0.shipment_id,
        pod1_0.signature_data,
        pod1_0.signature_hash,
        pod1_0.verification_notes,
        pod1_0.verification_status,
        pod1_0.verified_at,
        pod1_0.verified_by 
    from
        proof_of_deliveries pod1_0 
    left join
        shipments s1_0 
            on s1_0.id=pod1_0.shipment_id 
    where
        s1_0.id=?
Hibernate: 
    select
        te1_0.id,
        te1_0.latitude,
        te1_0.longitude,
        te1_0.recorded_at,
        te1_0.shipment_id,
        te1_0.status 
    from
        tracking_events te1_0 
    left join
        shipments s1_0 
            on s1_0.id=te1_0.shipment_id 
    where
        s1_0.id=? 
    order by
        te1_0.recorded_at
Hibernate: 
    select
        pod1_0.id,
        pod1_0.captured_at,
        pod1_0.captured_by,
        pod1_0.item_image_data,
        pod1_0.item_image_hash,
        pod1_0.method,
        pod1_0.notes,
        pod1_0.recipient_name,
        pod1_0.shipment_id,
        pod1_0.signature_data,
        pod1_0.signature_hash,
        pod1_0.verification_notes,
        pod1_0.verification_status,
        pod1_0.verified_at,
        pod1_0.verified_by 
    from
        proof_of_deliveries pod1_0 
    left join
        shipments s1_0 
            on s1_0.id=pod1_0.shipment_id 
    where
        s1_0.id=?
Hibernate: 
    select
        te1_0.id,
        te1_0.latitude,
        te1_0.longitude,
        te1_0.recorded_at,
        te1_0.shipment_id,
        te1_0.status 
    from
        tracking_events te1_0 
    left join
        shipments s1_0 
            on s1_0.id=te1_0.shipment_id 
    where
        s1_0.id=? 
    order by
        te1_0.recorded_at
Hibernate: 
    select
        pod1_0.id,
        pod1_0.captured_at,
        pod1_0.captured_by,
        pod1_0.item_image_data,
        pod1_0.item_image_hash,
        pod1_0.method,
        pod1_0.notes,
        pod1_0.recipient_name,
        pod1_0.shipment_id,
        pod1_0.signature_data,
        pod1_0.signature_hash,
        pod1_0.verification_notes,
        pod1_0.verification_status,
        pod1_0.verified_at,
        pod1_0.verified_by 
    from
        proof_of_deliveries pod1_0 
    left join
        shipments s1_0 
            on s1_0.id=pod1_0.shipment_id 
    where
        s1_0.id=?
Hibernate: 
    select
        te1_0.id,
        te1_0.latitude,
        te1_0.longitude,
        te1_0.recorded_at,
        te1_0.shipment_id,
        te1_0.status 
    from
        tracking_events te1_0 
    left join
        shipments s1_0 
            on s1_0.id=te1_0.shipment_id 
    where
        s1_0.id=? 
    order by
        te1_0.recorded_at
Hibernate: 
    select
        pod1_0.id,
        pod1_0.captured_at,
        pod1_0.captured_by,
        pod1_0.item_image_data,
        pod1_0.item_image_hash,
        pod1_0.method,
        pod1_0.notes,
        pod1_0.recipient_name,
        pod1_0.shipment_id,
        pod1_0.signature_data,
        pod1_0.signature_hash,
        pod1_0.verification_notes,
        pod1_0.verification_status,
        pod1_0.verified_at,
        pod1_0.verified_by 
    from
        proof_of_deliveries pod1_0 
    left join
        shipments s1_0 
            on s1_0.id=pod1_0.shipment_id 
    where
        s1_0.id=?
Hibernate: 
    select
        te1_0.id,
        te1_0.latitude,
        te1_0.longitude,
        te1_0.recorded_at,
        te1_0.shipment_id,
        te1_0.status 
    from
        tracking_events te1_0 
    left join
        shipments s1_0 
            on s1_0.id=te1_0.shipment_id 
    where
        s1_0.id=? 
    order by
        te1_0.recorded_at
Hibernate: 
    select
        pod1_0.id,
        pod1_0.captured_at,
        pod1_0.captured_by,
        pod1_0.item_image_data,
        pod1_0.item_image_hash,
        pod1_0.method,
        pod1_0.notes,
        pod1_0.recipient_name,
        pod1_0.shipment_id,
        pod1_0.signature_data,
        pod1_0.signature_hash,
        pod1_0.verification_notes,
        pod1_0.verification_status,
        pod1_0.verified_at,
        pod1_0.verified_by 
    from
        proof_of_deliveries pod1_0 
    left join
        shipments s1_0 
            on s1_0.id=pod1_0.shipment_id 
    where
        s1_0.id=?
Hibernate: 
    select
        te1_0.id,
        te1_0.latitude,
        te1_0.longitude,
        te1_0.recorded_at,
        te1_0.shipment_id,
        te1_0.status 
    from
        tracking_events te1_0 
    left join
        shipments s1_0 
            on s1_0.id=te1_0.shipment_id 
    where
        s1_0.id=? 
    order by
        te1_0.recorded_at
Hibernate: 
    select
        pod1_0.id,
        pod1_0.captured_at,
        pod1_0.captured_by,
        pod1_0.item_image_data,
        pod1_0.item_image_hash,
        pod1_0.method,
        pod1_0.notes,
        pod1_0.recipient_name,
        pod1_0.shipment_id,
        pod1_0.signature_data,
        pod1_0.signature_hash,
        pod1_0.verification_notes,
        pod1_0.verification_status,
        pod1_0.verified_at,
        pod1_0.verified_by 
    from
        proof_of_deliveries pod1_0 
    left join
        shipments s1_0 
            on s1_0.id=pod1_0.shipment_id 
    where
        s1_0.id=?
Hibernate: 
    select
        u1_0.id,
        u1_0.created_at,
        u1_0.email,
        u1_0.name,
        u1_0.password,
        u1_0.phone,
        u1_0.role 
    from
        users u1_0 
    where
        u1_0.email=?
Hibernate: 
    select
        u1_0.id,
        u1_0.created_at,
        u1_0.email,
        u1_0.name,
        u1_0.password,
        u1_0.phone,
        u1_0.role 
    from
        users u1_0 
    where
        u1_0.email=?
Hibernate: 
    select
        pod1_0.id,
        pod1_0.captured_at,
        pod1_0.captured_by,
        pod1_0.item_image_data,
        pod1_0.item_image_hash,
        pod1_0.method,
        pod1_0.notes,
        pod1_0.recipient_name,
        pod1_0.shipment_id,
        pod1_0.signature_data,
        pod1_0.signature_hash,
        pod1_0.verification_notes,
        pod1_0.verification_status,
        pod1_0.verified_at,
        pod1_0.verified_by 
    from
        proof_of_deliveries pod1_0 
    left join
        shipments s1_0 
            on s1_0.id=pod1_0.shipment_id 
    where
        s1_0.id=?
Hibernate: 
    select
        u1_0.id,
        u1_0.created_at,
        u1_0.email,
        u1_0.name,
        u1_0.password,
        u1_0.phone,
        u1_0.role 
    from
        users u1_0 
    where
        u1_0.email=?
Hibernate: 
    select
        u1_0.id,
        u1_0.created_at,
        u1_0.email,
        u1_0.name,
        u1_0.password,
        u1_0.phone,
        u1_0.role 
    from
        users u1_0 
    where
        u1_0.email=?
Hibernate: 
    select
        pod1_0.id,
        pod1_0.captured_at,
        pod1_0.captured_by,
        pod1_0.item_image_data,
        pod1_0.item_image_hash,
        pod1_0.method,
        pod1_0.notes,
        pod1_0.recipient_name,
        pod1_0.shipment_id,
        pod1_0.signature_data,
        pod1_0.signature_hash,
        pod1_0.verification_notes,
        pod1_0.verification_status,
        pod1_0.verified_at,
        pod1_0.verified_by 
    from
        proof_of_deliveries pod1_0 
    left join
        shipments s1_0 
            on s1_0.id=pod1_0.shipment_id 
    where
        s1_0.id=?
Hibernate: 
    select
        s1_0.id,
        s1_0.actual_delivery_time,
        s1_0.created_at,
        s1_0.created_by,
        s1_0.delivery_address,
        s1_0.destination_latitude,
        s1_0.destination_longitude,
        s1_0.estimated_delivery_time,
        s1_0.estimated_duration,
        s1_0.origin_latitude,
        s1_0.origin_longitude,
        s1_0.receiver_name,
        s1_0.route_polyline,
        s1_0.sender_address,
        s1_0.sender_name,
        s1_0.status,
        s1_0.total_distance,
        s1_0.tracking_number 
    from
        shipments s1_0 
    where
        s1_0.status in (?, ?)
Hibernate: 
    select
        s1_0.id,
        s1_0.actual_delivery_time,
        s1_0.created_at,
        s1_0.created_by,
        s1_0.delivery_address,
        s1_0.destination_latitude,
        s1_0.destination_longitude,
        s1_0.estimated_delivery_time,
        s1_0.estimated_duration,
        s1_0.origin_latitude,
        s1_0.origin_longitude,
        s1_0.receiver_name,
        s1_0.route_polyline,
        s1_0.sender_address,
        s1_0.sender_name,
        s1_0.status,
        s1_0.total_distance,
        s1_0.tracking_number 
    from
        shipments s1_0 
    where
        s1_0.status in (?, ?)
Hibernate: 
    select
        s1_0.id,
        s1_0.actual_delivery_time,
        s1_0.created_at,
        s1_0.created_by,
        s1_0.delivery_address,
        s1_0.destination_latitude,
        s1_0.destination_longitude,
        s1_0.estimated_delivery_time,
        s1_0.estimated_duration,
        s1_0.origin_latitude,
        s1_0.origin_longitude,
        s1_0.receiver_name,
        s1_0.route_polyline,
        s1_0.sender_address,
        s1_0.sender_name,
        s1_0.status,
        s1_0.total_distance,
        s1_0.tracking_number 
    from
        shipments s1_0 
    where
        s1_0.id=?
Hibernate: 
    select
        te1_0.id,
        te1_0.latitude,
        te1_0.longitude,
        te1_0.recorded_at,
        te1_0.shipment_id,
        te1_0.status 
    from
        tracking_events te1_0 
    left join
        shipments s1_0 
            on s1_0.id=te1_0.shipment_id 
    where
        s1_0.id=? 
    order by
        te1_0.recorded_at
Hibernate: 
    insert 
    into
        route_history_points
        (latitude, longitude, progress, recorded_at, shipment_id, speed) 
    values
        (?, ?, ?, ?, ?, ?)
Hibernate: 
    select
        rhp1_0.id,
        rhp1_0.latitude,
        rhp1_0.longitude,
        rhp1_0.progress,
        rhp1_0.recorded_at,
        rhp1_0.shipment_id,
        rhp1_0.speed 
    from
        route_history_points rhp1_0 
    left join
        shipments s1_0 
            on s1_0.id=rhp1_0.shipment_id 
    where
        s1_0.id=? 
    order by
        rhp1_0.recorded_at desc 
    fetch
        first ? rows only
Hibernate: 
    select
        dp1_0.id,
        dp1_0.delay_minutes,
        dp1_0.delay_reason,
        dp1_0.detected_at,
        dp1_0.is_active,
        dp1_0.probability,
        dp1_0.shipment_id 
    from
        delay_predictions dp1_0 
    where
        dp1_0.shipment_id=? 
        and dp1_0.is_active 
    order by
        dp1_0.detected_at desc 
    fetch
        first ? rows only
2026-08-12T17:28:19.543+05:30  INFO 27180 --- [shiptrack-backend] [MessageBroker-4] c.shiptrack.service.LiveTrackingService  : Broadcast location update for shipment 24: 15.346695944858842,74.0017505959712
Hibernate: 
    select
        dp1_0.id,
        dp1_0.delay_minutes,
        dp1_0.delay_reason,
        dp1_0.detected_at,
        dp1_0.is_active,
        dp1_0.probability,
        dp1_0.shipment_id 
    from
        delay_predictions dp1_0 
    where
        dp1_0.shipment_id=? 
        and dp1_0.is_active
Hibernate: 
    insert 
    into
        route_history_points
        (latitude, longitude, progress, recorded_at, shipment_id, speed) 
    values
        (?, ?, ?, ?, ?, ?)
Hibernate: 
    select
        dp1_0.id,
        dp1_0.delay_minutes,
        dp1_0.delay_reason,
        dp1_0.detected_at,
        dp1_0.is_active,
        dp1_0.probability,
        dp1_0.shipment_id 
    from
        delay_predictions dp1_0 
    where
        dp1_0.id=?
Hibernate: 
    update
        delay_predictions 
    set
        delay_minutes=?,
        delay_reason=?,
        detected_at=?,
        is_active=?,
        probability=?,
        shipment_id=? 
    where
        id=?
2026-08-12T17:28:19.549+05:30  INFO 27180 --- [shiptrack-backend] [MessageBroker-4] c.shiptrack.service.LiveTrackingService  : Broadcast location update for shipment 52: 22.26934680882763,87.39409855055172
2026-08-12T17:28:19.550+05:30  INFO 27180 --- [shiptrack-backend] [essageBroker-14] c.s.service.DelayPredictionService       : Superseded 1 stale delay prediction(s) for shipment 22
Hibernate: 
    insert 
    into
        delay_predictions
        (delay_minutes, delay_reason, detected_at, is_active, probability, shipment_id) 
    values
        (?, ?, ?, ?, ?, ?)
2026-08-12T17:28:19.552+05:30  WARN 27180 --- [shiptrack-backend] [essageBroker-14] c.shiptrack.service.LiveTrackingService  : Delay alert for shipment 22: No location update for 20106 minutes (120 min, 0.9% probability)
2026-08-12T17:28:19.552+05:30  WARN 27180 --- [shiptrack-backend] [essageBroker-14] c.s.service.DelayPredictionService       : Delay detected for shipment 22: No location update for 20106 minutes (120 min)
Hibernate: 
    select
        s1_0.id,
        s1_0.actual_delivery_time,
        s1_0.created_at,
        s1_0.created_by,
        s1_0.delivery_address,
        s1_0.destination_latitude,
        s1_0.destination_longitude,
        s1_0.estimated_delivery_time,
        s1_0.estimated_duration,
        s1_0.origin_latitude,
        s1_0.origin_longitude,
        s1_0.receiver_name,
        s1_0.route_polyline,
        s1_0.sender_address,
        s1_0.sender_name,
        s1_0.status,
        s1_0.total_distance,
        s1_0.tracking_number 
    from
        shipments s1_0 
    where
        s1_0.id=?
Hibernate: 
    select
        te1_0.id,
        te1_0.latitude,
        te1_0.longitude,
        te1_0.recorded_at,
        te1_0.shipment_id,
        te1_0.status 
    from
        tracking_events te1_0 
    left join
        shipments s1_0 
            on s1_0.id=te1_0.shipment_id 
    where
        s1_0.id=? 
    order by
        te1_0.recorded_at
Hibernate: 
    select
        rhp1_0.id,
        rhp1_0.latitude,
        rhp1_0.longitude,
        rhp1_0.progress,
        rhp1_0.recorded_at,
        rhp1_0.shipment_id,
        rhp1_0.speed 
    from
        route_history_points rhp1_0 
    left join
        shipments s1_0 
            on s1_0.id=rhp1_0.shipment_id 
    where
        s1_0.id=? 
    order by
        rhp1_0.recorded_at desc 
    fetch
        first ? rows only
Hibernate: 
    select
        dp1_0.id,
        dp1_0.delay_minutes,
        dp1_0.delay_reason,
        dp1_0.detected_at,
        dp1_0.is_active,
        dp1_0.probability,
        dp1_0.shipment_id 
    from
        delay_predictions dp1_0 
    where
        dp1_0.shipment_id=? 
        and dp1_0.is_active 
    order by
        dp1_0.detected_at desc 
    fetch
        first ? rows only
Hibernate: 
    select
        dp1_0.id,
        dp1_0.delay_minutes,
        dp1_0.delay_reason,
        dp1_0.detected_at,
        dp1_0.is_active,
        dp1_0.probability,
        dp1_0.shipment_id 
    from
        delay_predictions dp1_0 
    where
        dp1_0.shipment_id=? 
        and dp1_0.is_active
Hibernate: 
    select
        dp1_0.id,
        dp1_0.delay_minutes,
        dp1_0.delay_reason,
        dp1_0.detected_at,
        dp1_0.is_active,
        dp1_0.probability,
        dp1_0.shipment_id 
    from
        delay_predictions dp1_0 
    where
        dp1_0.id=?
Hibernate: 
    update
        delay_predictions 
    set
        delay_minutes=?,
        delay_reason=?,
        detected_at=?,
        is_active=?,
        probability=?,
        shipment_id=? 
    where
        id=?
2026-08-12T17:28:19.559+05:30  INFO 27180 --- [shiptrack-backend] [essageBroker-14] c.s.service.DelayPredictionService       : Superseded 1 stale delay prediction(s) for shipment 24
Hibernate: 
    insert 
    into
        delay_predictions
        (delay_minutes, delay_reason, detected_at, is_active, probability, shipment_id) 
    values
        (?, ?, ?, ?, ?, ?)
2026-08-12T17:28:19.563+05:30  WARN 27180 --- [shiptrack-backend] [essageBroker-14] c.shiptrack.service.LiveTrackingService  : Delay alert for shipment 24: Shipment is behind schedule (22254 min, 0.95% probability)
2026-08-12T17:28:19.563+05:30  WARN 27180 --- [shiptrack-backend] [essageBroker-14] c.s.service.DelayPredictionService       : Delay detected for shipment 24: Shipment is behind schedule (22254 min)
Hibernate: 
    select
        s1_0.id,
        s1_0.actual_delivery_time,
        s1_0.created_at,
        s1_0.created_by,
        s1_0.delivery_address,
        s1_0.destination_latitude,
        s1_0.destination_longitude,
        s1_0.estimated_delivery_time,
        s1_0.estimated_duration,
        s1_0.origin_latitude,
        s1_0.origin_longitude,
        s1_0.receiver_name,
        s1_0.route_polyline,
        s1_0.sender_address,
        s1_0.sender_name,
        s1_0.status,
        s1_0.total_distance,
        s1_0.tracking_number 
    from
        shipments s1_0 
    where
        s1_0.id=?
Hibernate: 
    select
        te1_0.id,
        te1_0.latitude,
        te1_0.longitude,
        te1_0.recorded_at,
        te1_0.shipment_id,
        te1_0.status 
    from
        tracking_events te1_0 
    left join
        shipments s1_0 
            on s1_0.id=te1_0.shipment_id 
    where
        s1_0.id=? 
    order by
        te1_0.recorded_at
Hibernate: 
    select
        rhp1_0.id,
        rhp1_0.latitude,
        rhp1_0.longitude,
        rhp1_0.progress,
        rhp1_0.recorded_at,
        rhp1_0.shipment_id,
        rhp1_0.speed 
    from
        route_history_points rhp1_0 
    left join
        shipments s1_0 
            on s1_0.id=rhp1_0.shipment_id 
    where
        s1_0.id=? 
    order by
        rhp1_0.recorded_at desc 
    fetch
        first ? rows only
2026-08-12T17:28:21.418+05:30  INFO 27180 --- [shiptrack-backend] [essageBroker-14] com.shiptrack.service.GeocodingService   : OSRM route found: 615.1 km, 462 min
Hibernate: 
    select
        dp1_0.id,
        dp1_0.delay_minutes,
        dp1_0.delay_reason,
        dp1_0.detected_at,
        dp1_0.is_active,
        dp1_0.probability,
        dp1_0.shipment_id 
    from
        delay_predictions dp1_0 
    where
        dp1_0.shipment_id=? 
        and dp1_0.is_active
Hibernate: 
    select
        s1_0.id,
        s1_0.actual_delivery_time,
        s1_0.created_at,
        s1_0.created_by,
        s1_0.delivery_address,
        s1_0.destination_latitude,
        s1_0.destination_longitude,
        s1_0.estimated_delivery_time,
        s1_0.estimated_duration,
        s1_0.origin_latitude,
        s1_0.origin_longitude,
        s1_0.receiver_name,
        s1_0.route_polyline,
        s1_0.sender_address,
        s1_0.sender_name,
        s1_0.status,
        s1_0.total_distance,
        s1_0.tracking_number 
    from
        shipments s1_0 
    where
        s1_0.id=?
Hibernate: 
    select
        te1_0.id,
        te1_0.latitude,
        te1_0.longitude,
        te1_0.recorded_at,
        te1_0.shipment_id,
        te1_0.status 
    from
        tracking_events te1_0 
    left join
        shipments s1_0 
            on s1_0.id=te1_0.shipment_id 
    where
        s1_0.id=? 
    order by
        te1_0.recorded_at
Hibernate: 
    select
        rhp1_0.id,
        rhp1_0.latitude,
        rhp1_0.longitude,
        rhp1_0.progress,
        rhp1_0.recorded_at,
        rhp1_0.shipment_id,
        rhp1_0.speed 
    from
        route_history_points rhp1_0 
    left join
        shipments s1_0 
            on s1_0.id=rhp1_0.shipment_id 
    where
        s1_0.id=? 
    order by
        rhp1_0.recorded_at desc 
    fetch
        first ? rows only
Hibernate: 
    select
        dp1_0.id,
        dp1_0.delay_minutes,
        dp1_0.delay_reason,
        dp1_0.detected_at,
        dp1_0.is_active,
        dp1_0.probability,
        dp1_0.shipment_id 
    from
        delay_predictions dp1_0 
    where
        dp1_0.shipment_id=? 
        and dp1_0.is_active 
    order by
        dp1_0.detected_at desc 
    fetch
        first ? rows only
Hibernate: 
    select
        dp1_0.id,
        dp1_0.delay_minutes,
        dp1_0.delay_reason,
        dp1_0.detected_at,
        dp1_0.is_active,
        dp1_0.probability,
        dp1_0.shipment_id 
    from
        delay_predictions dp1_0 
    where
        dp1_0.shipment_id=? 
        and dp1_0.is_active
Hibernate: 
    select
        dp1_0.id,
        dp1_0.delay_minutes,
        dp1_0.delay_reason,
        dp1_0.detected_at,
        dp1_0.is_active,
        dp1_0.probability,
        dp1_0.shipment_id 
    from
        delay_predictions dp1_0 
    where
        dp1_0.id=?
Hibernate: 
    update
        delay_predictions 
    set
        delay_minutes=?,
        delay_reason=?,
        detected_at=?,
        is_active=?,
        probability=?,
        shipment_id=? 
    where
        id=?
2026-08-12T17:28:21.470+05:30  INFO 27180 --- [shiptrack-backend] [essageBroker-14] c.s.service.DelayPredictionService       : Superseded 1 stale delay prediction(s) for shipment 53
Hibernate: 
    insert 
    into
        delay_predictions
        (delay_minutes, delay_reason, detected_at, is_active, probability, shipment_id) 
    values
        (?, ?, ?, ?, ?, ?)
2026-08-12T17:28:21.475+05:30  WARN 27180 --- [shiptrack-backend] [essageBroker-14] c.shiptrack.service.LiveTrackingService  : Delay alert for shipment 53: No location update for 67 minutes (67 min, 0.7233333333333334% probability)
2026-08-12T17:28:21.476+05:30  WARN 27180 --- [shiptrack-backend] [essageBroker-14] c.s.service.DelayPredictionService       : Delay detected for shipment 53: No location update for 67 minutes (67 min)
Hibernate: 
    select
        s1_0.id,
        s1_0.actual_delivery_time,
        s1_0.created_at,
        s1_0.created_by,
        s1_0.delivery_address,
        s1_0.destination_latitude,
        s1_0.destination_longitude,
        s1_0.estimated_delivery_time,
        s1_0.estimated_duration,
        s1_0.origin_latitude,
        s1_0.origin_longitude,
        s1_0.receiver_name,
        s1_0.route_polyline,
        s1_0.sender_address,
        s1_0.sender_name,
        s1_0.status,
        s1_0.total_distance,
        s1_0.tracking_number 
    from
        shipments s1_0 
    where
        s1_0.status in (?, ?)
Hibernate: 
    insert 
    into
        route_history_points
        (latitude, longitude, progress, recorded_at, shipment_id, speed) 
    values
        (?, ?, ?, ?, ?, ?)
2026-08-12T17:28:49.522+05:30  INFO 27180 --- [shiptrack-backend] [essageBroker-10] c.shiptrack.service.LiveTrackingService  : Broadcast location update for shipment 24: 15.345546583501248,73.9946440997985
Hibernate: 
    insert 
    into
        route_history_points
        (latitude, longitude, progress, recorded_at, shipment_id, speed) 
    values
        (?, ?, ?, ?, ?, ?)
2026-08-12T17:28:49.525+05:30  INFO 27180 --- [shiptrack-backend] [essageBroker-10] c.shiptrack.service.LiveTrackingService  : Broadcast location update for shipment 52: 22.26934680882763,87.39409855055172
Hibernate: 
    select
        u1_0.id,
        u1_0.created_at,
        u1_0.email,
        u1_0.name,
        u1_0.password,
        u1_0.phone,
        u1_0.role 
    from
        users u1_0 
    where
        u1_0.email=?
Hibernate: 
    select
        u1_0.id,
        u1_0.created_at,
        u1_0.email,
        u1_0.name,
        u1_0.password,
        u1_0.phone,
        u1_0.role 
    from
        users u1_0 
    where
        u1_0.email=?
Hibernate: 
    select
        u1_0.id,
        u1_0.created_at,
        u1_0.email,
        u1_0.name,
        u1_0.password,
        u1_0.phone,
        u1_0.role 
    from
        users u1_0 
    where
        u1_0.email=?
Hibernate: 
    select
        u1_0.id,
        u1_0.created_at,
        u1_0.email,
        u1_0.name,
        u1_0.password,
        u1_0.phone,
        u1_0.role 
    from
        users u1_0 
    where
        u1_0.email=?
Hibernate: 
    select
        count(*) 
    from
        shipments s1_0
Hibernate: 
    select
        s1_0.id,
        s1_0.actual_delivery_time,
        s1_0.created_at,
        s1_0.created_by,
        s1_0.delivery_address,
        s1_0.destination_latitude,
        s1_0.destination_longitude,
        s1_0.estimated_delivery_time,
        s1_0.estimated_duration,
        s1_0.origin_latitude,
        s1_0.origin_longitude,
        s1_0.receiver_name,
        s1_0.route_polyline,
        s1_0.sender_address,
        s1_0.sender_name,
        s1_0.status,
        s1_0.total_distance,
        s1_0.tracking_number 
    from
        shipments s1_0 
    order by
        s1_0.created_at desc
Hibernate: 
    select
        count(s1_0.id) 
    from
        shipments s1_0 
    where
        s1_0.status=?
Hibernate: 
    select
        te1_0.id,
        te1_0.latitude,
        te1_0.longitude,
        te1_0.recorded_at,
        te1_0.shipment_id,
        te1_0.status 
    from
        tracking_events te1_0 
    left join
        shipments s1_0 
            on s1_0.id=te1_0.shipment_id 
    where
        s1_0.id=? 
    order by
        te1_0.recorded_at
Hibernate: 
    select
        count(s1_0.id) 
    from
        shipments s1_0 
    where
        s1_0.status=?
Hibernate: 
    select
        pod1_0.id,
        pod1_0.captured_at,
        pod1_0.captured_by,
        pod1_0.item_image_data,
        pod1_0.item_image_hash,
        pod1_0.method,
        pod1_0.notes,
        pod1_0.recipient_name,
        pod1_0.shipment_id,
        pod1_0.signature_data,
        pod1_0.signature_hash,
        pod1_0.verification_notes,
        pod1_0.verification_status,
        pod1_0.verified_at,
        pod1_0.verified_by 
    from
        proof_of_deliveries pod1_0 
    left join
        shipments s1_0 
            on s1_0.id=pod1_0.shipment_id 
    where
        s1_0.id=?
Hibernate: 
    select
        count(s1_0.id) 
    from
        shipments s1_0 
    where
        s1_0.status=?
Hibernate: 
    select
        u1_0.id,
        u1_0.created_at,
        u1_0.email,
        u1_0.name,
        u1_0.password,
        u1_0.phone,
        u1_0.role 
    from
        users u1_0 
    where
        u1_0.id=?
Hibernate: 
    select
        count(s1_0.id) 
    from
        shipments s1_0 
    where
        s1_0.status=?
Hibernate: 
    select
        te1_0.id,
        te1_0.latitude,
        te1_0.longitude,
        te1_0.recorded_at,
        te1_0.shipment_id,
        te1_0.status 
    from
        tracking_events te1_0 
    left join
        shipments s1_0 
            on s1_0.id=te1_0.shipment_id 
    where
        s1_0.id=? 
    order by
        te1_0.recorded_at
Hibernate: 
    select
        count(s1_0.id) 
    from
        shipments s1_0 
    where
        s1_0.status=?
Hibernate: 
    select
        pod1_0.id,
        pod1_0.captured_at,
        pod1_0.captured_by,
        pod1_0.item_image_data,
        pod1_0.item_image_hash,
        pod1_0.method,
        pod1_0.notes,
        pod1_0.recipient_name,
        pod1_0.shipment_id,
        pod1_0.signature_data,
        pod1_0.signature_hash,
        pod1_0.verification_notes,
        pod1_0.verification_status,
        pod1_0.verified_at,
        pod1_0.verified_by 
    from
        proof_of_deliveries pod1_0 
    left join
        shipments s1_0 
            on s1_0.id=pod1_0.shipment_id 
    where
        s1_0.id=?
Hibernate: 
    select
        te1_0.id,
        te1_0.latitude,
        te1_0.longitude,
        te1_0.recorded_at,
        te1_0.shipment_id,
        te1_0.status 
    from
        tracking_events te1_0 
    left join
        shipments s1_0 
            on s1_0.id=te1_0.shipment_id 
    where
        s1_0.id=? 
    order by
        te1_0.recorded_at
Hibernate: 
    select
        pod1_0.id,
        pod1_0.captured_at,
        pod1_0.captured_by,
        pod1_0.item_image_data,
        pod1_0.item_image_hash,
        pod1_0.method,
        pod1_0.notes,
        pod1_0.recipient_name,
        pod1_0.shipment_id,
        pod1_0.signature_data,
        pod1_0.signature_hash,
        pod1_0.verification_notes,
        pod1_0.verification_status,
        pod1_0.verified_at,
        pod1_0.verified_by 
    from
        proof_of_deliveries pod1_0 
    left join
        shipments s1_0 
            on s1_0.id=pod1_0.shipment_id 
    where
        s1_0.id=?
Hibernate: 
    select
        te1_0.id,
        te1_0.latitude,
        te1_0.longitude,
        te1_0.recorded_at,
        te1_0.shipment_id,
        te1_0.status 
    from
        tracking_events te1_0 
    left join
        shipments s1_0 
            on s1_0.id=te1_0.shipment_id 
    where
        s1_0.id=? 
    order by
        te1_0.recorded_at
Hibernate: 
    select
        pod1_0.id,
        pod1_0.captured_at,
        pod1_0.captured_by,
        pod1_0.item_image_data,
        pod1_0.item_image_hash,
        pod1_0.method,
        pod1_0.notes,
        pod1_0.recipient_name,
        pod1_0.shipment_id,
        pod1_0.signature_data,
        pod1_0.signature_hash,
        pod1_0.verification_notes,
        pod1_0.verification_status,
        pod1_0.verified_at,
        pod1_0.verified_by 
    from
        proof_of_deliveries pod1_0 
    left join
        shipments s1_0 
            on s1_0.id=pod1_0.shipment_id 
    where
        s1_0.id=?
Hibernate: 
    select
        u1_0.id,
        u1_0.created_at,
        u1_0.email,
        u1_0.name,
        u1_0.password,
        u1_0.phone,
        u1_0.role 
    from
        users u1_0 
    where
        u1_0.email=?
Hibernate: 
    select
        te1_0.id,
        te1_0.latitude,
        te1_0.longitude,
        te1_0.recorded_at,
        te1_0.shipment_id,
        te1_0.status 
    from
        tracking_events te1_0 
    left join
        shipments s1_0 
            on s1_0.id=te1_0.shipment_id 
    where
        s1_0.id=? 
    order by
        te1_0.recorded_at
Hibernate: 
    select
        pod1_0.id,
        pod1_0.captured_at,
        pod1_0.captured_by,
        pod1_0.item_image_data,
        pod1_0.item_image_hash,
        pod1_0.method,
        pod1_0.notes,
        pod1_0.recipient_name,
        pod1_0.shipment_id,
        pod1_0.signature_data,
        pod1_0.signature_hash,
        pod1_0.verification_notes,
        pod1_0.verification_status,
        pod1_0.verified_at,
        pod1_0.verified_by 
    from
        proof_of_deliveries pod1_0 
    left join
        shipments s1_0 
            on s1_0.id=pod1_0.shipment_id 
    where
        s1_0.id=?
Hibernate: 
    select
        te1_0.id,
        te1_0.latitude,
        te1_0.longitude,
        te1_0.recorded_at,
        te1_0.shipment_id,
        te1_0.status 
    from
        tracking_events te1_0 
    left join
        shipments s1_0 
            on s1_0.id=te1_0.shipment_id 
    where
        s1_0.id=? 
    order by
        te1_0.recorded_at
Hibernate: 
    select
        u1_0.id,
        u1_0.created_at,
        u1_0.email,
        u1_0.name,
        u1_0.password,
        u1_0.phone,
        u1_0.role 
    from
        users u1_0 
    where
        u1_0.email=?
Hibernate: 
    select
        pod1_0.id,
        pod1_0.captured_at,
        pod1_0.captured_by,
        pod1_0.item_image_data,
        pod1_0.item_image_hash,
        pod1_0.method,
        pod1_0.notes,
        pod1_0.recipient_name,
        pod1_0.shipment_id,
        pod1_0.signature_data,
        pod1_0.signature_hash,
        pod1_0.verification_notes,
        pod1_0.verification_status,
        pod1_0.verified_at,
        pod1_0.verified_by 
    from
        proof_of_deliveries pod1_0 
    left join
        shipments s1_0 
            on s1_0.id=pod1_0.shipment_id 
    where
        s1_0.id=?
Hibernate: 
    select
        count(*) 
    from
        shipments s1_0
Hibernate: 
    select
        te1_0.id,
        te1_0.latitude,
        te1_0.longitude,
        te1_0.recorded_at,
        te1_0.shipment_id,
        te1_0.status 
    from
        tracking_events te1_0 
    left join
        shipments s1_0 
            on s1_0.id=te1_0.shipment_id 
    where
        s1_0.id=? 
    order by
        te1_0.recorded_at
Hibernate: 
    select
        count(s1_0.id) 
    from
        shipments s1_0 
    where
        s1_0.status=?
Hibernate: 
    select
        pod1_0.id,
        pod1_0.captured_at,
        pod1_0.captured_by,
        pod1_0.item_image_data,
        pod1_0.item_image_hash,
        pod1_0.method,
        pod1_0.notes,
        pod1_0.recipient_name,
        pod1_0.shipment_id,
        pod1_0.signature_data,
        pod1_0.signature_hash,
        pod1_0.verification_notes,
        pod1_0.verification_status,
        pod1_0.verified_at,
        pod1_0.verified_by 
    from
        proof_of_deliveries pod1_0 
    left join
        shipments s1_0 
            on s1_0.id=pod1_0.shipment_id 
    where
        s1_0.id=?
Hibernate: 
    select
        count(s1_0.id) 
    from
        shipments s1_0 
    where
        s1_0.status=?
Hibernate: 
    select
        count(s1_0.id) 
    from
        shipments s1_0 
    where
        s1_0.status=?
Hibernate: 
    select
        te1_0.id,
        te1_0.latitude,
        te1_0.longitude,
        te1_0.recorded_at,
        te1_0.shipment_id,
        te1_0.status 
    from
        tracking_events te1_0 
    left join
        shipments s1_0 
            on s1_0.id=te1_0.shipment_id 
    where
        s1_0.id=? 
    order by
        te1_0.recorded_at
Hibernate: 
    select
        count(s1_0.id) 
    from
        shipments s1_0 
    where
        s1_0.status=?
Hibernate: 
    select
        pod1_0.id,
        pod1_0.captured_at,
        pod1_0.captured_by,
        pod1_0.item_image_data,
        pod1_0.item_image_hash,
        pod1_0.method,
        pod1_0.notes,
        pod1_0.recipient_name,
        pod1_0.shipment_id,
        pod1_0.signature_data,
        pod1_0.signature_hash,
        pod1_0.verification_notes,
        pod1_0.verification_status,
        pod1_0.verified_at,
        pod1_0.verified_by 
    from
        proof_of_deliveries pod1_0 
    left join
        shipments s1_0 
            on s1_0.id=pod1_0.shipment_id 
    where
        s1_0.id=?
Hibernate: 
    select
        count(s1_0.id) 
    from
        shipments s1_0 
    where
        s1_0.status=?
Hibernate: 
    select
        te1_0.id,
        te1_0.latitude,
        te1_0.longitude,
        te1_0.recorded_at,
        te1_0.shipment_id,
        te1_0.status 
    from
        tracking_events te1_0 
    left join
        shipments s1_0 
            on s1_0.id=te1_0.shipment_id 
    where
        s1_0.id=? 
    order by
        te1_0.recorded_at
Hibernate: 
    select
        pod1_0.id,
        pod1_0.captured_at,
        pod1_0.captured_by,
        pod1_0.item_image_data,
        pod1_0.item_image_hash,
        pod1_0.method,
        pod1_0.notes,
        pod1_0.recipient_name,
        pod1_0.shipment_id,
        pod1_0.signature_data,
        pod1_0.signature_hash,
        pod1_0.verification_notes,
        pod1_0.verification_status,
        pod1_0.verified_at,
        pod1_0.verified_by 
    from
        proof_of_deliveries pod1_0 
    left join
        shipments s1_0 
            on s1_0.id=pod1_0.shipment_id 
    where
        s1_0.id=?
Hibernate: 
    select
        te1_0.id,
        te1_0.latitude,
        te1_0.longitude,
        te1_0.recorded_at,
        te1_0.shipment_id,
        te1_0.status 
    from
        tracking_events te1_0 
    left join
        shipments s1_0 
            on s1_0.id=te1_0.shipment_id 
    where
        s1_0.id=? 
    order by
        te1_0.recorded_at
Hibernate: 
    select
        pod1_0.id,
        pod1_0.captured_at,
        pod1_0.captured_by,
        pod1_0.item_image_data,
        pod1_0.item_image_hash,
        pod1_0.method,
        pod1_0.notes,
        pod1_0.recipient_name,
        pod1_0.shipment_id,
        pod1_0.signature_data,
        pod1_0.signature_hash,
        pod1_0.verification_notes,
        pod1_0.verification_status,
        pod1_0.verified_at,
        pod1_0.verified_by 
    from
        proof_of_deliveries pod1_0 
    left join
        shipments s1_0 
            on s1_0.id=pod1_0.shipment_id 
    where
        s1_0.id=?
Hibernate: 
    select
        te1_0.id,
        te1_0.latitude,
        te1_0.longitude,
        te1_0.recorded_at,
        te1_0.shipment_id,
        te1_0.status 
    from
        tracking_events te1_0 
    left join
        shipments s1_0 
            on s1_0.id=te1_0.shipment_id 
    where
        s1_0.id=? 
    order by
        te1_0.recorded_at
Hibernate: 
    select
        pod1_0.id,
        pod1_0.captured_at,
        pod1_0.captured_by,
        pod1_0.item_image_data,
        pod1_0.item_image_hash,
        pod1_0.method,
        pod1_0.notes,
        pod1_0.recipient_name,
        pod1_0.shipment_id,
        pod1_0.signature_data,
        pod1_0.signature_hash,
        pod1_0.verification_notes,
        pod1_0.verification_status,
        pod1_0.verified_at,
        pod1_0.verified_by 
    from
        proof_of_deliveries pod1_0 
    left join
        shipments s1_0 
            on s1_0.id=pod1_0.shipment_id 
    where
        s1_0.id=?
Hibernate: 
    select
        te1_0.id,
        te1_0.latitude,
        te1_0.longitude,
        te1_0.recorded_at,
        te1_0.shipment_id,
        te1_0.status 
    from
        tracking_events te1_0 
    left join
        shipments s1_0 
            on s1_0.id=te1_0.shipment_id 
    where
        s1_0.id=? 
    order by
        te1_0.recorded_at
Hibernate: 
    select
        pod1_0.id,
        pod1_0.captured_at,
        pod1_0.captured_by,
        pod1_0.item_image_data,
        pod1_0.item_image_hash,
        pod1_0.method,
        pod1_0.notes,
        pod1_0.recipient_name,
        pod1_0.shipment_id,
        pod1_0.signature_data,
        pod1_0.signature_hash,
        pod1_0.verification_notes,
        pod1_0.verification_status,
        pod1_0.verified_at,
        pod1_0.verified_by 
    from
        proof_of_deliveries pod1_0 
    left join
        shipments s1_0 
            on s1_0.id=pod1_0.shipment_id 
    where
        s1_0.id=?
Hibernate: 
    select
        te1_0.id,
        te1_0.latitude,
        te1_0.longitude,
        te1_0.recorded_at,
        te1_0.shipment_id,
        te1_0.status 
    from
        tracking_events te1_0 
    left join
        shipments s1_0 
            on s1_0.id=te1_0.shipment_id 
    where
        s1_0.id=? 
    order by
        te1_0.recorded_at
Hibernate: 
    select
        pod1_0.id,
        pod1_0.captured_at,
        pod1_0.captured_by,
        pod1_0.item_image_data,
        pod1_0.item_image_hash,
        pod1_0.method,
        pod1_0.notes,
        pod1_0.recipient_name,
        pod1_0.shipment_id,
        pod1_0.signature_data,
        pod1_0.signature_hash,
        pod1_0.verification_notes,
        pod1_0.verification_status,
        pod1_0.verified_at,
        pod1_0.verified_by 
    from
        proof_of_deliveries pod1_0 
    left join
        shipments s1_0 
            on s1_0.id=pod1_0.shipment_id 
    where
        s1_0.id=?
Hibernate: 
    select
        te1_0.id,
        te1_0.latitude,
        te1_0.longitude,
        te1_0.recorded_at,
        te1_0.shipment_id,
        te1_0.status 
    from
        tracking_events te1_0 
    left join
        shipments s1_0 
            on s1_0.id=te1_0.shipment_id 
    where
        s1_0.id=? 
    order by
        te1_0.recorded_at
Hibernate: 
    select
        pod1_0.id,
        pod1_0.captured_at,
        pod1_0.captured_by,
        pod1_0.item_image_data,
        pod1_0.item_image_hash,
        pod1_0.method,
        pod1_0.notes,
        pod1_0.recipient_name,
        pod1_0.shipment_id,
        pod1_0.signature_data,
        pod1_0.signature_hash,
        pod1_0.verification_notes,
        pod1_0.verification_status,
        pod1_0.verified_at,
        pod1_0.verified_by 
    from
        proof_of_deliveries pod1_0 
    left join
        shipments s1_0 
            on s1_0.id=pod1_0.shipment_id 
    where
        s1_0.id=?
Hibernate: 
    select
        te1_0.id,
        te1_0.latitude,
        te1_0.longitude,
        te1_0.recorded_at,
        te1_0.shipment_id,
        te1_0.status 
    from
        tracking_events te1_0 
    left join
        shipments s1_0 
            on s1_0.id=te1_0.shipment_id 
    where
        s1_0.id=? 
    order by
        te1_0.recorded_at
Hibernate: 
    select
        pod1_0.id,
        pod1_0.captured_at,
        pod1_0.captured_by,
        pod1_0.item_image_data,
        pod1_0.item_image_hash,
        pod1_0.method,
        pod1_0.notes,
        pod1_0.recipient_name,
        pod1_0.shipment_id,
        pod1_0.signature_data,
        pod1_0.signature_hash,
        pod1_0.verification_notes,
        pod1_0.verification_status,
        pod1_0.verified_at,
        pod1_0.verified_by 
    from
        proof_of_deliveries pod1_0 
    left join
        shipments s1_0 
            on s1_0.id=pod1_0.shipment_id 
    where
        s1_0.id=?
Hibernate: 
    select
        u1_0.id,
        u1_0.created_at,
        u1_0.email,
        u1_0.name,
        u1_0.password,
        u1_0.phone,
        u1_0.role 
    from
        users u1_0 
    where
        u1_0.email=?
Hibernate: 
    select
        u1_0.id,
        u1_0.created_at,
        u1_0.email,
        u1_0.name,
        u1_0.password,
        u1_0.phone,
        u1_0.role 
    from
        users u1_0 
    where
        u1_0.email=?
Hibernate: 
    select
        s1_0.id,
        s1_0.actual_delivery_time,
        s1_0.created_at,
        s1_0.created_by,
        s1_0.delivery_address,
        s1_0.destination_latitude,
        s1_0.destination_longitude,
        s1_0.estimated_delivery_time,
        s1_0.estimated_duration,
        s1_0.origin_latitude,
        s1_0.origin_longitude,
        s1_0.receiver_name,
        s1_0.route_polyline,
        s1_0.sender_address,
        s1_0.sender_name,
        s1_0.status,
        s1_0.total_distance,
        s1_0.tracking_number 
    from
        shipments s1_0 
    order by
        s1_0.created_at desc
Hibernate: 
    select
        te1_0.id,
        te1_0.latitude,
        te1_0.longitude,
        te1_0.recorded_at,
        te1_0.shipment_id,
        te1_0.status 
    from
        tracking_events te1_0 
    left join
        shipments s1_0 
            on s1_0.id=te1_0.shipment_id 
    where
        s1_0.id=? 
    order by
        te1_0.recorded_at
Hibernate: 
    select
        pod1_0.id,
        pod1_0.captured_at,
        pod1_0.captured_by,
        pod1_0.item_image_data,
        pod1_0.item_image_hash,
        pod1_0.method,
        pod1_0.notes,
        pod1_0.recipient_name,
        pod1_0.shipment_id,
        pod1_0.signature_data,
        pod1_0.signature_hash,
        pod1_0.verification_notes,
        pod1_0.verification_status,
        pod1_0.verified_at,
        pod1_0.verified_by 
    from
        proof_of_deliveries pod1_0 
    left join
        shipments s1_0 
            on s1_0.id=pod1_0.shipment_id 
    where
        s1_0.id=?
Hibernate: 
    select
        u1_0.id,
        u1_0.created_at,
        u1_0.email,
        u1_0.name,
        u1_0.password,
        u1_0.phone,
        u1_0.role 
    from
        users u1_0 
    where
        u1_0.id=?
Hibernate: 
    select
        te1_0.id,
        te1_0.latitude,
        te1_0.longitude,
        te1_0.recorded_at,
        te1_0.shipment_id,
        te1_0.status 
    from
        tracking_events te1_0 
    left join
        shipments s1_0 
            on s1_0.id=te1_0.shipment_id 
    where
        s1_0.id=? 
    order by
        te1_0.recorded_at
Hibernate: 
    select
        pod1_0.id,
        pod1_0.captured_at,
        pod1_0.captured_by,
        pod1_0.item_image_data,
        pod1_0.item_image_hash,
        pod1_0.method,
        pod1_0.notes,
        pod1_0.recipient_name,
        pod1_0.shipment_id,
        pod1_0.signature_data,
        pod1_0.signature_hash,
        pod1_0.verification_notes,
        pod1_0.verification_status,
        pod1_0.verified_at,
        pod1_0.verified_by 
    from
        proof_of_deliveries pod1_0 
    left join
        shipments s1_0 
            on s1_0.id=pod1_0.shipment_id 
    where
        s1_0.id=?
Hibernate: 
    select
        te1_0.id,
        te1_0.latitude,
        te1_0.longitude,
        te1_0.recorded_at,
        te1_0.shipment_id,
        te1_0.status 
    from
        tracking_events te1_0 
    left join
        shipments s1_0 
            on s1_0.id=te1_0.shipment_id 
    where
        s1_0.id=? 
    order by
        te1_0.recorded_at
Hibernate: 
    select
        pod1_0.id,
        pod1_0.captured_at,
        pod1_0.captured_by,
        pod1_0.item_image_data,
        pod1_0.item_image_hash,
        pod1_0.method,
        pod1_0.notes,
        pod1_0.recipient_name,
        pod1_0.shipment_id,
        pod1_0.signature_data,
        pod1_0.signature_hash,
        pod1_0.verification_notes,
        pod1_0.verification_status,
        pod1_0.verified_at,
        pod1_0.verified_by 
    from
        proof_of_deliveries pod1_0 
    left join
        shipments s1_0 
            on s1_0.id=pod1_0.shipment_id 
    where
        s1_0.id=?
Hibernate: 
    select
        te1_0.id,
        te1_0.latitude,
        te1_0.longitude,
        te1_0.recorded_at,
        te1_0.shipment_id,
        te1_0.status 
    from
        tracking_events te1_0 
    left join
        shipments s1_0 
            on s1_0.id=te1_0.shipment_id 
    where
        s1_0.id=? 
    order by
        te1_0.recorded_at
Hibernate: 
    select
        pod1_0.id,
        pod1_0.captured_at,
        pod1_0.captured_by,
        pod1_0.item_image_data,
        pod1_0.item_image_hash,
        pod1_0.method,
        pod1_0.notes,
        pod1_0.recipient_name,
        pod1_0.shipment_id,
        pod1_0.signature_data,
        pod1_0.signature_hash,
        pod1_0.verification_notes,
        pod1_0.verification_status,
        pod1_0.verified_at,
        pod1_0.verified_by 
    from
        proof_of_deliveries pod1_0 
    left join
        shipments s1_0 
            on s1_0.id=pod1_0.shipment_id 
    where
        s1_0.id=?
Hibernate: 
    select
        te1_0.id,
        te1_0.latitude,
        te1_0.longitude,
        te1_0.recorded_at,
        te1_0.shipment_id,
        te1_0.status 
    from
        tracking_events te1_0 
    left join
        shipments s1_0 
            on s1_0.id=te1_0.shipment_id 
    where
        s1_0.id=? 
    order by
        te1_0.recorded_at
Hibernate: 
    select
        pod1_0.id,
        pod1_0.captured_at,
        pod1_0.captured_by,
        pod1_0.item_image_data,
        pod1_0.item_image_hash,
        pod1_0.method,
        pod1_0.notes,
        pod1_0.recipient_name,
        pod1_0.shipment_id,
        pod1_0.signature_data,
        pod1_0.signature_hash,
        pod1_0.verification_notes,
        pod1_0.verification_status,
        pod1_0.verified_at,
        pod1_0.verified_by 
    from
        proof_of_deliveries pod1_0 
    left join
        shipments s1_0 
            on s1_0.id=pod1_0.shipment_id 
    where
        s1_0.id=?
Hibernate: 
    select
        te1_0.id,
        te1_0.latitude,
        te1_0.longitude,
        te1_0.recorded_at,
        te1_0.shipment_id,
        te1_0.status 
    from
        tracking_events te1_0 
    left join
        shipments s1_0 
            on s1_0.id=te1_0.shipment_id 
    where
        s1_0.id=? 
    order by
        te1_0.recorded_at
Hibernate: 
    select
        pod1_0.id,
        pod1_0.captured_at,
        pod1_0.captured_by,
        pod1_0.item_image_data,
        pod1_0.item_image_hash,
        pod1_0.method,
        pod1_0.notes,
        pod1_0.recipient_name,
        pod1_0.shipment_id,
        pod1_0.signature_data,
        pod1_0.signature_hash,
        pod1_0.verification_notes,
        pod1_0.verification_status,
        pod1_0.verified_at,
        pod1_0.verified_by 
    from
        proof_of_deliveries pod1_0 
    left join
        shipments s1_0 
            on s1_0.id=pod1_0.shipment_id 
    where
        s1_0.id=?
Hibernate: 
    select
        te1_0.id,
        te1_0.latitude,
        te1_0.longitude,
        te1_0.recorded_at,
        te1_0.shipment_id,
        te1_0.status 
    from
        tracking_events te1_0 
    left join
        shipments s1_0 
            on s1_0.id=te1_0.shipment_id 
    where
        s1_0.id=? 
    order by
        te1_0.recorded_at
Hibernate: 
    select
        pod1_0.id,
        pod1_0.captured_at,
        pod1_0.captured_by,
        pod1_0.item_image_data,
        pod1_0.item_image_hash,
        pod1_0.method,
        pod1_0.notes,
        pod1_0.recipient_name,
        pod1_0.shipment_id,
        pod1_0.signature_data,
        pod1_0.signature_hash,
        pod1_0.verification_notes,
        pod1_0.verification_status,
        pod1_0.verified_at,
        pod1_0.verified_by 
    from
        proof_of_deliveries pod1_0 
    left join
        shipments s1_0 
            on s1_0.id=pod1_0.shipment_id 
    where
        s1_0.id=?
Hibernate: 
    select
        te1_0.id,
        te1_0.latitude,
        te1_0.longitude,
        te1_0.recorded_at,
        te1_0.shipment_id,
        te1_0.status 
    from
        tracking_events te1_0 
    left join
        shipments s1_0 
            on s1_0.id=te1_0.shipment_id 
    where
        s1_0.id=? 
    order by
        te1_0.recorded_at
Hibernate: 
    select
        pod1_0.id,
        pod1_0.captured_at,
        pod1_0.captured_by,
        pod1_0.item_image_data,
        pod1_0.item_image_hash,
        pod1_0.method,
        pod1_0.notes,
        pod1_0.recipient_name,
        pod1_0.shipment_id,
        pod1_0.signature_data,
        pod1_0.signature_hash,
        pod1_0.verification_notes,
        pod1_0.verification_status,
        pod1_0.verified_at,
        pod1_0.verified_by 
    from
        proof_of_deliveries pod1_0 
    left join
        shipments s1_0 
            on s1_0.id=pod1_0.shipment_id 
    where
        s1_0.id=?
Hibernate: 
    select
        te1_0.id,
        te1_0.latitude,
        te1_0.longitude,
        te1_0.recorded_at,
        te1_0.shipment_id,
        te1_0.status 
    from
        tracking_events te1_0 
    left join
        shipments s1_0 
            on s1_0.id=te1_0.shipment_id 
    where
        s1_0.id=? 
    order by
        te1_0.recorded_at
Hibernate: 
    select
        pod1_0.id,
        pod1_0.captured_at,
        pod1_0.captured_by,
        pod1_0.item_image_data,
        pod1_0.item_image_hash,
        pod1_0.method,
        pod1_0.notes,
        pod1_0.recipient_name,
        pod1_0.shipment_id,
        pod1_0.signature_data,
        pod1_0.signature_hash,
        pod1_0.verification_notes,
        pod1_0.verification_status,
        pod1_0.verified_at,
        pod1_0.verified_by 
    from
        proof_of_deliveries pod1_0 
    left join
        shipments s1_0 
            on s1_0.id=pod1_0.shipment_id 
    where
        s1_0.id=?
Hibernate: 
    select
        te1_0.id,
        te1_0.latitude,
        te1_0.longitude,
        te1_0.recorded_at,
        te1_0.shipment_id,
        te1_0.status 
    from
        tracking_events te1_0 
    left join
        shipments s1_0 
            on s1_0.id=te1_0.shipment_id 
    where
        s1_0.id=? 
    order by
        te1_0.recorded_at
Hibernate: 
    select
        pod1_0.id,
        pod1_0.captured_at,
        pod1_0.captured_by,
        pod1_0.item_image_data,
        pod1_0.item_image_hash,
        pod1_0.method,
        pod1_0.notes,
        pod1_0.recipient_name,
        pod1_0.shipment_id,
        pod1_0.signature_data,
        pod1_0.signature_hash,
        pod1_0.verification_notes,
        pod1_0.verification_status,
        pod1_0.verified_at,
        pod1_0.verified_by 
    from
        proof_of_deliveries pod1_0 
    left join
        shipments s1_0 
            on s1_0.id=pod1_0.shipment_id 
    where
        s1_0.id=?
Hibernate: 
    select
        te1_0.id,
        te1_0.latitude,
        te1_0.longitude,
        te1_0.recorded_at,
        te1_0.shipment_id,
        te1_0.status 
    from
        tracking_events te1_0 
    left join
        shipments s1_0 
            on s1_0.id=te1_0.shipment_id 
    where
        s1_0.id=? 
    order by
        te1_0.recorded_at
Hibernate: 
    select
        pod1_0.id,
        pod1_0.captured_at,
        pod1_0.captured_by,
        pod1_0.item_image_data,
        pod1_0.item_image_hash,
        pod1_0.method,
        pod1_0.notes,
        pod1_0.recipient_name,
        pod1_0.shipment_id,
        pod1_0.signature_data,
        pod1_0.signature_hash,
        pod1_0.verification_notes,
        pod1_0.verification_status,
        pod1_0.verified_at,
        pod1_0.verified_by 
    from
        proof_of_deliveries pod1_0 
    left join
        shipments s1_0 
            on s1_0.id=pod1_0.shipment_id 
    where
        s1_0.id=?
Hibernate: 
    select
        te1_0.id,
        te1_0.latitude,
        te1_0.longitude,
        te1_0.recorded_at,
        te1_0.shipment_id,
        te1_0.status 
    from
        tracking_events te1_0 
    left join
        shipments s1_0 
            on s1_0.id=te1_0.shipment_id 
    where
        s1_0.id=? 
    order by
        te1_0.recorded_at
Hibernate: 
    select
        pod1_0.id,
        pod1_0.captured_at,
        pod1_0.captured_by,
        pod1_0.item_image_data,
        pod1_0.item_image_hash,
        pod1_0.method,
        pod1_0.notes,
        pod1_0.recipient_name,
        pod1_0.shipment_id,
        pod1_0.signature_data,
        pod1_0.signature_hash,
        pod1_0.verification_notes,
        pod1_0.verification_status,
        pod1_0.verified_at,
        pod1_0.verified_by 
    from
        proof_of_deliveries pod1_0 
    left join
        shipments s1_0 
            on s1_0.id=pod1_0.shipment_id 
    where
        s1_0.id=?
Hibernate: 
    select
        te1_0.id,
        te1_0.latitude,
        te1_0.longitude,
        te1_0.recorded_at,
        te1_0.shipment_id,
        te1_0.status 
    from
        tracking_events te1_0 
    left join
        shipments s1_0 
            on s1_0.id=te1_0.shipment_id 
    where
        s1_0.id=? 
    order by
        te1_0.recorded_at
Hibernate: 
    select
        pod1_0.id,
        pod1_0.captured_at,
        pod1_0.captured_by,
        pod1_0.item_image_data,
        pod1_0.item_image_hash,
        pod1_0.method,
        pod1_0.notes,
        pod1_0.recipient_name,
        pod1_0.shipment_id,
        pod1_0.signature_data,
        pod1_0.signature_hash,
        pod1_0.verification_notes,
        pod1_0.verification_status,
        pod1_0.verified_at,
        pod1_0.verified_by 
    from
        proof_of_deliveries pod1_0 
    left join
        shipments s1_0 
            on s1_0.id=pod1_0.shipment_id 
    where
        s1_0.id=?
Hibernate: 
    select
        te1_0.id,
        te1_0.latitude,
        te1_0.longitude,
        te1_0.recorded_at,
        te1_0.shipment_id,
        te1_0.status 
    from
        tracking_events te1_0 
    left join
        shipments s1_0 
            on s1_0.id=te1_0.shipment_id 
    where
        s1_0.id=? 
    order by
        te1_0.recorded_at
Hibernate: 
    select
        pod1_0.id,
        pod1_0.captured_at,
        pod1_0.captured_by,
        pod1_0.item_image_data,
        pod1_0.item_image_hash,
        pod1_0.method,
        pod1_0.notes,
        pod1_0.recipient_name,
        pod1_0.shipment_id,
        pod1_0.signature_data,
        pod1_0.signature_hash,
        pod1_0.verification_notes,
        pod1_0.verification_status,
        pod1_0.verified_at,
        pod1_0.verified_by 
    from
        proof_of_deliveries pod1_0 
    left join
        shipments s1_0 
            on s1_0.id=pod1_0.shipment_id 
    where
        s1_0.id=?
Hibernate: 
    select
        te1_0.id,
        te1_0.latitude,
        te1_0.longitude,
        te1_0.recorded_at,
        te1_0.shipment_id,
        te1_0.status 
    from
        tracking_events te1_0 
    left join
        shipments s1_0 
            on s1_0.id=te1_0.shipment_id 
    where
        s1_0.id=? 
    order by
        te1_0.recorded_at
Hibernate: 
    select
        pod1_0.id,
        pod1_0.captured_at,
        pod1_0.captured_by,
        pod1_0.item_image_data,
        pod1_0.item_image_hash,
        pod1_0.method,
        pod1_0.notes,
        pod1_0.recipient_name,
        pod1_0.shipment_id,
        pod1_0.signature_data,
        pod1_0.signature_hash,
        pod1_0.verification_notes,
        pod1_0.verification_status,
        pod1_0.verified_at,
        pod1_0.verified_by 
    from
        proof_of_deliveries pod1_0 
    left join
        shipments s1_0 
            on s1_0.id=pod1_0.shipment_id 
    where
        s1_0.id=?
Hibernate: 
    select
        s1_0.id,
        s1_0.actual_delivery_time,
        s1_0.created_at,
        s1_0.created_by,
        s1_0.delivery_address,
        s1_0.destination_latitude,
        s1_0.destination_longitude,
        s1_0.estimated_delivery_time,
        s1_0.estimated_duration,
        s1_0.origin_latitude,
        s1_0.origin_longitude,
        s1_0.receiver_name,
        s1_0.route_polyline,
        s1_0.sender_address,
        s1_0.sender_name,
        s1_0.status,
        s1_0.total_distance,
        s1_0.tracking_number 
    from
        shipments s1_0 
    where
        s1_0.status in (?, ?)
Hibernate: 
    select
        s1_0.id,
        s1_0.actual_delivery_time,
        s1_0.created_at,
        s1_0.created_by,
        s1_0.delivery_address,
        s1_0.destination_latitude,
        s1_0.destination_longitude,
        s1_0.estimated_delivery_time,
        s1_0.estimated_duration,
        s1_0.origin_latitude,
        s1_0.origin_longitude,
        s1_0.receiver_name,
        s1_0.route_polyline,
        s1_0.sender_address,
        s1_0.sender_name,
        s1_0.status,
        s1_0.total_distance,
        s1_0.tracking_number 
    from
        shipments s1_0 
    where
        s1_0.status in (?, ?)
Hibernate: 
    select
        s1_0.id,
        s1_0.actual_delivery_time,
        s1_0.created_at,
        s1_0.created_by,
        s1_0.delivery_address,
        s1_0.destination_latitude,
        s1_0.destination_longitude,
        s1_0.estimated_delivery_time,
        s1_0.estimated_duration,
        s1_0.origin_latitude,
        s1_0.origin_longitude,
        s1_0.receiver_name,
        s1_0.route_polyline,
        s1_0.sender_address,
        s1_0.sender_name,
        s1_0.status,
        s1_0.total_distance,
        s1_0.tracking_number 
    from
        shipments s1_0 
    where
        s1_0.id=?
Hibernate: 
    insert 
    into
        route_history_points
        (latitude, longitude, progress, recorded_at, shipment_id, speed) 
    values
        (?, ?, ?, ?, ?, ?)
Hibernate: 
    select
        te1_0.id,
        te1_0.latitude,
        te1_0.longitude,
        te1_0.recorded_at,
        te1_0.shipment_id,
        te1_0.status 
    from
        tracking_events te1_0 
    left join
        shipments s1_0 
            on s1_0.id=te1_0.shipment_id 
    where
        s1_0.id=? 
    order by
        te1_0.recorded_at
Hibernate: 
    select
        rhp1_0.id,
        rhp1_0.latitude,
        rhp1_0.longitude,
        rhp1_0.progress,
        rhp1_0.recorded_at,
        rhp1_0.shipment_id,
        rhp1_0.speed 
    from
        route_history_points rhp1_0 
    left join
        shipments s1_0 
            on s1_0.id=rhp1_0.shipment_id 
    where
        s1_0.id=? 
    order by
        rhp1_0.recorded_at desc 
    fetch
        first ? rows only
2026-08-12T17:29:19.525+05:30  INFO 27180 --- [shiptrack-backend] [MessageBroker-5] c.shiptrack.service.LiveTrackingService  : Broadcast location update for shipment 24: 15.345546583501248,73.9946440997985
Hibernate: 
    select
        dp1_0.id,
        dp1_0.delay_minutes,
        dp1_0.delay_reason,
        dp1_0.detected_at,
        dp1_0.is_active,
        dp1_0.probability,
        dp1_0.shipment_id 
    from
        delay_predictions dp1_0 
    where
        dp1_0.shipment_id=? 
        and dp1_0.is_active 
    order by
        dp1_0.detected_at desc 
    fetch
        first ? rows only
Hibernate: 
    insert 
    into
        route_history_points
        (latitude, longitude, progress, recorded_at, shipment_id, speed) 
    values
        (?, ?, ?, ?, ?, ?)
Hibernate: 
    select
        dp1_0.id,
        dp1_0.delay_minutes,
        dp1_0.delay_reason,
        dp1_0.detected_at,
        dp1_0.is_active,
        dp1_0.probability,
        dp1_0.shipment_id 
    from
        delay_predictions dp1_0 
    where
        dp1_0.shipment_id=? 
        and dp1_0.is_active
2026-08-12T17:29:19.530+05:30  INFO 27180 --- [shiptrack-backend] [MessageBroker-5] c.shiptrack.service.LiveTrackingService  : Broadcast location update for shipment 52: 22.257351638210707,87.39341005541125
Hibernate: 
    select
        dp1_0.id,
        dp1_0.delay_minutes,
        dp1_0.delay_reason,
        dp1_0.detected_at,
        dp1_0.is_active,
        dp1_0.probability,
        dp1_0.shipment_id 
    from
        delay_predictions dp1_0 
    where
        dp1_0.id=?
Hibernate: 
    update
        delay_predictions 
    set
        delay_minutes=?,
        delay_reason=?,
        detected_at=?,
        is_active=?,
        probability=?,
        shipment_id=? 
    where
        id=?
2026-08-12T17:29:19.532+05:30  INFO 27180 --- [shiptrack-backend] [essageBroker-11] c.s.service.DelayPredictionService       : Superseded 1 stale delay prediction(s) for shipment 22
Hibernate: 
    insert 
    into
        delay_predictions
        (delay_minutes, delay_reason, detected_at, is_active, probability, shipment_id) 
    values
        (?, ?, ?, ?, ?, ?)
2026-08-12T17:29:19.534+05:30  WARN 27180 --- [shiptrack-backend] [essageBroker-11] c.shiptrack.service.LiveTrackingService  : Delay alert for shipment 22: No location update for 20107 minutes (120 min, 0.9% probability)
2026-08-12T17:29:19.535+05:30  WARN 27180 --- [shiptrack-backend] [essageBroker-11] c.s.service.DelayPredictionService       : Delay detected for shipment 22: No location update for 20107 minutes (120 min)
Hibernate: 
    select
        s1_0.id,
        s1_0.actual_delivery_time,
        s1_0.created_at,
        s1_0.created_by,
        s1_0.delivery_address,
        s1_0.destination_latitude,
        s1_0.destination_longitude,
        s1_0.estimated_delivery_time,
        s1_0.estimated_duration,
        s1_0.origin_latitude,
        s1_0.origin_longitude,
        s1_0.receiver_name,
        s1_0.route_polyline,
        s1_0.sender_address,
        s1_0.sender_name,
        s1_0.status,
        s1_0.total_distance,
        s1_0.tracking_number 
    from
        shipments s1_0 
    where
        s1_0.id=?
Hibernate: 
    select
        te1_0.id,
        te1_0.latitude,
        te1_0.longitude,
        te1_0.recorded_at,
        te1_0.shipment_id,
        te1_0.status 
    from
        tracking_events te1_0 
    left join
        shipments s1_0 
            on s1_0.id=te1_0.shipment_id 
    where
        s1_0.id=? 
    order by
        te1_0.recorded_at
Hibernate: 
    select
        rhp1_0.id,
        rhp1_0.latitude,
        rhp1_0.longitude,
        rhp1_0.progress,
        rhp1_0.recorded_at,
        rhp1_0.shipment_id,
        rhp1_0.speed 
    from
        route_history_points rhp1_0 
    left join
        shipments s1_0 
            on s1_0.id=rhp1_0.shipment_id 
    where
        s1_0.id=? 
    order by
        rhp1_0.recorded_at desc 
    fetch
        first ? rows only
Hibernate: 
    select
        dp1_0.id,
        dp1_0.delay_minutes,
        dp1_0.delay_reason,
        dp1_0.detected_at,
        dp1_0.is_active,
        dp1_0.probability,
        dp1_0.shipment_id 
    from
        delay_predictions dp1_0 
    where
        dp1_0.shipment_id=? 
        and dp1_0.is_active 
    order by
        dp1_0.detected_at desc 
    fetch
        first ? rows only
Hibernate: 
    select
        dp1_0.id,
        dp1_0.delay_minutes,
        dp1_0.delay_reason,
        dp1_0.detected_at,
        dp1_0.is_active,
        dp1_0.probability,
        dp1_0.shipment_id 
    from
        delay_predictions dp1_0 
    where
        dp1_0.shipment_id=? 
        and dp1_0.is_active
Hibernate: 
    select
        dp1_0.id,
        dp1_0.delay_minutes,
        dp1_0.delay_reason,
        dp1_0.detected_at,
        dp1_0.is_active,
        dp1_0.probability,
        dp1_0.shipment_id 
    from
        delay_predictions dp1_0 
    where
        dp1_0.id=?
Hibernate: 
    update
        delay_predictions 
    set
        delay_minutes=?,
        delay_reason=?,
        detected_at=?,
        is_active=?,
        probability=?,
        shipment_id=? 
    where
        id=?
2026-08-12T17:29:19.541+05:30  INFO 27180 --- [shiptrack-backend] [essageBroker-11] c.s.service.DelayPredictionService       : Superseded 1 stale delay prediction(s) for shipment 24
Hibernate: 
    insert 
    into
        delay_predictions
        (delay_minutes, delay_reason, detected_at, is_active, probability, shipment_id) 
    values
        (?, ?, ?, ?, ?, ?)
2026-08-12T17:29:19.542+05:30  WARN 27180 --- [shiptrack-backend] [essageBroker-11] c.shiptrack.service.LiveTrackingService  : Delay alert for shipment 24: Shipment is behind schedule (22255 min, 0.95% probability)
2026-08-12T17:29:19.542+05:30  WARN 27180 --- [shiptrack-backend] [essageBroker-11] c.s.service.DelayPredictionService       : Delay detected for shipment 24: Shipment is behind schedule (22255 min)
Hibernate: 
    select
        s1_0.id,
        s1_0.actual_delivery_time,
        s1_0.created_at,
        s1_0.created_by,
        s1_0.delivery_address,
        s1_0.destination_latitude,
        s1_0.destination_longitude,
        s1_0.estimated_delivery_time,
        s1_0.estimated_duration,
        s1_0.origin_latitude,
        s1_0.origin_longitude,
        s1_0.receiver_name,
        s1_0.route_polyline,
        s1_0.sender_address,
        s1_0.sender_name,
        s1_0.status,
        s1_0.total_distance,
        s1_0.tracking_number 
    from
        shipments s1_0 
    where
        s1_0.id=?
Hibernate: 
    select
        te1_0.id,
        te1_0.latitude,
        te1_0.longitude,
        te1_0.recorded_at,
        te1_0.shipment_id,
        te1_0.status 
    from
        tracking_events te1_0 
    left join
        shipments s1_0 
            on s1_0.id=te1_0.shipment_id 
    where
        s1_0.id=? 
    order by
        te1_0.recorded_at
Hibernate: 
    select
        rhp1_0.id,
        rhp1_0.latitude,
        rhp1_0.longitude,
        rhp1_0.progress,
        rhp1_0.recorded_at,
        rhp1_0.shipment_id,
        rhp1_0.speed 
    from
        route_history_points rhp1_0 
    left join
        shipments s1_0 
            on s1_0.id=rhp1_0.shipment_id 
    where
        s1_0.id=? 
    order by
        rhp1_0.recorded_at desc 
    fetch
        first ? rows only
2026-08-12T17:29:21.149+05:30  INFO 27180 --- [shiptrack-backend] [essageBroker-11] com.shiptrack.service.GeocodingService   : OSRM route found: 615.1 km, 462 min
Hibernate: 
    select
        dp1_0.id,
        dp1_0.delay_minutes,
        dp1_0.delay_reason,
        dp1_0.detected_at,
        dp1_0.is_active,
        dp1_0.probability,
        dp1_0.shipment_id 
    from
        delay_predictions dp1_0 
    where
        dp1_0.shipment_id=? 
        and dp1_0.is_active
Hibernate: 
    select
        s1_0.id,
        s1_0.actual_delivery_time,
        s1_0.created_at,
        s1_0.created_by,
        s1_0.delivery_address,
        s1_0.destination_latitude,
        s1_0.destination_longitude,
        s1_0.estimated_delivery_time,
        s1_0.estimated_duration,
        s1_0.origin_latitude,
        s1_0.origin_longitude,
        s1_0.receiver_name,
        s1_0.route_polyline,
        s1_0.sender_address,
        s1_0.sender_name,
        s1_0.status,
        s1_0.total_distance,
        s1_0.tracking_number 
    from
        shipments s1_0 
    where
        s1_0.id=?
Hibernate: 
    select
        te1_0.id,
        te1_0.latitude,
        te1_0.longitude,
        te1_0.recorded_at,
        te1_0.shipment_id,
        te1_0.status 
    from
        tracking_events te1_0 
    left join
        shipments s1_0 
            on s1_0.id=te1_0.shipment_id 
    where
        s1_0.id=? 
    order by
        te1_0.recorded_at
Hibernate: 
    select
        rhp1_0.id,
        rhp1_0.latitude,
        rhp1_0.longitude,
        rhp1_0.progress,
        rhp1_0.recorded_at,
        rhp1_0.shipment_id,
        rhp1_0.speed 
    from
        route_history_points rhp1_0 
    left join
        shipments s1_0 
            on s1_0.id=rhp1_0.shipment_id 
    where
        s1_0.id=? 
    order by
        rhp1_0.recorded_at desc 
    fetch
        first ? rows only
Hibernate: 
    select
        dp1_0.id,
        dp1_0.delay_minutes,
        dp1_0.delay_reason,
        dp1_0.detected_at,
        dp1_0.is_active,
        dp1_0.probability,
        dp1_0.shipment_id 
    from
        delay_predictions dp1_0 
    where
        dp1_0.shipment_id=? 
        and dp1_0.is_active 
    order by
        dp1_0.detected_at desc 
    fetch
        first ? rows only
Hibernate: 
    select
        dp1_0.id,
        dp1_0.delay_minutes,
        dp1_0.delay_reason,
        dp1_0.detected_at,
        dp1_0.is_active,
        dp1_0.probability,
        dp1_0.shipment_id 
    from
        delay_predictions dp1_0 
    where
        dp1_0.shipment_id=? 
        and dp1_0.is_active
Hibernate: 
    select
        dp1_0.id,
        dp1_0.delay_minutes,
        dp1_0.delay_reason,
        dp1_0.detected_at,
        dp1_0.is_active,
        dp1_0.probability,
        dp1_0.shipment_id 
    from
        delay_predictions dp1_0 
    where
        dp1_0.id=?
Hibernate: 
    update
        delay_predictions 
    set
        delay_minutes=?,
        delay_reason=?,
        detected_at=?,
        is_active=?,
        probability=?,
        shipment_id=? 
    where
        id=?
2026-08-12T17:29:21.157+05:30  INFO 27180 --- [shiptrack-backend] [essageBroker-11] c.s.service.DelayPredictionService       : Superseded 1 stale delay prediction(s) for shipment 53
Hibernate: 
    insert 
    into
        delay_predictions
        (delay_minutes, delay_reason, detected_at, is_active, probability, shipment_id) 
    values
        (?, ?, ?, ?, ?, ?)
2026-08-12T17:29:21.159+05:30  WARN 27180 --- [shiptrack-backend] [essageBroker-11] c.shiptrack.service.LiveTrackingService  : Delay alert for shipment 53: No location update for 68 minutes (68 min, 0.7266666666666667% probability)
2026-08-12T17:29:21.159+05:30  WARN 27180 --- [shiptrack-backend] [essageBroker-11] c.s.service.DelayPredictionService       : Delay detected for shipment 53: No location update for 68 minutes (68 min)
Hibernate: 
    select
        u1_0.id,
        u1_0.created_at,
        u1_0.email,
        u1_0.name,
        u1_0.password,
        u1_0.phone,
        u1_0.role 
    from
        users u1_0 
    where
        u1_0.email=?
Hibernate: 
    select
        u1_0.id,
        u1_0.created_at,
        u1_0.email,
        u1_0.name,
        u1_0.password,
        u1_0.phone,
        u1_0.role 
    from
        users u1_0 
    where
        u1_0.email=?
Hibernate: 
    select
        u1_0.id,
        u1_0.created_at,
        u1_0.email,
        u1_0.name,
        u1_0.password,
        u1_0.phone,
        u1_0.role 
    from
        users u1_0 
    where
        u1_0.email=?
Hibernate: 
    select
        u1_0.id,
        u1_0.created_at,
        u1_0.email,
        u1_0.name,
        u1_0.password,
        u1_0.phone,
        u1_0.role 
    from
        users u1_0 
    where
        u1_0.email=?
Hibernate: 
    select
        count(*) 
    from
        shipments s1_0
Hibernate: 
    select
        s1_0.id,
        s1_0.actual_delivery_time,
        s1_0.created_at,
        s1_0.created_by,
        s1_0.delivery_address,
        s1_0.destination_latitude,
        s1_0.destination_longitude,
        s1_0.estimated_delivery_time,
        s1_0.estimated_duration,
        s1_0.origin_latitude,
        s1_0.origin_longitude,
        s1_0.receiver_name,
        s1_0.route_polyline,
        s1_0.sender_address,
        s1_0.sender_name,
        s1_0.status,
        s1_0.total_distance,
        s1_0.tracking_number 
    from
        shipments s1_0 
    order by
        s1_0.created_at desc
Hibernate: 
    select
        count(s1_0.id) 
    from
        shipments s1_0 
    where
        s1_0.status=?
Hibernate: 
    select
        count(s1_0.id) 
    from
        shipments s1_0 
    where
        s1_0.status=?
Hibernate: 
    select
        count(s1_0.id) 
    from
        shipments s1_0 
    where
        s1_0.status=?
Hibernate: 
    select
        te1_0.id,
        te1_0.latitude,
        te1_0.longitude,
        te1_0.recorded_at,
        te1_0.shipment_id,
        te1_0.status 
    from
        tracking_events te1_0 
    left join
        shipments s1_0 
            on s1_0.id=te1_0.shipment_id 
    where
        s1_0.id=? 
    order by
        te1_0.recorded_at
Hibernate: 
    select
        count(s1_0.id) 
    from
        shipments s1_0 
    where
        s1_0.status=?
Hibernate: 
    select
        pod1_0.id,
        pod1_0.captured_at,
        pod1_0.captured_by,
        pod1_0.item_image_data,
        pod1_0.item_image_hash,
        pod1_0.method,
        pod1_0.notes,
        pod1_0.recipient_name,
        pod1_0.shipment_id,
        pod1_0.signature_data,
        pod1_0.signature_hash,
        pod1_0.verification_notes,
        pod1_0.verification_status,
        pod1_0.verified_at,
        pod1_0.verified_by 
    from
        proof_of_deliveries pod1_0 
    left join
        shipments s1_0 
            on s1_0.id=pod1_0.shipment_id 
    where
        s1_0.id=?
Hibernate: 
    select
        count(s1_0.id) 
    from
        shipments s1_0 
    where
        s1_0.status=?
Hibernate: 
    select
        u1_0.id,
        u1_0.created_at,
        u1_0.email,
        u1_0.name,
        u1_0.password,
        u1_0.phone,
        u1_0.role 
    from
        users u1_0 
    where
        u1_0.id=?
Hibernate: 
    select
        te1_0.id,
        te1_0.latitude,
        te1_0.longitude,
        te1_0.recorded_at,
        te1_0.shipment_id,
        te1_0.status 
    from
        tracking_events te1_0 
    left join
        shipments s1_0 
            on s1_0.id=te1_0.shipment_id 
    where
        s1_0.id=? 
    order by
        te1_0.recorded_at
Hibernate: 
    select
        pod1_0.id,
        pod1_0.captured_at,
        pod1_0.captured_by,
        pod1_0.item_image_data,
        pod1_0.item_image_hash,
        pod1_0.method,
        pod1_0.notes,
        pod1_0.recipient_name,
        pod1_0.shipment_id,
        pod1_0.signature_data,
        pod1_0.signature_hash,
        pod1_0.verification_notes,
        pod1_0.verification_status,
        pod1_0.verified_at,
        pod1_0.verified_by 
    from
        proof_of_deliveries pod1_0 
    left join
        shipments s1_0 
            on s1_0.id=pod1_0.shipment_id 
    where
        s1_0.id=?
Hibernate: 
    select
        te1_0.id,
        te1_0.latitude,
        te1_0.longitude,
        te1_0.recorded_at,
        te1_0.shipment_id,
        te1_0.status 
    from
        tracking_events te1_0 
    left join
        shipments s1_0 
            on s1_0.id=te1_0.shipment_id 
    where
        s1_0.id=? 
    order by
        te1_0.recorded_at
Hibernate: 
    select
        u1_0.id,
        u1_0.created_at,
        u1_0.email,
        u1_0.name,
        u1_0.password,
        u1_0.phone,
        u1_0.role 
    from
        users u1_0 
    where
        u1_0.email=?
Hibernate: 
    select
        pod1_0.id,
        pod1_0.captured_at,
        pod1_0.captured_by,
        pod1_0.item_image_data,
        pod1_0.item_image_hash,
        pod1_0.method,
        pod1_0.notes,
        pod1_0.recipient_name,
        pod1_0.shipment_id,
        pod1_0.signature_data,
        pod1_0.signature_hash,
        pod1_0.verification_notes,
        pod1_0.verification_status,
        pod1_0.verified_at,
        pod1_0.verified_by 
    from
        proof_of_deliveries pod1_0 
    left join
        shipments s1_0 
            on s1_0.id=pod1_0.shipment_id 
    where
        s1_0.id=?
Hibernate: 
    select
        te1_0.id,
        te1_0.latitude,
        te1_0.longitude,
        te1_0.recorded_at,
        te1_0.shipment_id,
        te1_0.status 
    from
        tracking_events te1_0 
    left join
        shipments s1_0 
            on s1_0.id=te1_0.shipment_id 
    where
        s1_0.id=? 
    order by
        te1_0.recorded_at
Hibernate: 
    select
        pod1_0.id,
        pod1_0.captured_at,
        pod1_0.captured_by,
        pod1_0.item_image_data,
        pod1_0.item_image_hash,
        pod1_0.method,
        pod1_0.notes,
        pod1_0.recipient_name,
        pod1_0.shipment_id,
        pod1_0.signature_data,
        pod1_0.signature_hash,
        pod1_0.verification_notes,
        pod1_0.verification_status,
        pod1_0.verified_at,
        pod1_0.verified_by 
    from
        proof_of_deliveries pod1_0 
    left join
        shipments s1_0 
            on s1_0.id=pod1_0.shipment_id 
    where
        s1_0.id=?
Hibernate: 
    select
        u1_0.id,
        u1_0.created_at,
        u1_0.email,
        u1_0.name,
        u1_0.password,
        u1_0.phone,
        u1_0.role 
    from
        users u1_0 
    where
        u1_0.email=?
Hibernate: 
    select
        te1_0.id,
        te1_0.latitude,
        te1_0.longitude,
        te1_0.recorded_at,
        te1_0.shipment_id,
        te1_0.status 
    from
        tracking_events te1_0 
    left join
        shipments s1_0 
            on s1_0.id=te1_0.shipment_id 
    where
        s1_0.id=? 
    order by
        te1_0.recorded_at
Hibernate: 
    select
        count(*) 
    from
        shipments s1_0
Hibernate: 
    select
        count(s1_0.id) 
    from
        shipments s1_0 
    where
        s1_0.status=?
Hibernate: 
    select
        pod1_0.id,
        pod1_0.captured_at,
        pod1_0.captured_by,
        pod1_0.item_image_data,
        pod1_0.item_image_hash,
        pod1_0.method,
        pod1_0.notes,
        pod1_0.recipient_name,
        pod1_0.shipment_id,
        pod1_0.signature_data,
        pod1_0.signature_hash,
        pod1_0.verification_notes,
        pod1_0.verification_status,
        pod1_0.verified_at,
        pod1_0.verified_by 
    from
        proof_of_deliveries pod1_0 
    left join
        shipments s1_0 
            on s1_0.id=pod1_0.shipment_id 
    where
        s1_0.id=?
Hibernate: 
    select
        count(s1_0.id) 
    from
        shipments s1_0 
    where
        s1_0.status=?
Hibernate: 
    select
        te1_0.id,
        te1_0.latitude,
        te1_0.longitude,
        te1_0.recorded_at,
        te1_0.shipment_id,
        te1_0.status 
    from
        tracking_events te1_0 
    left join
        shipments s1_0 
            on s1_0.id=te1_0.shipment_id 
    where
        s1_0.id=? 
    order by
        te1_0.recorded_at
Hibernate: 
    select
        count(s1_0.id) 
    from
        shipments s1_0 
    where
        s1_0.status=?
Hibernate: 
    select
        pod1_0.id,
        pod1_0.captured_at,
        pod1_0.captured_by,
        pod1_0.item_image_data,
        pod1_0.item_image_hash,
        pod1_0.method,
        pod1_0.notes,
        pod1_0.recipient_name,
        pod1_0.shipment_id,
        pod1_0.signature_data,
        pod1_0.signature_hash,
        pod1_0.verification_notes,
        pod1_0.verification_status,
        pod1_0.verified_at,
        pod1_0.verified_by 
    from
        proof_of_deliveries pod1_0 
    left join
        shipments s1_0 
            on s1_0.id=pod1_0.shipment_id 
    where
        s1_0.id=?
Hibernate: 
    select
        count(s1_0.id) 
    from
        shipments s1_0 
    where
        s1_0.status=?
Hibernate: 
    select
        count(s1_0.id) 
    from
        shipments s1_0 
    where
        s1_0.status=?
Hibernate: 
    select
        te1_0.id,
        te1_0.latitude,
        te1_0.longitude,
        te1_0.recorded_at,
        te1_0.shipment_id,
        te1_0.status 
    from
        tracking_events te1_0 
    left join
        shipments s1_0 
            on s1_0.id=te1_0.shipment_id 
    where
        s1_0.id=? 
    order by
        te1_0.recorded_at
Hibernate: 
    select
        pod1_0.id,
        pod1_0.captured_at,
        pod1_0.captured_by,
        pod1_0.item_image_data,
        pod1_0.item_image_hash,
        pod1_0.method,
        pod1_0.notes,
        pod1_0.recipient_name,
        pod1_0.shipment_id,
        pod1_0.signature_data,
        pod1_0.signature_hash,
        pod1_0.verification_notes,
        pod1_0.verification_status,
        pod1_0.verified_at,
        pod1_0.verified_by 
    from
        proof_of_deliveries pod1_0 
    left join
        shipments s1_0 
            on s1_0.id=pod1_0.shipment_id 
    where
        s1_0.id=?
Hibernate: 
    select
        te1_0.id,
        te1_0.latitude,
        te1_0.longitude,
        te1_0.recorded_at,
        te1_0.shipment_id,
        te1_0.status 
    from
        tracking_events te1_0 
    left join
        shipments s1_0 
            on s1_0.id=te1_0.shipment_id 
    where
        s1_0.id=? 
    order by
        te1_0.recorded_at
Hibernate: 
    select
        pod1_0.id,
        pod1_0.captured_at,
        pod1_0.captured_by,
        pod1_0.item_image_data,
        pod1_0.item_image_hash,
        pod1_0.method,
        pod1_0.notes,
        pod1_0.recipient_name,
        pod1_0.shipment_id,
        pod1_0.signature_data,
        pod1_0.signature_hash,
        pod1_0.verification_notes,
        pod1_0.verification_status,
        pod1_0.verified_at,
        pod1_0.verified_by 
    from
        proof_of_deliveries pod1_0 
    left join
        shipments s1_0 
            on s1_0.id=pod1_0.shipment_id 
    where
        s1_0.id=?
Hibernate: 
    select
        te1_0.id,
        te1_0.latitude,
        te1_0.longitude,
        te1_0.recorded_at,
        te1_0.shipment_id,
        te1_0.status 
    from
        tracking_events te1_0 
    left join
        shipments s1_0 
            on s1_0.id=te1_0.shipment_id 
    where
        s1_0.id=? 
    order by
        te1_0.recorded_at
Hibernate: 
    select
        pod1_0.id,
        pod1_0.captured_at,
        pod1_0.captured_by,
        pod1_0.item_image_data,
        pod1_0.item_image_hash,
        pod1_0.method,
        pod1_0.notes,
        pod1_0.recipient_name,
        pod1_0.shipment_id,
        pod1_0.signature_data,
        pod1_0.signature_hash,
        pod1_0.verification_notes,
        pod1_0.verification_status,
        pod1_0.verified_at,
        pod1_0.verified_by 
    from
        proof_of_deliveries pod1_0 
    left join
        shipments s1_0 
            on s1_0.id=pod1_0.shipment_id 
    where
        s1_0.id=?
Hibernate: 
    select
        te1_0.id,
        te1_0.latitude,
        te1_0.longitude,
        te1_0.recorded_at,
        te1_0.shipment_id,
        te1_0.status 
    from
        tracking_events te1_0 
    left join
        shipments s1_0 
            on s1_0.id=te1_0.shipment_id 
    where
        s1_0.id=? 
    order by
        te1_0.recorded_at
Hibernate: 
    select
        pod1_0.id,
        pod1_0.captured_at,
        pod1_0.captured_by,
        pod1_0.item_image_data,
        pod1_0.item_image_hash,
        pod1_0.method,
        pod1_0.notes,
        pod1_0.recipient_name,
        pod1_0.shipment_id,
        pod1_0.signature_data,
        pod1_0.signature_hash,
        pod1_0.verification_notes,
        pod1_0.verification_status,
        pod1_0.verified_at,
        pod1_0.verified_by 
    from
        proof_of_deliveries pod1_0 
    left join
        shipments s1_0 
            on s1_0.id=pod1_0.shipment_id 
    where
        s1_0.id=?
Hibernate: 
    select
        te1_0.id,
        te1_0.latitude,
        te1_0.longitude,
        te1_0.recorded_at,
        te1_0.shipment_id,
        te1_0.status 
    from
        tracking_events te1_0 
    left join
        shipments s1_0 
            on s1_0.id=te1_0.shipment_id 
    where
        s1_0.id=? 
    order by
        te1_0.recorded_at
Hibernate: 
    select
        pod1_0.id,
        pod1_0.captured_at,
        pod1_0.captured_by,
        pod1_0.item_image_data,
        pod1_0.item_image_hash,
        pod1_0.method,
        pod1_0.notes,
        pod1_0.recipient_name,
        pod1_0.shipment_id,
        pod1_0.signature_data,
        pod1_0.signature_hash,
        pod1_0.verification_notes,
        pod1_0.verification_status,
        pod1_0.verified_at,
        pod1_0.verified_by 
    from
        proof_of_deliveries pod1_0 
    left join
        shipments s1_0 
            on s1_0.id=pod1_0.shipment_id 
    where
        s1_0.id=?
Hibernate: 
    select
        te1_0.id,
        te1_0.latitude,
        te1_0.longitude,
        te1_0.recorded_at,
        te1_0.shipment_id,
        te1_0.status 
    from
        tracking_events te1_0 
    left join
        shipments s1_0 
            on s1_0.id=te1_0.shipment_id 
    where
        s1_0.id=? 
    order by
        te1_0.recorded_at
Hibernate: 
    select
        pod1_0.id,
        pod1_0.captured_at,
        pod1_0.captured_by,
        pod1_0.item_image_data,
        pod1_0.item_image_hash,
        pod1_0.method,
        pod1_0.notes,
        pod1_0.recipient_name,
        pod1_0.shipment_id,
        pod1_0.signature_data,
        pod1_0.signature_hash,
        pod1_0.verification_notes,
        pod1_0.verification_status,
        pod1_0.verified_at,
        pod1_0.verified_by 
    from
        proof_of_deliveries pod1_0 
    left join
        shipments s1_0 
            on s1_0.id=pod1_0.shipment_id 
    where
        s1_0.id=?
Hibernate: 
    select
        te1_0.id,
        te1_0.latitude,
        te1_0.longitude,
        te1_0.recorded_at,
        te1_0.shipment_id,
        te1_0.status 
    from
        tracking_events te1_0 
    left join
        shipments s1_0 
            on s1_0.id=te1_0.shipment_id 
    where
        s1_0.id=? 
    order by
        te1_0.recorded_at
Hibernate: 
    select
        pod1_0.id,
        pod1_0.captured_at,
        pod1_0.captured_by,
        pod1_0.item_image_data,
        pod1_0.item_image_hash,
        pod1_0.method,
        pod1_0.notes,
        pod1_0.recipient_name,
        pod1_0.shipment_id,
        pod1_0.signature_data,
        pod1_0.signature_hash,
        pod1_0.verification_notes,
        pod1_0.verification_status,
        pod1_0.verified_at,
        pod1_0.verified_by 
    from
        proof_of_deliveries pod1_0 
    left join
        shipments s1_0 
            on s1_0.id=pod1_0.shipment_id 
    where
        s1_0.id=?
Hibernate: 
    select
        te1_0.id,
        te1_0.latitude,
        te1_0.longitude,
        te1_0.recorded_at,
        te1_0.shipment_id,
        te1_0.status 
    from
        tracking_events te1_0 
    left join
        shipments s1_0 
            on s1_0.id=te1_0.shipment_id 
    where
        s1_0.id=? 
    order by
        te1_0.recorded_at
Hibernate: 
    select
        pod1_0.id,
        pod1_0.captured_at,
        pod1_0.captured_by,
        pod1_0.item_image_data,
        pod1_0.item_image_hash,
        pod1_0.method,
        pod1_0.notes,
        pod1_0.recipient_name,
        pod1_0.shipment_id,
        pod1_0.signature_data,
        pod1_0.signature_hash,
        pod1_0.verification_notes,
        pod1_0.verification_status,
        pod1_0.verified_at,
        pod1_0.verified_by 
    from
        proof_of_deliveries pod1_0 
    left join
        shipments s1_0 
            on s1_0.id=pod1_0.shipment_id 
    where
        s1_0.id=?
Hibernate: 
    select
        te1_0.id,
        te1_0.latitude,
        te1_0.longitude,
        te1_0.recorded_at,
        te1_0.shipment_id,
        te1_0.status 
    from
        tracking_events te1_0 
    left join
        shipments s1_0 
            on s1_0.id=te1_0.shipment_id 
    where
        s1_0.id=? 
    order by
        te1_0.recorded_at
Hibernate: 
    select
        pod1_0.id,
        pod1_0.captured_at,
        pod1_0.captured_by,
        pod1_0.item_image_data,
        pod1_0.item_image_hash,
        pod1_0.method,
        pod1_0.notes,
        pod1_0.recipient_name,
        pod1_0.shipment_id,
        pod1_0.signature_data,
        pod1_0.signature_hash,
        pod1_0.verification_notes,
        pod1_0.verification_status,
        pod1_0.verified_at,
        pod1_0.verified_by 
    from
        proof_of_deliveries pod1_0 
    left join
        shipments s1_0 
            on s1_0.id=pod1_0.shipment_id 
    where
        s1_0.id=?
Hibernate: 
    select
        u1_0.id,
        u1_0.created_at,
        u1_0.email,
        u1_0.name,
        u1_0.password,
        u1_0.phone,
        u1_0.role 
    from
        users u1_0 
    where
        u1_0.email=?
Hibernate: 
    select
        u1_0.id,
        u1_0.created_at,
        u1_0.email,
        u1_0.name,
        u1_0.password,
        u1_0.phone,
        u1_0.role 
    from
        users u1_0 
    where
        u1_0.email=?
Hibernate: 
    select
        s1_0.id,
        s1_0.actual_delivery_time,
        s1_0.created_at,
        s1_0.created_by,
        s1_0.delivery_address,
        s1_0.destination_latitude,
        s1_0.destination_longitude,
        s1_0.estimated_delivery_time,
        s1_0.estimated_duration,
        s1_0.origin_latitude,
        s1_0.origin_longitude,
        s1_0.receiver_name,
        s1_0.route_polyline,
        s1_0.sender_address,
        s1_0.sender_name,
        s1_0.status,
        s1_0.total_distance,
        s1_0.tracking_number 
    from
        shipments s1_0 
    order by
        s1_0.created_at desc
Hibernate: 
    select
        te1_0.id,
        te1_0.latitude,
        te1_0.longitude,
        te1_0.recorded_at,
        te1_0.shipment_id,
        te1_0.status 
    from
        tracking_events te1_0 
    left join
        shipments s1_0 
            on s1_0.id=te1_0.shipment_id 
    where
        s1_0.id=? 
    order by
        te1_0.recorded_at
Hibernate: 
    select
        pod1_0.id,
        pod1_0.captured_at,
        pod1_0.captured_by,
        pod1_0.item_image_data,
        pod1_0.item_image_hash,
        pod1_0.method,
        pod1_0.notes,
        pod1_0.recipient_name,
        pod1_0.shipment_id,
        pod1_0.signature_data,
        pod1_0.signature_hash,
        pod1_0.verification_notes,
        pod1_0.verification_status,
        pod1_0.verified_at,
        pod1_0.verified_by 
    from
        proof_of_deliveries pod1_0 
    left join
        shipments s1_0 
            on s1_0.id=pod1_0.shipment_id 
    where
        s1_0.id=?
Hibernate: 
    select
        u1_0.id,
        u1_0.created_at,
        u1_0.email,
        u1_0.name,
        u1_0.password,
        u1_0.phone,
        u1_0.role 
    from
        users u1_0 
    where
        u1_0.id=?
Hibernate: 
    select
        te1_0.id,
        te1_0.latitude,
        te1_0.longitude,
        te1_0.recorded_at,
        te1_0.shipment_id,
        te1_0.status 
    from
        tracking_events te1_0 
    left join
        shipments s1_0 
            on s1_0.id=te1_0.shipment_id 
    where
        s1_0.id=? 
    order by
        te1_0.recorded_at
Hibernate: 
    select
        pod1_0.id,
        pod1_0.captured_at,
        pod1_0.captured_by,
        pod1_0.item_image_data,
        pod1_0.item_image_hash,
        pod1_0.method,
        pod1_0.notes,
        pod1_0.recipient_name,
        pod1_0.shipment_id,
        pod1_0.signature_data,
        pod1_0.signature_hash,
        pod1_0.verification_notes,
        pod1_0.verification_status,
        pod1_0.verified_at,
        pod1_0.verified_by 
    from
        proof_of_deliveries pod1_0 
    left join
        shipments s1_0 
            on s1_0.id=pod1_0.shipment_id 
    where
        s1_0.id=?
Hibernate: 
    select
        te1_0.id,
        te1_0.latitude,
        te1_0.longitude,
        te1_0.recorded_at,
        te1_0.shipment_id,
        te1_0.status 
    from
        tracking_events te1_0 
    left join
        shipments s1_0 
            on s1_0.id=te1_0.shipment_id 
    where
        s1_0.id=? 
    order by
        te1_0.recorded_at
Hibernate: 
    select
        pod1_0.id,
        pod1_0.captured_at,
        pod1_0.captured_by,
        pod1_0.item_image_data,
        pod1_0.item_image_hash,
        pod1_0.method,
        pod1_0.notes,
        pod1_0.recipient_name,
        pod1_0.shipment_id,
        pod1_0.signature_data,
        pod1_0.signature_hash,
        pod1_0.verification_notes,
        pod1_0.verification_status,
        pod1_0.verified_at,
        pod1_0.verified_by 
    from
        proof_of_deliveries pod1_0 
    left join
        shipments s1_0 
            on s1_0.id=pod1_0.shipment_id 
    where
        s1_0.id=?
Hibernate: 
    select
        te1_0.id,
        te1_0.latitude,
        te1_0.longitude,
        te1_0.recorded_at,
        te1_0.shipment_id,
        te1_0.status 
    from
        tracking_events te1_0 
    left join
        shipments s1_0 
            on s1_0.id=te1_0.shipment_id 
    where
        s1_0.id=? 
    order by
        te1_0.recorded_at
Hibernate: 
    select
        pod1_0.id,
        pod1_0.captured_at,
        pod1_0.captured_by,
        pod1_0.item_image_data,
        pod1_0.item_image_hash,
        pod1_0.method,
        pod1_0.notes,
        pod1_0.recipient_name,
        pod1_0.shipment_id,
        pod1_0.signature_data,
        pod1_0.signature_hash,
        pod1_0.verification_notes,
        pod1_0.verification_status,
        pod1_0.verified_at,
        pod1_0.verified_by 
    from
        proof_of_deliveries pod1_0 
    left join
        shipments s1_0 
            on s1_0.id=pod1_0.shipment_id 
    where
        s1_0.id=?
Hibernate: 
    select
        te1_0.id,
        te1_0.latitude,
        te1_0.longitude,
        te1_0.recorded_at,
        te1_0.shipment_id,
        te1_0.status 
    from
        tracking_events te1_0 
    left join
        shipments s1_0 
            on s1_0.id=te1_0.shipment_id 
    where
        s1_0.id=? 
    order by
        te1_0.recorded_at
Hibernate: 
    select
        pod1_0.id,
        pod1_0.captured_at,
        pod1_0.captured_by,
        pod1_0.item_image_data,
        pod1_0.item_image_hash,
        pod1_0.method,
        pod1_0.notes,
        pod1_0.recipient_name,
        pod1_0.shipment_id,
        pod1_0.signature_data,
        pod1_0.signature_hash,
        pod1_0.verification_notes,
        pod1_0.verification_status,
        pod1_0.verified_at,
        pod1_0.verified_by 
    from
        proof_of_deliveries pod1_0 
    left join
        shipments s1_0 
            on s1_0.id=pod1_0.shipment_id 
    where
        s1_0.id=?
Hibernate: 
    select
        te1_0.id,
        te1_0.latitude,
        te1_0.longitude,
        te1_0.recorded_at,
        te1_0.shipment_id,
        te1_0.status 
    from
        tracking_events te1_0 
    left join
        shipments s1_0 
            on s1_0.id=te1_0.shipment_id 
    where
        s1_0.id=? 
    order by
        te1_0.recorded_at
Hibernate: 
    select
        pod1_0.id,
        pod1_0.captured_at,
        pod1_0.captured_by,
        pod1_0.item_image_data,
        pod1_0.item_image_hash,
        pod1_0.method,
        pod1_0.notes,
        pod1_0.recipient_name,
        pod1_0.shipment_id,
        pod1_0.signature_data,
        pod1_0.signature_hash,
        pod1_0.verification_notes,
        pod1_0.verification_status,
        pod1_0.verified_at,
        pod1_0.verified_by 
    from
        proof_of_deliveries pod1_0 
    left join
        shipments s1_0 
            on s1_0.id=pod1_0.shipment_id 
    where
        s1_0.id=?
Hibernate: 
    select
        te1_0.id,
        te1_0.latitude,
        te1_0.longitude,
        te1_0.recorded_at,
        te1_0.shipment_id,
        te1_0.status 
    from
        tracking_events te1_0 
    left join
        shipments s1_0 
            on s1_0.id=te1_0.shipment_id 
    where
        s1_0.id=? 
    order by
        te1_0.recorded_at
Hibernate: 
    select
        pod1_0.id,
        pod1_0.captured_at,
        pod1_0.captured_by,
        pod1_0.item_image_data,
        pod1_0.item_image_hash,
        pod1_0.method,
        pod1_0.notes,
        pod1_0.recipient_name,
        pod1_0.shipment_id,
        pod1_0.signature_data,
        pod1_0.signature_hash,
        pod1_0.verification_notes,
        pod1_0.verification_status,
        pod1_0.verified_at,
        pod1_0.verified_by 
    from
        proof_of_deliveries pod1_0 
    left join
        shipments s1_0 
            on s1_0.id=pod1_0.shipment_id 
    where
        s1_0.id=?
Hibernate: 
    select
        te1_0.id,
        te1_0.latitude,
        te1_0.longitude,
        te1_0.recorded_at,
        te1_0.shipment_id,
        te1_0.status 
    from
        tracking_events te1_0 
    left join
        shipments s1_0 
            on s1_0.id=te1_0.shipment_id 
    where
        s1_0.id=? 
    order by
        te1_0.recorded_at
Hibernate: 
    select
        pod1_0.id,
        pod1_0.captured_at,
        pod1_0.captured_by,
        pod1_0.item_image_data,
        pod1_0.item_image_hash,
        pod1_0.method,
        pod1_0.notes,
        pod1_0.recipient_name,
        pod1_0.shipment_id,
        pod1_0.signature_data,
        pod1_0.signature_hash,
        pod1_0.verification_notes,
        pod1_0.verification_status,
        pod1_0.verified_at,
        pod1_0.verified_by 
    from
        proof_of_deliveries pod1_0 
    left join
        shipments s1_0 
            on s1_0.id=pod1_0.shipment_id 
    where
        s1_0.id=?
Hibernate: 
    select
        te1_0.id,
        te1_0.latitude,
        te1_0.longitude,
        te1_0.recorded_at,
        te1_0.shipment_id,
        te1_0.status 
    from
        tracking_events te1_0 
    left join
        shipments s1_0 
            on s1_0.id=te1_0.shipment_id 
    where
        s1_0.id=? 
    order by
        te1_0.recorded_at
Hibernate: 
    select
        pod1_0.id,
        pod1_0.captured_at,
        pod1_0.captured_by,
        pod1_0.item_image_data,
        pod1_0.item_image_hash,
        pod1_0.method,
        pod1_0.notes,
        pod1_0.recipient_name,
        pod1_0.shipment_id,
        pod1_0.signature_data,
        pod1_0.signature_hash,
        pod1_0.verification_notes,
        pod1_0.verification_status,
        pod1_0.verified_at,
        pod1_0.verified_by 
    from
        proof_of_deliveries pod1_0 
    left join
        shipments s1_0 
            on s1_0.id=pod1_0.shipment_id 
    where
        s1_0.id=?
Hibernate: 
    select
        te1_0.id,
        te1_0.latitude,
        te1_0.longitude,
        te1_0.recorded_at,
        te1_0.shipment_id,
        te1_0.status 
    from
        tracking_events te1_0 
    left join
        shipments s1_0 
            on s1_0.id=te1_0.shipment_id 
    where
        s1_0.id=? 
    order by
        te1_0.recorded_at
Hibernate: 
    select
        pod1_0.id,
        pod1_0.captured_at,
        pod1_0.captured_by,
        pod1_0.item_image_data,
        pod1_0.item_image_hash,
        pod1_0.method,
        pod1_0.notes,
        pod1_0.recipient_name,
        pod1_0.shipment_id,
        pod1_0.signature_data,
        pod1_0.signature_hash,
        pod1_0.verification_notes,
        pod1_0.verification_status,
        pod1_0.verified_at,
        pod1_0.verified_by 
    from
        proof_of_deliveries pod1_0 
    left join
        shipments s1_0 
            on s1_0.id=pod1_0.shipment_id 
    where
        s1_0.id=?
Hibernate: 
    select
        te1_0.id,
        te1_0.latitude,
        te1_0.longitude,
        te1_0.recorded_at,
        te1_0.shipment_id,
        te1_0.status 
    from
        tracking_events te1_0 
    left join
        shipments s1_0 
            on s1_0.id=te1_0.shipment_id 
    where
        s1_0.id=? 
    order by
        te1_0.recorded_at
Hibernate: 
    select
        pod1_0.id,
        pod1_0.captured_at,
        pod1_0.captured_by,
        pod1_0.item_image_data,
        pod1_0.item_image_hash,
        pod1_0.method,
        pod1_0.notes,
        pod1_0.recipient_name,
        pod1_0.shipment_id,
        pod1_0.signature_data,
        pod1_0.signature_hash,
        pod1_0.verification_notes,
        pod1_0.verification_status,
        pod1_0.verified_at,
        pod1_0.verified_by 
    from
        proof_of_deliveries pod1_0 
    left join
        shipments s1_0 
            on s1_0.id=pod1_0.shipment_id 
    where
        s1_0.id=?
Hibernate: 
    select
        te1_0.id,
        te1_0.latitude,
        te1_0.longitude,
        te1_0.recorded_at,
        te1_0.shipment_id,
        te1_0.status 
    from
        tracking_events te1_0 
    left join
        shipments s1_0 
            on s1_0.id=te1_0.shipment_id 
    where
        s1_0.id=? 
    order by
        te1_0.recorded_at
Hibernate: 
    select
        pod1_0.id,
        pod1_0.captured_at,
        pod1_0.captured_by,
        pod1_0.item_image_data,
        pod1_0.item_image_hash,
        pod1_0.method,
        pod1_0.notes,
        pod1_0.recipient_name,
        pod1_0.shipment_id,
        pod1_0.signature_data,
        pod1_0.signature_hash,
        pod1_0.verification_notes,
        pod1_0.verification_status,
        pod1_0.verified_at,
        pod1_0.verified_by 
    from
        proof_of_deliveries pod1_0 
    left join
        shipments s1_0 
            on s1_0.id=pod1_0.shipment_id 
    where
        s1_0.id=?
Hibernate: 
    select
        te1_0.id,
        te1_0.latitude,
        te1_0.longitude,
        te1_0.recorded_at,
        te1_0.shipment_id,
        te1_0.status 
    from
        tracking_events te1_0 
    left join
        shipments s1_0 
            on s1_0.id=te1_0.shipment_id 
    where
        s1_0.id=? 
    order by
        te1_0.recorded_at
Hibernate: 
    select
        pod1_0.id,
        pod1_0.captured_at,
        pod1_0.captured_by,
        pod1_0.item_image_data,
        pod1_0.item_image_hash,
        pod1_0.method,
        pod1_0.notes,
        pod1_0.recipient_name,
        pod1_0.shipment_id,
        pod1_0.signature_data,
        pod1_0.signature_hash,
        pod1_0.verification_notes,
        pod1_0.verification_status,
        pod1_0.verified_at,
        pod1_0.verified_by 
    from
        proof_of_deliveries pod1_0 
    left join
        shipments s1_0 
            on s1_0.id=pod1_0.shipment_id 
    where
        s1_0.id=?
Hibernate: 
    select
        te1_0.id,
        te1_0.latitude,
        te1_0.longitude,
        te1_0.recorded_at,
        te1_0.shipment_id,
        te1_0.status 
    from
        tracking_events te1_0 
    left join
        shipments s1_0 
            on s1_0.id=te1_0.shipment_id 
    where
        s1_0.id=? 
    order by
        te1_0.recorded_at
Hibernate: 
    select
        pod1_0.id,
        pod1_0.captured_at,
        pod1_0.captured_by,
        pod1_0.item_image_data,
        pod1_0.item_image_hash,
        pod1_0.method,
        pod1_0.notes,
        pod1_0.recipient_name,
        pod1_0.shipment_id,
        pod1_0.signature_data,
        pod1_0.signature_hash,
        pod1_0.verification_notes,
        pod1_0.verification_status,
        pod1_0.verified_at,
        pod1_0.verified_by 
    from
        proof_of_deliveries pod1_0 
    left join
        shipments s1_0 
            on s1_0.id=pod1_0.shipment_id 
    where
        s1_0.id=?
Hibernate: 
    select
        te1_0.id,
        te1_0.latitude,
        te1_0.longitude,
        te1_0.recorded_at,
        te1_0.shipment_id,
        te1_0.status 
    from
        tracking_events te1_0 
    left join
        shipments s1_0 
            on s1_0.id=te1_0.shipment_id 
    where
        s1_0.id=? 
    order by
        te1_0.recorded_at
Hibernate: 
    select
        pod1_0.id,
        pod1_0.captured_at,
        pod1_0.captured_by,
        pod1_0.item_image_data,
        pod1_0.item_image_hash,
        pod1_0.method,
        pod1_0.notes,
        pod1_0.recipient_name,
        pod1_0.shipment_id,
        pod1_0.signature_data,
        pod1_0.signature_hash,
        pod1_0.verification_notes,
        pod1_0.verification_status,
        pod1_0.verified_at,
        pod1_0.verified_by 
    from
        proof_of_deliveries pod1_0 
    left join
        shipments s1_0 
            on s1_0.id=pod1_0.shipment_id 
    where
        s1_0.id=?
Hibernate: 
    select
        u1_0.id,
        u1_0.created_at,
        u1_0.email,
        u1_0.name,
        u1_0.password,
        u1_0.phone,
        u1_0.role 
    from
        users u1_0 
    where
        u1_0.email=?
Hibernate: 
    select
        u1_0.id,
        u1_0.created_at,
        u1_0.email,
        u1_0.name,
        u1_0.password,
        u1_0.phone,
        u1_0.role 
    from
        users u1_0 
    where
        u1_0.email=?
Hibernate: 
    select
        u1_0.id,
        u1_0.created_at,
        u1_0.email,
        u1_0.name,
        u1_0.password,
        u1_0.phone,
        u1_0.role 
    from
        users u1_0 
    where
        u1_0.email=?
Hibernate: 
    select
        u1_0.id,
        u1_0.created_at,
        u1_0.email,
        u1_0.name,
        u1_0.password,
        u1_0.phone,
        u1_0.role 
    from
        users u1_0 
    where
        u1_0.email=?
Hibernate: 
    select
        sq1_0.id,
        sq1_0.created_at,
        sq1_0.created_by,
        sq1_0.message,
        sq1_0.resolved_at,
        sq1_0.resolved_by,
        sq1_0.responded_at,
        sq1_0.responded_by,
        sq1_0.response,
        sq1_0.status,
        sq1_0.subject,
        sq1_0.tracking_number 
    from
        support_queries sq1_0 
    left join
        users cb1_0 
            on cb1_0.id=sq1_0.created_by 
    where
        cb1_0.id=? 
    order by
        sq1_0.created_at desc
Hibernate: 
    select
        s1_0.id,
        s1_0.actual_delivery_time,
        s1_0.created_at,
        s1_0.created_by,
        s1_0.delivery_address,
        s1_0.destination_latitude,
        s1_0.destination_longitude,
        s1_0.estimated_delivery_time,
        s1_0.estimated_duration,
        s1_0.origin_latitude,
        s1_0.origin_longitude,
        s1_0.receiver_name,
        s1_0.route_polyline,
        s1_0.sender_address,
        s1_0.sender_name,
        s1_0.status,
        s1_0.total_distance,
        s1_0.tracking_number 
    from
        shipments s1_0 
    where
        s1_0.created_by=? 
    order by
        s1_0.created_at desc
Hibernate: 
    select
        sm1_0.id,
        sm1_0.content,
        sm1_0.query_id,
        sm1_0.sender_id,
        sm1_0.sent_at 
    from
        support_messages sm1_0 
    left join
        support_queries q1_0 
            on q1_0.id=sm1_0.query_id 
    where
        q1_0.id=? 
    order by
        sm1_0.sent_at
Hibernate: 
    select
        te1_0.id,
        te1_0.latitude,
        te1_0.longitude,
        te1_0.recorded_at,
        te1_0.shipment_id,
        te1_0.status 
    from
        tracking_events te1_0 
    left join
        shipments s1_0 
            on s1_0.id=te1_0.shipment_id 
    where
        s1_0.id=? 
    order by
        te1_0.recorded_at
Hibernate: 
    select
        sm1_0.id,
        sm1_0.content,
        sm1_0.query_id,
        sm1_0.sender_id,
        sm1_0.sent_at 
    from
        support_messages sm1_0 
    left join
        support_queries q1_0 
            on q1_0.id=sm1_0.query_id 
    where
        q1_0.id=? 
    order by
        sm1_0.sent_at
Hibernate: 
    select
        pod1_0.id,
        pod1_0.captured_at,
        pod1_0.captured_by,
        pod1_0.item_image_data,
        pod1_0.item_image_hash,
        pod1_0.method,
        pod1_0.notes,
        pod1_0.recipient_name,
        pod1_0.shipment_id,
        pod1_0.signature_data,
        pod1_0.signature_hash,
        pod1_0.verification_notes,
        pod1_0.verification_status,
        pod1_0.verified_at,
        pod1_0.verified_by 
    from
        proof_of_deliveries pod1_0 
    left join
        shipments s1_0 
            on s1_0.id=pod1_0.shipment_id 
    where
        s1_0.id=?
Hibernate: 
    select
        sm1_0.id,
        sm1_0.content,
        sm1_0.query_id,
        sm1_0.sender_id,
        sm1_0.sent_at 
    from
        support_messages sm1_0 
    left join
        support_queries q1_0 
            on q1_0.id=sm1_0.query_id 
    where
        q1_0.id=? 
    order by
        sm1_0.sent_at
Hibernate: 
    select
        u1_0.id,
        u1_0.created_at,
        u1_0.email,
        u1_0.name,
        u1_0.password,
        u1_0.phone,
        u1_0.role 
    from
        users u1_0 
    where
        u1_0.id=?
Hibernate: 
    select
        te1_0.id,
        te1_0.latitude,
        te1_0.longitude,
        te1_0.recorded_at,
        te1_0.shipment_id,
        te1_0.status 
    from
        tracking_events te1_0 
    left join
        shipments s1_0 
            on s1_0.id=te1_0.shipment_id 
    where
        s1_0.id=? 
    order by
        te1_0.recorded_at
Hibernate: 
    select
        sm1_0.id,
        sm1_0.content,
        sm1_0.query_id,
        sm1_0.sender_id,
        sm1_0.sent_at 
    from
        support_messages sm1_0 
    left join
        support_queries q1_0 
            on q1_0.id=sm1_0.query_id 
    where
        q1_0.id=? 
    order by
        sm1_0.sent_at
Hibernate: 
    select
        pod1_0.id,
        pod1_0.captured_at,
        pod1_0.captured_by,
        pod1_0.item_image_data,
        pod1_0.item_image_hash,
        pod1_0.method,
        pod1_0.notes,
        pod1_0.recipient_name,
        pod1_0.shipment_id,
        pod1_0.signature_data,
        pod1_0.signature_hash,
        pod1_0.verification_notes,
        pod1_0.verification_status,
        pod1_0.verified_at,
        pod1_0.verified_by 
    from
        proof_of_deliveries pod1_0 
    left join
        shipments s1_0 
            on s1_0.id=pod1_0.shipment_id 
    where
        s1_0.id=?
Hibernate: 
    select
        sm1_0.id,
        sm1_0.content,
        sm1_0.query_id,
        sm1_0.sender_id,
        sm1_0.sent_at 
    from
        support_messages sm1_0 
    left join
        support_queries q1_0 
            on q1_0.id=sm1_0.query_id 
    where
        q1_0.id=? 
    order by
        sm1_0.sent_at
Hibernate: 
    select
        te1_0.id,
        te1_0.latitude,
        te1_0.longitude,
        te1_0.recorded_at,
        te1_0.shipment_id,
        te1_0.status 
    from
        tracking_events te1_0 
    left join
        shipments s1_0 
            on s1_0.id=te1_0.shipment_id 
    where
        s1_0.id=? 
    order by
        te1_0.recorded_at
Hibernate: 
    select
        pod1_0.id,
        pod1_0.captured_at,
        pod1_0.captured_by,
        pod1_0.item_image_data,
        pod1_0.item_image_hash,
        pod1_0.method,
        pod1_0.notes,
        pod1_0.recipient_name,
        pod1_0.shipment_id,
        pod1_0.signature_data,
        pod1_0.signature_hash,
        pod1_0.verification_notes,
        pod1_0.verification_status,
        pod1_0.verified_at,
        pod1_0.verified_by 
    from
        proof_of_deliveries pod1_0 
    left join
        shipments s1_0 
            on s1_0.id=pod1_0.shipment_id 
    where
        s1_0.id=?
Hibernate: 
    select
        te1_0.id,
        te1_0.latitude,
        te1_0.longitude,
        te1_0.recorded_at,
        te1_0.shipment_id,
        te1_0.status 
    from
        tracking_events te1_0 
    left join
        shipments s1_0 
            on s1_0.id=te1_0.shipment_id 
    where
        s1_0.id=? 
    order by
        te1_0.recorded_at
Hibernate: 
    select
        s1_0.id,
        s1_0.actual_delivery_time,
        s1_0.created_at,
        s1_0.created_by,
        s1_0.delivery_address,
        s1_0.destination_latitude,
        s1_0.destination_longitude,
        s1_0.estimated_delivery_time,
        s1_0.estimated_duration,
        s1_0.origin_latitude,
        s1_0.origin_longitude,
        s1_0.receiver_name,
        s1_0.route_polyline,
        s1_0.sender_address,
        s1_0.sender_name,
        s1_0.status,
        s1_0.total_distance,
        s1_0.tracking_number 
    from
        shipments s1_0 
    where
        s1_0.status in (?, ?)
Hibernate: 
    select
        pod1_0.id,
        pod1_0.captured_at,
        pod1_0.captured_by,
        pod1_0.item_image_data,
        pod1_0.item_image_hash,
        pod1_0.method,
        pod1_0.notes,
        pod1_0.recipient_name,
        pod1_0.shipment_id,
        pod1_0.signature_data,
        pod1_0.signature_hash,
        pod1_0.verification_notes,
        pod1_0.verification_status,
        pod1_0.verified_at,
        pod1_0.verified_by 
    from
        proof_of_deliveries pod1_0 
    left join
        shipments s1_0 
            on s1_0.id=pod1_0.shipment_id 
    where
        s1_0.id=?
Hibernate: 
    select
        te1_0.id,
        te1_0.latitude,
        te1_0.longitude,
        te1_0.recorded_at,
        te1_0.shipment_id,
        te1_0.status 
    from
        tracking_events te1_0 
    left join
        shipments s1_0 
            on s1_0.id=te1_0.shipment_id 
    where
        s1_0.id=? 
    order by
        te1_0.recorded_at
Hibernate: 
    select
        u1_0.id,
        u1_0.created_at,
        u1_0.email,
        u1_0.name,
        u1_0.password,
        u1_0.phone,
        u1_0.role 
    from
        users u1_0 
    where
        u1_0.email=?
Hibernate: 
    insert 
    into
        route_history_points
        (latitude, longitude, progress, recorded_at, shipment_id, speed) 
    values
        (?, ?, ?, ?, ?, ?)
Hibernate: 
    select
        pod1_0.id,
        pod1_0.captured_at,
        pod1_0.captured_by,
        pod1_0.item_image_data,
        pod1_0.item_image_hash,
        pod1_0.method,
        pod1_0.notes,
        pod1_0.recipient_name,
        pod1_0.shipment_id,
        pod1_0.signature_data,
        pod1_0.signature_hash,
        pod1_0.verification_notes,
        pod1_0.verification_status,
        pod1_0.verified_at,
        pod1_0.verified_by 
    from
        proof_of_deliveries pod1_0 
    left join
        shipments s1_0 
            on s1_0.id=pod1_0.shipment_id 
    where
        s1_0.id=?
2026-08-12T17:29:49.537+05:30  INFO 27180 --- [shiptrack-backend] [MessageBroker-9] c.shiptrack.service.LiveTrackingService  : Broadcast location update for shipment 24: 15.34995,73.98441630133327
Hibernate: 
    select
        te1_0.id,
        te1_0.latitude,
        te1_0.longitude,
        te1_0.recorded_at,
        te1_0.shipment_id,
        te1_0.status 
    from
        tracking_events te1_0 
    left join
        shipments s1_0 
            on s1_0.id=te1_0.shipment_id 
    where
        s1_0.id=? 
    order by
        te1_0.recorded_at
Hibernate: 
    select
        u1_0.id,
        u1_0.created_at,
        u1_0.email,
        u1_0.name,
        u1_0.password,
        u1_0.phone,
        u1_0.role 
    from
        users u1_0 
    where
        u1_0.email=?
Hibernate: 
    select
        pod1_0.id,
        pod1_0.captured_at,
        pod1_0.captured_by,
        pod1_0.item_image_data,
        pod1_0.item_image_hash,
        pod1_0.method,
        pod1_0.notes,
        pod1_0.recipient_name,
        pod1_0.shipment_id,
        pod1_0.signature_data,
        pod1_0.signature_hash,
        pod1_0.verification_notes,
        pod1_0.verification_status,
        pod1_0.verified_at,
        pod1_0.verified_by 
    from
        proof_of_deliveries pod1_0 
    left join
        shipments s1_0 
            on s1_0.id=pod1_0.shipment_id 
    where
        s1_0.id=?
Hibernate: 
    insert 
    into
        route_history_points
        (latitude, longitude, progress, recorded_at, shipment_id, speed) 
    values
        (?, ?, ?, ?, ?, ?)
Hibernate: 
    select
        sq1_0.id,
        sq1_0.created_at,
        sq1_0.created_by,
        sq1_0.message,
        sq1_0.resolved_at,
        sq1_0.resolved_by,
        sq1_0.responded_at,
        sq1_0.responded_by,
        sq1_0.response,
        sq1_0.status,
        sq1_0.subject,
        sq1_0.tracking_number 
    from
        support_queries sq1_0 
    left join
        users cb1_0 
            on cb1_0.id=sq1_0.created_by 
    where
        cb1_0.id=? 
    order by
        sq1_0.created_at desc
Hibernate: 
    select
        te1_0.id,
        te1_0.latitude,
        te1_0.longitude,
        te1_0.recorded_at,
        te1_0.shipment_id,
        te1_0.status 
    from
        tracking_events te1_0 
    left join
        shipments s1_0 
            on s1_0.id=te1_0.shipment_id 
    where
        s1_0.id=? 
    order by
        te1_0.recorded_at
2026-08-12T17:29:49.543+05:30  INFO 27180 --- [shiptrack-backend] [MessageBroker-9] c.shiptrack.service.LiveTrackingService  : Broadcast location update for shipment 52: 22.257351638210707,87.39341005541125
Hibernate: 
    select
        sm1_0.id,
        sm1_0.content,
        sm1_0.query_id,
        sm1_0.sender_id,
        sm1_0.sent_at 
    from
        support_messages sm1_0 
    left join
        support_queries q1_0 
            on q1_0.id=sm1_0.query_id 
    where
        q1_0.id=? 
    order by
        sm1_0.sent_at
Hibernate: 
    select
        pod1_0.id,
        pod1_0.captured_at,
        pod1_0.captured_by,
        pod1_0.item_image_data,
        pod1_0.item_image_hash,
        pod1_0.method,
        pod1_0.notes,
        pod1_0.recipient_name,
        pod1_0.shipment_id,
        pod1_0.signature_data,
        pod1_0.signature_hash,
        pod1_0.verification_notes,
        pod1_0.verification_status,
        pod1_0.verified_at,
        pod1_0.verified_by 
    from
        proof_of_deliveries pod1_0 
    left join
        shipments s1_0 
            on s1_0.id=pod1_0.shipment_id 
    where
        s1_0.id=?
Hibernate: 
    select
        sm1_0.id,
        sm1_0.content,
        sm1_0.query_id,
        sm1_0.sender_id,
        sm1_0.sent_at 
    from
        support_messages sm1_0 
    left join
        support_queries q1_0 
            on q1_0.id=sm1_0.query_id 
    where
        q1_0.id=? 
    order by
        sm1_0.sent_at
Hibernate: 
    select
        sm1_0.id,
        sm1_0.content,
        sm1_0.query_id,
        sm1_0.sender_id,
        sm1_0.sent_at 
    from
        support_messages sm1_0 
    left join
        support_queries q1_0 
            on q1_0.id=sm1_0.query_id 
    where
        q1_0.id=? 
    order by
        sm1_0.sent_at
Hibernate: 
    select
        u1_0.id,
        u1_0.created_at,
        u1_0.email,
        u1_0.name,
        u1_0.password,
        u1_0.phone,
        u1_0.role 
    from
        users u1_0 
    where
        u1_0.id=?
Hibernate: 
    select
        sm1_0.id,
        sm1_0.content,
        sm1_0.query_id,
        sm1_0.sender_id,
        sm1_0.sent_at 
    from
        support_messages sm1_0 
    left join
        support_queries q1_0 
            on q1_0.id=sm1_0.query_id 
    where
        q1_0.id=? 
    order by
        sm1_0.sent_at
Hibernate: 
    select
        u1_0.id,
        u1_0.created_at,
        u1_0.email,
        u1_0.name,
        u1_0.password,
        u1_0.phone,
        u1_0.role 
    from
        users u1_0 
    where
        u1_0.email=?
Hibernate: 
    select
        sm1_0.id,
        sm1_0.content,
        sm1_0.query_id,
        sm1_0.sender_id,
        sm1_0.sent_at 
    from
        support_messages sm1_0 
    left join
        support_queries q1_0 
            on q1_0.id=sm1_0.query_id 
    where
        q1_0.id=? 
    order by
        sm1_0.sent_at
Hibernate: 
    select
        u1_0.id,
        u1_0.created_at,
        u1_0.email,
        u1_0.name,
        u1_0.password,
        u1_0.phone,
        u1_0.role 
    from
        users u1_0 
    where
        u1_0.email=?
Hibernate: 
    select
        s1_0.id,
        s1_0.actual_delivery_time,
        s1_0.created_at,
        s1_0.created_by,
        s1_0.delivery_address,
        s1_0.destination_latitude,
        s1_0.destination_longitude,
        s1_0.estimated_delivery_time,
        s1_0.estimated_duration,
        s1_0.origin_latitude,
        s1_0.origin_longitude,
        s1_0.receiver_name,
        s1_0.route_polyline,
        s1_0.sender_address,
        s1_0.sender_name,
        s1_0.status,
        s1_0.total_distance,
        s1_0.tracking_number 
    from
        shipments s1_0 
    where
        s1_0.created_by=? 
    order by
        s1_0.created_at desc
Hibernate: 
    select
        te1_0.id,
        te1_0.latitude,
        te1_0.longitude,
        te1_0.recorded_at,
        te1_0.shipment_id,
        te1_0.status 
    from
        tracking_events te1_0 
    left join
        shipments s1_0 
            on s1_0.id=te1_0.shipment_id 
    where
        s1_0.id=? 
    order by
        te1_0.recorded_at
Hibernate: 
    select
        pod1_0.id,
        pod1_0.captured_at,
        pod1_0.captured_by,
        pod1_0.item_image_data,
        pod1_0.item_image_hash,
        pod1_0.method,
        pod1_0.notes,
        pod1_0.recipient_name,
        pod1_0.shipment_id,
        pod1_0.signature_data,
        pod1_0.signature_hash,
        pod1_0.verification_notes,
        pod1_0.verification_status,
        pod1_0.verified_at,
        pod1_0.verified_by 
    from
        proof_of_deliveries pod1_0 
    left join
        shipments s1_0 
            on s1_0.id=pod1_0.shipment_id 
    where
        s1_0.id=?
Hibernate: 
    select
        te1_0.id,
        te1_0.latitude,
        te1_0.longitude,
        te1_0.recorded_at,
        te1_0.shipment_id,
        te1_0.status 
    from
        tracking_events te1_0 
    left join
        shipments s1_0 
            on s1_0.id=te1_0.shipment_id 
    where
        s1_0.id=? 
    order by
        te1_0.recorded_at
Hibernate: 
    select
        pod1_0.id,
        pod1_0.captured_at,
        pod1_0.captured_by,
        pod1_0.item_image_data,
        pod1_0.item_image_hash,
        pod1_0.method,
        pod1_0.notes,
        pod1_0.recipient_name,
        pod1_0.shipment_id,
        pod1_0.signature_data,
        pod1_0.signature_hash,
        pod1_0.verification_notes,
        pod1_0.verification_status,
        pod1_0.verified_at,
        pod1_0.verified_by 
    from
        proof_of_deliveries pod1_0 
    left join
        shipments s1_0 
            on s1_0.id=pod1_0.shipment_id 
    where
        s1_0.id=?
Hibernate: 
    select
        te1_0.id,
        te1_0.latitude,
        te1_0.longitude,
        te1_0.recorded_at,
        te1_0.shipment_id,
        te1_0.status 
    from
        tracking_events te1_0 
    left join
        shipments s1_0 
            on s1_0.id=te1_0.shipment_id 
    where
        s1_0.id=? 
    order by
        te1_0.recorded_at
Hibernate: 
    select
        pod1_0.id,
        pod1_0.captured_at,
        pod1_0.captured_by,
        pod1_0.item_image_data,
        pod1_0.item_image_hash,
        pod1_0.method,
        pod1_0.notes,
        pod1_0.recipient_name,
        pod1_0.shipment_id,
        pod1_0.signature_data,
        pod1_0.signature_hash,
        pod1_0.verification_notes,
        pod1_0.verification_status,
        pod1_0.verified_at,
        pod1_0.verified_by 
    from
        proof_of_deliveries pod1_0 
    left join
        shipments s1_0 
            on s1_0.id=pod1_0.shipment_id 
    where
        s1_0.id=?
Hibernate: 
    select
        te1_0.id,
        te1_0.latitude,
        te1_0.longitude,
        te1_0.recorded_at,
        te1_0.shipment_id,
        te1_0.status 
    from
        tracking_events te1_0 
    left join
        shipments s1_0 
            on s1_0.id=te1_0.shipment_id 
    where
        s1_0.id=? 
    order by
        te1_0.recorded_at
Hibernate: 
    select
        pod1_0.id,
        pod1_0.captured_at,
        pod1_0.captured_by,
        pod1_0.item_image_data,
        pod1_0.item_image_hash,
        pod1_0.method,
        pod1_0.notes,
        pod1_0.recipient_name,
        pod1_0.shipment_id,
        pod1_0.signature_data,
        pod1_0.signature_hash,
        pod1_0.verification_notes,
        pod1_0.verification_status,
        pod1_0.verified_at,
        pod1_0.verified_by 
    from
        proof_of_deliveries pod1_0 
    left join
        shipments s1_0 
            on s1_0.id=pod1_0.shipment_id 
    where
        s1_0.id=?
Hibernate: 
    select
        te1_0.id,
        te1_0.latitude,
        te1_0.longitude,
        te1_0.recorded_at,
        te1_0.shipment_id,
        te1_0.status 
    from
        tracking_events te1_0 
    left join
        shipments s1_0 
            on s1_0.id=te1_0.shipment_id 
    where
        s1_0.id=? 
    order by
        te1_0.recorded_at
Hibernate: 
    select
        pod1_0.id,
        pod1_0.captured_at,
        pod1_0.captured_by,
        pod1_0.item_image_data,
        pod1_0.item_image_hash,
        pod1_0.method,
        pod1_0.notes,
        pod1_0.recipient_name,
        pod1_0.shipment_id,
        pod1_0.signature_data,
        pod1_0.signature_hash,
        pod1_0.verification_notes,
        pod1_0.verification_status,
        pod1_0.verified_at,
        pod1_0.verified_by 
    from
        proof_of_deliveries pod1_0 
    left join
        shipments s1_0 
            on s1_0.id=pod1_0.shipment_id 
    where
        s1_0.id=?
Hibernate: 
    select
        te1_0.id,
        te1_0.latitude,
        te1_0.longitude,
        te1_0.recorded_at,
        te1_0.shipment_id,
        te1_0.status 
    from
        tracking_events te1_0 
    left join
        shipments s1_0 
            on s1_0.id=te1_0.shipment_id 
    where
        s1_0.id=? 
    order by
        te1_0.recorded_at
Hibernate: 
    select
        pod1_0.id,
        pod1_0.captured_at,
        pod1_0.captured_by,
        pod1_0.item_image_data,
        pod1_0.item_image_hash,
        pod1_0.method,
        pod1_0.notes,
        pod1_0.recipient_name,
        pod1_0.shipment_id,
        pod1_0.signature_data,
        pod1_0.signature_hash,
        pod1_0.verification_notes,
        pod1_0.verification_status,
        pod1_0.verified_at,
        pod1_0.verified_by 
    from
        proof_of_deliveries pod1_0 
    left join
        shipments s1_0 
            on s1_0.id=pod1_0.shipment_id 
    where
        s1_0.id=?
Hibernate: 
    select
        te1_0.id,
        te1_0.latitude,
        te1_0.longitude,
        te1_0.recorded_at,
        te1_0.shipment_id,
        te1_0.status 
    from
        tracking_events te1_0 
    left join
        shipments s1_0 
            on s1_0.id=te1_0.shipment_id 
    where
        s1_0.id=? 
    order by
        te1_0.recorded_at
Hibernate: 
    select
        pod1_0.id,
        pod1_0.captured_at,
        pod1_0.captured_by,
        pod1_0.item_image_data,
        pod1_0.item_image_hash,
        pod1_0.method,
        pod1_0.notes,
        pod1_0.recipient_name,
        pod1_0.shipment_id,
        pod1_0.signature_data,
        pod1_0.signature_hash,
        pod1_0.verification_notes,
        pod1_0.verification_status,
        pod1_0.verified_at,
        pod1_0.verified_by 
    from
        proof_of_deliveries pod1_0 
    left join
        shipments s1_0 
            on s1_0.id=pod1_0.shipment_id 
    where
        s1_0.id=?
Hibernate: 
    select
        u1_0.id,
        u1_0.created_at,
        u1_0.email,
        u1_0.name,
        u1_0.password,
        u1_0.phone,
        u1_0.role 
    from
        users u1_0 
    where
        u1_0.email=?
Hibernate: 
    select
        u1_0.id,
        u1_0.created_at,
        u1_0.email,
        u1_0.name,
        u1_0.password,
        u1_0.phone,
        u1_0.role 
    from
        users u1_0 
    where
        u1_0.email=?
Hibernate: 
    select
        s1_0.id,
        s1_0.actual_delivery_time,
        s1_0.created_at,
        s1_0.created_by,
        s1_0.delivery_address,
        s1_0.destination_latitude,
        s1_0.destination_longitude,
        s1_0.estimated_delivery_time,
        s1_0.estimated_duration,
        s1_0.origin_latitude,
        s1_0.origin_longitude,
        s1_0.receiver_name,
        s1_0.route_polyline,
        s1_0.sender_address,
        s1_0.sender_name,
        s1_0.status,
        s1_0.total_distance,
        s1_0.tracking_number 
    from
        shipments s1_0 
    order by
        s1_0.created_at desc
Hibernate: 
    select
        te1_0.id,
        te1_0.latitude,
        te1_0.longitude,
        te1_0.recorded_at,
        te1_0.shipment_id,
        te1_0.status 
    from
        tracking_events te1_0 
    left join
        shipments s1_0 
            on s1_0.id=te1_0.shipment_id 
    where
        s1_0.id=? 
    order by
        te1_0.recorded_at
Hibernate: 
    select
        pod1_0.id,
        pod1_0.captured_at,
        pod1_0.captured_by,
        pod1_0.item_image_data,
        pod1_0.item_image_hash,
        pod1_0.method,
        pod1_0.notes,
        pod1_0.recipient_name,
        pod1_0.shipment_id,
        pod1_0.signature_data,
        pod1_0.signature_hash,
        pod1_0.verification_notes,
        pod1_0.verification_status,
        pod1_0.verified_at,
        pod1_0.verified_by 
    from
        proof_of_deliveries pod1_0 
    left join
        shipments s1_0 
            on s1_0.id=pod1_0.shipment_id 
    where
        s1_0.id=?
Hibernate: 
    select
        u1_0.id,
        u1_0.created_at,
        u1_0.email,
        u1_0.name,
        u1_0.password,
        u1_0.phone,
        u1_0.role 
    from
        users u1_0 
    where
        u1_0.id=?
Hibernate: 
    select
        te1_0.id,
        te1_0.latitude,
        te1_0.longitude,
        te1_0.recorded_at,
        te1_0.shipment_id,
        te1_0.status 
    from
        tracking_events te1_0 
    left join
        shipments s1_0 
            on s1_0.id=te1_0.shipment_id 
    where
        s1_0.id=? 
    order by
        te1_0.recorded_at
Hibernate: 
    select
        pod1_0.id,
        pod1_0.captured_at,
        pod1_0.captured_by,
        pod1_0.item_image_data,
        pod1_0.item_image_hash,
        pod1_0.method,
        pod1_0.notes,
        pod1_0.recipient_name,
        pod1_0.shipment_id,
        pod1_0.signature_data,
        pod1_0.signature_hash,
        pod1_0.verification_notes,
        pod1_0.verification_status,
        pod1_0.verified_at,
        pod1_0.verified_by 
    from
        proof_of_deliveries pod1_0 
    left join
        shipments s1_0 
            on s1_0.id=pod1_0.shipment_id 
    where
        s1_0.id=?
Hibernate: 
    select
        te1_0.id,
        te1_0.latitude,
        te1_0.longitude,
        te1_0.recorded_at,
        te1_0.shipment_id,
        te1_0.status 
    from
        tracking_events te1_0 
    left join
        shipments s1_0 
            on s1_0.id=te1_0.shipment_id 
    where
        s1_0.id=? 
    order by
        te1_0.recorded_at
Hibernate: 
    select
        pod1_0.id,
        pod1_0.captured_at,
        pod1_0.captured_by,
        pod1_0.item_image_data,
        pod1_0.item_image_hash,
        pod1_0.method,
        pod1_0.notes,
        pod1_0.recipient_name,
        pod1_0.shipment_id,
        pod1_0.signature_data,
        pod1_0.signature_hash,
        pod1_0.verification_notes,
        pod1_0.verification_status,
        pod1_0.verified_at,
        pod1_0.verified_by 
    from
        proof_of_deliveries pod1_0 
    left join
        shipments s1_0 
            on s1_0.id=pod1_0.shipment_id 
    where
        s1_0.id=?
Hibernate: 
    select
        te1_0.id,
        te1_0.latitude,
        te1_0.longitude,
        te1_0.recorded_at,
        te1_0.shipment_id,
        te1_0.status 
    from
        tracking_events te1_0 
    left join
        shipments s1_0 
            on s1_0.id=te1_0.shipment_id 
    where
        s1_0.id=? 
    order by
        te1_0.recorded_at
Hibernate: 
    select
        pod1_0.id,
        pod1_0.captured_at,
        pod1_0.captured_by,
        pod1_0.item_image_data,
        pod1_0.item_image_hash,
        pod1_0.method,
        pod1_0.notes,
        pod1_0.recipient_name,
        pod1_0.shipment_id,
        pod1_0.signature_data,
        pod1_0.signature_hash,
        pod1_0.verification_notes,
        pod1_0.verification_status,
        pod1_0.verified_at,
        pod1_0.verified_by 
    from
        proof_of_deliveries pod1_0 
    left join
        shipments s1_0 
            on s1_0.id=pod1_0.shipment_id 
    where
        s1_0.id=?
Hibernate: 
    select
        u1_0.id,
        u1_0.created_at,
        u1_0.email,
        u1_0.name,
        u1_0.password,
        u1_0.phone,
        u1_0.role 
    from
        users u1_0 
    where
        u1_0.id=?
Hibernate: 
    select
        te1_0.id,
        te1_0.latitude,
        te1_0.longitude,
        te1_0.recorded_at,
        te1_0.shipment_id,
        te1_0.status 
    from
        tracking_events te1_0 
    left join
        shipments s1_0 
            on s1_0.id=te1_0.shipment_id 
    where
        s1_0.id=? 
    order by
        te1_0.recorded_at
Hibernate: 
    select
        pod1_0.id,
        pod1_0.captured_at,
        pod1_0.captured_by,
        pod1_0.item_image_data,
        pod1_0.item_image_hash,
        pod1_0.method,
        pod1_0.notes,
        pod1_0.recipient_name,
        pod1_0.shipment_id,
        pod1_0.signature_data,
        pod1_0.signature_hash,
        pod1_0.verification_notes,
        pod1_0.verification_status,
        pod1_0.verified_at,
        pod1_0.verified_by 
    from
        proof_of_deliveries pod1_0 
    left join
        shipments s1_0 
            on s1_0.id=pod1_0.shipment_id 
    where
        s1_0.id=?
Hibernate: 
    select
        te1_0.id,
        te1_0.latitude,
        te1_0.longitude,
        te1_0.recorded_at,
        te1_0.shipment_id,
        te1_0.status 
    from
        tracking_events te1_0 
    left join
        shipments s1_0 
            on s1_0.id=te1_0.shipment_id 
    where
        s1_0.id=? 
    order by
        te1_0.recorded_at
Hibernate: 
    select
        pod1_0.id,
        pod1_0.captured_at,
        pod1_0.captured_by,
        pod1_0.item_image_data,
        pod1_0.item_image_hash,
        pod1_0.method,
        pod1_0.notes,
        pod1_0.recipient_name,
        pod1_0.shipment_id,
        pod1_0.signature_data,
        pod1_0.signature_hash,
        pod1_0.verification_notes,
        pod1_0.verification_status,
        pod1_0.verified_at,
        pod1_0.verified_by 
    from
        proof_of_deliveries pod1_0 
    left join
        shipments s1_0 
            on s1_0.id=pod1_0.shipment_id 
    where
        s1_0.id=?
Hibernate: 
    select
        te1_0.id,
        te1_0.latitude,
        te1_0.longitude,
        te1_0.recorded_at,
        te1_0.shipment_id,
        te1_0.status 
    from
        tracking_events te1_0 
    left join
        shipments s1_0 
            on s1_0.id=te1_0.shipment_id 
    where
        s1_0.id=? 
    order by
        te1_0.recorded_at
Hibernate: 
    select
        pod1_0.id,
        pod1_0.captured_at,
        pod1_0.captured_by,
        pod1_0.item_image_data,
        pod1_0.item_image_hash,
        pod1_0.method,
        pod1_0.notes,
        pod1_0.recipient_name,
        pod1_0.shipment_id,
        pod1_0.signature_data,
        pod1_0.signature_hash,
        pod1_0.verification_notes,
        pod1_0.verification_status,
        pod1_0.verified_at,
        pod1_0.verified_by 
    from
        proof_of_deliveries pod1_0 
    left join
        shipments s1_0 
            on s1_0.id=pod1_0.shipment_id 
    where
        s1_0.id=?
Hibernate: 
    select
        te1_0.id,
        te1_0.latitude,
        te1_0.longitude,
        te1_0.recorded_at,
        te1_0.shipment_id,
        te1_0.status 
    from
        tracking_events te1_0 
    left join
        shipments s1_0 
            on s1_0.id=te1_0.shipment_id 
    where
        s1_0.id=? 
    order by
        te1_0.recorded_at
Hibernate: 
    select
        pod1_0.id,
        pod1_0.captured_at,
        pod1_0.captured_by,
        pod1_0.item_image_data,
        pod1_0.item_image_hash,
        pod1_0.method,
        pod1_0.notes,
        pod1_0.recipient_name,
        pod1_0.shipment_id,
        pod1_0.signature_data,
        pod1_0.signature_hash,
        pod1_0.verification_notes,
        pod1_0.verification_status,
        pod1_0.verified_at,
        pod1_0.verified_by 
    from
        proof_of_deliveries pod1_0 
    left join
        shipments s1_0 
            on s1_0.id=pod1_0.shipment_id 
    where
        s1_0.id=?
Hibernate: 
    select
        te1_0.id,
        te1_0.latitude,
        te1_0.longitude,
        te1_0.recorded_at,
        te1_0.shipment_id,
        te1_0.status 
    from
        tracking_events te1_0 
    left join
        shipments s1_0 
            on s1_0.id=te1_0.shipment_id 
    where
        s1_0.id=? 
    order by
        te1_0.recorded_at
Hibernate: 
    select
        pod1_0.id,
        pod1_0.captured_at,
        pod1_0.captured_by,
        pod1_0.item_image_data,
        pod1_0.item_image_hash,
        pod1_0.method,
        pod1_0.notes,
        pod1_0.recipient_name,
        pod1_0.shipment_id,
        pod1_0.signature_data,
        pod1_0.signature_hash,
        pod1_0.verification_notes,
        pod1_0.verification_status,
        pod1_0.verified_at,
        pod1_0.verified_by 
    from
        proof_of_deliveries pod1_0 
    left join
        shipments s1_0 
            on s1_0.id=pod1_0.shipment_id 
    where
        s1_0.id=?
Hibernate: 
    select
        te1_0.id,
        te1_0.latitude,
        te1_0.longitude,
        te1_0.recorded_at,
        te1_0.shipment_id,
        te1_0.status 
    from
        tracking_events te1_0 
    left join
        shipments s1_0 
            on s1_0.id=te1_0.shipment_id 
    where
        s1_0.id=? 
    order by
        te1_0.recorded_at
Hibernate: 
    select
        pod1_0.id,
        pod1_0.captured_at,
        pod1_0.captured_by,
        pod1_0.item_image_data,
        pod1_0.item_image_hash,
        pod1_0.method,
        pod1_0.notes,
        pod1_0.recipient_name,
        pod1_0.shipment_id,
        pod1_0.signature_data,
        pod1_0.signature_hash,
        pod1_0.verification_notes,
        pod1_0.verification_status,
        pod1_0.verified_at,
        pod1_0.verified_by 
    from
        proof_of_deliveries pod1_0 
    left join
        shipments s1_0 
            on s1_0.id=pod1_0.shipment_id 
    where
        s1_0.id=?
Hibernate: 
    select
        te1_0.id,
        te1_0.latitude,
        te1_0.longitude,
        te1_0.recorded_at,
        te1_0.shipment_id,
        te1_0.status 
    from
        tracking_events te1_0 
    left join
        shipments s1_0 
            on s1_0.id=te1_0.shipment_id 
    where
        s1_0.id=? 
    order by
        te1_0.recorded_at
Hibernate: 
    select
        pod1_0.id,
        pod1_0.captured_at,
        pod1_0.captured_by,
        pod1_0.item_image_data,
        pod1_0.item_image_hash,
        pod1_0.method,
        pod1_0.notes,
        pod1_0.recipient_name,
        pod1_0.shipment_id,
        pod1_0.signature_data,
        pod1_0.signature_hash,
        pod1_0.verification_notes,
        pod1_0.verification_status,
        pod1_0.verified_at,
        pod1_0.verified_by 
    from
        proof_of_deliveries pod1_0 
    left join
        shipments s1_0 
            on s1_0.id=pod1_0.shipment_id 
    where
        s1_0.id=?
Hibernate: 
    select
        te1_0.id,
        te1_0.latitude,
        te1_0.longitude,
        te1_0.recorded_at,
        te1_0.shipment_id,
        te1_0.status 
    from
        tracking_events te1_0 
    left join
        shipments s1_0 
            on s1_0.id=te1_0.shipment_id 
    where
        s1_0.id=? 
    order by
        te1_0.recorded_at
Hibernate: 
    select
        pod1_0.id,
        pod1_0.captured_at,
        pod1_0.captured_by,
        pod1_0.item_image_data,
        pod1_0.item_image_hash,
        pod1_0.method,
        pod1_0.notes,
        pod1_0.recipient_name,
        pod1_0.shipment_id,
        pod1_0.signature_data,
        pod1_0.signature_hash,
        pod1_0.verification_notes,
        pod1_0.verification_status,
        pod1_0.verified_at,
        pod1_0.verified_by 
    from
        proof_of_deliveries pod1_0 
    left join
        shipments s1_0 
            on s1_0.id=pod1_0.shipment_id 
    where
        s1_0.id=?
Hibernate: 
    select
        te1_0.id,
        te1_0.latitude,
        te1_0.longitude,
        te1_0.recorded_at,
        te1_0.shipment_id,
        te1_0.status 
    from
        tracking_events te1_0 
    left join
        shipments s1_0 
            on s1_0.id=te1_0.shipment_id 
    where
        s1_0.id=? 
    order by
        te1_0.recorded_at
Hibernate: 
    select
        pod1_0.id,
        pod1_0.captured_at,
        pod1_0.captured_by,
        pod1_0.item_image_data,
        pod1_0.item_image_hash,
        pod1_0.method,
        pod1_0.notes,
        pod1_0.recipient_name,
        pod1_0.shipment_id,
        pod1_0.signature_data,
        pod1_0.signature_hash,
        pod1_0.verification_notes,
        pod1_0.verification_status,
        pod1_0.verified_at,
        pod1_0.verified_by 
    from
        proof_of_deliveries pod1_0 
    left join
        shipments s1_0 
            on s1_0.id=pod1_0.shipment_id 
    where
        s1_0.id=?
Hibernate: 
    select
        te1_0.id,
        te1_0.latitude,
        te1_0.longitude,
        te1_0.recorded_at,
        te1_0.shipment_id,
        te1_0.status 
    from
        tracking_events te1_0 
    left join
        shipments s1_0 
            on s1_0.id=te1_0.shipment_id 
    where
        s1_0.id=? 
    order by
        te1_0.recorded_at
Hibernate: 
    select
        pod1_0.id,
        pod1_0.captured_at,
        pod1_0.captured_by,
        pod1_0.item_image_data,
        pod1_0.item_image_hash,
        pod1_0.method,
        pod1_0.notes,
        pod1_0.recipient_name,
        pod1_0.shipment_id,
        pod1_0.signature_data,
        pod1_0.signature_hash,
        pod1_0.verification_notes,
        pod1_0.verification_status,
        pod1_0.verified_at,
        pod1_0.verified_by 
    from
        proof_of_deliveries pod1_0 
    left join
        shipments s1_0 
            on s1_0.id=pod1_0.shipment_id 
    where
        s1_0.id=?
Hibernate: 
    select
        te1_0.id,
        te1_0.latitude,
        te1_0.longitude,
        te1_0.recorded_at,
        te1_0.shipment_id,
        te1_0.status 
    from
        tracking_events te1_0 
    left join
        shipments s1_0 
            on s1_0.id=te1_0.shipment_id 
    where
        s1_0.id=? 
    order by
        te1_0.recorded_at
Hibernate: 
    select
        pod1_0.id,
        pod1_0.captured_at,
        pod1_0.captured_by,
        pod1_0.item_image_data,
        pod1_0.item_image_hash,
        pod1_0.method,
        pod1_0.notes,
        pod1_0.recipient_name,
        pod1_0.shipment_id,
        pod1_0.signature_data,
        pod1_0.signature_hash,
        pod1_0.verification_notes,
        pod1_0.verification_status,
        pod1_0.verified_at,
        pod1_0.verified_by 
    from
        proof_of_deliveries pod1_0 
    left join
        shipments s1_0 
            on s1_0.id=pod1_0.shipment_id 
    where
        s1_0.id=?
Hibernate: 
    select
        u1_0.id,
        u1_0.created_at,
        u1_0.email,
        u1_0.name,
        u1_0.password,
        u1_0.phone,
        u1_0.role 
    from
        users u1_0 
    where
        u1_0.email=?
Hibernate: 
    select
        u1_0.id,
        u1_0.created_at,
        u1_0.email,
        u1_0.name,
        u1_0.password,
        u1_0.phone,
        u1_0.role 
    from
        users u1_0 
    where
        u1_0.email=?
Hibernate: 
    select
        s1_0.id,
        s1_0.actual_delivery_time,
        s1_0.created_at,
        s1_0.created_by,
        s1_0.delivery_address,
        s1_0.destination_latitude,
        s1_0.destination_longitude,
        s1_0.estimated_delivery_time,
        s1_0.estimated_duration,
        s1_0.origin_latitude,
        s1_0.origin_longitude,
        s1_0.receiver_name,
        s1_0.route_polyline,
        s1_0.sender_address,
        s1_0.sender_name,
        s1_0.status,
        s1_0.total_distance,
        s1_0.tracking_number 
    from
        shipments s1_0 
    order by
        s1_0.created_at desc
Hibernate: 
    select
        te1_0.id,
        te1_0.latitude,
        te1_0.longitude,
        te1_0.recorded_at,
        te1_0.shipment_id,
        te1_0.status 
    from
        tracking_events te1_0 
    left join
        shipments s1_0 
            on s1_0.id=te1_0.shipment_id 
    where
        s1_0.id=? 
    order by
        te1_0.recorded_at
Hibernate: 
    select
        pod1_0.id,
        pod1_0.captured_at,
        pod1_0.captured_by,
        pod1_0.item_image_data,
        pod1_0.item_image_hash,
        pod1_0.method,
        pod1_0.notes,
        pod1_0.recipient_name,
        pod1_0.shipment_id,
        pod1_0.signature_data,
        pod1_0.signature_hash,
        pod1_0.verification_notes,
        pod1_0.verification_status,
        pod1_0.verified_at,
        pod1_0.verified_by 
    from
        proof_of_deliveries pod1_0 
    left join
        shipments s1_0 
            on s1_0.id=pod1_0.shipment_id 
    where
        s1_0.id=?
Hibernate: 
    select
        u1_0.id,
        u1_0.created_at,
        u1_0.email,
        u1_0.name,
        u1_0.password,
        u1_0.phone,
        u1_0.role 
    from
        users u1_0 
    where
        u1_0.id=?
Hibernate: 
    select
        te1_0.id,
        te1_0.latitude,
        te1_0.longitude,
        te1_0.recorded_at,
        te1_0.shipment_id,
        te1_0.status 
    from
        tracking_events te1_0 
    left join
        shipments s1_0 
            on s1_0.id=te1_0.shipment_id 
    where
        s1_0.id=? 
    order by
        te1_0.recorded_at
Hibernate: 
    select
        pod1_0.id,
        pod1_0.captured_at,
        pod1_0.captured_by,
        pod1_0.item_image_data,
        pod1_0.item_image_hash,
        pod1_0.method,
        pod1_0.notes,
        pod1_0.recipient_name,
        pod1_0.shipment_id,
        pod1_0.signature_data,
        pod1_0.signature_hash,
        pod1_0.verification_notes,
        pod1_0.verification_status,
        pod1_0.verified_at,
        pod1_0.verified_by 
    from
        proof_of_deliveries pod1_0 
    left join
        shipments s1_0 
            on s1_0.id=pod1_0.shipment_id 
    where
        s1_0.id=?
Hibernate: 
    select
        te1_0.id,
        te1_0.latitude,
        te1_0.longitude,
        te1_0.recorded_at,
        te1_0.shipment_id,
        te1_0.status 
    from
        tracking_events te1_0 
    left join
        shipments s1_0 
            on s1_0.id=te1_0.shipment_id 
    where
        s1_0.id=? 
    order by
        te1_0.recorded_at
Hibernate: 
    select
        pod1_0.id,
        pod1_0.captured_at,
        pod1_0.captured_by,
        pod1_0.item_image_data,
        pod1_0.item_image_hash,
        pod1_0.method,
        pod1_0.notes,
        pod1_0.recipient_name,
        pod1_0.shipment_id,
        pod1_0.signature_data,
        pod1_0.signature_hash,
        pod1_0.verification_notes,
        pod1_0.verification_status,
        pod1_0.verified_at,
        pod1_0.verified_by 
    from
        proof_of_deliveries pod1_0 
    left join
        shipments s1_0 
            on s1_0.id=pod1_0.shipment_id 
    where
        s1_0.id=?
Hibernate: 
    select
        te1_0.id,
        te1_0.latitude,
        te1_0.longitude,
        te1_0.recorded_at,
        te1_0.shipment_id,
        te1_0.status 
    from
        tracking_events te1_0 
    left join
        shipments s1_0 
            on s1_0.id=te1_0.shipment_id 
    where
        s1_0.id=? 
    order by
        te1_0.recorded_at
Hibernate: 
    select
        pod1_0.id,
        pod1_0.captured_at,
        pod1_0.captured_by,
        pod1_0.item_image_data,
        pod1_0.item_image_hash,
        pod1_0.method,
        pod1_0.notes,
        pod1_0.recipient_name,
        pod1_0.shipment_id,
        pod1_0.signature_data,
        pod1_0.signature_hash,
        pod1_0.verification_notes,
        pod1_0.verification_status,
        pod1_0.verified_at,
        pod1_0.verified_by 
    from
        proof_of_deliveries pod1_0 
    left join
        shipments s1_0 
            on s1_0.id=pod1_0.shipment_id 
    where
        s1_0.id=?
Hibernate: 
    select
        u1_0.id,
        u1_0.created_at,
        u1_0.email,
        u1_0.name,
        u1_0.password,
        u1_0.phone,
        u1_0.role 
    from
        users u1_0 
    where
        u1_0.id=?
Hibernate: 
    select
        te1_0.id,
        te1_0.latitude,
        te1_0.longitude,
        te1_0.recorded_at,
        te1_0.shipment_id,
        te1_0.status 
    from
        tracking_events te1_0 
    left join
        shipments s1_0 
            on s1_0.id=te1_0.shipment_id 
    where
        s1_0.id=? 
    order by
        te1_0.recorded_at
Hibernate: 
    select
        pod1_0.id,
        pod1_0.captured_at,
        pod1_0.captured_by,
        pod1_0.item_image_data,
        pod1_0.item_image_hash,
        pod1_0.method,
        pod1_0.notes,
        pod1_0.recipient_name,
        pod1_0.shipment_id,
        pod1_0.signature_data,
        pod1_0.signature_hash,
        pod1_0.verification_notes,
        pod1_0.verification_status,
        pod1_0.verified_at,
        pod1_0.verified_by 
    from
        proof_of_deliveries pod1_0 
    left join
        shipments s1_0 
            on s1_0.id=pod1_0.shipment_id 
    where
        s1_0.id=?
Hibernate: 
    select
        te1_0.id,
        te1_0.latitude,
        te1_0.longitude,
        te1_0.recorded_at,
        te1_0.shipment_id,
        te1_0.status 
    from
        tracking_events te1_0 
    left join
        shipments s1_0 
            on s1_0.id=te1_0.shipment_id 
    where
        s1_0.id=? 
    order by
        te1_0.recorded_at
Hibernate: 
    select
        pod1_0.id,
        pod1_0.captured_at,
        pod1_0.captured_by,
        pod1_0.item_image_data,
        pod1_0.item_image_hash,
        pod1_0.method,
        pod1_0.notes,
        pod1_0.recipient_name,
        pod1_0.shipment_id,
        pod1_0.signature_data,
        pod1_0.signature_hash,
        pod1_0.verification_notes,
        pod1_0.verification_status,
        pod1_0.verified_at,
        pod1_0.verified_by 
    from
        proof_of_deliveries pod1_0 
    left join
        shipments s1_0 
            on s1_0.id=pod1_0.shipment_id 
    where
        s1_0.id=?
Hibernate: 
    select
        te1_0.id,
        te1_0.latitude,
        te1_0.longitude,
        te1_0.recorded_at,
        te1_0.shipment_id,
        te1_0.status 
    from
        tracking_events te1_0 
    left join
        shipments s1_0 
            on s1_0.id=te1_0.shipment_id 
    where
        s1_0.id=? 
    order by
        te1_0.recorded_at
Hibernate: 
    select
        pod1_0.id,
        pod1_0.captured_at,
        pod1_0.captured_by,
        pod1_0.item_image_data,
        pod1_0.item_image_hash,
        pod1_0.method,
        pod1_0.notes,
        pod1_0.recipient_name,
        pod1_0.shipment_id,
        pod1_0.signature_data,
        pod1_0.signature_hash,
        pod1_0.verification_notes,
        pod1_0.verification_status,
        pod1_0.verified_at,
        pod1_0.verified_by 
    from
        proof_of_deliveries pod1_0 
    left join
        shipments s1_0 
            on s1_0.id=pod1_0.shipment_id 
    where
        s1_0.id=?
Hibernate: 
    select
        te1_0.id,
        te1_0.latitude,
        te1_0.longitude,
        te1_0.recorded_at,
        te1_0.shipment_id,
        te1_0.status 
    from
        tracking_events te1_0 
    left join
        shipments s1_0 
            on s1_0.id=te1_0.shipment_id 
    where
        s1_0.id=? 
    order by
        te1_0.recorded_at
Hibernate: 
    select
        pod1_0.id,
        pod1_0.captured_at,
        pod1_0.captured_by,
        pod1_0.item_image_data,
        pod1_0.item_image_hash,
        pod1_0.method,
        pod1_0.notes,
        pod1_0.recipient_name,
        pod1_0.shipment_id,
        pod1_0.signature_data,
        pod1_0.signature_hash,
        pod1_0.verification_notes,
        pod1_0.verification_status,
        pod1_0.verified_at,
        pod1_0.verified_by 
    from
        proof_of_deliveries pod1_0 
    left join
        shipments s1_0 
            on s1_0.id=pod1_0.shipment_id 
    where
        s1_0.id=?
Hibernate: 
    select
        te1_0.id,
        te1_0.latitude,
        te1_0.longitude,
        te1_0.recorded_at,
        te1_0.shipment_id,
        te1_0.status 
    from
        tracking_events te1_0 
    left join
        shipments s1_0 
            on s1_0.id=te1_0.shipment_id 
    where
        s1_0.id=? 
    order by
        te1_0.recorded_at
Hibernate: 
    select
        pod1_0.id,
        pod1_0.captured_at,
        pod1_0.captured_by,
        pod1_0.item_image_data,
        pod1_0.item_image_hash,
        pod1_0.method,
        pod1_0.notes,
        pod1_0.recipient_name,
        pod1_0.shipment_id,
        pod1_0.signature_data,
        pod1_0.signature_hash,
        pod1_0.verification_notes,
        pod1_0.verification_status,
        pod1_0.verified_at,
        pod1_0.verified_by 
    from
        proof_of_deliveries pod1_0 
    left join
        shipments s1_0 
            on s1_0.id=pod1_0.shipment_id 
    where
        s1_0.id=?
Hibernate: 
    select
        te1_0.id,
        te1_0.latitude,
        te1_0.longitude,
        te1_0.recorded_at,
        te1_0.shipment_id,
        te1_0.status 
    from
        tracking_events te1_0 
    left join
        shipments s1_0 
            on s1_0.id=te1_0.shipment_id 
    where
        s1_0.id=? 
    order by
        te1_0.recorded_at
Hibernate: 
    select
        pod1_0.id,
        pod1_0.captured_at,
        pod1_0.captured_by,
        pod1_0.item_image_data,
        pod1_0.item_image_hash,
        pod1_0.method,
        pod1_0.notes,
        pod1_0.recipient_name,
        pod1_0.shipment_id,
        pod1_0.signature_data,
        pod1_0.signature_hash,
        pod1_0.verification_notes,
        pod1_0.verification_status,
        pod1_0.verified_at,
        pod1_0.verified_by 
    from
        proof_of_deliveries pod1_0 
    left join
        shipments s1_0 
            on s1_0.id=pod1_0.shipment_id 
    where
        s1_0.id=?
Hibernate: 
    select
        te1_0.id,
        te1_0.latitude,
        te1_0.longitude,
        te1_0.recorded_at,
        te1_0.shipment_id,
        te1_0.status 
    from
        tracking_events te1_0 
    left join
        shipments s1_0 
            on s1_0.id=te1_0.shipment_id 
    where
        s1_0.id=? 
    order by
        te1_0.recorded_at
Hibernate: 
    select
        pod1_0.id,
        pod1_0.captured_at,
        pod1_0.captured_by,
        pod1_0.item_image_data,
        pod1_0.item_image_hash,
        pod1_0.method,
        pod1_0.notes,
        pod1_0.recipient_name,
        pod1_0.shipment_id,
        pod1_0.signature_data,
        pod1_0.signature_hash,
        pod1_0.verification_notes,
        pod1_0.verification_status,
        pod1_0.verified_at,
        pod1_0.verified_by 
    from
        proof_of_deliveries pod1_0 
    left join
        shipments s1_0 
            on s1_0.id=pod1_0.shipment_id 
    where
        s1_0.id=?
Hibernate: 
    select
        te1_0.id,
        te1_0.latitude,
        te1_0.longitude,
        te1_0.recorded_at,
        te1_0.shipment_id,
        te1_0.status 
    from
        tracking_events te1_0 
    left join
        shipments s1_0 
            on s1_0.id=te1_0.shipment_id 
    where
        s1_0.id=? 
    order by
        te1_0.recorded_at
Hibernate: 
    select
        pod1_0.id,
        pod1_0.captured_at,
        pod1_0.captured_by,
        pod1_0.item_image_data,
        pod1_0.item_image_hash,
        pod1_0.method,
        pod1_0.notes,
        pod1_0.recipient_name,
        pod1_0.shipment_id,
        pod1_0.signature_data,
        pod1_0.signature_hash,
        pod1_0.verification_notes,
        pod1_0.verification_status,
        pod1_0.verified_at,
        pod1_0.verified_by 
    from
        proof_of_deliveries pod1_0 
    left join
        shipments s1_0 
            on s1_0.id=pod1_0.shipment_id 
    where
        s1_0.id=?
Hibernate: 
    select
        te1_0.id,
        te1_0.latitude,
        te1_0.longitude,
        te1_0.recorded_at,
        te1_0.shipment_id,
        te1_0.status 
    from
        tracking_events te1_0 
    left join
        shipments s1_0 
            on s1_0.id=te1_0.shipment_id 
    where
        s1_0.id=? 
    order by
        te1_0.recorded_at
Hibernate: 
    select
        pod1_0.id,
        pod1_0.captured_at,
        pod1_0.captured_by,
        pod1_0.item_image_data,
        pod1_0.item_image_hash,
        pod1_0.method,
        pod1_0.notes,
        pod1_0.recipient_name,
        pod1_0.shipment_id,
        pod1_0.signature_data,
        pod1_0.signature_hash,
        pod1_0.verification_notes,
        pod1_0.verification_status,
        pod1_0.verified_at,
        pod1_0.verified_by 
    from
        proof_of_deliveries pod1_0 
    left join
        shipments s1_0 
            on s1_0.id=pod1_0.shipment_id 
    where
        s1_0.id=?
Hibernate: 
    select
        te1_0.id,
        te1_0.latitude,
        te1_0.longitude,
        te1_0.recorded_at,
        te1_0.shipment_id,
        te1_0.status 
    from
        tracking_events te1_0 
    left join
        shipments s1_0 
            on s1_0.id=te1_0.shipment_id 
    where
        s1_0.id=? 
    order by
        te1_0.recorded_at
Hibernate: 
    select
        pod1_0.id,
        pod1_0.captured_at,
        pod1_0.captured_by,
        pod1_0.item_image_data,
        pod1_0.item_image_hash,
        pod1_0.method,
        pod1_0.notes,
        pod1_0.recipient_name,
        pod1_0.shipment_id,
        pod1_0.signature_data,
        pod1_0.signature_hash,
        pod1_0.verification_notes,
        pod1_0.verification_status,
        pod1_0.verified_at,
        pod1_0.verified_by 
    from
        proof_of_deliveries pod1_0 
    left join
        shipments s1_0 
            on s1_0.id=pod1_0.shipment_id 
    where
        s1_0.id=?
Hibernate: 
    select
        te1_0.id,
        te1_0.latitude,
        te1_0.longitude,
        te1_0.recorded_at,
        te1_0.shipment_id,
        te1_0.status 
    from
        tracking_events te1_0 
    left join
        shipments s1_0 
            on s1_0.id=te1_0.shipment_id 
    where
        s1_0.id=? 
    order by
        te1_0.recorded_at
Hibernate: 
    select
        pod1_0.id,
        pod1_0.captured_at,
        pod1_0.captured_by,
        pod1_0.item_image_data,
        pod1_0.item_image_hash,
        pod1_0.method,
        pod1_0.notes,
        pod1_0.recipient_name,
        pod1_0.shipment_id,
        pod1_0.signature_data,
        pod1_0.signature_hash,
        pod1_0.verification_notes,
        pod1_0.verification_status,
        pod1_0.verified_at,
        pod1_0.verified_by 
    from
        proof_of_deliveries pod1_0 
    left join
        shipments s1_0 
            on s1_0.id=pod1_0.shipment_id 
    where
        s1_0.id=?
Hibernate: 
    select
        u1_0.id,
        u1_0.created_at,
        u1_0.email,
        u1_0.name,
        u1_0.password,
        u1_0.phone,
        u1_0.role 
    from
        users u1_0 
    where
        u1_0.email=?
Hibernate: 
    select
        u1_0.id,
        u1_0.created_at,
        u1_0.email,
        u1_0.name,
        u1_0.password,
        u1_0.phone,
        u1_0.role 
    from
        users u1_0 
    where
        u1_0.email=?
Hibernate: 
    select
        u1_0.id,
        u1_0.created_at,
        u1_0.email,
        u1_0.name,
        u1_0.password,
        u1_0.phone,
        u1_0.role 
    from
        users u1_0 
    where
        u1_0.email=?
Hibernate: 
    select
        u1_0.id,
        u1_0.created_at,
        u1_0.email,
        u1_0.name,
        u1_0.password,
        u1_0.phone,
        u1_0.role 
    from
        users u1_0 
    where
        u1_0.email=?
Hibernate: 
    select
        s1_0.id,
        s1_0.actual_delivery_time,
        s1_0.created_at,
        s1_0.created_by,
        s1_0.delivery_address,
        s1_0.destination_latitude,
        s1_0.destination_longitude,
        s1_0.estimated_delivery_time,
        s1_0.estimated_duration,
        s1_0.origin_latitude,
        s1_0.origin_longitude,
        s1_0.receiver_name,
        s1_0.route_polyline,
        s1_0.sender_address,
        s1_0.sender_name,
        s1_0.status,
        s1_0.total_distance,
        s1_0.tracking_number 
    from
        shipments s1_0 
    order by
        s1_0.created_at desc
Hibernate: 
    select
        count(*) 
    from
        shipments s1_0
Hibernate: 
    select
        count(s1_0.id) 
    from
        shipments s1_0 
    where
        s1_0.status=?
Hibernate: 
    select
        count(s1_0.id) 
    from
        shipments s1_0 
    where
        s1_0.status=?
Hibernate: 
    select
        te1_0.id,
        te1_0.latitude,
        te1_0.longitude,
        te1_0.recorded_at,
        te1_0.shipment_id,
        te1_0.status 
    from
        tracking_events te1_0 
    left join
        shipments s1_0 
            on s1_0.id=te1_0.shipment_id 
    where
        s1_0.id=? 
    order by
        te1_0.recorded_at
Hibernate: 
    select
        count(s1_0.id) 
    from
        shipments s1_0 
    where
        s1_0.status=?
Hibernate: 
    select
        pod1_0.id,
        pod1_0.captured_at,
        pod1_0.captured_by,
        pod1_0.item_image_data,
        pod1_0.item_image_hash,
        pod1_0.method,
        pod1_0.notes,
        pod1_0.recipient_name,
        pod1_0.shipment_id,
        pod1_0.signature_data,
        pod1_0.signature_hash,
        pod1_0.verification_notes,
        pod1_0.verification_status,
        pod1_0.verified_at,
        pod1_0.verified_by 
    from
        proof_of_deliveries pod1_0 
    left join
        shipments s1_0 
            on s1_0.id=pod1_0.shipment_id 
    where
        s1_0.id=?
Hibernate: 
    select
        count(s1_0.id) 
    from
        shipments s1_0 
    where
        s1_0.status=?
Hibernate: 
    select
        u1_0.id,
        u1_0.created_at,
        u1_0.email,
        u1_0.name,
        u1_0.password,
        u1_0.phone,
        u1_0.role 
    from
        users u1_0 
    where
        u1_0.id=?
Hibernate: 
    select
        count(s1_0.id) 
    from
        shipments s1_0 
    where
        s1_0.status=?
Hibernate: 
    select
        te1_0.id,
        te1_0.latitude,
        te1_0.longitude,
        te1_0.recorded_at,
        te1_0.shipment_id,
        te1_0.status 
    from
        tracking_events te1_0 
    left join
        shipments s1_0 
            on s1_0.id=te1_0.shipment_id 
    where
        s1_0.id=? 
    order by
        te1_0.recorded_at
Hibernate: 
    select
        pod1_0.id,
        pod1_0.captured_at,
        pod1_0.captured_by,
        pod1_0.item_image_data,
        pod1_0.item_image_hash,
        pod1_0.method,
        pod1_0.notes,
        pod1_0.recipient_name,
        pod1_0.shipment_id,
        pod1_0.signature_data,
        pod1_0.signature_hash,
        pod1_0.verification_notes,
        pod1_0.verification_status,
        pod1_0.verified_at,
        pod1_0.verified_by 
    from
        proof_of_deliveries pod1_0 
    left join
        shipments s1_0 
            on s1_0.id=pod1_0.shipment_id 
    where
        s1_0.id=?
Hibernate: 
    select
        te1_0.id,
        te1_0.latitude,
        te1_0.longitude,
        te1_0.recorded_at,
        te1_0.shipment_id,
        te1_0.status 
    from
        tracking_events te1_0 
    left join
        shipments s1_0 
            on s1_0.id=te1_0.shipment_id 
    where
        s1_0.id=? 
    order by
        te1_0.recorded_at
Hibernate: 
    select
        pod1_0.id,
        pod1_0.captured_at,
        pod1_0.captured_by,
        pod1_0.item_image_data,
        pod1_0.item_image_hash,
        pod1_0.method,
        pod1_0.notes,
        pod1_0.recipient_name,
        pod1_0.shipment_id,
        pod1_0.signature_data,
        pod1_0.signature_hash,
        pod1_0.verification_notes,
        pod1_0.verification_status,
        pod1_0.verified_at,
        pod1_0.verified_by 
    from
        proof_of_deliveries pod1_0 
    left join
        shipments s1_0 
            on s1_0.id=pod1_0.shipment_id 
    where
        s1_0.id=?
Hibernate: 
    select
        te1_0.id,
        te1_0.latitude,
        te1_0.longitude,
        te1_0.recorded_at,
        te1_0.shipment_id,
        te1_0.status 
    from
        tracking_events te1_0 
    left join
        shipments s1_0 
            on s1_0.id=te1_0.shipment_id 
    where
        s1_0.id=? 
    order by
        te1_0.recorded_at
Hibernate: 
    select
        pod1_0.id,
        pod1_0.captured_at,
        pod1_0.captured_by,
        pod1_0.item_image_data,
        pod1_0.item_image_hash,
        pod1_0.method,
        pod1_0.notes,
        pod1_0.recipient_name,
        pod1_0.shipment_id,
        pod1_0.signature_data,
        pod1_0.signature_hash,
        pod1_0.verification_notes,
        pod1_0.verification_status,
        pod1_0.verified_at,
        pod1_0.verified_by 
    from
        proof_of_deliveries pod1_0 
    left join
        shipments s1_0 
            on s1_0.id=pod1_0.shipment_id 
    where
        s1_0.id=?
Hibernate: 
    select
        u1_0.id,
        u1_0.created_at,
        u1_0.email,
        u1_0.name,
        u1_0.password,
        u1_0.phone,
        u1_0.role 
    from
        users u1_0 
    where
        u1_0.id=?
Hibernate: 
    select
        te1_0.id,
        te1_0.latitude,
        te1_0.longitude,
        te1_0.recorded_at,
        te1_0.shipment_id,
        te1_0.status 
    from
        tracking_events te1_0 
    left join
        shipments s1_0 
            on s1_0.id=te1_0.shipment_id 
    where
        s1_0.id=? 
    order by
        te1_0.recorded_at
Hibernate: 
    select
        pod1_0.id,
        pod1_0.captured_at,
        pod1_0.captured_by,
        pod1_0.item_image_data,
        pod1_0.item_image_hash,
        pod1_0.method,
        pod1_0.notes,
        pod1_0.recipient_name,
        pod1_0.shipment_id,
        pod1_0.signature_data,
        pod1_0.signature_hash,
        pod1_0.verification_notes,
        pod1_0.verification_status,
        pod1_0.verified_at,
        pod1_0.verified_by 
    from
        proof_of_deliveries pod1_0 
    left join
        shipments s1_0 
            on s1_0.id=pod1_0.shipment_id 
    where
        s1_0.id=?
Hibernate: 
    select
        te1_0.id,
        te1_0.latitude,
        te1_0.longitude,
        te1_0.recorded_at,
        te1_0.shipment_id,
        te1_0.status 
    from
        tracking_events te1_0 
    left join
        shipments s1_0 
            on s1_0.id=te1_0.shipment_id 
    where
        s1_0.id=? 
    order by
        te1_0.recorded_at
Hibernate: 
    select
        pod1_0.id,
        pod1_0.captured_at,
        pod1_0.captured_by,
        pod1_0.item_image_data,
        pod1_0.item_image_hash,
        pod1_0.method,
        pod1_0.notes,
        pod1_0.recipient_name,
        pod1_0.shipment_id,
        pod1_0.signature_data,
        pod1_0.signature_hash,
        pod1_0.verification_notes,
        pod1_0.verification_status,
        pod1_0.verified_at,
        pod1_0.verified_by 
    from
        proof_of_deliveries pod1_0 
    left join
        shipments s1_0 
            on s1_0.id=pod1_0.shipment_id 
    where
        s1_0.id=?
Hibernate: 
    select
        te1_0.id,
        te1_0.latitude,
        te1_0.longitude,
        te1_0.recorded_at,
        te1_0.shipment_id,
        te1_0.status 
    from
        tracking_events te1_0 
    left join
        shipments s1_0 
            on s1_0.id=te1_0.shipment_id 
    where
        s1_0.id=? 
    order by
        te1_0.recorded_at
Hibernate: 
    select
        pod1_0.id,
        pod1_0.captured_at,
        pod1_0.captured_by,
        pod1_0.item_image_data,
        pod1_0.item_image_hash,
        pod1_0.method,
        pod1_0.notes,
        pod1_0.recipient_name,
        pod1_0.shipment_id,
        pod1_0.signature_data,
        pod1_0.signature_hash,
        pod1_0.verification_notes,
        pod1_0.verification_status,
        pod1_0.verified_at,
        pod1_0.verified_by 
    from
        proof_of_deliveries pod1_0 
    left join
        shipments s1_0 
            on s1_0.id=pod1_0.shipment_id 
    where
        s1_0.id=?
Hibernate: 
    select
        te1_0.id,
        te1_0.latitude,
        te1_0.longitude,
        te1_0.recorded_at,
        te1_0.shipment_id,
        te1_0.status 
    from
        tracking_events te1_0 
    left join
        shipments s1_0 
            on s1_0.id=te1_0.shipment_id 
    where
        s1_0.id=? 
    order by
        te1_0.recorded_at
Hibernate: 
    select
        pod1_0.id,
        pod1_0.captured_at,
        pod1_0.captured_by,
        pod1_0.item_image_data,
        pod1_0.item_image_hash,
        pod1_0.method,
        pod1_0.notes,
        pod1_0.recipient_name,
        pod1_0.shipment_id,
        pod1_0.signature_data,
        pod1_0.signature_hash,
        pod1_0.verification_notes,
        pod1_0.verification_status,
        pod1_0.verified_at,
        pod1_0.verified_by 
    from
        proof_of_deliveries pod1_0 
    left join
        shipments s1_0 
            on s1_0.id=pod1_0.shipment_id 
    where
        s1_0.id=?
Hibernate: 
    select
        u1_0.id,
        u1_0.created_at,
        u1_0.email,
        u1_0.name,
        u1_0.password,
        u1_0.phone,
        u1_0.role 
    from
        users u1_0 
    where
        u1_0.email=?
Hibernate: 
    select
        te1_0.id,
        te1_0.latitude,
        te1_0.longitude,
        te1_0.recorded_at,
        te1_0.shipment_id,
        te1_0.status 
    from
        tracking_events te1_0 
    left join
        shipments s1_0 
            on s1_0.id=te1_0.shipment_id 
    where
        s1_0.id=? 
    order by
        te1_0.recorded_at
Hibernate: 
    select
        u1_0.id,
        u1_0.created_at,
        u1_0.email,
        u1_0.name,
        u1_0.password,
        u1_0.phone,
        u1_0.role 
    from
        users u1_0 
    where
        u1_0.email=?
Hibernate: 
    select
        pod1_0.id,
        pod1_0.captured_at,
        pod1_0.captured_by,
        pod1_0.item_image_data,
        pod1_0.item_image_hash,
        pod1_0.method,
        pod1_0.notes,
        pod1_0.recipient_name,
        pod1_0.shipment_id,
        pod1_0.signature_data,
        pod1_0.signature_hash,
        pod1_0.verification_notes,
        pod1_0.verification_status,
        pod1_0.verified_at,
        pod1_0.verified_by 
    from
        proof_of_deliveries pod1_0 
    left join
        shipments s1_0 
            on s1_0.id=pod1_0.shipment_id 
    where
        s1_0.id=?
Hibernate: 
    select
        count(*) 
    from
        shipments s1_0
Hibernate: 
    select
        te1_0.id,
        te1_0.latitude,
        te1_0.longitude,
        te1_0.recorded_at,
        te1_0.shipment_id,
        te1_0.status 
    from
        tracking_events te1_0 
    left join
        shipments s1_0 
            on s1_0.id=te1_0.shipment_id 
    where
        s1_0.id=? 
    order by
        te1_0.recorded_at
Hibernate: 
    select
        pod1_0.id,
        pod1_0.captured_at,
        pod1_0.captured_by,
        pod1_0.item_image_data,
        pod1_0.item_image_hash,
        pod1_0.method,
        pod1_0.notes,
        pod1_0.recipient_name,
        pod1_0.shipment_id,
        pod1_0.signature_data,
        pod1_0.signature_hash,
        pod1_0.verification_notes,
        pod1_0.verification_status,
        pod1_0.verified_at,
        pod1_0.verified_by 
    from
        proof_of_deliveries pod1_0 
    left join
        shipments s1_0 
            on s1_0.id=pod1_0.shipment_id 
    where
        s1_0.id=?
Hibernate: 
    select
        count(s1_0.id) 
    from
        shipments s1_0 
    where
        s1_0.status=?
Hibernate: 
    select
        te1_0.id,
        te1_0.latitude,
        te1_0.longitude,
        te1_0.recorded_at,
        te1_0.shipment_id,
        te1_0.status 
    from
        tracking_events te1_0 
    left join
        shipments s1_0 
            on s1_0.id=te1_0.shipment_id 
    where
        s1_0.id=? 
    order by
        te1_0.recorded_at
Hibernate: 
    select
        count(s1_0.id) 
    from
        shipments s1_0 
    where
        s1_0.status=?
Hibernate: 
    select
        pod1_0.id,
        pod1_0.captured_at,
        pod1_0.captured_by,
        pod1_0.item_image_data,
        pod1_0.item_image_hash,
        pod1_0.method,
        pod1_0.notes,
        pod1_0.recipient_name,
        pod1_0.shipment_id,
        pod1_0.signature_data,
        pod1_0.signature_hash,
        pod1_0.verification_notes,
        pod1_0.verification_status,
        pod1_0.verified_at,
        pod1_0.verified_by 
    from
        proof_of_deliveries pod1_0 
    left join
        shipments s1_0 
            on s1_0.id=pod1_0.shipment_id 
    where
        s1_0.id=?
Hibernate: 
    select
        count(s1_0.id) 
    from
        shipments s1_0 
    where
        s1_0.status=?
Hibernate: 
    select
        count(s1_0.id) 
    from
        shipments s1_0 
    where
        s1_0.status=?
Hibernate: 
    select
        te1_0.id,
        te1_0.latitude,
        te1_0.longitude,
        te1_0.recorded_at,
        te1_0.shipment_id,
        te1_0.status 
    from
        tracking_events te1_0 
    left join
        shipments s1_0 
            on s1_0.id=te1_0.shipment_id 
    where
        s1_0.id=? 
    order by
        te1_0.recorded_at
Hibernate: 
    select
        count(s1_0.id) 
    from
        shipments s1_0 
    where
        s1_0.status=?
Hibernate: 
    select
        pod1_0.id,
        pod1_0.captured_at,
        pod1_0.captured_by,
        pod1_0.item_image_data,
        pod1_0.item_image_hash,
        pod1_0.method,
        pod1_0.notes,
        pod1_0.recipient_name,
        pod1_0.shipment_id,
        pod1_0.signature_data,
        pod1_0.signature_hash,
        pod1_0.verification_notes,
        pod1_0.verification_status,
        pod1_0.verified_at,
        pod1_0.verified_by 
    from
        proof_of_deliveries pod1_0 
    left join
        shipments s1_0 
            on s1_0.id=pod1_0.shipment_id 
    where
        s1_0.id=?
Hibernate: 
    select
        te1_0.id,
        te1_0.latitude,
        te1_0.longitude,
        te1_0.recorded_at,
        te1_0.shipment_id,
        te1_0.status 
    from
        tracking_events te1_0 
    left join
        shipments s1_0 
            on s1_0.id=te1_0.shipment_id 
    where
        s1_0.id=? 
    order by
        te1_0.recorded_at
Hibernate: 
    select
        pod1_0.id,
        pod1_0.captured_at,
        pod1_0.captured_by,
        pod1_0.item_image_data,
        pod1_0.item_image_hash,
        pod1_0.method,
        pod1_0.notes,
        pod1_0.recipient_name,
        pod1_0.shipment_id,
        pod1_0.signature_data,
        pod1_0.signature_hash,
        pod1_0.verification_notes,
        pod1_0.verification_status,
        pod1_0.verified_at,
        pod1_0.verified_by 
    from
        proof_of_deliveries pod1_0 
    left join
        shipments s1_0 
            on s1_0.id=pod1_0.shipment_id 
    where
        s1_0.id=?
Hibernate: 
    select
        te1_0.id,
        te1_0.latitude,
        te1_0.longitude,
        te1_0.recorded_at,
        te1_0.shipment_id,
        te1_0.status 
    from
        tracking_events te1_0 
    left join
        shipments s1_0 
            on s1_0.id=te1_0.shipment_id 
    where
        s1_0.id=? 
    order by
        te1_0.recorded_at
Hibernate: 
    select
        pod1_0.id,
        pod1_0.captured_at,
        pod1_0.captured_by,
        pod1_0.item_image_data,
        pod1_0.item_image_hash,
        pod1_0.method,
        pod1_0.notes,
        pod1_0.recipient_name,
        pod1_0.shipment_id,
        pod1_0.signature_data,
        pod1_0.signature_hash,
        pod1_0.verification_notes,
        pod1_0.verification_status,
        pod1_0.verified_at,
        pod1_0.verified_by 
    from
        proof_of_deliveries pod1_0 
    left join
        shipments s1_0 
            on s1_0.id=pod1_0.shipment_id 
    where
        s1_0.id=?
Hibernate: 
    select
        te1_0.id,
        te1_0.latitude,
        te1_0.longitude,
        te1_0.recorded_at,
        te1_0.shipment_id,
        te1_0.status 
    from
        tracking_events te1_0 
    left join
        shipments s1_0 
            on s1_0.id=te1_0.shipment_id 
    where
        s1_0.id=? 
    order by
        te1_0.recorded_at
Hibernate: 
    select
        pod1_0.id,
        pod1_0.captured_at,
        pod1_0.captured_by,
        pod1_0.item_image_data,
        pod1_0.item_image_hash,
        pod1_0.method,
        pod1_0.notes,
        pod1_0.recipient_name,
        pod1_0.shipment_id,
        pod1_0.signature_data,
        pod1_0.signature_hash,
        pod1_0.verification_notes,
        pod1_0.verification_status,
        pod1_0.verified_at,
        pod1_0.verified_by 
    from
        proof_of_deliveries pod1_0 
    left join
        shipments s1_0 
            on s1_0.id=pod1_0.shipment_id 
    where
        s1_0.id=?
Hibernate: 
    select
        u1_0.id,
        u1_0.created_at,
        u1_0.email,
        u1_0.name,
        u1_0.password,
        u1_0.phone,
        u1_0.role 
    from
        users u1_0 
    where
        u1_0.email=?
Hibernate: 
    select
        u1_0.id,
        u1_0.created_at,
        u1_0.email,
        u1_0.name,
        u1_0.password,
        u1_0.phone,
        u1_0.role 
    from
        users u1_0 
    where
        u1_0.email=?
Hibernate: 
    select
        s1_0.id,
        s1_0.actual_delivery_time,
        s1_0.created_at,
        s1_0.created_by,
        s1_0.delivery_address,
        s1_0.destination_latitude,
        s1_0.destination_longitude,
        s1_0.estimated_delivery_time,
        s1_0.estimated_duration,
        s1_0.origin_latitude,
        s1_0.origin_longitude,
        s1_0.receiver_name,
        s1_0.route_polyline,
        s1_0.sender_address,
        s1_0.sender_name,
        s1_0.status,
        s1_0.total_distance,
        s1_0.tracking_number 
    from
        shipments s1_0 
    order by
        s1_0.created_at desc
Hibernate: 
    select
        te1_0.id,
        te1_0.latitude,
        te1_0.longitude,
        te1_0.recorded_at,
        te1_0.shipment_id,
        te1_0.status 
    from
        tracking_events te1_0 
    left join
        shipments s1_0 
            on s1_0.id=te1_0.shipment_id 
    where
        s1_0.id=? 
    order by
        te1_0.recorded_at
Hibernate: 
    select
        pod1_0.id,
        pod1_0.captured_at,
        pod1_0.captured_by,
        pod1_0.item_image_data,
        pod1_0.item_image_hash,
        pod1_0.method,
        pod1_0.notes,
        pod1_0.recipient_name,
        pod1_0.shipment_id,
        pod1_0.signature_data,
        pod1_0.signature_hash,
        pod1_0.verification_notes,
        pod1_0.verification_status,
        pod1_0.verified_at,
        pod1_0.verified_by 
    from
        proof_of_deliveries pod1_0 
    left join
        shipments s1_0 
            on s1_0.id=pod1_0.shipment_id 
    where
        s1_0.id=?
Hibernate: 
    select
        u1_0.id,
        u1_0.created_at,
        u1_0.email,
        u1_0.name,
        u1_0.password,
        u1_0.phone,
        u1_0.role 
    from
        users u1_0 
    where
        u1_0.id=?
Hibernate: 
    select
        te1_0.id,
        te1_0.latitude,
        te1_0.longitude,
        te1_0.recorded_at,
        te1_0.shipment_id,
        te1_0.status 
    from
        tracking_events te1_0 
    left join
        shipments s1_0 
            on s1_0.id=te1_0.shipment_id 
    where
        s1_0.id=? 
    order by
        te1_0.recorded_at
Hibernate: 
    select
        pod1_0.id,
        pod1_0.captured_at,
        pod1_0.captured_by,
        pod1_0.item_image_data,
        pod1_0.item_image_hash,
        pod1_0.method,
        pod1_0.notes,
        pod1_0.recipient_name,
        pod1_0.shipment_id,
        pod1_0.signature_data,
        pod1_0.signature_hash,
        pod1_0.verification_notes,
        pod1_0.verification_status,
        pod1_0.verified_at,
        pod1_0.verified_by 
    from
        proof_of_deliveries pod1_0 
    left join
        shipments s1_0 
            on s1_0.id=pod1_0.shipment_id 
    where
        s1_0.id=?
Hibernate: 
    select
        te1_0.id,
        te1_0.latitude,
        te1_0.longitude,
        te1_0.recorded_at,
        te1_0.shipment_id,
        te1_0.status 
    from
        tracking_events te1_0 
    left join
        shipments s1_0 
            on s1_0.id=te1_0.shipment_id 
    where
        s1_0.id=? 
    order by
        te1_0.recorded_at
Hibernate: 
    select
        pod1_0.id,
        pod1_0.captured_at,
        pod1_0.captured_by,
        pod1_0.item_image_data,
        pod1_0.item_image_hash,
        pod1_0.method,
        pod1_0.notes,
        pod1_0.recipient_name,
        pod1_0.shipment_id,
        pod1_0.signature_data,
        pod1_0.signature_hash,
        pod1_0.verification_notes,
        pod1_0.verification_status,
        pod1_0.verified_at,
        pod1_0.verified_by 
    from
        proof_of_deliveries pod1_0 
    left join
        shipments s1_0 
            on s1_0.id=pod1_0.shipment_id 
    where
        s1_0.id=?
Hibernate: 
    select
        te1_0.id,
        te1_0.latitude,
        te1_0.longitude,
        te1_0.recorded_at,
        te1_0.shipment_id,
        te1_0.status 
    from
        tracking_events te1_0 
    left join
        shipments s1_0 
            on s1_0.id=te1_0.shipment_id 
    where
        s1_0.id=? 
    order by
        te1_0.recorded_at
Hibernate: 
    select
        pod1_0.id,
        pod1_0.captured_at,
        pod1_0.captured_by,
        pod1_0.item_image_data,
        pod1_0.item_image_hash,
        pod1_0.method,
        pod1_0.notes,
        pod1_0.recipient_name,
        pod1_0.shipment_id,
        pod1_0.signature_data,
        pod1_0.signature_hash,
        pod1_0.verification_notes,
        pod1_0.verification_status,
        pod1_0.verified_at,
        pod1_0.verified_by 
    from
        proof_of_deliveries pod1_0 
    left join
        shipments s1_0 
            on s1_0.id=pod1_0.shipment_id 
    where
        s1_0.id=?
Hibernate: 
    select
        u1_0.id,
        u1_0.created_at,
        u1_0.email,
        u1_0.name,
        u1_0.password,
        u1_0.phone,
        u1_0.role 
    from
        users u1_0 
    where
        u1_0.id=?
Hibernate: 
    select
        te1_0.id,
        te1_0.latitude,
        te1_0.longitude,
        te1_0.recorded_at,
        te1_0.shipment_id,
        te1_0.status 
    from
        tracking_events te1_0 
    left join
        shipments s1_0 
            on s1_0.id=te1_0.shipment_id 
    where
        s1_0.id=? 
    order by
        te1_0.recorded_at
Hibernate: 
    select
        pod1_0.id,
        pod1_0.captured_at,
        pod1_0.captured_by,
        pod1_0.item_image_data,
        pod1_0.item_image_hash,
        pod1_0.method,
        pod1_0.notes,
        pod1_0.recipient_name,
        pod1_0.shipment_id,
        pod1_0.signature_data,
        pod1_0.signature_hash,
        pod1_0.verification_notes,
        pod1_0.verification_status,
        pod1_0.verified_at,
        pod1_0.verified_by 
    from
        proof_of_deliveries pod1_0 
    left join
        shipments s1_0 
            on s1_0.id=pod1_0.shipment_id 
    where
        s1_0.id=?
Hibernate: 
    select
        te1_0.id,
        te1_0.latitude,
        te1_0.longitude,
        te1_0.recorded_at,
        te1_0.shipment_id,
        te1_0.status 
    from
        tracking_events te1_0 
    left join
        shipments s1_0 
            on s1_0.id=te1_0.shipment_id 
    where
        s1_0.id=? 
    order by
        te1_0.recorded_at
Hibernate: 
    select
        pod1_0.id,
        pod1_0.captured_at,
        pod1_0.captured_by,
        pod1_0.item_image_data,
        pod1_0.item_image_hash,
        pod1_0.method,
        pod1_0.notes,
        pod1_0.recipient_name,
        pod1_0.shipment_id,
        pod1_0.signature_data,
        pod1_0.signature_hash,
        pod1_0.verification_notes,
        pod1_0.verification_status,
        pod1_0.verified_at,
        pod1_0.verified_by 
    from
        proof_of_deliveries pod1_0 
    left join
        shipments s1_0 
            on s1_0.id=pod1_0.shipment_id 
    where
        s1_0.id=?
Hibernate: 
    select
        te1_0.id,
        te1_0.latitude,
        te1_0.longitude,
        te1_0.recorded_at,
        te1_0.shipment_id,
        te1_0.status 
    from
        tracking_events te1_0 
    left join
        shipments s1_0 
            on s1_0.id=te1_0.shipment_id 
    where
        s1_0.id=? 
    order by
        te1_0.recorded_at
Hibernate: 
    select
        pod1_0.id,
        pod1_0.captured_at,
        pod1_0.captured_by,
        pod1_0.item_image_data,
        pod1_0.item_image_hash,
        pod1_0.method,
        pod1_0.notes,
        pod1_0.recipient_name,
        pod1_0.shipment_id,
        pod1_0.signature_data,
        pod1_0.signature_hash,
        pod1_0.verification_notes,
        pod1_0.verification_status,
        pod1_0.verified_at,
        pod1_0.verified_by 
    from
        proof_of_deliveries pod1_0 
    left join
        shipments s1_0 
            on s1_0.id=pod1_0.shipment_id 
    where
        s1_0.id=?
Hibernate: 
    select
        te1_0.id,
        te1_0.latitude,
        te1_0.longitude,
        te1_0.recorded_at,
        te1_0.shipment_id,
        te1_0.status 
    from
        tracking_events te1_0 
    left join
        shipments s1_0 
            on s1_0.id=te1_0.shipment_id 
    where
        s1_0.id=? 
    order by
        te1_0.recorded_at
Hibernate: 
    select
        pod1_0.id,
        pod1_0.captured_at,
        pod1_0.captured_by,
        pod1_0.item_image_data,
        pod1_0.item_image_hash,
        pod1_0.method,
        pod1_0.notes,
        pod1_0.recipient_name,
        pod1_0.shipment_id,
        pod1_0.signature_data,
        pod1_0.signature_hash,
        pod1_0.verification_notes,
        pod1_0.verification_status,
        pod1_0.verified_at,
        pod1_0.verified_by 
    from
        proof_of_deliveries pod1_0 
    left join
        shipments s1_0 
            on s1_0.id=pod1_0.shipment_id 
    where
        s1_0.id=?
Hibernate: 
    select
        te1_0.id,
        te1_0.latitude,
        te1_0.longitude,
        te1_0.recorded_at,
        te1_0.shipment_id,
        te1_0.status 
    from
        tracking_events te1_0 
    left join
        shipments s1_0 
            on s1_0.id=te1_0.shipment_id 
    where
        s1_0.id=? 
    order by
        te1_0.recorded_at
Hibernate: 
    select
        pod1_0.id,
        pod1_0.captured_at,
        pod1_0.captured_by,
        pod1_0.item_image_data,
        pod1_0.item_image_hash,
        pod1_0.method,
        pod1_0.notes,
        pod1_0.recipient_name,
        pod1_0.shipment_id,
        pod1_0.signature_data,
        pod1_0.signature_hash,
        pod1_0.verification_notes,
        pod1_0.verification_status,
        pod1_0.verified_at,
        pod1_0.verified_by 
    from
        proof_of_deliveries pod1_0 
    left join
        shipments s1_0 
            on s1_0.id=pod1_0.shipment_id 
    where
        s1_0.id=?
Hibernate: 
    select
        te1_0.id,
        te1_0.latitude,
        te1_0.longitude,
        te1_0.recorded_at,
        te1_0.shipment_id,
        te1_0.status 
    from
        tracking_events te1_0 
    left join
        shipments s1_0 
            on s1_0.id=te1_0.shipment_id 
    where
        s1_0.id=? 
    order by
        te1_0.recorded_at
Hibernate: 
    select
        pod1_0.id,
        pod1_0.captured_at,
        pod1_0.captured_by,
        pod1_0.item_image_data,
        pod1_0.item_image_hash,
        pod1_0.method,
        pod1_0.notes,
        pod1_0.recipient_name,
        pod1_0.shipment_id,
        pod1_0.signature_data,
        pod1_0.signature_hash,
        pod1_0.verification_notes,
        pod1_0.verification_status,
        pod1_0.verified_at,
        pod1_0.verified_by 
    from
        proof_of_deliveries pod1_0 
    left join
        shipments s1_0 
            on s1_0.id=pod1_0.shipment_id 
    where
        s1_0.id=?
Hibernate: 
    select
        te1_0.id,
        te1_0.latitude,
        te1_0.longitude,
        te1_0.recorded_at,
        te1_0.shipment_id,
        te1_0.status 
    from
        tracking_events te1_0 
    left join
        shipments s1_0 
            on s1_0.id=te1_0.shipment_id 
    where
        s1_0.id=? 
    order by
        te1_0.recorded_at
Hibernate: 
    select
        pod1_0.id,
        pod1_0.captured_at,
        pod1_0.captured_by,
        pod1_0.item_image_data,
        pod1_0.item_image_hash,
        pod1_0.method,
        pod1_0.notes,
        pod1_0.recipient_name,
        pod1_0.shipment_id,
        pod1_0.signature_data,
        pod1_0.signature_hash,
        pod1_0.verification_notes,
        pod1_0.verification_status,
        pod1_0.verified_at,
        pod1_0.verified_by 
    from
        proof_of_deliveries pod1_0 
    left join
        shipments s1_0 
            on s1_0.id=pod1_0.shipment_id 
    where
        s1_0.id=?
Hibernate: 
    select
        te1_0.id,
        te1_0.latitude,
        te1_0.longitude,
        te1_0.recorded_at,
        te1_0.shipment_id,
        te1_0.status 
    from
        tracking_events te1_0 
    left join
        shipments s1_0 
            on s1_0.id=te1_0.shipment_id 
    where
        s1_0.id=? 
    order by
        te1_0.recorded_at
Hibernate: 
    select
        pod1_0.id,
        pod1_0.captured_at,
        pod1_0.captured_by,
        pod1_0.item_image_data,
        pod1_0.item_image_hash,
        pod1_0.method,
        pod1_0.notes,
        pod1_0.recipient_name,
        pod1_0.shipment_id,
        pod1_0.signature_data,
        pod1_0.signature_hash,
        pod1_0.verification_notes,
        pod1_0.verification_status,
        pod1_0.verified_at,
        pod1_0.verified_by 
    from
        proof_of_deliveries pod1_0 
    left join
        shipments s1_0 
            on s1_0.id=pod1_0.shipment_id 
    where
        s1_0.id=?
Hibernate: 
    select
        te1_0.id,
        te1_0.latitude,
        te1_0.longitude,
        te1_0.recorded_at,
        te1_0.shipment_id,
        te1_0.status 
    from
        tracking_events te1_0 
    left join
        shipments s1_0 
            on s1_0.id=te1_0.shipment_id 
    where
        s1_0.id=? 
    order by
        te1_0.recorded_at
Hibernate: 
    select
        pod1_0.id,
        pod1_0.captured_at,
        pod1_0.captured_by,
        pod1_0.item_image_data,
        pod1_0.item_image_hash,
        pod1_0.method,
        pod1_0.notes,
        pod1_0.recipient_name,
        pod1_0.shipment_id,
        pod1_0.signature_data,
        pod1_0.signature_hash,
        pod1_0.verification_notes,
        pod1_0.verification_status,
        pod1_0.verified_at,
        pod1_0.verified_by 
    from
        proof_of_deliveries pod1_0 
    left join
        shipments s1_0 
            on s1_0.id=pod1_0.shipment_id 
    where
        s1_0.id=?
Hibernate: 
    select
        te1_0.id,
        te1_0.latitude,
        te1_0.longitude,
        te1_0.recorded_at,
        te1_0.shipment_id,
        te1_0.status 
    from
        tracking_events te1_0 
    left join
        shipments s1_0 
            on s1_0.id=te1_0.shipment_id 
    where
        s1_0.id=? 
    order by
        te1_0.recorded_at
Hibernate: 
    select
        pod1_0.id,
        pod1_0.captured_at,
        pod1_0.captured_by,
        pod1_0.item_image_data,
        pod1_0.item_image_hash,
        pod1_0.method,
        pod1_0.notes,
        pod1_0.recipient_name,
        pod1_0.shipment_id,
        pod1_0.signature_data,
        pod1_0.signature_hash,
        pod1_0.verification_notes,
        pod1_0.verification_status,
        pod1_0.verified_at,
        pod1_0.verified_by 
    from
        proof_of_deliveries pod1_0 
    left join
        shipments s1_0 
            on s1_0.id=pod1_0.shipment_id 
    where
        s1_0.id=?
Hibernate: 
    select
        te1_0.id,
        te1_0.latitude,
        te1_0.longitude,
        te1_0.recorded_at,
        te1_0.shipment_id,
        te1_0.status 
    from
        tracking_events te1_0 
    left join
        shipments s1_0 
            on s1_0.id=te1_0.shipment_id 
    where
        s1_0.id=? 
    order by
        te1_0.recorded_at
Hibernate: 
    select
        pod1_0.id,
        pod1_0.captured_at,
        pod1_0.captured_by,
        pod1_0.item_image_data,
        pod1_0.item_image_hash,
        pod1_0.method,
        pod1_0.notes,
        pod1_0.recipient_name,
        pod1_0.shipment_id,
        pod1_0.signature_data,
        pod1_0.signature_hash,
        pod1_0.verification_notes,
        pod1_0.verification_status,
        pod1_0.verified_at,
        pod1_0.verified_by 
    from
        proof_of_deliveries pod1_0 
    left join
        shipments s1_0 
            on s1_0.id=pod1_0.shipment_id 
    where
        s1_0.id=?
Hibernate: 
    select
        u1_0.id,
        u1_0.created_at,
        u1_0.email,
        u1_0.name,
        u1_0.password,
        u1_0.phone,
        u1_0.role 
    from
        users u1_0 
    where
        u1_0.email=?
Hibernate: 
    select
        u1_0.id,
        u1_0.created_at,
        u1_0.email,
        u1_0.name,
        u1_0.password,
        u1_0.phone,
        u1_0.role 
    from
        users u1_0 
    where
        u1_0.email=?
Hibernate: 
    select
        u1_0.id,
        u1_0.created_at,
        u1_0.email,
        u1_0.name,
        u1_0.password,
        u1_0.phone,
        u1_0.role 
    from
        users u1_0 
    where
        u1_0.email=?
Hibernate: 
    select
        u1_0.id,
        u1_0.created_at,
        u1_0.email,
        u1_0.name,
        u1_0.password,
        u1_0.phone,
        u1_0.role 
    from
        users u1_0 
    where
        u1_0.email=?
Hibernate: 
    select
        u1_0.id,
        u1_0.created_at,
        u1_0.email,
        u1_0.name,
        u1_0.password,
        u1_0.phone,
        u1_0.role 
    from
        users u1_0 
    where
        u1_0.email=?
Hibernate: 
    select
        u1_0.id,
        u1_0.created_at,
        u1_0.email,
        u1_0.name,
        u1_0.password,
        u1_0.phone,
        u1_0.role 
    from
        users u1_0 
    where
        u1_0.email=?
Hibernate: 
    select
        u1_0.id,
        u1_0.created_at,
        u1_0.email,
        u1_0.name,
        u1_0.password,
        u1_0.phone,
        u1_0.role 
    from
        users u1_0 
    where
        u1_0.email=?
Hibernate: 
    select
        u1_0.id,
        u1_0.created_at,
        u1_0.email,
        u1_0.name,
        u1_0.password,
        u1_0.phone,
        u1_0.role 
    from
        users u1_0 
    where
        u1_0.email=?
Hibernate: 
    select
        s1_0.id,
        s1_0.actual_delivery_time,
        s1_0.created_at,
        s1_0.created_by,
        s1_0.delivery_address,
        s1_0.destination_latitude,
        s1_0.destination_longitude,
        s1_0.estimated_delivery_time,
        s1_0.estimated_duration,
        s1_0.origin_latitude,
        s1_0.origin_longitude,
        s1_0.receiver_name,
        s1_0.route_polyline,
        s1_0.sender_address,
        s1_0.sender_name,
        s1_0.status,
        s1_0.total_distance,
        s1_0.tracking_number 
    from
        shipments s1_0 
    where
        s1_0.created_at>?
Hibernate: 
    select
        s1_0.id,
        s1_0.actual_delivery_time,
        s1_0.created_at,
        s1_0.created_by,
        s1_0.delivery_address,
        s1_0.destination_latitude,
        s1_0.destination_longitude,
        s1_0.estimated_delivery_time,
        s1_0.estimated_duration,
        s1_0.origin_latitude,
        s1_0.origin_longitude,
        s1_0.receiver_name,
        s1_0.route_polyline,
        s1_0.sender_address,
        s1_0.sender_name,
        s1_0.status,
        s1_0.total_distance,
        s1_0.tracking_number 
    from
        shipments s1_0 
    where
        s1_0.created_at>?
Hibernate: 
    select
        s1_0.id,
        s1_0.actual_delivery_time,
        s1_0.created_at,
        s1_0.created_by,
        s1_0.delivery_address,
        s1_0.destination_latitude,
        s1_0.destination_longitude,
        s1_0.estimated_delivery_time,
        s1_0.estimated_duration,
        s1_0.origin_latitude,
        s1_0.origin_longitude,
        s1_0.receiver_name,
        s1_0.route_polyline,
        s1_0.sender_address,
        s1_0.sender_name,
        s1_0.status,
        s1_0.total_distance,
        s1_0.tracking_number 
    from
        shipments s1_0 
    where
        s1_0.created_at>?
Hibernate: 
    select
        count(s1_0.id) 
    from
        shipments s1_0 
    where
        s1_0.status=?
Hibernate: 
    select
        count(s1_0.id) 
    from
        shipments s1_0 
    where
        s1_0.status=?
Hibernate: 
    select
        count(s1_0.id) 
    from
        shipments s1_0 
    where
        s1_0.status=?
Hibernate: 
    select
        count(s1_0.id) 
    from
        shipments s1_0 
    where
        s1_0.status=?
Hibernate: 
    select
        s1_0.id,
        s1_0.actual_delivery_time,
        s1_0.created_at,
        s1_0.created_by,
        s1_0.delivery_address,
        s1_0.destination_latitude,
        s1_0.destination_longitude,
        s1_0.estimated_delivery_time,
        s1_0.estimated_duration,
        s1_0.origin_latitude,
        s1_0.origin_longitude,
        s1_0.receiver_name,
        s1_0.route_polyline,
        s1_0.sender_address,
        s1_0.sender_name,
        s1_0.status,
        s1_0.total_distance,
        s1_0.tracking_number 
    from
        shipments s1_0 
    where
        s1_0.actual_delivery_time>?
Hibernate: 
    select
        count(s1_0.id) 
    from
        shipments s1_0 
    where
        s1_0.status=?
Hibernate: 
    select
        count(s1_0.id) 
    from
        shipments s1_0 
    where
        s1_0.status=?
Hibernate: 
    select
        count(s1_0.id) 
    from
        shipments s1_0 
    where
        s1_0.status=?
Hibernate: 
    select
        count(s1_0.id) 
    from
        shipments s1_0 
    where
        s1_0.status=?
Hibernate: 
    select
        s1_0.id,
        s1_0.actual_delivery_time,
        s1_0.created_at,
        s1_0.created_by,
        s1_0.delivery_address,
        s1_0.destination_latitude,
        s1_0.destination_longitude,
        s1_0.estimated_delivery_time,
        s1_0.estimated_duration,
        s1_0.origin_latitude,
        s1_0.origin_longitude,
        s1_0.receiver_name,
        s1_0.route_polyline,
        s1_0.sender_address,
        s1_0.sender_name,
        s1_0.status,
        s1_0.total_distance,
        s1_0.tracking_number 
    from
        shipments s1_0 
    where
        s1_0.status=?
Hibernate: 
    select
        s1_0.id,
        s1_0.actual_delivery_time,
        s1_0.created_at,
        s1_0.created_by,
        s1_0.delivery_address,
        s1_0.destination_latitude,
        s1_0.destination_longitude,
        s1_0.estimated_delivery_time,
        s1_0.estimated_duration,
        s1_0.origin_latitude,
        s1_0.origin_longitude,
        s1_0.receiver_name,
        s1_0.route_polyline,
        s1_0.sender_address,
        s1_0.sender_name,
        s1_0.status,
        s1_0.total_distance,
        s1_0.tracking_number 
    from
        shipments s1_0
Hibernate: 
    select
        u1_0.id,
        u1_0.created_at,
        u1_0.email,
        u1_0.name,
        u1_0.password,
        u1_0.phone,
        u1_0.role 
    from
        users u1_0 
    where
        u1_0.email=?
Hibernate: 
    select
        u1_0.id,
        u1_0.created_at,
        u1_0.email,
        u1_0.name,
        u1_0.password,
        u1_0.phone,
        u1_0.role 
    from
        users u1_0 
    where
        u1_0.email=?
Hibernate: 
    select
        s1_0.id,
        s1_0.actual_delivery_time,
        s1_0.created_at,
        s1_0.created_by,
        s1_0.delivery_address,
        s1_0.destination_latitude,
        s1_0.destination_longitude,
        s1_0.estimated_delivery_time,
        s1_0.estimated_duration,
        s1_0.origin_latitude,
        s1_0.origin_longitude,
        s1_0.receiver_name,
        s1_0.route_polyline,
        s1_0.sender_address,
        s1_0.sender_name,
        s1_0.status,
        s1_0.total_distance,
        s1_0.tracking_number 
    from
        shipments s1_0 
    where
        s1_0.created_at>?
Hibernate: 
    select
        u1_0.id,
        u1_0.created_at,
        u1_0.email,
        u1_0.name,
        u1_0.password,
        u1_0.phone,
        u1_0.role 
    from
        users u1_0 
    where
        u1_0.email=?
Hibernate: 
    select
        u1_0.id,
        u1_0.created_at,
        u1_0.email,
        u1_0.name,
        u1_0.password,
        u1_0.phone,
        u1_0.role 
    from
        users u1_0 
    where
        u1_0.email=?
Hibernate: 
    select
        u1_0.id,
        u1_0.created_at,
        u1_0.email,
        u1_0.name,
        u1_0.password,
        u1_0.phone,
        u1_0.role 
    from
        users u1_0 
    where
        u1_0.email=?
Hibernate: 
    select
        u1_0.id,
        u1_0.created_at,
        u1_0.email,
        u1_0.name,
        u1_0.password,
        u1_0.phone,
        u1_0.role 
    from
        users u1_0 
    where
        u1_0.email=?
Hibernate: 
    select
        u1_0.id,
        u1_0.created_at,
        u1_0.email,
        u1_0.name,
        u1_0.password,
        u1_0.phone,
        u1_0.role 
    from
        users u1_0 
    where
        u1_0.email=?
Hibernate: 
    select
        u1_0.id,
        u1_0.created_at,
        u1_0.email,
        u1_0.name,
        u1_0.password,
        u1_0.phone,
        u1_0.role 
    from
        users u1_0 
    where
        u1_0.email=?
Hibernate: 
    select
        count(s1_0.id) 
    from
        shipments s1_0 
    where
        s1_0.status=?
Hibernate: 
    select
        s1_0.id,
        s1_0.actual_delivery_time,
        s1_0.created_at,
        s1_0.created_by,
        s1_0.delivery_address,
        s1_0.destination_latitude,
        s1_0.destination_longitude,
        s1_0.estimated_delivery_time,
        s1_0.estimated_duration,
        s1_0.origin_latitude,
        s1_0.origin_longitude,
        s1_0.receiver_name,
        s1_0.route_polyline,
        s1_0.sender_address,
        s1_0.sender_name,
        s1_0.status,
        s1_0.total_distance,
        s1_0.tracking_number 
    from
        shipments s1_0 
    where
        s1_0.created_at>?
Hibernate: 
    select
        s1_0.id,
        s1_0.actual_delivery_time,
        s1_0.created_at,
        s1_0.created_by,
        s1_0.delivery_address,
        s1_0.destination_latitude,
        s1_0.destination_longitude,
        s1_0.estimated_delivery_time,
        s1_0.estimated_duration,
        s1_0.origin_latitude,
        s1_0.origin_longitude,
        s1_0.receiver_name,
        s1_0.route_polyline,
        s1_0.sender_address,
        s1_0.sender_name,
        s1_0.status,
        s1_0.total_distance,
        s1_0.tracking_number 
    from
        shipments s1_0 
    where
        s1_0.created_at>?
Hibernate: 
    select
        count(s1_0.id) 
    from
        shipments s1_0 
    where
        s1_0.status=?
Hibernate: 
    select
        count(s1_0.id) 
    from
        shipments s1_0 
    where
        s1_0.status=?
Hibernate: 
    select
        count(s1_0.id) 
    from
        shipments s1_0 
    where
        s1_0.status=?
Hibernate: 
    select
        count(s1_0.id) 
    from
        shipments s1_0 
    where
        s1_0.status=?
Hibernate: 
    select
        s1_0.id,
        s1_0.actual_delivery_time,
        s1_0.created_at,
        s1_0.created_by,
        s1_0.delivery_address,
        s1_0.destination_latitude,
        s1_0.destination_longitude,
        s1_0.estimated_delivery_time,
        s1_0.estimated_duration,
        s1_0.origin_latitude,
        s1_0.origin_longitude,
        s1_0.receiver_name,
        s1_0.route_polyline,
        s1_0.sender_address,
        s1_0.sender_name,
        s1_0.status,
        s1_0.total_distance,
        s1_0.tracking_number 
    from
        shipments s1_0 
    where
        s1_0.actual_delivery_time>?
Hibernate: 
    select
        count(s1_0.id) 
    from
        shipments s1_0 
    where
        s1_0.status=?
Hibernate: 
    select
        count(s1_0.id) 
    from
        shipments s1_0 
    where
        s1_0.status=?
Hibernate: 
    select
        count(s1_0.id) 
    from
        shipments s1_0 
    where
        s1_0.status=?
Hibernate: 
    select
        s1_0.id,
        s1_0.actual_delivery_time,
        s1_0.created_at,
        s1_0.created_by,
        s1_0.delivery_address,
        s1_0.destination_latitude,
        s1_0.destination_longitude,
        s1_0.estimated_delivery_time,
        s1_0.estimated_duration,
        s1_0.origin_latitude,
        s1_0.origin_longitude,
        s1_0.receiver_name,
        s1_0.route_polyline,
        s1_0.sender_address,
        s1_0.sender_name,
        s1_0.status,
        s1_0.total_distance,
        s1_0.tracking_number 
    from
        shipments s1_0 
    where
        s1_0.status=?
Hibernate: 
    select
        s1_0.id,
        s1_0.actual_delivery_time,
        s1_0.created_at,
        s1_0.created_by,
        s1_0.delivery_address,
        s1_0.destination_latitude,
        s1_0.destination_longitude,
        s1_0.estimated_delivery_time,
        s1_0.estimated_duration,
        s1_0.origin_latitude,
        s1_0.origin_longitude,
        s1_0.receiver_name,
        s1_0.route_polyline,
        s1_0.sender_address,
        s1_0.sender_name,
        s1_0.status,
        s1_0.total_distance,
        s1_0.tracking_number 
    from
        shipments s1_0
Hibernate: 
    select
        u1_0.id,
        u1_0.created_at,
        u1_0.email,
        u1_0.name,
        u1_0.password,
        u1_0.phone,
        u1_0.role 
    from
        users u1_0 
    where
        u1_0.email=?
Hibernate: 
    select
        u1_0.id,
        u1_0.created_at,
        u1_0.email,
        u1_0.name,
        u1_0.password,
        u1_0.phone,
        u1_0.role 
    from
        users u1_0 
    where
        u1_0.email=?
Hibernate: 
    select
        s1_0.id,
        s1_0.actual_delivery_time,
        s1_0.created_at,
        s1_0.created_by,
        s1_0.delivery_address,
        s1_0.destination_latitude,
        s1_0.destination_longitude,
        s1_0.estimated_delivery_time,
        s1_0.estimated_duration,
        s1_0.origin_latitude,
        s1_0.origin_longitude,
        s1_0.receiver_name,
        s1_0.route_polyline,
        s1_0.sender_address,
        s1_0.sender_name,
        s1_0.status,
        s1_0.total_distance,
        s1_0.tracking_number 
    from
        shipments s1_0 
    where
        s1_0.created_at>?
Hibernate: 
    select
        s1_0.id,
        s1_0.actual_delivery_time,
        s1_0.created_at,
        s1_0.created_by,
        s1_0.delivery_address,
        s1_0.destination_latitude,
        s1_0.destination_longitude,
        s1_0.estimated_delivery_time,
        s1_0.estimated_duration,
        s1_0.origin_latitude,
        s1_0.origin_longitude,
        s1_0.receiver_name,
        s1_0.route_polyline,
        s1_0.sender_address,
        s1_0.sender_name,
        s1_0.status,
        s1_0.total_distance,
        s1_0.tracking_number 
    from
        shipments s1_0 
    where
        s1_0.status in (?, ?)
Hibernate: 
    select
        s1_0.id,
        s1_0.actual_delivery_time,
        s1_0.created_at,
        s1_0.created_by,
        s1_0.delivery_address,
        s1_0.destination_latitude,
        s1_0.destination_longitude,
        s1_0.estimated_delivery_time,
        s1_0.estimated_duration,
        s1_0.origin_latitude,
        s1_0.origin_longitude,
        s1_0.receiver_name,
        s1_0.route_polyline,
        s1_0.sender_address,
        s1_0.sender_name,
        s1_0.status,
        s1_0.total_distance,
        s1_0.tracking_number 
    from
        shipments s1_0 
    where
        s1_0.status in (?, ?)
Hibernate: 
    select
        s1_0.id,
        s1_0.actual_delivery_time,
        s1_0.created_at,
        s1_0.created_by,
        s1_0.delivery_address,
        s1_0.destination_latitude,
        s1_0.destination_longitude,
        s1_0.estimated_delivery_time,
        s1_0.estimated_duration,
        s1_0.origin_latitude,
        s1_0.origin_longitude,
        s1_0.receiver_name,
        s1_0.route_polyline,
        s1_0.sender_address,
        s1_0.sender_name,
        s1_0.status,
        s1_0.total_distance,
        s1_0.tracking_number 
    from
        shipments s1_0 
    where
        s1_0.id=?
Hibernate: 
    insert 
    into
        route_history_points
        (latitude, longitude, progress, recorded_at, shipment_id, speed) 
    values
        (?, ?, ?, ?, ?, ?)
Hibernate: 
    select
        te1_0.id,
        te1_0.latitude,
        te1_0.longitude,
        te1_0.recorded_at,
        te1_0.shipment_id,
        te1_0.status 
    from
        tracking_events te1_0 
    left join
        shipments s1_0 
            on s1_0.id=te1_0.shipment_id 
    where
        s1_0.id=? 
    order by
        te1_0.recorded_at
Hibernate: 
    select
        rhp1_0.id,
        rhp1_0.latitude,
        rhp1_0.longitude,
        rhp1_0.progress,
        rhp1_0.recorded_at,
        rhp1_0.shipment_id,
        rhp1_0.speed 
    from
        route_history_points rhp1_0 
    left join
        shipments s1_0 
            on s1_0.id=rhp1_0.shipment_id 
    where
        s1_0.id=? 
    order by
        rhp1_0.recorded_at desc 
    fetch
        first ? rows only
2026-08-12T17:30:19.519+05:30  INFO 27180 --- [shiptrack-backend] [MessageBroker-6] c.shiptrack.service.LiveTrackingService  : Broadcast location update for shipment 24: 15.34995,73.98441630133327
Hibernate: 
    select
        dp1_0.id,
        dp1_0.delay_minutes,
        dp1_0.delay_reason,
        dp1_0.detected_at,
        dp1_0.is_active,
        dp1_0.probability,
        dp1_0.shipment_id 
    from
        delay_predictions dp1_0 
    where
        dp1_0.shipment_id=? 
        and dp1_0.is_active 
    order by
        dp1_0.detected_at desc 
    fetch
        first ? rows only
Hibernate: 
    insert 
    into
        route_history_points
        (latitude, longitude, progress, recorded_at, shipment_id, speed) 
    values
        (?, ?, ?, ?, ?, ?)
Hibernate: 
    select
        dp1_0.id,
        dp1_0.delay_minutes,
        dp1_0.delay_reason,
        dp1_0.detected_at,
        dp1_0.is_active,
        dp1_0.probability,
        dp1_0.shipment_id 
    from
        delay_predictions dp1_0 
    where
        dp1_0.shipment_id=? 
        and dp1_0.is_active
2026-08-12T17:30:19.522+05:30  INFO 27180 --- [shiptrack-backend] [MessageBroker-6] c.shiptrack.service.LiveTrackingService  : Broadcast location update for shipment 52: 22.24536721086711,87.39252785155725
Hibernate: 
    select
        dp1_0.id,
        dp1_0.delay_minutes,
        dp1_0.delay_reason,
        dp1_0.detected_at,
        dp1_0.is_active,
        dp1_0.probability,
        dp1_0.shipment_id 
    from
        delay_predictions dp1_0 
    where
        dp1_0.id=?
Hibernate: 
    update
        delay_predictions 
    set
        delay_minutes=?,
        delay_reason=?,
        detected_at=?,
        is_active=?,
        probability=?,
        shipment_id=? 
    where
        id=?
2026-08-12T17:30:19.524+05:30  INFO 27180 --- [shiptrack-backend] [essageBroker-14] c.s.service.DelayPredictionService       : Superseded 1 stale delay prediction(s) for shipment 22
Hibernate: 
    insert 
    into
        delay_predictions
        (delay_minutes, delay_reason, detected_at, is_active, probability, shipment_id) 
    values
        (?, ?, ?, ?, ?, ?)
2026-08-12T17:30:19.526+05:30  WARN 27180 --- [shiptrack-backend] [essageBroker-14] c.shiptrack.service.LiveTrackingService  : Delay alert for shipment 22: No location update for 20108 minutes (120 min, 0.9% probability)
2026-08-12T17:30:19.527+05:30  WARN 27180 --- [shiptrack-backend] [essageBroker-14] c.s.service.DelayPredictionService       : Delay detected for shipment 22: No location update for 20108 minutes (120 min)
Hibernate: 
    select
        s1_0.id,
        s1_0.actual_delivery_time,
        s1_0.created_at,
        s1_0.created_by,
        s1_0.delivery_address,
        s1_0.destination_latitude,
        s1_0.destination_longitude,
        s1_0.estimated_delivery_time,
        s1_0.estimated_duration,
        s1_0.origin_latitude,
        s1_0.origin_longitude,
        s1_0.receiver_name,
        s1_0.route_polyline,
        s1_0.sender_address,
        s1_0.sender_name,
        s1_0.status,
        s1_0.total_distance,
        s1_0.tracking_number 
    from
        shipments s1_0 
    where
        s1_0.id=?
Hibernate: 
    select
        te1_0.id,
        te1_0.latitude,
        te1_0.longitude,
        te1_0.recorded_at,
        te1_0.shipment_id,
        te1_0.status 
    from
        tracking_events te1_0 
    left join
        shipments s1_0 
            on s1_0.id=te1_0.shipment_id 
    where
        s1_0.id=? 
    order by
        te1_0.recorded_at
Hibernate: 
    select
        rhp1_0.id,
        rhp1_0.latitude,
        rhp1_0.longitude,
        rhp1_0.progress,
        rhp1_0.recorded_at,
        rhp1_0.shipment_id,
        rhp1_0.speed 
    from
        route_history_points rhp1_0 
    left join
        shipments s1_0 
            on s1_0.id=rhp1_0.shipment_id 
    where
        s1_0.id=? 
    order by
        rhp1_0.recorded_at desc 
    fetch
        first ? rows only
Hibernate: 
    select
        dp1_0.id,
        dp1_0.delay_minutes,
        dp1_0.delay_reason,
        dp1_0.detected_at,
        dp1_0.is_active,
        dp1_0.probability,
        dp1_0.shipment_id 
    from
        delay_predictions dp1_0 
    where
        dp1_0.shipment_id=? 
        and dp1_0.is_active 
    order by
        dp1_0.detected_at desc 
    fetch
        first ? rows only
Hibernate: 
    select
        dp1_0.id,
        dp1_0.delay_minutes,
        dp1_0.delay_reason,
        dp1_0.detected_at,
        dp1_0.is_active,
        dp1_0.probability,
        dp1_0.shipment_id 
    from
        delay_predictions dp1_0 
    where
        dp1_0.shipment_id=? 
        and dp1_0.is_active
Hibernate: 
    select
        dp1_0.id,
        dp1_0.delay_minutes,
        dp1_0.delay_reason,
        dp1_0.detected_at,
        dp1_0.is_active,
        dp1_0.probability,
        dp1_0.shipment_id 
    from
        delay_predictions dp1_0 
    where
        dp1_0.id=?
Hibernate: 
    update
        delay_predictions 
    set
        delay_minutes=?,
        delay_reason=?,
        detected_at=?,
        is_active=?,
        probability=?,
        shipment_id=? 
    where
        id=?
2026-08-12T17:30:19.533+05:30  INFO 27180 --- [shiptrack-backend] [essageBroker-14] c.s.service.DelayPredictionService       : Superseded 1 stale delay prediction(s) for shipment 24
Hibernate: 
    insert 
    into
        delay_predictions
        (delay_minutes, delay_reason, detected_at, is_active, probability, shipment_id) 
    values
        (?, ?, ?, ?, ?, ?)
2026-08-12T17:30:19.534+05:30  WARN 27180 --- [shiptrack-backend] [essageBroker-14] c.shiptrack.service.LiveTrackingService  : Delay alert for shipment 24: Shipment is behind schedule (22256 min, 0.95% probability)
2026-08-12T17:30:19.534+05:30  WARN 27180 --- [shiptrack-backend] [essageBroker-14] c.s.service.DelayPredictionService       : Delay detected for shipment 24: Shipment is behind schedule (22256 min)
Hibernate: 
    select
        s1_0.id,
        s1_0.actual_delivery_time,
        s1_0.created_at,
        s1_0.created_by,
        s1_0.delivery_address,
        s1_0.destination_latitude,
        s1_0.destination_longitude,
        s1_0.estimated_delivery_time,
        s1_0.estimated_duration,
        s1_0.origin_latitude,
        s1_0.origin_longitude,
        s1_0.receiver_name,
        s1_0.route_polyline,
        s1_0.sender_address,
        s1_0.sender_name,
        s1_0.status,
        s1_0.total_distance,
        s1_0.tracking_number 
    from
        shipments s1_0 
    where
        s1_0.id=?
Hibernate: 
    select
        te1_0.id,
        te1_0.latitude,
        te1_0.longitude,
        te1_0.recorded_at,
        te1_0.shipment_id,
        te1_0.status 
    from
        tracking_events te1_0 
    left join
        shipments s1_0 
            on s1_0.id=te1_0.shipment_id 
    where
        s1_0.id=? 
    order by
        te1_0.recorded_at
Hibernate: 
    select
        rhp1_0.id,
        rhp1_0.latitude,
        rhp1_0.longitude,
        rhp1_0.progress,
        rhp1_0.recorded_at,
        rhp1_0.shipment_id,
        rhp1_0.speed 
    from
        route_history_points rhp1_0 
    left join
        shipments s1_0 
            on s1_0.id=rhp1_0.shipment_id 
    where
        s1_0.id=? 
    order by
        rhp1_0.recorded_at desc 
    fetch
        first ? rows only
2026-08-12T17:30:21.430+05:30  INFO 27180 --- [shiptrack-backend] [essageBroker-14] com.shiptrack.service.GeocodingService   : OSRM route found: 615.1 km, 462 min
Hibernate: 
    select
        dp1_0.id,
        dp1_0.delay_minutes,
        dp1_0.delay_reason,
        dp1_0.detected_at,
        dp1_0.is_active,
        dp1_0.probability,
        dp1_0.shipment_id 
    from
        delay_predictions dp1_0 
    where
        dp1_0.shipment_id=? 
        and dp1_0.is_active
Hibernate: 
    select
        s1_0.id,
        s1_0.actual_delivery_time,
        s1_0.created_at,
        s1_0.created_by,
        s1_0.delivery_address,
        s1_0.destination_latitude,
        s1_0.destination_longitude,
        s1_0.estimated_delivery_time,
        s1_0.estimated_duration,
        s1_0.origin_latitude,
        s1_0.origin_longitude,
        s1_0.receiver_name,
        s1_0.route_polyline,
        s1_0.sender_address,
        s1_0.sender_name,
        s1_0.status,
        s1_0.total_distance,
        s1_0.tracking_number 
    from
        shipments s1_0 
    where
        s1_0.id=?
Hibernate: 
    select
        te1_0.id,
        te1_0.latitude,
        te1_0.longitude,
        te1_0.recorded_at,
        te1_0.shipment_id,
        te1_0.status 
    from
        tracking_events te1_0 
    left join
        shipments s1_0 
            on s1_0.id=te1_0.shipment_id 
    where
        s1_0.id=? 
    order by
        te1_0.recorded_at
Hibernate: 
    select
        rhp1_0.id,
        rhp1_0.latitude,
        rhp1_0.longitude,
        rhp1_0.progress,
        rhp1_0.recorded_at,
        rhp1_0.shipment_id,
        rhp1_0.speed 
    from
        route_history_points rhp1_0 
    left join
        shipments s1_0 
            on s1_0.id=rhp1_0.shipment_id 
    where
        s1_0.id=? 
    order by
        rhp1_0.recorded_at desc 
    fetch
        first ? rows only
Hibernate: 
    select
        dp1_0.id,
        dp1_0.delay_minutes,
        dp1_0.delay_reason,
        dp1_0.detected_at,
        dp1_0.is_active,
        dp1_0.probability,
        dp1_0.shipment_id 
    from
        delay_predictions dp1_0 
    where
        dp1_0.shipment_id=? 
        and dp1_0.is_active 
    order by
        dp1_0.detected_at desc 
    fetch
        first ? rows only
Hibernate: 
    select
        dp1_0.id,
        dp1_0.delay_minutes,
        dp1_0.delay_reason,
        dp1_0.detected_at,
        dp1_0.is_active,
        dp1_0.probability,
        dp1_0.shipment_id 
    from
        delay_predictions dp1_0 
    where
        dp1_0.shipment_id=? 
        and dp1_0.is_active
Hibernate: 
    select
        dp1_0.id,
        dp1_0.delay_minutes,
        dp1_0.delay_reason,
        dp1_0.detected_at,
        dp1_0.is_active,
        dp1_0.probability,
        dp1_0.shipment_id 
    from
        delay_predictions dp1_0 
    where
        dp1_0.id=?
Hibernate: 
    update
        delay_predictions 
    set
        delay_minutes=?,
        delay_reason=?,
        detected_at=?,
        is_active=?,
        probability=?,
        shipment_id=? 
    where
        id=?
2026-08-12T17:30:21.444+05:30  INFO 27180 --- [shiptrack-backend] [essageBroker-14] c.s.service.DelayPredictionService       : Superseded 1 stale delay prediction(s) for shipment 53
Hibernate: 
    insert 
    into
        delay_predictions
        (delay_minutes, delay_reason, detected_at, is_active, probability, shipment_id) 
    values
        (?, ?, ?, ?, ?, ?)
2026-08-12T17:30:21.446+05:30  WARN 27180 --- [shiptrack-backend] [essageBroker-14] c.shiptrack.service.LiveTrackingService  : Delay alert for shipment 53: No location update for 69 minutes (69 min, 0.73% probability)
2026-08-12T17:30:21.447+05:30  WARN 27180 --- [shiptrack-backend] [essageBroker-14] c.s.service.DelayPredictionService       : Delay detected for shipment 53: No location update for 69 minutes (69 min)
Hibernate: 
    select
        s1_0.id,
        s1_0.actual_delivery_time,
        s1_0.created_at,
        s1_0.created_by,
        s1_0.delivery_address,
        s1_0.destination_latitude,
        s1_0.destination_longitude,
        s1_0.estimated_delivery_time,
        s1_0.estimated_duration,
        s1_0.origin_latitude,
        s1_0.origin_longitude,
        s1_0.receiver_name,
        s1_0.route_polyline,
        s1_0.sender_address,
        s1_0.sender_name,
        s1_0.status,
        s1_0.total_distance,
        s1_0.tracking_number 
    from
        shipments s1_0 
    where
        s1_0.status in (?, ?)
Hibernate: 
    insert 
    into
        route_history_points
        (latitude, longitude, progress, recorded_at, shipment_id, speed) 
    values
        (?, ?, ?, ?, ?, ?)
2026-08-12T17:30:49.521+05:30  INFO 27180 --- [shiptrack-backend] [MessageBroker-9] c.shiptrack.service.LiveTrackingService  : Broadcast location update for shipment 24: 15.347017861271823,73.97471518475204
Hibernate: 
    insert 
    into
        route_history_points
        (latitude, longitude, progress, recorded_at, shipment_id, speed) 
    values
        (?, ?, ?, ?, ?, ?)
2026-08-12T17:30:49.523+05:30  INFO 27180 --- [shiptrack-backend] [MessageBroker-9] c.shiptrack.service.LiveTrackingService  : Broadcast location update for shipment 52: 22.24536721086711,87.39252785155725
Hibernate: 
    select
        s1_0.id,
        s1_0.actual_delivery_time,
        s1_0.created_at,
        s1_0.created_by,
        s1_0.delivery_address,
        s1_0.destination_latitude,
        s1_0.destination_longitude,
        s1_0.estimated_delivery_time,
        s1_0.estimated_duration,
        s1_0.origin_latitude,
        s1_0.origin_longitude,
        s1_0.receiver_name,
        s1_0.route_polyline,
        s1_0.sender_address,
        s1_0.sender_name,
        s1_0.status,
        s1_0.total_distance,
        s1_0.tracking_number 
    from
        shipments s1_0 
    where
        s1_0.status in (?, ?)
Hibernate: 
    select
        s1_0.id,
        s1_0.actual_delivery_time,
        s1_0.created_at,
        s1_0.created_by,
        s1_0.delivery_address,
        s1_0.destination_latitude,
        s1_0.destination_longitude,
        s1_0.estimated_delivery_time,
        s1_0.estimated_duration,
        s1_0.origin_latitude,
        s1_0.origin_longitude,
        s1_0.receiver_name,
        s1_0.route_polyline,
        s1_0.sender_address,
        s1_0.sender_name,
        s1_0.status,
        s1_0.total_distance,
        s1_0.tracking_number 
    from
        shipments s1_0 
    where
        s1_0.status in (?, ?)
Hibernate: 
    insert 
    into
        route_history_points
        (latitude, longitude, progress, recorded_at, shipment_id, speed) 
    values
        (?, ?, ?, ?, ?, ?)
Hibernate: 
    select
        s1_0.id,
        s1_0.actual_delivery_time,
        s1_0.created_at,
        s1_0.created_by,
        s1_0.delivery_address,
        s1_0.destination_latitude,
        s1_0.destination_longitude,
        s1_0.estimated_delivery_time,
        s1_0.estimated_duration,
        s1_0.origin_latitude,
        s1_0.origin_longitude,
        s1_0.receiver_name,
        s1_0.route_polyline,
        s1_0.sender_address,
        s1_0.sender_name,
        s1_0.status,
        s1_0.total_distance,
        s1_0.tracking_number 
    from
        shipments s1_0 
    where
        s1_0.id=?
Hibernate: 
    select
        te1_0.id,
        te1_0.latitude,
        te1_0.longitude,
        te1_0.recorded_at,
        te1_0.shipment_id,
        te1_0.status 
    from
        tracking_events te1_0 
    left join
        shipments s1_0 
            on s1_0.id=te1_0.shipment_id 
    where
        s1_0.id=? 
    order by
        te1_0.recorded_at
2026-08-12T17:31:19.524+05:30  INFO 27180 --- [shiptrack-backend] [MessageBroker-7] c.shiptrack.service.LiveTrackingService  : Broadcast location update for shipment 24: 15.347017861271823,73.97471518475204
Hibernate: 
    insert 
    into
        route_history_points
        (latitude, longitude, progress, recorded_at, shipment_id, speed) 
    values
        (?, ?, ?, ?, ?, ?)
Hibernate: 
    select
        rhp1_0.id,
        rhp1_0.latitude,
        rhp1_0.longitude,
        rhp1_0.progress,
        rhp1_0.recorded_at,
        rhp1_0.shipment_id,
        rhp1_0.speed 
    from
        route_history_points rhp1_0 
    left join
        shipments s1_0 
            on s1_0.id=rhp1_0.shipment_id 
    where
        s1_0.id=? 
    order by
        rhp1_0.recorded_at desc 
    fetch
        first ? rows only
2026-08-12T17:31:19.527+05:30  INFO 27180 --- [shiptrack-backend] [MessageBroker-7] c.shiptrack.service.LiveTrackingService  : Broadcast location update for shipment 52: 22.23338662364421,87.39159050507652
Hibernate: 
    select
        dp1_0.id,
        dp1_0.delay_minutes,
        dp1_0.delay_reason,
        dp1_0.detected_at,
        dp1_0.is_active,
        dp1_0.probability,
        dp1_0.shipment_id 
    from
        delay_predictions dp1_0 
    where
        dp1_0.shipment_id=? 
        and dp1_0.is_active 
    order by
        dp1_0.detected_at desc 
    fetch
        first ? rows only
Hibernate: 
    select
        dp1_0.id,
        dp1_0.delay_minutes,
        dp1_0.delay_reason,
        dp1_0.detected_at,
        dp1_0.is_active,
        dp1_0.probability,
        dp1_0.shipment_id 
    from
        delay_predictions dp1_0 
    where
        dp1_0.shipment_id=? 
        and dp1_0.is_active
Hibernate: 
    select
        dp1_0.id,
        dp1_0.delay_minutes,
        dp1_0.delay_reason,
        dp1_0.detected_at,
        dp1_0.is_active,
        dp1_0.probability,
        dp1_0.shipment_id 
    from
        delay_predictions dp1_0 
    where
        dp1_0.id=?
Hibernate: 
    update
        delay_predictions 
    set
        delay_minutes=?,
        delay_reason=?,
        detected_at=?,
        is_active=?,
        probability=?,
        shipment_id=? 
    where
        id=?
2026-08-12T17:31:19.533+05:30  INFO 27180 --- [shiptrack-backend] [essageBroker-13] c.s.service.DelayPredictionService       : Superseded 1 stale delay prediction(s) for shipment 22
Hibernate: 
    insert 
    into
        delay_predictions
        (delay_minutes, delay_reason, detected_at, is_active, probability, shipment_id) 
    values
        (?, ?, ?, ?, ?, ?)
2026-08-12T17:31:19.535+05:30  WARN 27180 --- [shiptrack-backend] [essageBroker-13] c.shiptrack.service.LiveTrackingService  : Delay alert for shipment 22: No location update for 20109 minutes (120 min, 0.9% probability)
2026-08-12T17:31:19.535+05:30  WARN 27180 --- [shiptrack-backend] [essageBroker-13] c.s.service.DelayPredictionService       : Delay detected for shipment 22: No location update for 20109 minutes (120 min)
Hibernate: 
    select
        s1_0.id,
        s1_0.actual_delivery_time,
        s1_0.created_at,
        s1_0.created_by,
        s1_0.delivery_address,
        s1_0.destination_latitude,
        s1_0.destination_longitude,
        s1_0.estimated_delivery_time,
        s1_0.estimated_duration,
        s1_0.origin_latitude,
        s1_0.origin_longitude,
        s1_0.receiver_name,
        s1_0.route_polyline,
        s1_0.sender_address,
        s1_0.sender_name,
        s1_0.status,
        s1_0.total_distance,
        s1_0.tracking_number 
    from
        shipments s1_0 
    where
        s1_0.id=?
Hibernate: 
    select
        te1_0.id,
        te1_0.latitude,
        te1_0.longitude,
        te1_0.recorded_at,
        te1_0.shipment_id,
        te1_0.status 
    from
        tracking_events te1_0 
    left join
        shipments s1_0 
            on s1_0.id=te1_0.shipment_id 
    where
        s1_0.id=? 
    order by
        te1_0.recorded_at
Hibernate: 
    select
        rhp1_0.id,
        rhp1_0.latitude,
        rhp1_0.longitude,
        rhp1_0.progress,
        rhp1_0.recorded_at,
        rhp1_0.shipment_id,
        rhp1_0.speed 
    from
        route_history_points rhp1_0 
    left join
        shipments s1_0 
            on s1_0.id=rhp1_0.shipment_id 
    where
        s1_0.id=? 
    order by
        rhp1_0.recorded_at desc 
    fetch
        first ? rows only
Hibernate: 
    select
        dp1_0.id,
        dp1_0.delay_minutes,
        dp1_0.delay_reason,
        dp1_0.detected_at,
        dp1_0.is_active,
        dp1_0.probability,
        dp1_0.shipment_id 
    from
        delay_predictions dp1_0 
    where
        dp1_0.shipment_id=? 
        and dp1_0.is_active 
    order by
        dp1_0.detected_at desc 
    fetch
        first ? rows only
Hibernate: 
    select
        dp1_0.id,
        dp1_0.delay_minutes,
        dp1_0.delay_reason,
        dp1_0.detected_at,
        dp1_0.is_active,
        dp1_0.probability,
        dp1_0.shipment_id 
    from
        delay_predictions dp1_0 
    where
        dp1_0.shipment_id=? 
        and dp1_0.is_active
Hibernate: 
    select
        dp1_0.id,
        dp1_0.delay_minutes,
        dp1_0.delay_reason,
        dp1_0.detected_at,
        dp1_0.is_active,
        dp1_0.probability,
        dp1_0.shipment_id 
    from
        delay_predictions dp1_0 
    where
        dp1_0.id=?
Hibernate: 
    update
        delay_predictions 
    set
        delay_minutes=?,
        delay_reason=?,
        detected_at=?,
        is_active=?,
        probability=?,
        shipment_id=? 
    where
        id=?
2026-08-12T17:31:19.542+05:30  INFO 27180 --- [shiptrack-backend] [essageBroker-13] c.s.service.DelayPredictionService       : Superseded 1 stale delay prediction(s) for shipment 24
Hibernate: 
    insert 
    into
        delay_predictions
        (delay_minutes, delay_reason, detected_at, is_active, probability, shipment_id) 
    values
        (?, ?, ?, ?, ?, ?)
2026-08-12T17:31:19.544+05:30  WARN 27180 --- [shiptrack-backend] [essageBroker-13] c.shiptrack.service.LiveTrackingService  : Delay alert for shipment 24: Shipment is behind schedule (22257 min, 0.95% probability)
2026-08-12T17:31:19.544+05:30  WARN 27180 --- [shiptrack-backend] [essageBroker-13] c.s.service.DelayPredictionService       : Delay detected for shipment 24: Shipment is behind schedule (22257 min)
Hibernate: 
    select
        s1_0.id,
        s1_0.actual_delivery_time,
        s1_0.created_at,
        s1_0.created_by,
        s1_0.delivery_address,
        s1_0.destination_latitude,
        s1_0.destination_longitude,
        s1_0.estimated_delivery_time,
        s1_0.estimated_duration,
        s1_0.origin_latitude,
        s1_0.origin_longitude,
        s1_0.receiver_name,
        s1_0.route_polyline,
        s1_0.sender_address,
        s1_0.sender_name,
        s1_0.status,
        s1_0.total_distance,
        s1_0.tracking_number 
    from
        shipments s1_0 
    where
        s1_0.id=?
Hibernate: 
    select
        te1_0.id,
        te1_0.latitude,
        te1_0.longitude,
        te1_0.recorded_at,
        te1_0.shipment_id,
        te1_0.status 
    from
        tracking_events te1_0 
    left join
        shipments s1_0 
            on s1_0.id=te1_0.shipment_id 
    where
        s1_0.id=? 
    order by
        te1_0.recorded_at
Hibernate: 
    select
        rhp1_0.id,
        rhp1_0.latitude,
        rhp1_0.longitude,
        rhp1_0.progress,
        rhp1_0.recorded_at,
        rhp1_0.shipment_id,
        rhp1_0.speed 
    from
        route_history_points rhp1_0 
    left join
        shipments s1_0 
            on s1_0.id=rhp1_0.shipment_id 
    where
        s1_0.id=? 
    order by
        rhp1_0.recorded_at desc 
    fetch
        first ? rows only
2026-08-12T17:31:21.112+05:30  INFO 27180 --- [shiptrack-backend] [essageBroker-13] com.shiptrack.service.GeocodingService   : OSRM route found: 615.1 km, 462 min
Hibernate: 
    select
        dp1_0.id,
        dp1_0.delay_minutes,
        dp1_0.delay_reason,
        dp1_0.detected_at,
        dp1_0.is_active,
        dp1_0.probability,
        dp1_0.shipment_id 
    from
        delay_predictions dp1_0 
    where
        dp1_0.shipment_id=? 
        and dp1_0.is_active
Hibernate: 
    select
        s1_0.id,
        s1_0.actual_delivery_time,
        s1_0.created_at,
        s1_0.created_by,
        s1_0.delivery_address,
        s1_0.destination_latitude,
        s1_0.destination_longitude,
        s1_0.estimated_delivery_time,
        s1_0.estimated_duration,
        s1_0.origin_latitude,
        s1_0.origin_longitude,
        s1_0.receiver_name,
        s1_0.route_polyline,
        s1_0.sender_address,
        s1_0.sender_name,
        s1_0.status,
        s1_0.total_distance,
        s1_0.tracking_number 
    from
        shipments s1_0 
    where
        s1_0.id=?
Hibernate: 
    select
        te1_0.id,
        te1_0.latitude,
        te1_0.longitude,
        te1_0.recorded_at,
        te1_0.shipment_id,
        te1_0.status 
    from
        tracking_events te1_0 
    left join
        shipments s1_0 
            on s1_0.id=te1_0.shipment_id 
    where
        s1_0.id=? 
    order by
        te1_0.recorded_at
Hibernate: 
    select
        rhp1_0.id,
        rhp1_0.latitude,
        rhp1_0.longitude,
        rhp1_0.progress,
        rhp1_0.recorded_at,
        rhp1_0.shipment_id,
        rhp1_0.speed 
    from
        route_history_points rhp1_0 
    left join
        shipments s1_0 
            on s1_0.id=rhp1_0.shipment_id 
    where
        s1_0.id=? 
    order by
        rhp1_0.recorded_at desc 
    fetch
        first ? rows only
Hibernate: 
    select
        dp1_0.id,
        dp1_0.delay_minutes,
        dp1_0.delay_reason,
        dp1_0.detected_at,
        dp1_0.is_active,
        dp1_0.probability,
        dp1_0.shipment_id 
    from
        delay_predictions dp1_0 
    where
        dp1_0.shipment_id=? 
        and dp1_0.is_active 
    order by
        dp1_0.detected_at desc 
    fetch
        first ? rows only
Hibernate: 
    select
        dp1_0.id,
        dp1_0.delay_minutes,
        dp1_0.delay_reason,
        dp1_0.detected_at,
        dp1_0.is_active,
        dp1_0.probability,
        dp1_0.shipment_id 
    from
        delay_predictions dp1_0 
    where
        dp1_0.shipment_id=? 
        and dp1_0.is_active
Hibernate: 
    select
        dp1_0.id,
        dp1_0.delay_minutes,
        dp1_0.delay_reason,
        dp1_0.detected_at,
        dp1_0.is_active,
        dp1_0.probability,
        dp1_0.shipment_id 
    from
        delay_predictions dp1_0 
    where
        dp1_0.id=?
Hibernate: 
    update
        delay_predictions 
    set
        delay_minutes=?,
        delay_reason=?,
        detected_at=?,
        is_active=?,
        probability=?,
        shipment_id=? 
    where
        id=?
2026-08-12T17:31:21.128+05:30  INFO 27180 --- [shiptrack-backend] [essageBroker-13] c.s.service.DelayPredictionService       : Superseded 1 stale delay prediction(s) for shipment 53
Hibernate: 
    insert 
    into
        delay_predictions
        (delay_minutes, delay_reason, detected_at, is_active, probability, shipment_id) 
    values
        (?, ?, ?, ?, ?, ?)
2026-08-12T17:31:21.130+05:30  WARN 27180 --- [shiptrack-backend] [essageBroker-13] c.shiptrack.service.LiveTrackingService  : Delay alert for shipment 53: No location update for 70 minutes (70 min, 0.7333333333333334% probability)
2026-08-12T17:31:21.131+05:30  WARN 27180 --- [shiptrack-backend] [essageBroker-13] c.s.service.DelayPredictionService       : Delay detected for shipment 53: No location update for 70 minutes (70 min)
Hibernate: 
    select
        s1_0.id,
        s1_0.actual_delivery_time,
        s1_0.created_at,
        s1_0.created_by,
        s1_0.delivery_address,
        s1_0.destination_latitude,
        s1_0.destination_longitude,
        s1_0.estimated_delivery_time,
        s1_0.estimated_duration,
        s1_0.origin_latitude,
        s1_0.origin_longitude,
        s1_0.receiver_name,
        s1_0.route_polyline,
        s1_0.sender_address,
        s1_0.sender_name,
        s1_0.status,
        s1_0.total_distance,
        s1_0.tracking_number 
    from
        shipments s1_0 
    where
        s1_0.status in (?, ?)
Hibernate: 
    insert 
    into
        route_history_points
        (latitude, longitude, progress, recorded_at, shipment_id, speed) 
    values
        (?, ?, ?, ?, ?, ?)
2026-08-12T17:31:49.517+05:30  INFO 27180 --- [shiptrack-backend] [essageBroker-15] c.shiptrack.service.LiveTrackingService  : Broadcast location update for shipment 24: 15.35145044140779,73.96506549804474
Hibernate: 
    insert 
    into
        route_history_points
        (latitude, longitude, progress, recorded_at, shipment_id, speed) 
    values
        (?, ?, ?, ?, ?, ?)
2026-08-12T17:31:49.519+05:30  INFO 27180 --- [shiptrack-backend] [essageBroker-15] c.shiptrack.service.LiveTrackingService  : Broadcast location update for shipment 52: 22.23338662364421,87.39159050507652
Hibernate: 
    select
        s1_0.id,
        s1_0.actual_delivery_time,
        s1_0.created_at,
        s1_0.created_by,
        s1_0.delivery_address,
        s1_0.destination_latitude,
        s1_0.destination_longitude,
        s1_0.estimated_delivery_time,
        s1_0.estimated_duration,
        s1_0.origin_latitude,
        s1_0.origin_longitude,
        s1_0.receiver_name,
        s1_0.route_polyline,
        s1_0.sender_address,
        s1_0.sender_name,
        s1_0.status,
        s1_0.total_distance,
        s1_0.tracking_number 
    from
        shipments s1_0 
    where
        s1_0.status in (?, ?)
Hibernate: 
    select
        s1_0.id,
        s1_0.actual_delivery_time,
        s1_0.created_at,
        s1_0.created_by,
        s1_0.delivery_address,
        s1_0.destination_latitude,
        s1_0.destination_longitude,
        s1_0.estimated_delivery_time,
        s1_0.estimated_duration,
        s1_0.origin_latitude,
        s1_0.origin_longitude,
        s1_0.receiver_name,
        s1_0.route_polyline,
        s1_0.sender_address,
        s1_0.sender_name,
        s1_0.status,
        s1_0.total_distance,
        s1_0.tracking_number 
    from
        shipments s1_0 
    where
        s1_0.status in (?, ?)
Hibernate: 
    select
        s1_0.id,
        s1_0.actual_delivery_time,
        s1_0.created_at,
        s1_0.created_by,
        s1_0.delivery_address,
        s1_0.destination_latitude,
        s1_0.destination_longitude,
        s1_0.estimated_delivery_time,
        s1_0.estimated_duration,
        s1_0.origin_latitude,
        s1_0.origin_longitude,
        s1_0.receiver_name,
        s1_0.route_polyline,
        s1_0.sender_address,
        s1_0.sender_name,
        s1_0.status,
        s1_0.total_distance,
        s1_0.tracking_number 
    from
        shipments s1_0 
    where
        s1_0.id=?
Hibernate: 
    insert 
    into
        route_history_points
        (latitude, longitude, progress, recorded_at, shipment_id, speed) 
    values
        (?, ?, ?, ?, ?, ?)
Hibernate: 
    select
        te1_0.id,
        te1_0.latitude,
        te1_0.longitude,
        te1_0.recorded_at,
        te1_0.shipment_id,
        te1_0.status 
    from
        tracking_events te1_0 
    left join
        shipments s1_0 
            on s1_0.id=te1_0.shipment_id 
    where
        s1_0.id=? 
    order by
        te1_0.recorded_at
2026-08-12T17:32:19.519+05:30  INFO 27180 --- [shiptrack-backend] [MessageBroker-4] c.shiptrack.service.LiveTrackingService  : Broadcast location update for shipment 24: 15.35145044140779,73.96506549804474
Hibernate: 
    select
        rhp1_0.id,
        rhp1_0.latitude,
        rhp1_0.longitude,
        rhp1_0.progress,
        rhp1_0.recorded_at,
        rhp1_0.shipment_id,
        rhp1_0.speed 
    from
        route_history_points rhp1_0 
    left join
        shipments s1_0 
            on s1_0.id=rhp1_0.shipment_id 
    where
        s1_0.id=? 
    order by
        rhp1_0.recorded_at desc 
    fetch
        first ? rows only
Hibernate: 
    insert 
    into
        route_history_points
        (latitude, longitude, progress, recorded_at, shipment_id, speed) 
    values
        (?, ?, ?, ?, ?, ?)
Hibernate: 
    select
        dp1_0.id,
        dp1_0.delay_minutes,
        dp1_0.delay_reason,
        dp1_0.detected_at,
        dp1_0.is_active,
        dp1_0.probability,
        dp1_0.shipment_id 
    from
        delay_predictions dp1_0 
    where
        dp1_0.shipment_id=? 
        and dp1_0.is_active 
    order by
        dp1_0.detected_at desc 
    fetch
        first ? rows only
Hibernate: 
    select
        dp1_0.id,
        dp1_0.delay_minutes,
        dp1_0.delay_reason,
        dp1_0.detected_at,
        dp1_0.is_active,
        dp1_0.probability,
        dp1_0.shipment_id 
    from
        delay_predictions dp1_0 
    where
        dp1_0.shipment_id=? 
        and dp1_0.is_active
2026-08-12T17:32:19.523+05:30  INFO 27180 --- [shiptrack-backend] [MessageBroker-4] c.shiptrack.service.LiveTrackingService  : Broadcast location update for shipment 52: 22.222082698542412,87.39011073596612
Hibernate: 
    select
        dp1_0.id,
        dp1_0.delay_minutes,
        dp1_0.delay_reason,
        dp1_0.detected_at,
        dp1_0.is_active,
        dp1_0.probability,
        dp1_0.shipment_id 
    from
        delay_predictions dp1_0 
    where
        dp1_0.id=?
Hibernate: 
    update
        delay_predictions 
    set
        delay_minutes=?,
        delay_reason=?,
        detected_at=?,
        is_active=?,
        probability=?,
        shipment_id=? 
    where
        id=?
2026-08-12T17:32:19.526+05:30  INFO 27180 --- [shiptrack-backend] [MessageBroker-7] c.s.service.DelayPredictionService       : Superseded 1 stale delay prediction(s) for shipment 22
Hibernate: 
    insert 
    into
        delay_predictions
        (delay_minutes, delay_reason, detected_at, is_active, probability, shipment_id) 
    values
        (?, ?, ?, ?, ?, ?)
2026-08-12T17:32:19.528+05:30  WARN 27180 --- [shiptrack-backend] [MessageBroker-7] c.shiptrack.service.LiveTrackingService  : Delay alert for shipment 22: No location update for 20110 minutes (120 min, 0.9% probability)
2026-08-12T17:32:19.529+05:30  WARN 27180 --- [shiptrack-backend] [MessageBroker-7] c.s.service.DelayPredictionService       : Delay detected for shipment 22: No location update for 20110 minutes (120 min)
Hibernate: 
    select
        s1_0.id,
        s1_0.actual_delivery_time,
        s1_0.created_at,
        s1_0.created_by,
        s1_0.delivery_address,
        s1_0.destination_latitude,
        s1_0.destination_longitude,
        s1_0.estimated_delivery_time,
        s1_0.estimated_duration,
        s1_0.origin_latitude,
        s1_0.origin_longitude,
        s1_0.receiver_name,
        s1_0.route_polyline,
        s1_0.sender_address,
        s1_0.sender_name,
        s1_0.status,
        s1_0.total_distance,
        s1_0.tracking_number 
    from
        shipments s1_0 
    where
        s1_0.id=?
Hibernate: 
    select
        te1_0.id,
        te1_0.latitude,
        te1_0.longitude,
        te1_0.recorded_at,
        te1_0.shipment_id,
        te1_0.status 
    from
        tracking_events te1_0 
    left join
        shipments s1_0 
            on s1_0.id=te1_0.shipment_id 
    where
        s1_0.id=? 
    order by
        te1_0.recorded_at
Hibernate: 
    select
        rhp1_0.id,
        rhp1_0.latitude,
        rhp1_0.longitude,
        rhp1_0.progress,
        rhp1_0.recorded_at,
        rhp1_0.shipment_id,
        rhp1_0.speed 
    from
        route_history_points rhp1_0 
    left join
        shipments s1_0 
            on s1_0.id=rhp1_0.shipment_id 
    where
        s1_0.id=? 
    order by
        rhp1_0.recorded_at desc 
    fetch
        first ? rows only
Hibernate: 
    select
        dp1_0.id,
        dp1_0.delay_minutes,
        dp1_0.delay_reason,
        dp1_0.detected_at,
        dp1_0.is_active,
        dp1_0.probability,
        dp1_0.shipment_id 
    from
        delay_predictions dp1_0 
    where
        dp1_0.shipment_id=? 
        and dp1_0.is_active 
    order by
        dp1_0.detected_at desc 
    fetch
        first ? rows only
Hibernate: 
    select
        dp1_0.id,
        dp1_0.delay_minutes,
        dp1_0.delay_reason,
        dp1_0.detected_at,
        dp1_0.is_active,
        dp1_0.probability,
        dp1_0.shipment_id 
    from
        delay_predictions dp1_0 
    where
        dp1_0.shipment_id=? 
        and dp1_0.is_active
Hibernate: 
    select
        dp1_0.id,
        dp1_0.delay_minutes,
        dp1_0.delay_reason,
        dp1_0.detected_at,
        dp1_0.is_active,
        dp1_0.probability,
        dp1_0.shipment_id 
    from
        delay_predictions dp1_0 
    where
        dp1_0.id=?
Hibernate: 
    update
        delay_predictions 
    set
        delay_minutes=?,
        delay_reason=?,
        detected_at=?,
        is_active=?,
        probability=?,
        shipment_id=? 
    where
        id=?
2026-08-12T17:32:19.538+05:30  INFO 27180 --- [shiptrack-backend] [MessageBroker-7] c.s.service.DelayPredictionService       : Superseded 1 stale delay prediction(s) for shipment 24
Hibernate: 
    insert 
    into
        delay_predictions
        (delay_minutes, delay_reason, detected_at, is_active, probability, shipment_id) 
    values
        (?, ?, ?, ?, ?, ?)
2026-08-12T17:32:19.540+05:30  WARN 27180 --- [shiptrack-backend] [MessageBroker-7] c.shiptrack.service.LiveTrackingService  : Delay alert for shipment 24: Shipment is behind schedule (22258 min, 0.95% probability)
2026-08-12T17:32:19.541+05:30  WARN 27180 --- [shiptrack-backend] [MessageBroker-7] c.s.service.DelayPredictionService       : Delay detected for shipment 24: Shipment is behind schedule (22258 min)
Hibernate: 
    select
        s1_0.id,
        s1_0.actual_delivery_time,
        s1_0.created_at,
        s1_0.created_by,
        s1_0.delivery_address,
        s1_0.destination_latitude,
        s1_0.destination_longitude,
        s1_0.estimated_delivery_time,
        s1_0.estimated_duration,
        s1_0.origin_latitude,
        s1_0.origin_longitude,
        s1_0.receiver_name,
        s1_0.route_polyline,
        s1_0.sender_address,
        s1_0.sender_name,
        s1_0.status,
        s1_0.total_distance,
        s1_0.tracking_number 
    from
        shipments s1_0 
    where
        s1_0.id=?
Hibernate: 
    select
        te1_0.id,
        te1_0.latitude,
        te1_0.longitude,
        te1_0.recorded_at,
        te1_0.shipment_id,
        te1_0.status 
    from
        tracking_events te1_0 
    left join
        shipments s1_0 
            on s1_0.id=te1_0.shipment_id 
    where
        s1_0.id=? 
    order by
        te1_0.recorded_at
Hibernate: 
    select
        rhp1_0.id,
        rhp1_0.latitude,
        rhp1_0.longitude,
        rhp1_0.progress,
        rhp1_0.recorded_at,
        rhp1_0.shipment_id,
        rhp1_0.speed 
    from
        route_history_points rhp1_0 
    left join
        shipments s1_0 
            on s1_0.id=rhp1_0.shipment_id 
    where
        s1_0.id=? 
    order by
        rhp1_0.recorded_at desc 
    fetch
        first ? rows only
2026-08-12T17:32:21.003+05:30  INFO 27180 --- [shiptrack-backend] [MessageBroker-7] com.shiptrack.service.GeocodingService   : OSRM route found: 615.1 km, 462 min
Hibernate: 
    select
        dp1_0.id,
        dp1_0.delay_minutes,
        dp1_0.delay_reason,
        dp1_0.detected_at,
        dp1_0.is_active,
        dp1_0.probability,
        dp1_0.shipment_id 
    from
        delay_predictions dp1_0 
    where
        dp1_0.shipment_id=? 
        and dp1_0.is_active
Hibernate: 
    select
        s1_0.id,
        s1_0.actual_delivery_time,
        s1_0.created_at,
        s1_0.created_by,
        s1_0.delivery_address,
        s1_0.destination_latitude,
        s1_0.destination_longitude,
        s1_0.estimated_delivery_time,
        s1_0.estimated_duration,
        s1_0.origin_latitude,
        s1_0.origin_longitude,
        s1_0.receiver_name,
        s1_0.route_polyline,
        s1_0.sender_address,
        s1_0.sender_name,
        s1_0.status,
        s1_0.total_distance,
        s1_0.tracking_number 
    from
        shipments s1_0 
    where
        s1_0.id=?
Hibernate: 
    select
        te1_0.id,
        te1_0.latitude,
        te1_0.longitude,
        te1_0.recorded_at,
        te1_0.shipment_id,
        te1_0.status 
    from
        tracking_events te1_0 
    left join
        shipments s1_0 
            on s1_0.id=te1_0.shipment_id 
    where
        s1_0.id=? 
    order by
        te1_0.recorded_at
Hibernate: 
    select
        rhp1_0.id,
        rhp1_0.latitude,
        rhp1_0.longitude,
        rhp1_0.progress,
        rhp1_0.recorded_at,
        rhp1_0.shipment_id,
        rhp1_0.speed 
    from
        route_history_points rhp1_0 
    left join
        shipments s1_0 
            on s1_0.id=rhp1_0.shipment_id 
    where
        s1_0.id=? 
    order by
        rhp1_0.recorded_at desc 
    fetch
        first ? rows only
Hibernate: 
    select
        dp1_0.id,
        dp1_0.delay_minutes,
        dp1_0.delay_reason,
        dp1_0.detected_at,
        dp1_0.is_active,
        dp1_0.probability,
        dp1_0.shipment_id 
    from
        delay_predictions dp1_0 
    where
        dp1_0.shipment_id=? 
        and dp1_0.is_active 
    order by
        dp1_0.detected_at desc 
    fetch
        first ? rows only
Hibernate: 
    select
        dp1_0.id,
        dp1_0.delay_minutes,
        dp1_0.delay_reason,
        dp1_0.detected_at,
        dp1_0.is_active,
        dp1_0.probability,
        dp1_0.shipment_id 
    from
        delay_predictions dp1_0 
    where
        dp1_0.shipment_id=? 
        and dp1_0.is_active
Hibernate: 
    select
        dp1_0.id,
        dp1_0.delay_minutes,
        dp1_0.delay_reason,
        dp1_0.detected_at,
        dp1_0.is_active,
        dp1_0.probability,
        dp1_0.shipment_id 
    from
        delay_predictions dp1_0 
    where
        dp1_0.id=?
Hibernate: 
    update
        delay_predictions 
    set
        delay_minutes=?,
        delay_reason=?,
        detected_at=?,
        is_active=?,
        probability=?,
        shipment_id=? 
    where
        id=?
2026-08-12T17:32:21.012+05:30  INFO 27180 --- [shiptrack-backend] [MessageBroker-7] c.s.service.DelayPredictionService       : Superseded 1 stale delay prediction(s) for shipment 53
Hibernate: 
    insert 
    into
        delay_predictions
        (delay_minutes, delay_reason, detected_at, is_active, probability, shipment_id) 
    values
        (?, ?, ?, ?, ?, ?)
2026-08-12T17:32:21.014+05:30  WARN 27180 --- [shiptrack-backend] [MessageBroker-7] c.shiptrack.service.LiveTrackingService  : Delay alert for shipment 53: No location update for 71 minutes (71 min, 0.7366666666666667% probability)
2026-08-12T17:32:21.014+05:30  WARN 27180 --- [shiptrack-backend] [MessageBroker-7] c.s.service.DelayPredictionService       : Delay detected for shipment 53: No location update for 71 minutes (71 min)
Hibernate: 
    select
        s1_0.id,
        s1_0.actual_delivery_time,
        s1_0.created_at,
        s1_0.created_by,
        s1_0.delivery_address,
        s1_0.destination_latitude,
        s1_0.destination_longitude,
        s1_0.estimated_delivery_time,
        s1_0.estimated_duration,
        s1_0.origin_latitude,
        s1_0.origin_longitude,
        s1_0.receiver_name,
        s1_0.route_polyline,
        s1_0.sender_address,
        s1_0.sender_name,
        s1_0.status,
        s1_0.total_distance,
        s1_0.tracking_number 
    from
        shipments s1_0 
    where
        s1_0.status in (?, ?)
Hibernate: 
    insert 
    into
        route_history_points
        (latitude, longitude, progress, recorded_at, shipment_id, speed) 
    values
        (?, ?, ?, ?, ?, ?)
2026-08-12T17:32:49.521+05:30  INFO 27180 --- [shiptrack-backend] [essageBroker-13] c.shiptrack.service.LiveTrackingService  : Broadcast location update for shipment 24: 15.359511057875071,73.95716999428895
Hibernate: 
    insert 
    into
        route_history_points
        (latitude, longitude, progress, recorded_at, shipment_id, speed) 
    values
        (?, ?, ?, ?, ?, ?)
2026-08-12T17:32:49.526+05:30  INFO 27180 --- [shiptrack-backend] [essageBroker-13] c.shiptrack.service.LiveTrackingService  : Broadcast location update for shipment 52: 22.222082698542412,87.39011073596612
