[INFO] Scanning for projects...
[INFO] 
[INFO] ------------------< com.shiptrack:shiptrack-backend >-------------------
[INFO] Building shiptrack-backend 0.0.1-SNAPSHOT
[INFO]   from pom.xml
[INFO] --------------------------------[ jar ]---------------------------------
[INFO] 
[INFO] >>> spring-boot:3.5.3:run (default-cli) > test-compile @ shiptrack-backend >>>
[INFO] 
[INFO] --- resources:3.3.1:resources (default-resources) @ shiptrack-backend ---
[INFO] Copying 1 resource from src\main\resources to target\classes
[INFO] Copying 0 resource from src\main\resources to target\classes
[INFO] 
[INFO] --- compiler:3.14.0:compile (default-compile) @ shiptrack-backend ---
[INFO] Nothing to compile - all classes are up to date.
[INFO] 
[INFO] --- resources:3.3.1:testResources (default-testResources) @ shiptrack-backend ---
[INFO] skip non existing resourceDirectory E:\Raju-Working\ShipTrack-Pro\backend\src\test\resources
[INFO] 
[INFO] --- compiler:3.14.0:testCompile (default-testCompile) @ shiptrack-backend ---
[INFO] Nothing to compile - all classes are up to date.
[INFO] 
[INFO] <<< spring-boot:3.5.3:run (default-cli) < test-compile @ shiptrack-backend <<<
[INFO] 
[INFO] 
[INFO] --- spring-boot:3.5.3:run (default-cli) @ shiptrack-backend ---
[INFO] Attaching agents: []

  .   ____          _            __ _ _
 /\\ / ___'_ __ _ _(_)_ __  __ _ \ \ \ \
( ( )\___ | '_ | '_| | '_ \/ _` | \ \ \ \
 \\/  ___)| |_)| | | | | || (_| |  ) ) ) )
  '  |____| .__|_| |_|_| |_\__, | / / / /
 =========|_|==============|___/=/_/_/_/

 :: Spring Boot ::                (v3.5.3)

2026-08-12T17:34:54.517+05:30  INFO 25776 --- [shiptrack-backend] [  restartedMain] c.shiptrack.ShiptrackBackendApplication  : Starting ShiptrackBackendApplication using Java 26 with PID 25776 (E:\Raju-Working\ShipTrack-Pro\backend\target\classes started by rajus in E:\Raju-Working\ShipTrack-Pro\backend)
2026-08-12T17:34:54.518+05:30  INFO 25776 --- [shiptrack-backend] [  restartedMain] c.shiptrack.ShiptrackBackendApplication  : No active profile set, falling back to 1 default profile: "default"
2026-08-12T17:34:54.545+05:30  INFO 25776 --- [shiptrack-backend] [  restartedMain] .e.DevToolsPropertyDefaultsPostProcessor : Devtools property defaults active! Set 'spring.devtools.add-properties' to 'false' to disable
2026-08-12T17:34:54.545+05:30  INFO 25776 --- [shiptrack-backend] [  restartedMain] .e.DevToolsPropertyDefaultsPostProcessor : For additional web related logging consider setting the 'logging.level.web' property to 'DEBUG'
2026-08-12T17:34:54.925+05:30  INFO 25776 --- [shiptrack-backend] [  restartedMain] .s.d.r.c.RepositoryConfigurationDelegate : Bootstrapping Spring Data JPA repositories in DEFAULT mode.
2026-08-12T17:34:54.967+05:30  INFO 25776 --- [shiptrack-backend] [  restartedMain] .s.d.r.c.RepositoryConfigurationDelegate : Finished Spring Data repository scanning in 37 ms. Found 9 JPA repository interfaces.
2026-08-12T17:34:55.306+05:30  INFO 25776 --- [shiptrack-backend] [  restartedMain] o.s.b.w.embedded.tomcat.TomcatWebServer  : Tomcat initialized with port 8080 (http)
2026-08-12T17:34:55.315+05:30  INFO 25776 --- [shiptrack-backend] [  restartedMain] o.apache.catalina.core.StandardService   : Starting service [Tomcat]
2026-08-12T17:34:55.315+05:30  INFO 25776 --- [shiptrack-backend] [  restartedMain] o.apache.catalina.core.StandardEngine    : Starting Servlet engine: [Apache Tomcat/10.1.42]
2026-08-12T17:34:55.342+05:30  INFO 25776 --- [shiptrack-backend] [  restartedMain] o.a.c.c.C.[Tomcat].[localhost].[/]       : Initializing Spring embedded WebApplicationContext
2026-08-12T17:34:55.342+05:30  INFO 25776 --- [shiptrack-backend] [  restartedMain] w.s.c.ServletWebServerApplicationContext : Root WebApplicationContext: initialization completed in 797 ms
2026-08-12T17:34:55.419+05:30  INFO 25776 --- [shiptrack-backend] [  restartedMain] o.hibernate.jpa.internal.util.LogHelper  : HHH000204: Processing PersistenceUnitInfo [name: default]
2026-08-12T17:34:55.441+05:30  INFO 25776 --- [shiptrack-backend] [  restartedMain] org.hibernate.Version                    : HHH000412: Hibernate ORM core version 6.6.18.Final
2026-08-12T17:34:55.458+05:30  INFO 25776 --- [shiptrack-backend] [  restartedMain] o.h.c.internal.RegionFactoryInitiator    : HHH000026: Second-level cache disabled
2026-08-12T17:34:55.609+05:30  INFO 25776 --- [shiptrack-backend] [  restartedMain] o.s.o.j.p.SpringPersistenceUnitInfo      : No LoadTimeWeaver setup: ignoring JPA class transformer
2026-08-12T17:34:55.625+05:30  INFO 25776 --- [shiptrack-backend] [  restartedMain] com.zaxxer.hikari.HikariDataSource       : HikariPool-1 - Starting...
2026-08-12T17:34:55.732+05:30  INFO 25776 --- [shiptrack-backend] [  restartedMain] com.zaxxer.hikari.pool.HikariPool        : HikariPool-1 - Added connection org.postgresql.jdbc.PgConnection@1571716e
2026-08-12T17:34:55.733+05:30  INFO 25776 --- [shiptrack-backend] [  restartedMain] com.zaxxer.hikari.HikariDataSource       : HikariPool-1 - Start completed.
2026-08-12T17:34:55.769+05:30  INFO 25776 --- [shiptrack-backend] [  restartedMain] org.hibernate.orm.connections.pooling    : HHH10001005: Database info:
	Database JDBC URL [Connecting through datasource 'HikariDataSource (HikariPool-1)']
	Database driver: undefined/unknown
	Database version: 18.4
	Autocommit mode: undefined/unknown
	Isolation level: undefined/unknown
	Minimum pool size: undefined/unknown
	Maximum pool size: undefined/unknown
2026-08-12T17:34:56.441+05:30  INFO 25776 --- [shiptrack-backend] [  restartedMain] o.h.e.t.j.p.i.JtaPlatformInitiator       : HHH000489: No JTA platform available (set 'hibernate.transaction.jta.platform' to enable JTA platform integration)
2026-08-12T17:34:56.886+05:30  INFO 25776 --- [shiptrack-backend] [  restartedMain] j.LocalContainerEntityManagerFactoryBean : Initialized JPA EntityManagerFactory for persistence unit 'default'
2026-08-12T17:34:57.098+05:30  INFO 25776 --- [shiptrack-backend] [  restartedMain] o.s.d.j.r.query.QueryEnhancerFactory     : Hibernate is in classpath; If applicable, HQL parser will be used.
2026-08-12T17:35:20.197+05:30  INFO 25776 --- [shiptrack-backend] [  restartedMain] com.shiptrack.service.GeocodingService   : Geoapify API key validated successfully.
2026-08-12T17:35:20.429+05:30  INFO 25776 --- [shiptrack-backend] [  restartedMain] eAuthenticationProviderManagerConfigurer : Global AuthenticationManager configured with AuthenticationProvider bean with name authenticationProvider
2026-08-12T17:35:20.429+05:30  WARN 25776 --- [shiptrack-backend] [  restartedMain] r$InitializeUserDetailsManagerConfigurer : Global AuthenticationManager configured with an AuthenticationProvider bean. UserDetailsService beans will not be used by Spring Security for automatically configuring username/password login. Consider removing the AuthenticationProvider bean. Alternatively, consider using the UserDetailsService in a manually instantiated DaoAuthenticationProvider. If the current configuration is intentional, to turn off this warning, increase the logging level of 'org.springframework.security.config.annotation.authentication.configuration.InitializeUserDetailsBeanManagerConfigurer' to ERROR
2026-08-12T17:35:20.675+05:30  INFO 25776 --- [shiptrack-backend] [  restartedMain] o.s.b.d.a.OptionalLiveReloadServer       : LiveReload server is running on port 35729
2026-08-12T17:35:20.685+05:30  INFO 25776 --- [shiptrack-backend] [  restartedMain] o.s.m.s.b.SimpleBrokerMessageHandler     : Starting...
2026-08-12T17:35:20.685+05:30  INFO 25776 --- [shiptrack-backend] [  restartedMain] o.s.m.s.b.SimpleBrokerMessageHandler     : BrokerAvailabilityEvent[available=true, SimpleBrokerMessageHandler [org.springframework.messaging.simp.broker.DefaultSubscriptionRegistry@4d63f057]]
2026-08-12T17:35:20.686+05:30  INFO 25776 --- [shiptrack-backend] [  restartedMain] o.s.m.s.b.SimpleBrokerMessageHandler     : Started.
2026-08-12T17:35:20.692+05:30  INFO 25776 --- [shiptrack-backend] [  restartedMain] o.s.b.w.embedded.tomcat.TomcatWebServer  : Tomcat started on port 8080 (http) with context path '/'
2026-08-12T17:35:20.697+05:30  INFO 25776 --- [shiptrack-backend] [  restartedMain] c.shiptrack.ShiptrackBackendApplication  : Started ShiptrackBackendApplication in 26.409 seconds (process running for 26.65)
Hibernate: 
    select
        s1_0.id,
        s1_0.actual_delivery_time,
        s1_0.created_at,
        s1_0.created_by,
        s1_0.delivery_address,
        s1_0.destination_latitude,
        s1_0.destination_longitude,
        s1_0.estimated_delivery_time,
        s1_0.estimated_duration,
        s1_0.origin_latitude,
        s1_0.origin_longitude,
        s1_0.receiver_name,
        s1_0.route_polyline,
        s1_0.sender_address,
        s1_0.sender_name,
        s1_0.status,
        s1_0.total_distance,
        s1_0.tracking_number 
    from
        shipments s1_0 
    where
        s1_0.status in (?, ?)
Hibernate: 
    select
        s1_0.id,
        s1_0.actual_delivery_time,
        s1_0.created_at,
        s1_0.created_by,
        s1_0.delivery_address,
        s1_0.destination_latitude,
        s1_0.destination_longitude,
        s1_0.estimated_delivery_time,
        s1_0.estimated_duration,
        s1_0.origin_latitude,
        s1_0.origin_longitude,
        s1_0.receiver_name,
        s1_0.route_polyline,
        s1_0.sender_address,
        s1_0.sender_name,
        s1_0.status,
        s1_0.total_distance,
        s1_0.tracking_number 
    from
        shipments s1_0 
    where
        s1_0.status in (?, ?)
Hibernate: 
    select
        s1_0.id,
        s1_0.actual_delivery_time,
        s1_0.created_at,
        s1_0.created_by,
        s1_0.delivery_address,
        s1_0.destination_latitude,
        s1_0.destination_longitude,
        s1_0.estimated_delivery_time,
        s1_0.estimated_duration,
        s1_0.origin_latitude,
        s1_0.origin_longitude,
        s1_0.receiver_name,
        s1_0.route_polyline,
        s1_0.sender_address,
        s1_0.sender_name,
        s1_0.status,
        s1_0.total_distance,
        s1_0.tracking_number 
    from
        shipments s1_0 
    where
        s1_0.status in (?, ?)
Hibernate: 
    select
        u1_0.id 
    from
        users u1_0 
    where
        u1_0.email=? 
    fetch
        first ? rows only

Admin account already exists.

Hibernate: 
    select
        u1_0.id 
    from
        users u1_0 
    where
        u1_0.email=? 
    fetch
        first ? rows only

Support assistant account already exists.

Hibernate: 
    select
        u1_0.id 
    from
        users u1_0 
    where
        u1_0.email=? 
    fetch
        first ? rows only

Delivery operator account already exists.

Hibernate: 
    select
        te1_0.id,
        te1_0.latitude,
        te1_0.longitude,
        te1_0.recorded_at,
        te1_0.shipment_id,
        te1_0.status 
    from
        tracking_events te1_0 
    left join
        shipments s1_0 
            on s1_0.id=te1_0.shipment_id 
    where
        s1_0.id=? 
    order by
        te1_0.recorded_at
Hibernate: 
    select
        s1_0.id,
        s1_0.actual_delivery_time,
        s1_0.created_at,
        s1_0.created_by,
        s1_0.delivery_address,
        s1_0.destination_latitude,
        s1_0.destination_longitude,
        s1_0.estimated_delivery_time,
        s1_0.estimated_duration,
        s1_0.origin_latitude,
        s1_0.origin_longitude,
        s1_0.receiver_name,
        s1_0.route_polyline,
        s1_0.sender_address,
        s1_0.sender_name,
        s1_0.status,
        s1_0.total_distance,
        s1_0.tracking_number 
    from
        shipments s1_0 
    where
        s1_0.id=?
Hibernate: 
    select
        te1_0.id,
        te1_0.latitude,
        te1_0.longitude,
        te1_0.recorded_at,
        te1_0.shipment_id,
        te1_0.status 
    from
        tracking_events te1_0 
    left join
        shipments s1_0 
            on s1_0.id=te1_0.shipment_id 
    where
        s1_0.id=? 
    order by
        te1_0.recorded_at
Hibernate: 
    select
        te1_0.id,
        te1_0.latitude,
        te1_0.longitude,
        te1_0.recorded_at,
        te1_0.shipment_id,
        te1_0.status 
    from
        tracking_events te1_0 
    left join
        shipments s1_0 
            on s1_0.id=te1_0.shipment_id 
    where
        s1_0.id=? 
    order by
        te1_0.recorded_at
Hibernate: 
    select
        rhp1_0.id,
        rhp1_0.latitude,
        rhp1_0.longitude,
        rhp1_0.progress,
        rhp1_0.recorded_at,
        rhp1_0.shipment_id,
        rhp1_0.speed 
    from
        route_history_points rhp1_0 
    left join
        shipments s1_0 
            on s1_0.id=rhp1_0.shipment_id 
    where
        s1_0.id=? 
    order by
        rhp1_0.recorded_at desc 
    fetch
        first ? rows only
Hibernate: 
    select
        te1_0.id,
        te1_0.latitude,
        te1_0.longitude,
        te1_0.recorded_at,
        te1_0.shipment_id,
        te1_0.status 
    from
        tracking_events te1_0 
    left join
        shipments s1_0 
            on s1_0.id=te1_0.shipment_id 
    where
        s1_0.id=? 
    order by
        te1_0.recorded_at
Hibernate: 
    select
        dp1_0.id,
        dp1_0.delay_minutes,
        dp1_0.delay_reason,
        dp1_0.detected_at,
        dp1_0.is_active,
        dp1_0.probability,
        dp1_0.shipment_id 
    from
        delay_predictions dp1_0 
    where
        dp1_0.shipment_id=? 
        and dp1_0.is_active 
    order by
        dp1_0.detected_at desc 
    fetch
        first ? rows only
Hibernate: 
    select
        rhp1_0.id,
        rhp1_0.latitude,
        rhp1_0.longitude,
        rhp1_0.progress,
        rhp1_0.recorded_at,
        rhp1_0.shipment_id,
        rhp1_0.speed 
    from
        route_history_points rhp1_0 
    left join
        shipments s1_0 
            on s1_0.id=rhp1_0.shipment_id 
    where
        s1_0.id=? 
    order by
        rhp1_0.recorded_at desc 
    fetch
        first ? rows only
Hibernate: 
    select
        dp1_0.id,
        dp1_0.delay_minutes,
        dp1_0.delay_reason,
        dp1_0.detected_at,
        dp1_0.is_active,
        dp1_0.probability,
        dp1_0.shipment_id 
    from
        delay_predictions dp1_0 
    where
        dp1_0.shipment_id=? 
        and dp1_0.is_active
Hibernate: 
    insert 
    into
        route_history_points
        (latitude, longitude, progress, recorded_at, shipment_id, speed) 
    values
        (?, ?, ?, ?, ?, ?)
Hibernate: 
    select
        dp1_0.id,
        dp1_0.delay_minutes,
        dp1_0.delay_reason,
        dp1_0.detected_at,
        dp1_0.is_active,
        dp1_0.probability,
        dp1_0.shipment_id 
    from
        delay_predictions dp1_0 
    where
        dp1_0.id=?
Hibernate: 
    update
        delay_predictions 
    set
        delay_minutes=?,
        delay_reason=?,
        detected_at=?,
        is_active=?,
        probability=?,
        shipment_id=? 
    where
        id=?
2026-08-12T17:35:20.792+05:30  INFO 25776 --- [shiptrack-backend] [MessageBroker-2] c.s.service.DelayPredictionService       : Superseded 1 stale delay prediction(s) for shipment 22
Hibernate: 
    insert 
    into
        delay_predictions
        (delay_minutes, delay_reason, detected_at, is_active, probability, shipment_id) 
    values
        (?, ?, ?, ?, ?, ?)
2026-08-12T17:35:20.812+05:30  INFO 25776 --- [shiptrack-backend] [MessageBroker-4] c.shiptrack.service.LiveTrackingService  : Broadcast location update for shipment 24: 15.30064,74.08526
2026-08-12T17:35:20.812+05:30  WARN 25776 --- [shiptrack-backend] [MessageBroker-2] c.shiptrack.service.LiveTrackingService  : Delay alert for shipment 22: No location update for 20113 minutes (120 min, 0.9% probability)
2026-08-12T17:35:20.812+05:30  WARN 25776 --- [shiptrack-backend] [MessageBroker-2] c.s.service.DelayPredictionService       : Delay detected for shipment 22: No location update for 20113 minutes (120 min)
Hibernate: 
    select
        s1_0.id,
        s1_0.actual_delivery_time,
        s1_0.created_at,
        s1_0.created_by,
        s1_0.delivery_address,
        s1_0.destination_latitude,
        s1_0.destination_longitude,
        s1_0.estimated_delivery_time,
        s1_0.estimated_duration,
        s1_0.origin_latitude,
        s1_0.origin_longitude,
        s1_0.receiver_name,
        s1_0.route_polyline,
        s1_0.sender_address,
        s1_0.sender_name,
        s1_0.status,
        s1_0.total_distance,
        s1_0.tracking_number 
    from
        shipments s1_0 
    where
        s1_0.id=?
Hibernate: 
    select
        te1_0.id,
        te1_0.latitude,
        te1_0.longitude,
        te1_0.recorded_at,
        te1_0.shipment_id,
        te1_0.status 
    from
        tracking_events te1_0 
    left join
        shipments s1_0 
            on s1_0.id=te1_0.shipment_id 
    where
        s1_0.id=? 
    order by
        te1_0.recorded_at
Hibernate: 
    select
        te1_0.id,
        te1_0.latitude,
        te1_0.longitude,
        te1_0.recorded_at,
        te1_0.shipment_id,
        te1_0.status 
    from
        tracking_events te1_0 
    left join
        shipments s1_0 
            on s1_0.id=te1_0.shipment_id 
    where
        s1_0.id=? 
    order by
        te1_0.recorded_at
Hibernate: 
    select
        rhp1_0.id,
        rhp1_0.latitude,
        rhp1_0.longitude,
        rhp1_0.progress,
        rhp1_0.recorded_at,
        rhp1_0.shipment_id,
        rhp1_0.speed 
    from
        route_history_points rhp1_0 
    left join
        shipments s1_0 
            on s1_0.id=rhp1_0.shipment_id 
    where
        s1_0.id=? 
    order by
        rhp1_0.recorded_at desc 
    fetch
        first ? rows only
Hibernate: 
    select
        dp1_0.id,
        dp1_0.delay_minutes,
        dp1_0.delay_reason,
        dp1_0.detected_at,
        dp1_0.is_active,
        dp1_0.probability,
        dp1_0.shipment_id 
    from
        delay_predictions dp1_0 
    where
        dp1_0.shipment_id=? 
        and dp1_0.is_active 
    order by
        dp1_0.detected_at desc 
    fetch
        first ? rows only
Hibernate: 
    insert 
    into
        route_history_points
        (latitude, longitude, progress, recorded_at, shipment_id, speed) 
    values
        (?, ?, ?, ?, ?, ?)
Hibernate: 
    select
        dp1_0.id,
        dp1_0.delay_minutes,
        dp1_0.delay_reason,
        dp1_0.detected_at,
        dp1_0.is_active,
        dp1_0.probability,
        dp1_0.shipment_id 
    from
        delay_predictions dp1_0 
    where
        dp1_0.shipment_id=? 
        and dp1_0.is_active
2026-08-12T17:35:20.820+05:30  INFO 25776 --- [shiptrack-backend] [MessageBroker-4] c.shiptrack.service.LiveTrackingService  : Broadcast location update for shipment 52: 22.186343530106377,87.38886869399477
Hibernate: 
    select
        dp1_0.id,
        dp1_0.delay_minutes,
        dp1_0.delay_reason,
        dp1_0.detected_at,
        dp1_0.is_active,
        dp1_0.probability,
        dp1_0.shipment_id 
    from
        delay_predictions dp1_0 
    where
        dp1_0.id=?
Hibernate: 
    select
        te1_0.id,
        te1_0.latitude,
        te1_0.longitude,
        te1_0.recorded_at,
        te1_0.shipment_id,
        te1_0.status 
    from
        tracking_events te1_0 
    left join
        shipments s1_0 
            on s1_0.id=te1_0.shipment_id 
    where
        s1_0.id=? 
    order by
        te1_0.recorded_at
Hibernate: 
    update
        delay_predictions 
    set
        delay_minutes=?,
        delay_reason=?,
        detected_at=?,
        is_active=?,
        probability=?,
        shipment_id=? 
    where
        id=?
2026-08-12T17:35:20.822+05:30  INFO 25776 --- [shiptrack-backend] [MessageBroker-2] c.s.service.DelayPredictionService       : Superseded 1 stale delay prediction(s) for shipment 24
Hibernate: 
    insert 
    into
        delay_predictions
        (delay_minutes, delay_reason, detected_at, is_active, probability, shipment_id) 
    values
        (?, ?, ?, ?, ?, ?)
2026-08-12T17:35:20.824+05:30  WARN 25776 --- [shiptrack-backend] [MessageBroker-2] c.shiptrack.service.LiveTrackingService  : Delay alert for shipment 24: Shipment is behind schedule (22261 min, 0.95% probability)
2026-08-12T17:35:20.824+05:30  WARN 25776 --- [shiptrack-backend] [MessageBroker-2] c.s.service.DelayPredictionService       : Delay detected for shipment 24: Shipment is behind schedule (22261 min)
Hibernate: 
    select
        s1_0.id,
        s1_0.actual_delivery_time,
        s1_0.created_at,
        s1_0.created_by,
        s1_0.delivery_address,
        s1_0.destination_latitude,
        s1_0.destination_longitude,
        s1_0.estimated_delivery_time,
        s1_0.estimated_duration,
        s1_0.origin_latitude,
        s1_0.origin_longitude,
        s1_0.receiver_name,
        s1_0.route_polyline,
        s1_0.sender_address,
        s1_0.sender_name,
        s1_0.status,
        s1_0.total_distance,
        s1_0.tracking_number 
    from
        shipments s1_0 
    where
        s1_0.id=?
Hibernate: 
    select
        te1_0.id,
        te1_0.latitude,
        te1_0.longitude,
        te1_0.recorded_at,
        te1_0.shipment_id,
        te1_0.status 
    from
        tracking_events te1_0 
    left join
        shipments s1_0 
            on s1_0.id=te1_0.shipment_id 
    where
        s1_0.id=? 
    order by
        te1_0.recorded_at
Hibernate: 
    select
        rhp1_0.id,
        rhp1_0.latitude,
        rhp1_0.longitude,
        rhp1_0.progress,
        rhp1_0.recorded_at,
        rhp1_0.shipment_id,
        rhp1_0.speed 
    from
        route_history_points rhp1_0 
    left join
        shipments s1_0 
            on s1_0.id=rhp1_0.shipment_id 
    where
        s1_0.id=? 
    order by
        rhp1_0.recorded_at desc 
    fetch
        first ? rows only
2026-08-12T17:35:21.245+05:30  WARN 25776 --- [shiptrack-backend] [MessageBroker-2] com.shiptrack.service.GeocodingService   : No Geoapify route found
2026-08-12T17:35:21.245+05:30  WARN 25776 --- [shiptrack-backend] [MessageBroker-2] com.shiptrack.service.GeocodingService   : Geoapify routing failed, trying OSRM fallback...
2026-08-12T17:35:22.349+05:30 ERROR 25776 --- [shiptrack-backend] [MessageBroker-1] com.shiptrack.service.GeocodingService   : Geoapify routing failed

java.lang.ClassCastException: class java.util.ArrayList cannot be cast to class java.lang.Number (java.util.ArrayList and java.lang.Number are in module java.base of loader 'bootstrap')
	at com.shiptrack.service.GeocodingService.lambda$coordsToPolyline$0(GeocodingService.java:240) ~[classes/:na]
	at java.base/java.util.stream.ReferencePipeline$3$1.accept(ReferencePipeline.java:214) ~[na:na]
	at java.base/java.util.ArrayList$ArrayListSpliterator.forEachRemaining(ArrayList.java:1724) ~[na:na]
	at java.base/java.util.stream.AbstractPipeline.copyInto(AbstractPipeline.java:570) ~[na:na]
	at java.base/java.util.stream.AbstractPipeline.wrapAndCopyInto(AbstractPipeline.java:560) ~[na:na]
	at java.base/java.util.stream.AbstractPipeline.evaluate(AbstractPipeline.java:635) ~[na:na]
	at java.base/java.util.stream.AbstractPipeline.evaluateToArrayNode(AbstractPipeline.java:291) ~[na:na]
	at java.base/java.util.stream.ReferencePipeline.toArray(ReferencePipeline.java:652) ~[na:na]
	at java.base/java.util.stream.ReferencePipeline.toArray(ReferencePipeline.java:658) ~[na:na]
	at java.base/java.util.stream.ReferencePipeline.toList(ReferencePipeline.java:663) ~[na:na]
	at com.shiptrack.service.GeocodingService.coordsToPolyline(GeocodingService.java:243) ~[classes/:na]
	at com.shiptrack.service.GeocodingService.routeWithGeoapify(GeocodingService.java:179) ~[classes/:na]
	at com.shiptrack.service.GeocodingService.calculateRoute(GeocodingService.java:142) ~[classes/:na]
	at com.shiptrack.service.GeocodingService.calculateDuration(GeocodingService.java:247) ~[classes/:na]
	at com.shiptrack.service.EtaService.calculateEta(EtaService.java:95) ~[classes/:na]
	at com.shiptrack.service.EtaService.recalculateActiveEtas(EtaService.java:131) ~[classes/:na]
	at java.base/jdk.internal.reflect.DirectMethodHandleAccessor.invoke(DirectMethodHandleAccessor.java:104) ~[na:na]
	at java.base/java.lang.reflect.Method.invoke(Method.java:565) ~[na:na]
	at org.springframework.aop.support.AopUtils.invokeJoinpointUsingReflection(AopUtils.java:359) ~[spring-aop-6.2.8.jar:6.2.8]
	at org.springframework.aop.framework.ReflectiveMethodInvocation.invokeJoinpoint(ReflectiveMethodInvocation.java:196) ~[spring-aop-6.2.8.jar:6.2.8]
	at org.springframework.aop.framework.ReflectiveMethodInvocation.proceed(ReflectiveMethodInvocation.java:163) ~[spring-aop-6.2.8.jar:6.2.8]
	at org.springframework.transaction.interceptor.TransactionAspectSupport.invokeWithinTransaction(TransactionAspectSupport.java:380) ~[spring-tx-6.2.8.jar:6.2.8]
	at org.springframework.transaction.interceptor.TransactionInterceptor.invoke(TransactionInterceptor.java:119) ~[spring-tx-6.2.8.jar:6.2.8]
	at org.springframework.aop.framework.ReflectiveMethodInvocation.proceed(ReflectiveMethodInvocation.java:184) ~[spring-aop-6.2.8.jar:6.2.8]
	at org.springframework.aop.framework.CglibAopProxy$DynamicAdvisedInterceptor.intercept(CglibAopProxy.java:728) ~[spring-aop-6.2.8.jar:6.2.8]
	at com.shiptrack.service.EtaService$$SpringCGLIB$$0.recalculateActiveEtas(<generated>) ~[classes/:na]
	at java.base/jdk.internal.reflect.DirectMethodHandleAccessor.invoke(DirectMethodHandleAccessor.java:104) ~[na:na]
	at java.base/java.lang.reflect.Method.invoke(Method.java:565) ~[na:na]
	at org.springframework.scheduling.support.ScheduledMethodRunnable.runInternal(ScheduledMethodRunnable.java:130) ~[spring-context-6.2.8.jar:6.2.8]
	at org.springframework.scheduling.support.ScheduledMethodRunnable.lambda$run$2(ScheduledMethodRunnable.java:124) ~[spring-context-6.2.8.jar:6.2.8]
	at io.micrometer.observation.Observation.observe(Observation.java:498) ~[micrometer-observation-1.15.1.jar:1.15.1]
	at org.springframework.scheduling.support.ScheduledMethodRunnable.run(ScheduledMethodRunnable.java:124) ~[spring-context-6.2.8.jar:6.2.8]
	at org.springframework.scheduling.config.Task$OutcomeTrackingRunnable.run(Task.java:85) ~[spring-context-6.2.8.jar:6.2.8]
	at org.springframework.scheduling.support.DelegatingErrorHandlingRunnable.run(DelegatingErrorHandlingRunnable.java:54) ~[spring-context-6.2.8.jar:6.2.8]
	at java.base/java.util.concurrent.Executors$RunnableAdapter.call(Executors.java:545) ~[na:na]
	at java.base/java.util.concurrent.FutureTask.runAndReset(FutureTask.java:371) ~[na:na]
	at java.base/java.util.concurrent.ScheduledThreadPoolExecutor$ScheduledFutureTask.run(ScheduledThreadPoolExecutor.java:310) ~[na:na]
	at java.base/java.util.concurrent.ThreadPoolExecutor.runWorker(ThreadPoolExecutor.java:1090) ~[na:na]
	at java.base/java.util.concurrent.ThreadPoolExecutor$Worker.run(ThreadPoolExecutor.java:614) ~[na:na]
	at java.base/java.lang.Thread.run(Thread.java:1516) ~[na:na]

2026-08-12T17:35:22.356+05:30  WARN 25776 --- [shiptrack-backend] [MessageBroker-1] com.shiptrack.service.GeocodingService   : Geoapify routing failed, trying OSRM fallback...
2026-08-12T17:35:22.853+05:30  INFO 25776 --- [shiptrack-backend] [MessageBroker-2] com.shiptrack.service.GeocodingService   : OSRM route found: 615.1 km, 462 min
Hibernate: 
    select
        dp1_0.id,
        dp1_0.delay_minutes,
        dp1_0.delay_reason,
        dp1_0.detected_at,
        dp1_0.is_active,
        dp1_0.probability,
        dp1_0.shipment_id 
    from
        delay_predictions dp1_0 
    where
        dp1_0.shipment_id=? 
        and dp1_0.is_active
Hibernate: 
    select
        s1_0.id,
        s1_0.actual_delivery_time,
        s1_0.created_at,
        s1_0.created_by,
        s1_0.delivery_address,
        s1_0.destination_latitude,
        s1_0.destination_longitude,
        s1_0.estimated_delivery_time,
        s1_0.estimated_duration,
        s1_0.origin_latitude,
        s1_0.origin_longitude,
        s1_0.receiver_name,
        s1_0.route_polyline,
        s1_0.sender_address,
        s1_0.sender_name,
        s1_0.status,
        s1_0.total_distance,
        s1_0.tracking_number 
    from
        shipments s1_0 
    where
        s1_0.id=?
Hibernate: 
    select
        te1_0.id,
        te1_0.latitude,
        te1_0.longitude,
        te1_0.recorded_at,
        te1_0.shipment_id,
        te1_0.status 
    from
        tracking_events te1_0 
    left join
        shipments s1_0 
            on s1_0.id=te1_0.shipment_id 
    where
        s1_0.id=? 
    order by
        te1_0.recorded_at
Hibernate: 
    select
        rhp1_0.id,
        rhp1_0.latitude,
        rhp1_0.longitude,
        rhp1_0.progress,
        rhp1_0.recorded_at,
        rhp1_0.shipment_id,
        rhp1_0.speed 
    from
        route_history_points rhp1_0 
    left join
        shipments s1_0 
            on s1_0.id=rhp1_0.shipment_id 
    where
        s1_0.id=? 
    order by
        rhp1_0.recorded_at desc 
    fetch
        first ? rows only
Hibernate: 
    select
        dp1_0.id,
        dp1_0.delay_minutes,
        dp1_0.delay_reason,
        dp1_0.detected_at,
        dp1_0.is_active,
        dp1_0.probability,
        dp1_0.shipment_id 
    from
        delay_predictions dp1_0 
    where
        dp1_0.shipment_id=? 
        and dp1_0.is_active 
    order by
        dp1_0.detected_at desc 
    fetch
        first ? rows only
Hibernate: 
    select
        dp1_0.id,
        dp1_0.delay_minutes,
        dp1_0.delay_reason,
        dp1_0.detected_at,
        dp1_0.is_active,
        dp1_0.probability,
        dp1_0.shipment_id 
    from
        delay_predictions dp1_0 
    where
        dp1_0.shipment_id=? 
        and dp1_0.is_active
Hibernate: 
    select
        dp1_0.id,
        dp1_0.delay_minutes,
        dp1_0.delay_reason,
        dp1_0.detected_at,
        dp1_0.is_active,
        dp1_0.probability,
        dp1_0.shipment_id 
    from
        delay_predictions dp1_0 
    where
        dp1_0.id=?
Hibernate: 
    update
        delay_predictions 
    set
        delay_minutes=?,
        delay_reason=?,
        detected_at=?,
        is_active=?,
        probability=?,
        shipment_id=? 
    where
        id=?
2026-08-12T17:35:22.868+05:30  INFO 25776 --- [shiptrack-backend] [MessageBroker-2] c.s.service.DelayPredictionService       : Superseded 1 stale delay prediction(s) for shipment 53
Hibernate: 
    insert 
    into
        delay_predictions
        (delay_minutes, delay_reason, detected_at, is_active, probability, shipment_id) 
    values
        (?, ?, ?, ?, ?, ?)
2026-08-12T17:35:22.870+05:30  WARN 25776 --- [shiptrack-backend] [MessageBroker-2] c.shiptrack.service.LiveTrackingService  : Delay alert for shipment 53: No location update for 74 minutes (74 min, 0.7466666666666667% probability)
2026-08-12T17:35:22.870+05:30  WARN 25776 --- [shiptrack-backend] [MessageBroker-2] c.s.service.DelayPredictionService       : Delay detected for shipment 53: No location update for 74 minutes (74 min)
2026-08-12T17:35:23.989+05:30  INFO 25776 --- [shiptrack-backend] [MessageBroker-1] com.shiptrack.service.GeocodingService   : OSRM route found: 542.2 km, 420 min
Hibernate: 
    update
        shipments s1_0 
    set
        estimated_duration=?,
        estimated_delivery_time=? 
    where
        s1_0.id=?
2026-08-12T17:35:24.002+05:30  INFO 25776 --- [shiptrack-backend] [MessageBroker-1] com.shiptrack.service.EtaService         : ETA calculated for shipment 22: 419 min, delivery at 2026-08-13T00:34:23.989557100
Hibernate: 
    select
        te1_0.id,
        te1_0.latitude,
        te1_0.longitude,
        te1_0.recorded_at,
        te1_0.shipment_id,
        te1_0.status 
    from
        tracking_events te1_0 
    left join
        shipments s1_0 
            on s1_0.id=te1_0.shipment_id 
    where
        s1_0.id=? 
    order by
        te1_0.recorded_at
Hibernate: 
    select
        rhp1_0.id,
        rhp1_0.latitude,
        rhp1_0.longitude,
        rhp1_0.progress,
        rhp1_0.recorded_at,
        rhp1_0.shipment_id,
        rhp1_0.speed 
    from
        route_history_points rhp1_0 
    left join
        shipments s1_0 
            on s1_0.id=rhp1_0.shipment_id 
    where
        s1_0.id=? 
    order by
        rhp1_0.recorded_at desc 
    fetch
        first ? rows only
2026-08-12T17:35:24.941+05:30 ERROR 25776 --- [shiptrack-backend] [MessageBroker-1] com.shiptrack.service.GeocodingService   : Geoapify routing failed

java.lang.ClassCastException: class java.util.ArrayList cannot be cast to class java.lang.Number (java.util.ArrayList and java.lang.Number are in module java.base of loader 'bootstrap')
	at com.shiptrack.service.GeocodingService.lambda$coordsToPolyline$0(GeocodingService.java:240) ~[classes/:na]
	at java.base/java.util.stream.ReferencePipeline$3$1.accept(ReferencePipeline.java:214) ~[na:na]
	at java.base/java.util.ArrayList$ArrayListSpliterator.forEachRemaining(ArrayList.java:1724) ~[na:na]
	at java.base/java.util.stream.AbstractPipeline.copyInto(AbstractPipeline.java:570) ~[na:na]
	at java.base/java.util.stream.AbstractPipeline.wrapAndCopyInto(AbstractPipeline.java:560) ~[na:na]
	at java.base/java.util.stream.AbstractPipeline.evaluate(AbstractPipeline.java:635) ~[na:na]
	at java.base/java.util.stream.AbstractPipeline.evaluateToArrayNode(AbstractPipeline.java:291) ~[na:na]
	at java.base/java.util.stream.ReferencePipeline.toArray(ReferencePipeline.java:652) ~[na:na]
	at java.base/java.util.stream.ReferencePipeline.toArray(ReferencePipeline.java:658) ~[na:na]
	at java.base/java.util.stream.ReferencePipeline.toList(ReferencePipeline.java:663) ~[na:na]
	at com.shiptrack.service.GeocodingService.coordsToPolyline(GeocodingService.java:243) ~[classes/:na]
	at com.shiptrack.service.GeocodingService.routeWithGeoapify(GeocodingService.java:179) ~[classes/:na]
	at com.shiptrack.service.GeocodingService.calculateRoute(GeocodingService.java:142) ~[classes/:na]
	at com.shiptrack.service.GeocodingService.calculateDuration(GeocodingService.java:247) ~[classes/:na]
	at com.shiptrack.service.EtaService.calculateEta(EtaService.java:95) ~[classes/:na]
	at com.shiptrack.service.EtaService.recalculateActiveEtas(EtaService.java:131) ~[classes/:na]
	at java.base/jdk.internal.reflect.DirectMethodHandleAccessor.invoke(DirectMethodHandleAccessor.java:104) ~[na:na]
	at java.base/java.lang.reflect.Method.invoke(Method.java:565) ~[na:na]
	at org.springframework.aop.support.AopUtils.invokeJoinpointUsingReflection(AopUtils.java:359) ~[spring-aop-6.2.8.jar:6.2.8]
	at org.springframework.aop.framework.ReflectiveMethodInvocation.invokeJoinpoint(ReflectiveMethodInvocation.java:196) ~[spring-aop-6.2.8.jar:6.2.8]
	at org.springframework.aop.framework.ReflectiveMethodInvocation.proceed(ReflectiveMethodInvocation.java:163) ~[spring-aop-6.2.8.jar:6.2.8]
	at org.springframework.transaction.interceptor.TransactionAspectSupport.invokeWithinTransaction(TransactionAspectSupport.java:380) ~[spring-tx-6.2.8.jar:6.2.8]
	at org.springframework.transaction.interceptor.TransactionInterceptor.invoke(TransactionInterceptor.java:119) ~[spring-tx-6.2.8.jar:6.2.8]
	at org.springframework.aop.framework.ReflectiveMethodInvocation.proceed(ReflectiveMethodInvocation.java:184) ~[spring-aop-6.2.8.jar:6.2.8]
	at org.springframework.aop.framework.CglibAopProxy$DynamicAdvisedInterceptor.intercept(CglibAopProxy.java:728) ~[spring-aop-6.2.8.jar:6.2.8]
	at com.shiptrack.service.EtaService$$SpringCGLIB$$0.recalculateActiveEtas(<generated>) ~[classes/:na]
	at java.base/jdk.internal.reflect.DirectMethodHandleAccessor.invoke(DirectMethodHandleAccessor.java:104) ~[na:na]
	at java.base/java.lang.reflect.Method.invoke(Method.java:565) ~[na:na]
	at org.springframework.scheduling.support.ScheduledMethodRunnable.runInternal(ScheduledMethodRunnable.java:130) ~[spring-context-6.2.8.jar:6.2.8]
	at org.springframework.scheduling.support.ScheduledMethodRunnable.lambda$run$2(ScheduledMethodRunnable.java:124) ~[spring-context-6.2.8.jar:6.2.8]
	at io.micrometer.observation.Observation.observe(Observation.java:498) ~[micrometer-observation-1.15.1.jar:1.15.1]
	at org.springframework.scheduling.support.ScheduledMethodRunnable.run(ScheduledMethodRunnable.java:124) ~[spring-context-6.2.8.jar:6.2.8]
	at org.springframework.scheduling.config.Task$OutcomeTrackingRunnable.run(Task.java:85) ~[spring-context-6.2.8.jar:6.2.8]
	at org.springframework.scheduling.support.DelegatingErrorHandlingRunnable.run(DelegatingErrorHandlingRunnable.java:54) ~[spring-context-6.2.8.jar:6.2.8]
	at java.base/java.util.concurrent.Executors$RunnableAdapter.call(Executors.java:545) ~[na:na]
	at java.base/java.util.concurrent.FutureTask.runAndReset(FutureTask.java:371) ~[na:na]
	at java.base/java.util.concurrent.ScheduledThreadPoolExecutor$ScheduledFutureTask.run(ScheduledThreadPoolExecutor.java:310) ~[na:na]
	at java.base/java.util.concurrent.ThreadPoolExecutor.runWorker(ThreadPoolExecutor.java:1090) ~[na:na]
	at java.base/java.util.concurrent.ThreadPoolExecutor$Worker.run(ThreadPoolExecutor.java:614) ~[na:na]
	at java.base/java.lang.Thread.run(Thread.java:1516) ~[na:na]

2026-08-12T17:35:24.942+05:30  WARN 25776 --- [shiptrack-backend] [MessageBroker-1] com.shiptrack.service.GeocodingService   : Geoapify routing failed, trying OSRM fallback...
2026-08-12T17:35:25.980+05:30  INFO 25776 --- [shiptrack-backend] [nio-8080-exec-1] o.a.c.c.C.[Tomcat].[localhost].[/]       : Initializing Spring DispatcherServlet 'dispatcherServlet'
2026-08-12T17:35:25.980+05:30  INFO 25776 --- [shiptrack-backend] [nio-8080-exec-1] o.s.web.servlet.DispatcherServlet        : Initializing Servlet 'dispatcherServlet'
2026-08-12T17:35:25.980+05:30  INFO 25776 --- [shiptrack-backend] [nio-8080-exec-1] o.s.web.servlet.DispatcherServlet        : Completed initialization in 0 ms
2026-08-12T17:35:26.695+05:30  INFO 25776 --- [shiptrack-backend] [MessageBroker-1] com.shiptrack.service.GeocodingService   : OSRM route found: 584.0 km, 456 min
Hibernate: 
    update
        shipments s1_0 
    set
        estimated_duration=?,
        estimated_delivery_time=? 
    where
        s1_0.id=?
2026-08-12T17:35:26.698+05:30  INFO 25776 --- [shiptrack-backend] [MessageBroker-1] com.shiptrack.service.EtaService         : ETA calculated for shipment 24: 456 min, delivery at 2026-08-13T01:11:26.695367300
Hibernate: 
    select
        te1_0.id,
        te1_0.latitude,
        te1_0.longitude,
        te1_0.recorded_at,
        te1_0.shipment_id,
        te1_0.status 
    from
        tracking_events te1_0 
    left join
        shipments s1_0 
            on s1_0.id=te1_0.shipment_id 
    where
        s1_0.id=? 
    order by
        te1_0.recorded_at
Hibernate: 
    select
        rhp1_0.id,
        rhp1_0.latitude,
        rhp1_0.longitude,
        rhp1_0.progress,
        rhp1_0.recorded_at,
        rhp1_0.shipment_id,
        rhp1_0.speed 
    from
        route_history_points rhp1_0 
    left join
        shipments s1_0 
            on s1_0.id=rhp1_0.shipment_id 
    where
        s1_0.id=? 
    order by
        rhp1_0.recorded_at desc 
    fetch
        first ? rows only
2026-08-12T17:35:27.164+05:30  WARN 25776 --- [shiptrack-backend] [MessageBroker-1] com.shiptrack.service.GeocodingService   : No Geoapify route found
2026-08-12T17:35:27.164+05:30  WARN 25776 --- [shiptrack-backend] [MessageBroker-1] com.shiptrack.service.GeocodingService   : Geoapify routing failed, trying OSRM fallback...
2026-08-12T17:35:28.936+05:30  INFO 25776 --- [shiptrack-backend] [MessageBroker-1] com.shiptrack.service.GeocodingService   : OSRM route found: 474.9 km, 353 min
Hibernate: 
    update
        shipments s1_0 
    set
        estimated_duration=?,
        estimated_delivery_time=? 
    where
        s1_0.id=?
2026-08-12T17:35:28.941+05:30  INFO 25776 --- [shiptrack-backend] [MessageBroker-1] com.shiptrack.service.EtaService         : ETA calculated for shipment 52: 353 min, delivery at 2026-08-12T23:28:28.936269700
Hibernate: 
    select
        te1_0.id,
        te1_0.latitude,
        te1_0.longitude,
        te1_0.recorded_at,
        te1_0.shipment_id,
        te1_0.status 
    from
        tracking_events te1_0 
    left join
        shipments s1_0 
            on s1_0.id=te1_0.shipment_id 
    where
        s1_0.id=? 
    order by
        te1_0.recorded_at
Hibernate: 
    select
        rhp1_0.id,
        rhp1_0.latitude,
        rhp1_0.longitude,
        rhp1_0.progress,
        rhp1_0.recorded_at,
        rhp1_0.shipment_id,
        rhp1_0.speed 
    from
        route_history_points rhp1_0 
    left join
        shipments s1_0 
            on s1_0.id=rhp1_0.shipment_id 
    where
        s1_0.id=? 
    order by
        rhp1_0.recorded_at desc 
    fetch
        first ? rows only
2026-08-12T17:35:29.330+05:30 ERROR 25776 --- [shiptrack-backend] [MessageBroker-1] com.shiptrack.service.GeocodingService   : Geoapify routing failed

java.lang.ClassCastException: class java.util.ArrayList cannot be cast to class java.lang.Number (java.util.ArrayList and java.lang.Number are in module java.base of loader 'bootstrap')
	at com.shiptrack.service.GeocodingService.lambda$coordsToPolyline$0(GeocodingService.java:240) ~[classes/:na]
	at java.base/java.util.stream.ReferencePipeline$3$1.accept(ReferencePipeline.java:214) ~[na:na]
	at java.base/java.util.ArrayList$ArrayListSpliterator.forEachRemaining(ArrayList.java:1724) ~[na:na]
	at java.base/java.util.stream.AbstractPipeline.copyInto(AbstractPipeline.java:570) ~[na:na]
	at java.base/java.util.stream.AbstractPipeline.wrapAndCopyInto(AbstractPipeline.java:560) ~[na:na]
	at java.base/java.util.stream.AbstractPipeline.evaluate(AbstractPipeline.java:635) ~[na:na]
	at java.base/java.util.stream.AbstractPipeline.evaluateToArrayNode(AbstractPipeline.java:291) ~[na:na]
	at java.base/java.util.stream.ReferencePipeline.toArray(ReferencePipeline.java:652) ~[na:na]
	at java.base/java.util.stream.ReferencePipeline.toArray(ReferencePipeline.java:658) ~[na:na]
	at java.base/java.util.stream.ReferencePipeline.toList(ReferencePipeline.java:663) ~[na:na]
	at com.shiptrack.service.GeocodingService.coordsToPolyline(GeocodingService.java:243) ~[classes/:na]
	at com.shiptrack.service.GeocodingService.routeWithGeoapify(GeocodingService.java:179) ~[classes/:na]
	at com.shiptrack.service.GeocodingService.calculateRoute(GeocodingService.java:142) ~[classes/:na]
	at com.shiptrack.service.GeocodingService.calculateDuration(GeocodingService.java:247) ~[classes/:na]
	at com.shiptrack.service.EtaService.calculateEta(EtaService.java:95) ~[classes/:na]
	at com.shiptrack.service.EtaService.recalculateActiveEtas(EtaService.java:131) ~[classes/:na]
	at java.base/jdk.internal.reflect.DirectMethodHandleAccessor.invoke(DirectMethodHandleAccessor.java:104) ~[na:na]
	at java.base/java.lang.reflect.Method.invoke(Method.java:565) ~[na:na]
	at org.springframework.aop.support.AopUtils.invokeJoinpointUsingReflection(AopUtils.java:359) ~[spring-aop-6.2.8.jar:6.2.8]
	at org.springframework.aop.framework.ReflectiveMethodInvocation.invokeJoinpoint(ReflectiveMethodInvocation.java:196) ~[spring-aop-6.2.8.jar:6.2.8]
	at org.springframework.aop.framework.ReflectiveMethodInvocation.proceed(ReflectiveMethodInvocation.java:163) ~[spring-aop-6.2.8.jar:6.2.8]
	at org.springframework.transaction.interceptor.TransactionAspectSupport.invokeWithinTransaction(TransactionAspectSupport.java:380) ~[spring-tx-6.2.8.jar:6.2.8]
	at org.springframework.transaction.interceptor.TransactionInterceptor.invoke(TransactionInterceptor.java:119) ~[spring-tx-6.2.8.jar:6.2.8]
	at org.springframework.aop.framework.ReflectiveMethodInvocation.proceed(ReflectiveMethodInvocation.java:184) ~[spring-aop-6.2.8.jar:6.2.8]
	at org.springframework.aop.framework.CglibAopProxy$DynamicAdvisedInterceptor.intercept(CglibAopProxy.java:728) ~[spring-aop-6.2.8.jar:6.2.8]
	at com.shiptrack.service.EtaService$$SpringCGLIB$$0.recalculateActiveEtas(<generated>) ~[classes/:na]
	at java.base/jdk.internal.reflect.DirectMethodHandleAccessor.invoke(DirectMethodHandleAccessor.java:104) ~[na:na]
	at java.base/java.lang.reflect.Method.invoke(Method.java:565) ~[na:na]
	at org.springframework.scheduling.support.ScheduledMethodRunnable.runInternal(ScheduledMethodRunnable.java:130) ~[spring-context-6.2.8.jar:6.2.8]
	at org.springframework.scheduling.support.ScheduledMethodRunnable.lambda$run$2(ScheduledMethodRunnable.java:124) ~[spring-context-6.2.8.jar:6.2.8]
	at io.micrometer.observation.Observation.observe(Observation.java:498) ~[micrometer-observation-1.15.1.jar:1.15.1]
	at org.springframework.scheduling.support.ScheduledMethodRunnable.run(ScheduledMethodRunnable.java:124) ~[spring-context-6.2.8.jar:6.2.8]
	at org.springframework.scheduling.config.Task$OutcomeTrackingRunnable.run(Task.java:85) ~[spring-context-6.2.8.jar:6.2.8]
	at org.springframework.scheduling.support.DelegatingErrorHandlingRunnable.run(DelegatingErrorHandlingRunnable.java:54) ~[spring-context-6.2.8.jar:6.2.8]
	at java.base/java.util.concurrent.Executors$RunnableAdapter.call(Executors.java:545) ~[na:na]
	at java.base/java.util.concurrent.FutureTask.runAndReset(FutureTask.java:371) ~[na:na]
	at java.base/java.util.concurrent.ScheduledThreadPoolExecutor$ScheduledFutureTask.run(ScheduledThreadPoolExecutor.java:310) ~[na:na]
	at java.base/java.util.concurrent.ThreadPoolExecutor.runWorker(ThreadPoolExecutor.java:1090) ~[na:na]
	at java.base/java.util.concurrent.ThreadPoolExecutor$Worker.run(ThreadPoolExecutor.java:614) ~[na:na]
	at java.base/java.lang.Thread.run(Thread.java:1516) ~[na:na]

2026-08-12T17:35:29.330+05:30  WARN 25776 --- [shiptrack-backend] [MessageBroker-1] com.shiptrack.service.GeocodingService   : Geoapify routing failed, trying OSRM fallback...
2026-08-12T17:35:30.128+05:30  INFO 25776 --- [shiptrack-backend] [MessageBroker-1] com.shiptrack.service.GeocodingService   : OSRM route found: 1.0 km, 2 min
Hibernate: 
    update
        shipments s1_0 
    set
        estimated_duration=?,
        estimated_delivery_time=? 
    where
        s1_0.id=?
2026-08-12T17:35:30.132+05:30  INFO 25776 --- [shiptrack-backend] [MessageBroker-1] com.shiptrack.service.EtaService         : ETA calculated for shipment 53: 1 min, delivery at 2026-08-12T17:36:30.128006300
Hibernate: 
    select
        s1_0.id,
        s1_0.actual_delivery_time,
        s1_0.created_at,
        s1_0.created_by,
        s1_0.delivery_address,
        s1_0.destination_latitude,
        s1_0.destination_longitude,
        s1_0.estimated_delivery_time,
        s1_0.estimated_duration,
        s1_0.origin_latitude,
        s1_0.origin_longitude,
        s1_0.receiver_name,
        s1_0.route_polyline,
        s1_0.sender_address,
        s1_0.sender_name,
        s1_0.status,
        s1_0.total_distance,
        s1_0.tracking_number 
    from
        shipments s1_0 
    where
        s1_0.status in (?, ?)
Hibernate: 
    insert 
    into
        route_history_points
        (latitude, longitude, progress, recorded_at, shipment_id, speed) 
    values
        (?, ?, ?, ?, ?, ?)
2026-08-12T17:35:50.714+05:30  INFO 25776 --- [shiptrack-backend] [MessageBroker-2] c.shiptrack.service.LiveTrackingService  : Broadcast location update for shipment 24: 15.30064,74.08526
Hibernate: 
    insert 
    into
        route_history_points
        (latitude, longitude, progress, recorded_at, shipment_id, speed) 
    values
        (?, ?, ?, ?, ?, ?)
2026-08-12T17:35:50.723+05:30  INFO 25776 --- [shiptrack-backend] [MessageBroker-2] c.shiptrack.service.LiveTrackingService  : Broadcast location update for shipment 52: 21.861925209557587,87.25576510446622
2026-08-12T17:36:20.684+05:30  INFO 25776 --- [shiptrack-backend] [essageBroker-15] o.s.w.s.c.WebSocketMessageBrokerStats    : WebSocketSession[1 current WS(1)-HttpStream(0)-HttpPoll(0), 1 total, 0 closed abnormally (0 connect failure, 0 send limit, 0 transport error)], stompSubProtocol[processed CONNECT(1)-CONNECTED(1)-DISCONNECT(0)], stompBrokerRelay[null], inboundChannel[pool size = 6, active threads = 0, queued tasks = 0, completed tasks = 6], outboundChannel[pool size = 1, active threads = 0, queued tasks = 0, completed tasks = 1], sockJsScheduler[pool size = 16, active threads = 1, queued tasks = 5, completed tasks = 17]
Hibernate: 
    select
        s1_0.id,
        s1_0.actual_delivery_time,
        s1_0.created_at,
        s1_0.created_by,
        s1_0.delivery_address,
        s1_0.destination_latitude,
        s1_0.destination_longitude,
        s1_0.estimated_delivery_time,
        s1_0.estimated_duration,
        s1_0.origin_latitude,
        s1_0.origin_longitude,
        s1_0.receiver_name,
        s1_0.route_polyline,
        s1_0.sender_address,
        s1_0.sender_name,
        s1_0.status,
        s1_0.total_distance,
        s1_0.tracking_number 
    from
        shipments s1_0 
    where
        s1_0.status in (?, ?)
Hibernate: 
    select
        s1_0.id,
        s1_0.actual_delivery_time,
        s1_0.created_at,
        s1_0.created_by,
        s1_0.delivery_address,
        s1_0.destination_latitude,
        s1_0.destination_longitude,
        s1_0.estimated_delivery_time,
        s1_0.estimated_duration,
        s1_0.origin_latitude,
        s1_0.origin_longitude,
        s1_0.receiver_name,
        s1_0.route_polyline,
        s1_0.sender_address,
        s1_0.sender_name,
        s1_0.status,
        s1_0.total_distance,
        s1_0.tracking_number 
    from
        shipments s1_0 
    where
        s1_0.status in (?, ?)
Hibernate: 
    select
        s1_0.id,
        s1_0.actual_delivery_time,
        s1_0.created_at,
        s1_0.created_by,
        s1_0.delivery_address,
        s1_0.destination_latitude,
        s1_0.destination_longitude,
        s1_0.estimated_delivery_time,
        s1_0.estimated_duration,
        s1_0.origin_latitude,
        s1_0.origin_longitude,
        s1_0.receiver_name,
        s1_0.route_polyline,
        s1_0.sender_address,
        s1_0.sender_name,
        s1_0.status,
        s1_0.total_distance,
        s1_0.tracking_number 
    from
        shipments s1_0 
    where
        s1_0.id=?
Hibernate: 
    insert 
    into
        route_history_points
        (latitude, longitude, progress, recorded_at, shipment_id, speed) 
    values
        (?, ?, ?, ?, ?, ?)
Hibernate: 
    select
        te1_0.id,
        te1_0.latitude,
        te1_0.longitude,
        te1_0.recorded_at,
        te1_0.shipment_id,
        te1_0.status 
    from
        tracking_events te1_0 
    left join
        shipments s1_0 
            on s1_0.id=te1_0.shipment_id 
    where
        s1_0.id=? 
    order by
        te1_0.recorded_at
2026-08-12T17:36:20.703+05:30  INFO 25776 --- [shiptrack-backend] [MessageBroker-2] c.shiptrack.service.LiveTrackingService  : Broadcast location update for shipment 24: 15.30064,74.08526
Hibernate: 
    select
        rhp1_0.id,
        rhp1_0.latitude,
        rhp1_0.longitude,
        rhp1_0.progress,
        rhp1_0.recorded_at,
        rhp1_0.shipment_id,
        rhp1_0.speed 
    from
        route_history_points rhp1_0 
    left join
        shipments s1_0 
            on s1_0.id=rhp1_0.shipment_id 
    where
        s1_0.id=? 
    order by
        rhp1_0.recorded_at desc 
    fetch
        first ? rows only
Hibernate: 
    insert 
    into
        route_history_points
        (latitude, longitude, progress, recorded_at, shipment_id, speed) 
    values
        (?, ?, ?, ?, ?, ?)
Hibernate: 
    select
        dp1_0.id,
        dp1_0.delay_minutes,
        dp1_0.delay_reason,
        dp1_0.detected_at,
        dp1_0.is_active,
        dp1_0.probability,
        dp1_0.shipment_id 
    from
        delay_predictions dp1_0 
    where
        dp1_0.shipment_id=? 
        and dp1_0.is_active 
    order by
        dp1_0.detected_at desc 
    fetch
        first ? rows only
2026-08-12T17:36:20.706+05:30  INFO 25776 --- [shiptrack-backend] [MessageBroker-2] c.shiptrack.service.LiveTrackingService  : Broadcast location update for shipment 52: 21.847144869592913,87.2502027855174
Hibernate: 
    select
        dp1_0.id,
        dp1_0.delay_minutes,
        dp1_0.delay_reason,
        dp1_0.detected_at,
        dp1_0.is_active,
        dp1_0.probability,
        dp1_0.shipment_id 
    from
        delay_predictions dp1_0 
    where
        dp1_0.shipment_id=? 
        and dp1_0.is_active
Hibernate: 
    select
        dp1_0.id,
        dp1_0.delay_minutes,
        dp1_0.delay_reason,
        dp1_0.detected_at,
        dp1_0.is_active,
        dp1_0.probability,
        dp1_0.shipment_id 
    from
        delay_predictions dp1_0 
    where
        dp1_0.id=?
Hibernate: 
    update
        delay_predictions 
    set
        delay_minutes=?,
        delay_reason=?,
        detected_at=?,
        is_active=?,
        probability=?,
        shipment_id=? 
    where
        id=?
2026-08-12T17:36:20.710+05:30  INFO 25776 --- [shiptrack-backend] [MessageBroker-5] c.s.service.DelayPredictionService       : Superseded 1 stale delay prediction(s) for shipment 24
Hibernate: 
    insert 
    into
        delay_predictions
        (delay_minutes, delay_reason, detected_at, is_active, probability, shipment_id) 
    values
        (?, ?, ?, ?, ?, ?)
2026-08-12T17:36:20.712+05:30  WARN 25776 --- [shiptrack-backend] [MessageBroker-5] c.shiptrack.service.LiveTrackingService  : Delay alert for shipment 24: Shipment is behind schedule (22262 min, 0.95% probability)
2026-08-12T17:36:20.713+05:30  WARN 25776 --- [shiptrack-backend] [MessageBroker-5] c.s.service.DelayPredictionService       : Delay detected for shipment 24: Shipment is behind schedule (22262 min)
Hibernate: 
    select
        s1_0.id,
        s1_0.actual_delivery_time,
        s1_0.created_at,
        s1_0.created_by,
        s1_0.delivery_address,
        s1_0.destination_latitude,
        s1_0.destination_longitude,
        s1_0.estimated_delivery_time,
        s1_0.estimated_duration,
        s1_0.origin_latitude,
        s1_0.origin_longitude,
        s1_0.receiver_name,
        s1_0.route_polyline,
        s1_0.sender_address,
        s1_0.sender_name,
        s1_0.status,
        s1_0.total_distance,
        s1_0.tracking_number 
    from
        shipments s1_0 
    where
        s1_0.id=?
Hibernate: 
    select
        te1_0.id,
        te1_0.latitude,
        te1_0.longitude,
        te1_0.recorded_at,
        te1_0.shipment_id,
        te1_0.status 
    from
        tracking_events te1_0 
    left join
        shipments s1_0 
            on s1_0.id=te1_0.shipment_id 
    where
        s1_0.id=? 
    order by
        te1_0.recorded_at
Hibernate: 
    select
        rhp1_0.id,
        rhp1_0.latitude,
        rhp1_0.longitude,
        rhp1_0.progress,
        rhp1_0.recorded_at,
        rhp1_0.shipment_id,
        rhp1_0.speed 
    from
        route_history_points rhp1_0 
    left join
        shipments s1_0 
            on s1_0.id=rhp1_0.shipment_id 
    where
        s1_0.id=? 
    order by
        rhp1_0.recorded_at desc 
    fetch
        first ? rows only
Hibernate: 
    select
        dp1_0.id,
        dp1_0.delay_minutes,
        dp1_0.delay_reason,
        dp1_0.detected_at,
        dp1_0.is_active,
        dp1_0.probability,
        dp1_0.shipment_id 
    from
        delay_predictions dp1_0 
    where
        dp1_0.shipment_id=? 
        and dp1_0.is_active 
    order by
        dp1_0.detected_at desc 
    fetch
        first ? rows only
Hibernate: 
    select
        dp1_0.id,
        dp1_0.delay_minutes,
        dp1_0.delay_reason,
        dp1_0.detected_at,
        dp1_0.is_active,
        dp1_0.probability,
        dp1_0.shipment_id 
    from
        delay_predictions dp1_0 
    where
        dp1_0.shipment_id=? 
        and dp1_0.is_active
Hibernate: 
    select
        dp1_0.id,
        dp1_0.delay_minutes,
        dp1_0.delay_reason,
        dp1_0.detected_at,
        dp1_0.is_active,
        dp1_0.probability,
        dp1_0.shipment_id 
    from
        delay_predictions dp1_0 
    where
        dp1_0.id=?
Hibernate: 
    update
        delay_predictions 
    set
        delay_minutes=?,
        delay_reason=?,
        detected_at=?,
        is_active=?,
        probability=?,
        shipment_id=? 
    where
        id=?
2026-08-12T17:36:20.721+05:30  INFO 25776 --- [shiptrack-backend] [MessageBroker-5] c.s.service.DelayPredictionService       : Superseded 1 stale delay prediction(s) for shipment 22
Hibernate: 
    insert 
    into
        delay_predictions
        (delay_minutes, delay_reason, detected_at, is_active, probability, shipment_id) 
    values
        (?, ?, ?, ?, ?, ?)
2026-08-12T17:36:20.723+05:30  WARN 25776 --- [shiptrack-backend] [MessageBroker-5] c.shiptrack.service.LiveTrackingService  : Delay alert for shipment 22: No location update for 20114 minutes (120 min, 0.9% probability)
2026-08-12T17:36:20.723+05:30  WARN 25776 --- [shiptrack-backend] [MessageBroker-5] c.s.service.DelayPredictionService       : Delay detected for shipment 22: No location update for 20114 minutes (120 min)
Hibernate: 
    select
        s1_0.id,
        s1_0.actual_delivery_time,
        s1_0.created_at,
        s1_0.created_by,
        s1_0.delivery_address,
        s1_0.destination_latitude,
        s1_0.destination_longitude,
        s1_0.estimated_delivery_time,
        s1_0.estimated_duration,
        s1_0.origin_latitude,
        s1_0.origin_longitude,
        s1_0.receiver_name,
        s1_0.route_polyline,
        s1_0.sender_address,
        s1_0.sender_name,
        s1_0.status,
        s1_0.total_distance,
        s1_0.tracking_number 
    from
        shipments s1_0 
    where
        s1_0.id=?
Hibernate: 
    select
        te1_0.id,
        te1_0.latitude,
        te1_0.longitude,
        te1_0.recorded_at,
        te1_0.shipment_id,
        te1_0.status 
    from
        tracking_events te1_0 
    left join
        shipments s1_0 
            on s1_0.id=te1_0.shipment_id 
    where
        s1_0.id=? 
    order by
        te1_0.recorded_at
Hibernate: 
    select
        rhp1_0.id,
        rhp1_0.latitude,
        rhp1_0.longitude,
        rhp1_0.progress,
        rhp1_0.recorded_at,
        rhp1_0.shipment_id,
        rhp1_0.speed 
    from
        route_history_points rhp1_0 
    left join
        shipments s1_0 
            on s1_0.id=rhp1_0.shipment_id 
    where
        s1_0.id=? 
    order by
        rhp1_0.recorded_at desc 
    fetch
        first ? rows only
2026-08-12T17:36:21.561+05:30  WARN 25776 --- [shiptrack-backend] [MessageBroker-5] com.shiptrack.service.GeocodingService   : No Geoapify route found
2026-08-12T17:36:21.562+05:30  WARN 25776 --- [shiptrack-backend] [MessageBroker-5] com.shiptrack.service.GeocodingService   : Geoapify routing failed, trying OSRM fallback...
2026-08-12T17:36:23.338+05:30  INFO 25776 --- [shiptrack-backend] [MessageBroker-5] com.shiptrack.service.GeocodingService   : OSRM route found: 615.1 km, 462 min
Hibernate: 
    select
        dp1_0.id,
        dp1_0.delay_minutes,
        dp1_0.delay_reason,
        dp1_0.detected_at,
        dp1_0.is_active,
        dp1_0.probability,
        dp1_0.shipment_id 
    from
        delay_predictions dp1_0 
    where
        dp1_0.shipment_id=? 
        and dp1_0.is_active 
    order by
        dp1_0.detected_at desc 
    fetch
        first ? rows only
Hibernate: 
    select
        dp1_0.id,
        dp1_0.delay_minutes,
        dp1_0.delay_reason,
        dp1_0.detected_at,
        dp1_0.is_active,
        dp1_0.probability,
        dp1_0.shipment_id 
    from
        delay_predictions dp1_0 
    where
        dp1_0.shipment_id=? 
        and dp1_0.is_active
Hibernate: 
    insert 
    into
        delay_predictions
        (delay_minutes, delay_reason, detected_at, is_active, probability, shipment_id) 
    values
        (?, ?, ?, ?, ?, ?)
2026-08-12T17:36:23.347+05:30  WARN 25776 --- [shiptrack-backend] [MessageBroker-5] c.shiptrack.service.LiveTrackingService  : Delay alert for shipment 52: Heavy traffic detected on route (108 min, 0.85% probability)
2026-08-12T17:36:23.347+05:30  WARN 25776 --- [shiptrack-backend] [MessageBroker-5] c.s.service.DelayPredictionService       : Delay detected for shipment 52: Heavy traffic detected on route (108 min)
Hibernate: 
    select
        s1_0.id,
        s1_0.actual_delivery_time,
        s1_0.created_at,
        s1_0.created_by,
        s1_0.delivery_address,
        s1_0.destination_latitude,
        s1_0.destination_longitude,
        s1_0.estimated_delivery_time,
        s1_0.estimated_duration,
        s1_0.origin_latitude,
        s1_0.origin_longitude,
        s1_0.receiver_name,
        s1_0.route_polyline,
        s1_0.sender_address,
        s1_0.sender_name,
        s1_0.status,
        s1_0.total_distance,
        s1_0.tracking_number 
    from
        shipments s1_0 
    where
        s1_0.id=?
Hibernate: 
    select
        te1_0.id,
        te1_0.latitude,
        te1_0.longitude,
        te1_0.recorded_at,
        te1_0.shipment_id,
        te1_0.status 
    from
        tracking_events te1_0 
    left join
        shipments s1_0 
            on s1_0.id=te1_0.shipment_id 
    where
        s1_0.id=? 
    order by
        te1_0.recorded_at
Hibernate: 
    select
        rhp1_0.id,
        rhp1_0.latitude,
        rhp1_0.longitude,
        rhp1_0.progress,
        rhp1_0.recorded_at,
        rhp1_0.shipment_id,
        rhp1_0.speed 
    from
        route_history_points rhp1_0 
    left join
        shipments s1_0 
            on s1_0.id=rhp1_0.shipment_id 
    where
        s1_0.id=? 
    order by
        rhp1_0.recorded_at desc 
    fetch
        first ? rows only
Hibernate: 
    select
        dp1_0.id,
        dp1_0.delay_minutes,
        dp1_0.delay_reason,
        dp1_0.detected_at,
        dp1_0.is_active,
        dp1_0.probability,
        dp1_0.shipment_id 
    from
        delay_predictions dp1_0 
    where
        dp1_0.shipment_id=? 
        and dp1_0.is_active 
    order by
        dp1_0.detected_at desc 
    fetch
        first ? rows only
Hibernate: 
    select
        dp1_0.id,
        dp1_0.delay_minutes,
        dp1_0.delay_reason,
        dp1_0.detected_at,
        dp1_0.is_active,
        dp1_0.probability,
        dp1_0.shipment_id 
    from
        delay_predictions dp1_0 
    where
        dp1_0.shipment_id=? 
        and dp1_0.is_active
Hibernate: 
    select
        dp1_0.id,
        dp1_0.delay_minutes,
        dp1_0.delay_reason,
        dp1_0.detected_at,
        dp1_0.is_active,
        dp1_0.probability,
        dp1_0.shipment_id 
    from
        delay_predictions dp1_0 
    where
        dp1_0.id=?
Hibernate: 
    update
        delay_predictions 
    set
        delay_minutes=?,
        delay_reason=?,
        detected_at=?,
        is_active=?,
        probability=?,
        shipment_id=? 
    where
        id=?
2026-08-12T17:36:23.357+05:30  INFO 25776 --- [shiptrack-backend] [MessageBroker-5] c.s.service.DelayPredictionService       : Superseded 1 stale delay prediction(s) for shipment 53
Hibernate: 
    insert 
    into
        delay_predictions
        (delay_minutes, delay_reason, detected_at, is_active, probability, shipment_id) 
    values
        (?, ?, ?, ?, ?, ?)
2026-08-12T17:36:23.358+05:30  WARN 25776 --- [shiptrack-backend] [MessageBroker-5] c.shiptrack.service.LiveTrackingService  : Delay alert for shipment 53: No location update for 75 minutes (75 min, 0.75% probability)
2026-08-12T17:36:23.359+05:30  WARN 25776 --- [shiptrack-backend] [MessageBroker-5] c.s.service.DelayPredictionService       : Delay detected for shipment 53: No location update for 75 minutes (75 min)
Hibernate: 
    select
        s1_0.id,
        s1_0.actual_delivery_time,
        s1_0.created_at,
        s1_0.created_by,
        s1_0.delivery_address,
        s1_0.destination_latitude,
        s1_0.destination_longitude,
        s1_0.estimated_delivery_time,
        s1_0.estimated_duration,
        s1_0.origin_latitude,
        s1_0.origin_longitude,
        s1_0.receiver_name,
        s1_0.route_polyline,
        s1_0.sender_address,
        s1_0.sender_name,
        s1_0.status,
        s1_0.total_distance,
        s1_0.tracking_number 
    from
        shipments s1_0 
    where
        s1_0.status in (?, ?)
Hibernate: 
    insert 
    into
        route_history_points
        (latitude, longitude, progress, recorded_at, shipment_id, speed) 
    values
        (?, ?, ?, ?, ?, ?)
2026-08-12T17:36:50.708+05:30  INFO 25776 --- [shiptrack-backend] [essageBroker-11] c.shiptrack.service.LiveTrackingService  : Broadcast location update for shipment 24: 15.298208349392231,74.07551384392771
Hibernate: 
    insert 
    into
        route_history_points
        (latitude, longitude, progress, recorded_at, shipment_id, speed) 
    values
        (?, ?, ?, ?, ?, ?)
2026-08-12T17:36:50.714+05:30  INFO 25776 --- [shiptrack-backend] [essageBroker-11] c.shiptrack.service.LiveTrackingService  : Broadcast location update for shipment 52: 21.847144869592913,87.2502027855174
2026-08-12T17:37:12.409+05:30  INFO 25776 --- [shiptrack-backend] [   File Watcher] rtingClassPathChangeChangedEventListener : Restarting due to 5 class path changes (0 additions, 0 deletions, 5 modifications)
2026-08-12T17:37:12.413+05:30  INFO 25776 --- [shiptrack-backend] [       Thread-5] o.s.b.w.e.tomcat.GracefulShutdown        : Commencing graceful shutdown. Waiting for active requests to complete
2026-08-12T17:37:12.418+05:30  INFO 25776 --- [shiptrack-backend] [tomcat-shutdown] o.s.b.w.e.tomcat.GracefulShutdown        : Graceful shutdown complete
2026-08-12T17:37:12.421+05:30  INFO 25776 --- [shiptrack-backend] [       Thread-5] o.s.m.s.b.SimpleBrokerMessageHandler     : Stopping...
2026-08-12T17:37:12.421+05:30  INFO 25776 --- [shiptrack-backend] [       Thread-5] o.s.m.s.b.SimpleBrokerMessageHandler     : BrokerAvailabilityEvent[available=false, SimpleBrokerMessageHandler [org.springframework.messaging.simp.broker.DefaultSubscriptionRegistry@4d63f057]]
2026-08-12T17:37:12.421+05:30  INFO 25776 --- [shiptrack-backend] [       Thread-5] o.s.m.s.b.SimpleBrokerMessageHandler     : Stopped.
2026-08-12T17:37:12.423+05:30  INFO 25776 --- [shiptrack-backend] [       Thread-5] j.LocalContainerEntityManagerFactoryBean : Closing JPA EntityManagerFactory for persistence unit 'default'
2026-08-12T17:37:12.425+05:30  INFO 25776 --- [shiptrack-backend] [       Thread-5] com.zaxxer.hikari.HikariDataSource       : HikariPool-1 - Shutdown initiated...
2026-08-12T17:37:12.427+05:30  INFO 25776 --- [shiptrack-backend] [       Thread-5] com.zaxxer.hikari.HikariDataSource       : HikariPool-1 - Shutdown completed.

  .   ____          _            __ _ _
 /\\ / ___'_ __ _ _(_)_ __  __ _ \ \ \ \
( ( )\___ | '_ | '_| | '_ \/ _` | \ \ \ \
 \\/  ___)| |_)| | | | | || (_| |  ) ) ) )
  '  |____| .__|_| |_|_| |_\__, | / / / /
 =========|_|==============|___/=/_/_/_/

 :: Spring Boot ::                (v3.5.3)

2026-08-12T17:37:12.481+05:30  INFO 25776 --- [shiptrack-backend] [  restartedMain] c.shiptrack.ShiptrackBackendApplication  : Starting ShiptrackBackendApplication using Java 26 with PID 25776 (E:\Raju-Working\ShipTrack-Pro\backend\target\classes started by rajus in E:\Raju-Working\ShipTrack-Pro\backend)
2026-08-12T17:37:12.481+05:30  INFO 25776 --- [shiptrack-backend] [  restartedMain] c.shiptrack.ShiptrackBackendApplication  : No active profile set, falling back to 1 default profile: "default"
2026-08-12T17:37:12.580+05:30  INFO 25776 --- [shiptrack-backend] [  restartedMain] .s.d.r.c.RepositoryConfigurationDelegate : Bootstrapping Spring Data JPA repositories in DEFAULT mode.
2026-08-12T17:37:12.593+05:30  INFO 25776 --- [shiptrack-backend] [  restartedMain] .s.d.r.c.RepositoryConfigurationDelegate : Finished Spring Data repository scanning in 11 ms. Found 9 JPA repository interfaces.
2026-08-12T17:37:12.663+05:30  INFO 25776 --- [shiptrack-backend] [  restartedMain] o.s.b.w.embedded.tomcat.TomcatWebServer  : Tomcat initialized with port 8080 (http)
2026-08-12T17:37:12.664+05:30  INFO 25776 --- [shiptrack-backend] [  restartedMain] o.apache.catalina.core.StandardService   : Starting service [Tomcat]
2026-08-12T17:37:12.664+05:30  INFO 25776 --- [shiptrack-backend] [  restartedMain] o.apache.catalina.core.StandardEngine    : Starting Servlet engine: [Apache Tomcat/10.1.42]
2026-08-12T17:37:12.676+05:30  INFO 25776 --- [shiptrack-backend] [  restartedMain] o.a.c.c.C.[Tomcat].[localhost].[/]       : Initializing Spring embedded WebApplicationContext
2026-08-12T17:37:12.676+05:30  INFO 25776 --- [shiptrack-backend] [  restartedMain] w.s.c.ServletWebServerApplicationContext : Root WebApplicationContext: initialization completed in 194 ms
2026-08-12T17:37:12.699+05:30  INFO 25776 --- [shiptrack-backend] [  restartedMain] o.hibernate.jpa.internal.util.LogHelper  : HHH000204: Processing PersistenceUnitInfo [name: default]
2026-08-12T17:37:12.701+05:30  INFO 25776 --- [shiptrack-backend] [  restartedMain] o.h.c.internal.RegionFactoryInitiator    : HHH000026: Second-level cache disabled
2026-08-12T17:37:12.705+05:30  INFO 25776 --- [shiptrack-backend] [  restartedMain] o.s.o.j.p.SpringPersistenceUnitInfo      : No LoadTimeWeaver setup: ignoring JPA class transformer
2026-08-12T17:37:12.705+05:30  INFO 25776 --- [shiptrack-backend] [  restartedMain] com.zaxxer.hikari.HikariDataSource       : HikariPool-2 - Starting...
2026-08-12T17:37:12.743+05:30  INFO 25776 --- [shiptrack-backend] [  restartedMain] com.zaxxer.hikari.pool.HikariPool        : HikariPool-2 - Added connection org.postgresql.jdbc.PgConnection@6314100c
2026-08-12T17:37:12.744+05:30  INFO 25776 --- [shiptrack-backend] [  restartedMain] com.zaxxer.hikari.HikariDataSource       : HikariPool-2 - Start completed.
2026-08-12T17:37:12.748+05:30  INFO 25776 --- [shiptrack-backend] [  restartedMain] org.hibernate.orm.connections.pooling    : HHH10001005: Database info:
	Database JDBC URL [Connecting through datasource 'HikariDataSource (HikariPool-2)']
	Database driver: undefined/unknown
	Database version: 18.4
	Autocommit mode: undefined/unknown
	Isolation level: undefined/unknown
	Minimum pool size: undefined/unknown
	Maximum pool size: undefined/unknown
2026-08-12T17:37:12.849+05:30  INFO 25776 --- [shiptrack-backend] [  restartedMain] o.h.e.t.j.p.i.JtaPlatformInitiator       : HHH000489: No JTA platform available (set 'hibernate.transaction.jta.platform' to enable JTA platform integration)
2026-08-12T17:37:13.278+05:30  INFO 25776 --- [shiptrack-backend] [  restartedMain] j.LocalContainerEntityManagerFactoryBean : Initialized JPA EntityManagerFactory for persistence unit 'default'
2026-08-12T17:37:14.864+05:30  INFO 25776 --- [shiptrack-backend] [  restartedMain] com.shiptrack.service.GeocodingService   : Geoapify API key validated successfully.
2026-08-12T17:37:15.022+05:30  INFO 25776 --- [shiptrack-backend] [  restartedMain] eAuthenticationProviderManagerConfigurer : Global AuthenticationManager configured with AuthenticationProvider bean with name authenticationProvider
2026-08-12T17:37:15.023+05:30  WARN 25776 --- [shiptrack-backend] [  restartedMain] r$InitializeUserDetailsManagerConfigurer : Global AuthenticationManager configured with an AuthenticationProvider bean. UserDetailsService beans will not be used by Spring Security for automatically configuring username/password login. Consider removing the AuthenticationProvider bean. Alternatively, consider using the UserDetailsService in a manually instantiated DaoAuthenticationProvider. If the current configuration is intentional, to turn off this warning, increase the logging level of 'org.springframework.security.config.annotation.authentication.configuration.InitializeUserDetailsBeanManagerConfigurer' to ERROR
2026-08-12T17:37:15.117+05:30  INFO 25776 --- [shiptrack-backend] [  restartedMain] o.s.b.d.a.OptionalLiveReloadServer       : LiveReload server is running on port 35729
2026-08-12T17:37:15.122+05:30  INFO 25776 --- [shiptrack-backend] [  restartedMain] o.s.m.s.b.SimpleBrokerMessageHandler     : Starting...
2026-08-12T17:37:15.122+05:30  INFO 25776 --- [shiptrack-backend] [  restartedMain] o.s.m.s.b.SimpleBrokerMessageHandler     : BrokerAvailabilityEvent[available=true, SimpleBrokerMessageHandler [org.springframework.messaging.simp.broker.DefaultSubscriptionRegistry@5af5b0f0]]
2026-08-12T17:37:15.122+05:30  INFO 25776 --- [shiptrack-backend] [  restartedMain] o.s.m.s.b.SimpleBrokerMessageHandler     : Started.
2026-08-12T17:37:15.125+05:30  INFO 25776 --- [shiptrack-backend] [  restartedMain] o.s.b.w.embedded.tomcat.TomcatWebServer  : Tomcat started on port 8080 (http) with context path '/'
2026-08-12T17:37:15.128+05:30  INFO 25776 --- [shiptrack-backend] [  restartedMain] c.shiptrack.ShiptrackBackendApplication  : Started ShiptrackBackendApplication in 2.659 seconds (process running for 141.09)
Hibernate: 
    select
        s1_0.id,
        s1_0.actual_delivery_time,
        s1_0.created_at,
        s1_0.created_by,
        s1_0.delivery_address,
        s1_0.destination_latitude,
        s1_0.destination_longitude,
        s1_0.estimated_delivery_time,
        s1_0.estimated_duration,
        s1_0.origin_latitude,
        s1_0.origin_longitude,
        s1_0.receiver_name,
        s1_0.route_polyline,
        s1_0.sender_address,
        s1_0.sender_name,
        s1_0.status,
        s1_0.total_distance,
        s1_0.tracking_number 
    from
        shipments s1_0 
    where
        s1_0.status in (?, ?)
Hibernate: 
    select
        u1_0.id 
    from
        users u1_0 
    where
        u1_0.email=? 
    fetch
        first ? rows only
Hibernate: 
    select
        s1_0.id,
        s1_0.actual_delivery_time,
        s1_0.created_at,
        s1_0.created_by,
        s1_0.delivery_address,
        s1_0.destination_latitude,
        s1_0.destination_longitude,
        s1_0.estimated_delivery_time,
        s1_0.estimated_duration,
        s1_0.origin_latitude,
        s1_0.origin_longitude,
        s1_0.receiver_name,
        s1_0.route_polyline,
        s1_0.sender_address,
        s1_0.sender_name,
        s1_0.status,
        s1_0.total_distance,
        s1_0.tracking_number 
    from
        shipments s1_0 
    where
        s1_0.status in (?, ?)
Hibernate: 
    select
        s1_0.id,
        s1_0.actual_delivery_time,
        s1_0.created_at,
        s1_0.created_by,
        s1_0.delivery_address,
        s1_0.destination_latitude,
        s1_0.destination_longitude,
        s1_0.estimated_delivery_time,
        s1_0.estimated_duration,
        s1_0.origin_latitude,
        s1_0.origin_longitude,
        s1_0.receiver_name,
        s1_0.route_polyline,
        s1_0.sender_address,
        s1_0.sender_name,
        s1_0.status,
        s1_0.total_distance,
        s1_0.tracking_number 
    from
        shipments s1_0 
    where
        s1_0.status in (?, ?)

Admin account already exists.

Hibernate: 
    select
        u1_0.id 
    from
        users u1_0 
    where
        u1_0.email=? 
    fetch
        first ? rows only
Hibernate: 
    select
        s1_0.id,
        s1_0.actual_delivery_time,
        s1_0.created_at,
        s1_0.created_by,
        s1_0.delivery_address,
        s1_0.destination_latitude,
        s1_0.destination_longitude,
        s1_0.estimated_delivery_time,
        s1_0.estimated_duration,
        s1_0.origin_latitude,
        s1_0.origin_longitude,
        s1_0.receiver_name,
        s1_0.route_polyline,
        s1_0.sender_address,
        s1_0.sender_name,
        s1_0.status,
        s1_0.total_distance,
        s1_0.tracking_number 
    from
        shipments s1_0 
    where
        s1_0.id=?

Support assistant account already exists.

Hibernate: 
    select
        te1_0.id,
        te1_0.latitude,
        te1_0.longitude,
        te1_0.recorded_at,
        te1_0.shipment_id,
        te1_0.status 
    from
        tracking_events te1_0 
    left join
        shipments s1_0 
            on s1_0.id=te1_0.shipment_id 
    where
        s1_0.id=? 
    order by
        te1_0.recorded_at
Hibernate: 
    select
        u1_0.id 
    from
        users u1_0 
    where
        u1_0.email=? 
    fetch
        first ? rows only
Hibernate: 
    select
        te1_0.id,
        te1_0.latitude,
        te1_0.longitude,
        te1_0.recorded_at,
        te1_0.shipment_id,
        te1_0.status 
    from
        tracking_events te1_0 
    left join
        shipments s1_0 
            on s1_0.id=te1_0.shipment_id 
    where
        s1_0.id=? 
    order by
        te1_0.recorded_at

Delivery operator account already exists.

Hibernate: 
    select
        te1_0.id,
        te1_0.latitude,
        te1_0.longitude,
        te1_0.recorded_at,
        te1_0.shipment_id,
        te1_0.status 
    from
        tracking_events te1_0 
    left join
        shipments s1_0 
            on s1_0.id=te1_0.shipment_id 
    where
        s1_0.id=? 
    order by
        te1_0.recorded_at
2026-08-12T17:37:15.157+05:30  INFO 25776 --- [shiptrack-backend] [  restartedMain] .ConditionEvaluationDeltaLoggingListener : Condition evaluation unchanged
Hibernate: 
    select
        rhp1_0.id,
        rhp1_0.latitude,
        rhp1_0.longitude,
        rhp1_0.progress,
        rhp1_0.recorded_at,
        rhp1_0.shipment_id,
        rhp1_0.speed 
    from
        route_history_points rhp1_0 
    left join
        shipments s1_0 
            on s1_0.id=rhp1_0.shipment_id 
    where
        s1_0.id=? 
    order by
        rhp1_0.recorded_at desc 
    fetch
        first ? rows only
Hibernate: 
    select
        rhp1_0.id,
        rhp1_0.latitude,
        rhp1_0.longitude,
        rhp1_0.progress,
        rhp1_0.recorded_at,
        rhp1_0.shipment_id,
        rhp1_0.speed 
    from
        route_history_points rhp1_0 
    left join
        shipments s1_0 
            on s1_0.id=rhp1_0.shipment_id 
    where
        s1_0.id=? 
    order by
        rhp1_0.recorded_at desc 
    fetch
        first ? rows only
Hibernate: 
    select
        dp1_0.id,
        dp1_0.delay_minutes,
        dp1_0.delay_reason,
        dp1_0.detected_at,
        dp1_0.is_active,
        dp1_0.probability,
        dp1_0.shipment_id 
    from
        delay_predictions dp1_0 
    where
        dp1_0.shipment_id=? 
        and dp1_0.is_active 
    order by
        dp1_0.detected_at desc 
    fetch
        first ? rows only
Hibernate: 
    insert 
    into
        route_history_points
        (latitude, longitude, progress, recorded_at, shipment_id, speed) 
    values
        (?, ?, ?, ?, ?, ?)
Hibernate: 
    select
        dp1_0.id,
        dp1_0.delay_minutes,
        dp1_0.delay_reason,
        dp1_0.detected_at,
        dp1_0.is_active,
        dp1_0.probability,
        dp1_0.shipment_id 
    from
        delay_predictions dp1_0 
    where
        dp1_0.shipment_id=? 
        and dp1_0.is_active
2026-08-12T17:37:15.164+05:30  INFO 25776 --- [shiptrack-backend] [MessageBroker-3] c.shiptrack.service.LiveTrackingService  : Broadcast location update for shipment 24: 15.30064,74.08526
Hibernate: 
    select
        te1_0.id,
        te1_0.latitude,
        te1_0.longitude,
        te1_0.recorded_at,
        te1_0.shipment_id,
        te1_0.status 
    from
        tracking_events te1_0 
    left join
        shipments s1_0 
            on s1_0.id=te1_0.shipment_id 
    where
        s1_0.id=? 
    order by
        te1_0.recorded_at
Hibernate: 
    select
        dp1_0.id,
        dp1_0.delay_minutes,
        dp1_0.delay_reason,
        dp1_0.detected_at,
        dp1_0.is_active,
        dp1_0.probability,
        dp1_0.shipment_id 
    from
        delay_predictions dp1_0 
    where
        dp1_0.id=?
Hibernate: 
    update
        delay_predictions 
    set
        delay_minutes=?,
        delay_reason=?,
        detected_at=?,
        is_active=?,
        probability=?,
        shipment_id=? 
    where
        id=?
Hibernate: 
    select
        te1_0.id,
        te1_0.latitude,
        te1_0.longitude,
        te1_0.recorded_at,
        te1_0.shipment_id,
        te1_0.status 
    from
        tracking_events te1_0 
    left join
        shipments s1_0 
            on s1_0.id=te1_0.shipment_id 
    where
        s1_0.id=? 
    order by
        te1_0.recorded_at
2026-08-12T17:37:15.168+05:30  INFO 25776 --- [shiptrack-backend] [MessageBroker-2] c.s.service.DelayPredictionService       : Superseded 1 stale delay prediction(s) for shipment 24
Hibernate: 
    insert 
    into
        delay_predictions
        (delay_minutes, delay_reason, detected_at, is_active, probability, shipment_id) 
    values
        (?, ?, ?, ?, ?, ?)
2026-08-12T17:37:15.171+05:30  WARN 25776 --- [shiptrack-backend] [MessageBroker-2] c.shiptrack.service.LiveTrackingService  : Delay alert for shipment 24: Shipment is behind schedule (22263 min, 0.95% probability)
2026-08-12T17:37:15.172+05:30  WARN 25776 --- [shiptrack-backend] [MessageBroker-2] c.s.service.DelayPredictionService       : Delay detected for shipment 24: Shipment is behind schedule (22263 min)
Hibernate: 
    insert 
    into
        route_history_points
        (latitude, longitude, progress, recorded_at, shipment_id, speed) 
    values
        (?, ?, ?, ?, ?, ?)
Hibernate: 
    select
        s1_0.id,
        s1_0.actual_delivery_time,
        s1_0.created_at,
        s1_0.created_by,
        s1_0.delivery_address,
        s1_0.destination_latitude,
        s1_0.destination_longitude,
        s1_0.estimated_delivery_time,
        s1_0.estimated_duration,
        s1_0.origin_latitude,
        s1_0.origin_longitude,
        s1_0.receiver_name,
        s1_0.route_polyline,
        s1_0.sender_address,
        s1_0.sender_name,
        s1_0.status,
        s1_0.total_distance,
        s1_0.tracking_number 
    from
        shipments s1_0 
    where
        s1_0.id=?
2026-08-12T17:37:15.174+05:30  INFO 25776 --- [shiptrack-backend] [MessageBroker-3] c.shiptrack.service.LiveTrackingService  : Broadcast location update for shipment 52: 21.832506932008318,87.24413409878781
Hibernate: 
    select
        te1_0.id,
        te1_0.latitude,
        te1_0.longitude,
        te1_0.recorded_at,
        te1_0.shipment_id,
        te1_0.status 
    from
        tracking_events te1_0 
    left join
        shipments s1_0 
            on s1_0.id=te1_0.shipment_id 
    where
        s1_0.id=? 
    order by
        te1_0.recorded_at
Hibernate: 
    select
        te1_0.id,
        te1_0.latitude,
        te1_0.longitude,
        te1_0.recorded_at,
        te1_0.shipment_id,
        te1_0.status 
    from
        tracking_events te1_0 
    left join
        shipments s1_0 
            on s1_0.id=te1_0.shipment_id 
    where
        s1_0.id=? 
    order by
        te1_0.recorded_at
Hibernate: 
    select
        rhp1_0.id,
        rhp1_0.latitude,
        rhp1_0.longitude,
        rhp1_0.progress,
        rhp1_0.recorded_at,
        rhp1_0.shipment_id,
        rhp1_0.speed 
    from
        route_history_points rhp1_0 
    left join
        shipments s1_0 
            on s1_0.id=rhp1_0.shipment_id 
    where
        s1_0.id=? 
    order by
        rhp1_0.recorded_at desc 
    fetch
        first ? rows only
Hibernate: 
    select
        dp1_0.id,
        dp1_0.delay_minutes,
        dp1_0.delay_reason,
        dp1_0.detected_at,
        dp1_0.is_active,
        dp1_0.probability,
        dp1_0.shipment_id 
    from
        delay_predictions dp1_0 
    where
        dp1_0.shipment_id=? 
        and dp1_0.is_active 
    order by
        dp1_0.detected_at desc 
    fetch
        first ? rows only
Hibernate: 
    select
        dp1_0.id,
        dp1_0.delay_minutes,
        dp1_0.delay_reason,
        dp1_0.detected_at,
        dp1_0.is_active,
        dp1_0.probability,
        dp1_0.shipment_id 
    from
        delay_predictions dp1_0 
    where
        dp1_0.shipment_id=? 
        and dp1_0.is_active
Hibernate: 
    select
        dp1_0.id,
        dp1_0.delay_minutes,
        dp1_0.delay_reason,
        dp1_0.detected_at,
        dp1_0.is_active,
        dp1_0.probability,
        dp1_0.shipment_id 
    from
        delay_predictions dp1_0 
    where
        dp1_0.id=?
Hibernate: 
    update
        delay_predictions 
    set
        delay_minutes=?,
        delay_reason=?,
        detected_at=?,
        is_active=?,
        probability=?,
        shipment_id=? 
    where
        id=?
2026-08-12T17:37:15.183+05:30  INFO 25776 --- [shiptrack-backend] [MessageBroker-2] c.s.service.DelayPredictionService       : Superseded 1 stale delay prediction(s) for shipment 22
Hibernate: 
    insert 
    into
        delay_predictions
        (delay_minutes, delay_reason, detected_at, is_active, probability, shipment_id) 
    values
        (?, ?, ?, ?, ?, ?)
2026-08-12T17:37:15.185+05:30  WARN 25776 --- [shiptrack-backend] [MessageBroker-2] c.shiptrack.service.LiveTrackingService  : Delay alert for shipment 22: No location update for 20115 minutes (120 min, 0.9% probability)
2026-08-12T17:37:15.185+05:30  WARN 25776 --- [shiptrack-backend] [MessageBroker-2] c.s.service.DelayPredictionService       : Delay detected for shipment 22: No location update for 20115 minutes (120 min)
Hibernate: 
    select
        s1_0.id,
        s1_0.actual_delivery_time,
        s1_0.created_at,
        s1_0.created_by,
        s1_0.delivery_address,
        s1_0.destination_latitude,
        s1_0.destination_longitude,
        s1_0.estimated_delivery_time,
        s1_0.estimated_duration,
        s1_0.origin_latitude,
        s1_0.origin_longitude,
        s1_0.receiver_name,
        s1_0.route_polyline,
        s1_0.sender_address,
        s1_0.sender_name,
        s1_0.status,
        s1_0.total_distance,
        s1_0.tracking_number 
    from
        shipments s1_0 
    where
        s1_0.id=?
Hibernate: 
    select
        te1_0.id,
        te1_0.latitude,
        te1_0.longitude,
        te1_0.recorded_at,
        te1_0.shipment_id,
        te1_0.status 
    from
        tracking_events te1_0 
    left join
        shipments s1_0 
            on s1_0.id=te1_0.shipment_id 
    where
        s1_0.id=? 
    order by
        te1_0.recorded_at
Hibernate: 
    select
        rhp1_0.id,
        rhp1_0.latitude,
        rhp1_0.longitude,
        rhp1_0.progress,
        rhp1_0.recorded_at,
        rhp1_0.shipment_id,
        rhp1_0.speed 
    from
        route_history_points rhp1_0 
    left join
        shipments s1_0 
            on s1_0.id=rhp1_0.shipment_id 
    where
        s1_0.id=? 
    order by
        rhp1_0.recorded_at desc 
    fetch
        first ? rows only
2026-08-12T17:37:15.619+05:30  WARN 25776 --- [shiptrack-backend] [MessageBroker-2] com.shiptrack.service.GeocodingService   : No Geoapify route found
2026-08-12T17:37:15.620+05:30  WARN 25776 --- [shiptrack-backend] [MessageBroker-2] com.shiptrack.service.GeocodingService   : Geoapify routing failed, trying OSRM fallback...
2026-08-12T17:37:16.436+05:30 ERROR 25776 --- [shiptrack-backend] [MessageBroker-1] o.s.s.s.TaskUtils$LoggingErrorHandler    : Unexpected error occurred in scheduled task

java.lang.Error: Unresolved compilation problem: 
	ArrayList cannot be resolved to a type

	at com.shiptrack.service.GeocodingService.coordsToPolyline(GeocodingService.java:236) ~[classes/:na]
	at com.shiptrack.service.GeocodingService.routeWithGeoapify(GeocodingService.java:179) ~[classes/:na]
	at com.shiptrack.service.GeocodingService.calculateRoute(GeocodingService.java:142) ~[classes/:na]
	at com.shiptrack.service.GeocodingService.calculateDuration(GeocodingService.java:258) ~[classes/:na]
	at com.shiptrack.service.EtaService.calculateEta(EtaService.java:95) ~[classes/:na]
	at com.shiptrack.service.EtaService.recalculateActiveEtas(EtaService.java:131) ~[classes/:na]
	at java.base/jdk.internal.reflect.DirectMethodHandleAccessor.invoke(DirectMethodHandleAccessor.java:104) ~[na:na]
	at java.base/java.lang.reflect.Method.invoke(Method.java:565) ~[na:na]
	at org.springframework.aop.support.AopUtils.invokeJoinpointUsingReflection(AopUtils.java:359) ~[spring-aop-6.2.8.jar:6.2.8]
	at org.springframework.aop.framework.ReflectiveMethodInvocation.invokeJoinpoint(ReflectiveMethodInvocation.java:196) ~[spring-aop-6.2.8.jar:6.2.8]
	at org.springframework.aop.framework.ReflectiveMethodInvocation.proceed(ReflectiveMethodInvocation.java:163) ~[spring-aop-6.2.8.jar:6.2.8]
	at org.springframework.transaction.interceptor.TransactionAspectSupport.invokeWithinTransaction(TransactionAspectSupport.java:380) ~[spring-tx-6.2.8.jar:6.2.8]
	at org.springframework.transaction.interceptor.TransactionInterceptor.invoke(TransactionInterceptor.java:119) ~[spring-tx-6.2.8.jar:6.2.8]
	at org.springframework.aop.framework.ReflectiveMethodInvocation.proceed(ReflectiveMethodInvocation.java:184) ~[spring-aop-6.2.8.jar:6.2.8]
	at org.springframework.aop.framework.CglibAopProxy$DynamicAdvisedInterceptor.intercept(CglibAopProxy.java:728) ~[spring-aop-6.2.8.jar:6.2.8]
	at com.shiptrack.service.EtaService$$SpringCGLIB$$0.recalculateActiveEtas(<generated>) ~[classes/:na]
	at java.base/jdk.internal.reflect.DirectMethodHandleAccessor.invoke(DirectMethodHandleAccessor.java:104) ~[na:na]
	at java.base/java.lang.reflect.Method.invoke(Method.java:565) ~[na:na]
	at org.springframework.scheduling.support.ScheduledMethodRunnable.runInternal(ScheduledMethodRunnable.java:130) ~[spring-context-6.2.8.jar:6.2.8]
	at org.springframework.scheduling.support.ScheduledMethodRunnable.lambda$run$2(ScheduledMethodRunnable.java:124) ~[spring-context-6.2.8.jar:6.2.8]
	at io.micrometer.observation.Observation.observe(Observation.java:498) ~[micrometer-observation-1.15.1.jar:1.15.1]
	at org.springframework.scheduling.support.ScheduledMethodRunnable.run(ScheduledMethodRunnable.java:124) ~[spring-context-6.2.8.jar:6.2.8]
	at org.springframework.scheduling.config.Task$OutcomeTrackingRunnable.run(Task.java:85) ~[spring-context-6.2.8.jar:6.2.8]
	at org.springframework.scheduling.support.DelegatingErrorHandlingRunnable.run(DelegatingErrorHandlingRunnable.java:54) ~[spring-context-6.2.8.jar:6.2.8]
	at java.base/java.util.concurrent.Executors$RunnableAdapter.call(Executors.java:545) ~[na:na]
	at java.base/java.util.concurrent.FutureTask.runAndReset(FutureTask.java:371) ~[na:na]
	at java.base/java.util.concurrent.ScheduledThreadPoolExecutor$ScheduledFutureTask.run(ScheduledThreadPoolExecutor.java:310) ~[na:na]
	at java.base/java.util.concurrent.ThreadPoolExecutor.runWorker(ThreadPoolExecutor.java:1090) ~[na:na]
	at java.base/java.util.concurrent.ThreadPoolExecutor$Worker.run(ThreadPoolExecutor.java:614) ~[na:na]
	at java.base/java.lang.Thread.run(Thread.java:1516) ~[na:na]

2026-08-12T17:37:16.541+05:30  INFO 25776 --- [shiptrack-backend] [   File Watcher] rtingClassPathChangeChangedEventListener : Restarting due to 2 class path changes (0 additions, 0 deletions, 2 modifications)
2026-08-12T17:37:16.544+05:30  INFO 25776 --- [shiptrack-backend] [       Thread-8] o.s.b.w.e.tomcat.GracefulShutdown        : Commencing graceful shutdown. Waiting for active requests to complete
2026-08-12T17:37:16.551+05:30  INFO 25776 --- [shiptrack-backend] [tomcat-shutdown] o.s.b.w.e.tomcat.GracefulShutdown        : Graceful shutdown complete
2026-08-12T17:37:16.553+05:30  INFO 25776 --- [shiptrack-backend] [       Thread-8] o.s.m.s.b.SimpleBrokerMessageHandler     : Stopping...
2026-08-12T17:37:16.553+05:30  INFO 25776 --- [shiptrack-backend] [       Thread-8] o.s.m.s.b.SimpleBrokerMessageHandler     : BrokerAvailabilityEvent[available=false, SimpleBrokerMessageHandler [org.springframework.messaging.simp.broker.DefaultSubscriptionRegistry@5af5b0f0]]
2026-08-12T17:37:16.553+05:30  INFO 25776 --- [shiptrack-backend] [       Thread-8] o.s.m.s.b.SimpleBrokerMessageHandler     : Stopped.
2026-08-12T17:37:16.910+05:30 ERROR 25776 --- [shiptrack-backend] [MessageBroker-2] o.s.s.s.TaskUtils$LoggingErrorHandler    : Unexpected error occurred in scheduled task

java.lang.Error: Unresolved compilation problem: 
	ArrayList cannot be resolved to a type

	at com.shiptrack.service.GeocodingService.coordsToPolyline(GeocodingService.java:236) ~[classes/:na]
	at com.shiptrack.service.GeocodingService.routeWithOsrm(GeocodingService.java:216) ~[classes/:na]
	at com.shiptrack.service.GeocodingService.calculateRoute(GeocodingService.java:147) ~[classes/:na]
	at com.shiptrack.service.GeocodingService.calculateDuration(GeocodingService.java:258) ~[classes/:na]
	at com.shiptrack.service.DelayPredictionService.checkForDelays(DelayPredictionService.java:99) ~[classes/:na]
	at com.shiptrack.service.DelayPredictionService.checkAllActiveShipments(DelayPredictionService.java:162) ~[classes/:na]
	at java.base/jdk.internal.reflect.DirectMethodHandleAccessor.invoke(DirectMethodHandleAccessor.java:104) ~[na:na]
	at java.base/java.lang.reflect.Method.invoke(Method.java:565) ~[na:na]
	at org.springframework.aop.support.AopUtils.invokeJoinpointUsingReflection(AopUtils.java:359) ~[spring-aop-6.2.8.jar:6.2.8]
	at org.springframework.aop.framework.CglibAopProxy$DynamicAdvisedInterceptor.intercept(CglibAopProxy.java:724) ~[spring-aop-6.2.8.jar:6.2.8]
	at com.shiptrack.service.DelayPredictionService$$SpringCGLIB$$0.checkAllActiveShipments(<generated>) ~[classes/:na]
	at java.base/jdk.internal.reflect.DirectMethodHandleAccessor.invoke(DirectMethodHandleAccessor.java:104) ~[na:na]
	at java.base/java.lang.reflect.Method.invoke(Method.java:565) ~[na:na]
	at org.springframework.scheduling.support.ScheduledMethodRunnable.runInternal(ScheduledMethodRunnable.java:130) ~[spring-context-6.2.8.jar:6.2.8]
	at org.springframework.scheduling.support.ScheduledMethodRunnable.lambda$run$2(ScheduledMethodRunnable.java:124) ~[spring-context-6.2.8.jar:6.2.8]
	at io.micrometer.observation.Observation.observe(Observation.java:498) ~[micrometer-observation-1.15.1.jar:1.15.1]
	at org.springframework.scheduling.support.ScheduledMethodRunnable.run(ScheduledMethodRunnable.java:124) ~[spring-context-6.2.8.jar:6.2.8]
	at org.springframework.scheduling.config.Task$OutcomeTrackingRunnable.run(Task.java:85) ~[spring-context-6.2.8.jar:6.2.8]
	at org.springframework.scheduling.support.DelegatingErrorHandlingRunnable.run(DelegatingErrorHandlingRunnable.java:54) ~[spring-context-6.2.8.jar:6.2.8]
	at java.base/java.util.concurrent.Executors$RunnableAdapter.call(Executors.java:545) ~[na:na]
	at java.base/java.util.concurrent.FutureTask.runAndReset(FutureTask.java:371) ~[na:na]
	at java.base/java.util.concurrent.ScheduledThreadPoolExecutor$ScheduledFutureTask.run(ScheduledThreadPoolExecutor.java:310) ~[na:na]
	at java.base/java.util.concurrent.ThreadPoolExecutor.runWorker(ThreadPoolExecutor.java:1090) ~[na:na]
	at java.base/java.util.concurrent.ThreadPoolExecutor$Worker.run(ThreadPoolExecutor.java:614) ~[na:na]
	at java.base/java.lang.Thread.run(Thread.java:1516) ~[na:na]

2026-08-12T17:37:16.914+05:30  INFO 25776 --- [shiptrack-backend] [       Thread-8] j.LocalContainerEntityManagerFactoryBean : Closing JPA EntityManagerFactory for persistence unit 'default'
2026-08-12T17:37:16.914+05:30  INFO 25776 --- [shiptrack-backend] [       Thread-8] com.zaxxer.hikari.HikariDataSource       : HikariPool-2 - Shutdown initiated...
2026-08-12T17:37:16.916+05:30  INFO 25776 --- [shiptrack-backend] [       Thread-8] com.zaxxer.hikari.HikariDataSource       : HikariPool-2 - Shutdown completed.

  .   ____          _            __ _ _
 /\\ / ___'_ __ _ _(_)_ __  __ _ \ \ \ \
( ( )\___ | '_ | '_| | '_ \/ _` | \ \ \ \
 \\/  ___)| |_)| | | | | || (_| |  ) ) ) )
  '  |____| .__|_| |_|_| |_\__, | / / / /
 =========|_|==============|___/=/_/_/_/

 :: Spring Boot ::                (v3.5.3)

2026-08-12T17:37:16.989+05:30  INFO 25776 --- [shiptrack-backend] [  restartedMain] c.shiptrack.ShiptrackBackendApplication  : Starting ShiptrackBackendApplication using Java 26 with PID 25776 (E:\Raju-Working\ShipTrack-Pro\backend\target\classes started by rajus in E:\Raju-Working\ShipTrack-Pro\backend)
2026-08-12T17:37:16.989+05:30  INFO 25776 --- [shiptrack-backend] [  restartedMain] c.shiptrack.ShiptrackBackendApplication  : No active profile set, falling back to 1 default profile: "default"
2026-08-12T17:37:17.084+05:30  INFO 25776 --- [shiptrack-backend] [  restartedMain] .s.d.r.c.RepositoryConfigurationDelegate : Bootstrapping Spring Data JPA repositories in DEFAULT mode.
2026-08-12T17:37:17.104+05:30  INFO 25776 --- [shiptrack-backend] [  restartedMain] .s.d.r.c.RepositoryConfigurationDelegate : Finished Spring Data repository scanning in 18 ms. Found 9 JPA repository interfaces.
2026-08-12T17:37:17.176+05:30  INFO 25776 --- [shiptrack-backend] [  restartedMain] o.s.b.w.embedded.tomcat.TomcatWebServer  : Tomcat initialized with port 8080 (http)
2026-08-12T17:37:17.177+05:30  INFO 25776 --- [shiptrack-backend] [  restartedMain] o.apache.catalina.core.StandardService   : Starting service [Tomcat]
2026-08-12T17:37:17.177+05:30  INFO 25776 --- [shiptrack-backend] [  restartedMain] o.apache.catalina.core.StandardEngine    : Starting Servlet engine: [Apache Tomcat/10.1.42]
2026-08-12T17:37:17.192+05:30  INFO 25776 --- [shiptrack-backend] [  restartedMain] o.a.c.c.C.[Tomcat].[localhost].[/]       : Initializing Spring embedded WebApplicationContext
2026-08-12T17:37:17.192+05:30  INFO 25776 --- [shiptrack-backend] [  restartedMain] w.s.c.ServletWebServerApplicationContext : Root WebApplicationContext: initialization completed in 202 ms
2026-08-12T17:37:17.211+05:30  INFO 25776 --- [shiptrack-backend] [  restartedMain] o.hibernate.jpa.internal.util.LogHelper  : HHH000204: Processing PersistenceUnitInfo [name: default]
2026-08-12T17:37:17.212+05:30  INFO 25776 --- [shiptrack-backend] [  restartedMain] o.h.c.internal.RegionFactoryInitiator    : HHH000026: Second-level cache disabled
2026-08-12T17:37:17.216+05:30  INFO 25776 --- [shiptrack-backend] [  restartedMain] o.s.o.j.p.SpringPersistenceUnitInfo      : No LoadTimeWeaver setup: ignoring JPA class transformer
2026-08-12T17:37:17.217+05:30  INFO 25776 --- [shiptrack-backend] [  restartedMain] com.zaxxer.hikari.HikariDataSource       : HikariPool-3 - Starting...
2026-08-12T17:37:17.379+05:30  INFO 25776 --- [shiptrack-backend] [  restartedMain] com.zaxxer.hikari.pool.HikariPool        : HikariPool-3 - Added connection org.postgresql.jdbc.PgConnection@1acc96a4
2026-08-12T17:37:17.379+05:30  INFO 25776 --- [shiptrack-backend] [  restartedMain] com.zaxxer.hikari.HikariDataSource       : HikariPool-3 - Start completed.
2026-08-12T17:37:17.387+05:30  INFO 25776 --- [shiptrack-backend] [  restartedMain] org.hibernate.orm.connections.pooling    : HHH10001005: Database info:
	Database JDBC URL [Connecting through datasource 'HikariDataSource (HikariPool-3)']
	Database driver: undefined/unknown
	Database version: 18.4
	Autocommit mode: undefined/unknown
	Isolation level: undefined/unknown
	Minimum pool size: undefined/unknown
	Maximum pool size: undefined/unknown
2026-08-12T17:37:17.503+05:30  INFO 25776 --- [shiptrack-backend] [  restartedMain] o.h.e.t.j.p.i.JtaPlatformInitiator       : HHH000489: No JTA platform available (set 'hibernate.transaction.jta.platform' to enable JTA platform integration)
2026-08-12T17:37:17.904+05:30  INFO 25776 --- [shiptrack-backend] [  restartedMain] j.LocalContainerEntityManagerFactoryBean : Initialized JPA EntityManagerFactory for persistence unit 'default'
2026-08-12T17:37:19.638+05:30  INFO 25776 --- [shiptrack-backend] [  restartedMain] com.shiptrack.service.GeocodingService   : Geoapify API key validated successfully.
2026-08-12T17:37:19.822+05:30  INFO 25776 --- [shiptrack-backend] [  restartedMain] eAuthenticationProviderManagerConfigurer : Global AuthenticationManager configured with AuthenticationProvider bean with name authenticationProvider
2026-08-12T17:37:19.822+05:30  WARN 25776 --- [shiptrack-backend] [  restartedMain] r$InitializeUserDetailsManagerConfigurer : Global AuthenticationManager configured with an AuthenticationProvider bean. UserDetailsService beans will not be used by Spring Security for automatically configuring username/password login. Consider removing the AuthenticationProvider bean. Alternatively, consider using the UserDetailsService in a manually instantiated DaoAuthenticationProvider. If the current configuration is intentional, to turn off this warning, increase the logging level of 'org.springframework.security.config.annotation.authentication.configuration.InitializeUserDetailsBeanManagerConfigurer' to ERROR
2026-08-12T17:37:19.943+05:30  INFO 25776 --- [shiptrack-backend] [  restartedMain] o.s.b.d.a.OptionalLiveReloadServer       : LiveReload server is running on port 35729
2026-08-12T17:37:19.948+05:30  INFO 25776 --- [shiptrack-backend] [  restartedMain] o.s.m.s.b.SimpleBrokerMessageHandler     : Starting...
2026-08-12T17:37:19.948+05:30  INFO 25776 --- [shiptrack-backend] [  restartedMain] o.s.m.s.b.SimpleBrokerMessageHandler     : BrokerAvailabilityEvent[available=true, SimpleBrokerMessageHandler [org.springframework.messaging.simp.broker.DefaultSubscriptionRegistry@203ef039]]
2026-08-12T17:37:19.948+05:30  INFO 25776 --- [shiptrack-backend] [  restartedMain] o.s.m.s.b.SimpleBrokerMessageHandler     : Started.
2026-08-12T17:37:19.950+05:30  INFO 25776 --- [shiptrack-backend] [  restartedMain] o.s.b.w.embedded.tomcat.TomcatWebServer  : Tomcat started on port 8080 (http) with context path '/'
2026-08-12T17:37:19.952+05:30  INFO 25776 --- [shiptrack-backend] [  restartedMain] c.shiptrack.ShiptrackBackendApplication  : Started ShiptrackBackendApplication in 2.971 seconds (process running for 145.914)
Hibernate: 
    select
        u1_0.id 
    from
        users u1_0 
    where
        u1_0.email=? 
    fetch
        first ? rows only
Hibernate: 
    select
        s1_0.id,
        s1_0.actual_delivery_time,
        s1_0.created_at,
        s1_0.created_by,
        s1_0.delivery_address,
        s1_0.destination_latitude,
        s1_0.destination_longitude,
        s1_0.estimated_delivery_time,
        s1_0.estimated_duration,
        s1_0.origin_latitude,
        s1_0.origin_longitude,
        s1_0.receiver_name,
        s1_0.route_polyline,
        s1_0.sender_address,
        s1_0.sender_name,
        s1_0.status,
        s1_0.total_distance,
        s1_0.tracking_number 
    from
        shipments s1_0 
    where
        s1_0.status in (?, ?)
Hibernate: 
    select
        s1_0.id,
        s1_0.actual_delivery_time,
        s1_0.created_at,
        s1_0.created_by,
        s1_0.delivery_address,
        s1_0.destination_latitude,
        s1_0.destination_longitude,
        s1_0.estimated_delivery_time,
        s1_0.estimated_duration,
        s1_0.origin_latitude,
        s1_0.origin_longitude,
        s1_0.receiver_name,
        s1_0.route_polyline,
        s1_0.sender_address,
        s1_0.sender_name,
        s1_0.status,
        s1_0.total_distance,
        s1_0.tracking_number 
    from
        shipments s1_0 
    where
        s1_0.status in (?, ?)
Hibernate: 
    select
        s1_0.id,
        s1_0.actual_delivery_time,
        s1_0.created_at,
        s1_0.created_by,
        s1_0.delivery_address,
        s1_0.destination_latitude,
        s1_0.destination_longitude,
        s1_0.estimated_delivery_time,
        s1_0.estimated_duration,
        s1_0.origin_latitude,
        s1_0.origin_longitude,
        s1_0.receiver_name,
        s1_0.route_polyline,
        s1_0.sender_address,
        s1_0.sender_name,
        s1_0.status,
        s1_0.total_distance,
        s1_0.tracking_number 
    from
        shipments s1_0 
    where
        s1_0.status in (?, ?)

Admin account already exists.

Hibernate: 
    select
        u1_0.id 
    from
        users u1_0 
    where
        u1_0.email=? 
    fetch
        first ? rows only
Hibernate: 
    select
        s1_0.id,
        s1_0.actual_delivery_time,
        s1_0.created_at,
        s1_0.created_by,
        s1_0.delivery_address,
        s1_0.destination_latitude,
        s1_0.destination_longitude,
        s1_0.estimated_delivery_time,
        s1_0.estimated_duration,
        s1_0.origin_latitude,
        s1_0.origin_longitude,
        s1_0.receiver_name,
        s1_0.route_polyline,
        s1_0.sender_address,
        s1_0.sender_name,
        s1_0.status,
        s1_0.total_distance,
        s1_0.tracking_number 
    from
        shipments s1_0 
    where
        s1_0.id=?

Support assistant account already exists.

Hibernate: 
    select
        te1_0.id,
        te1_0.latitude,
        te1_0.longitude,
        te1_0.recorded_at,
        te1_0.shipment_id,
        te1_0.status 
    from
        tracking_events te1_0 
    left join
        shipments s1_0 
            on s1_0.id=te1_0.shipment_id 
    where
        s1_0.id=? 
    order by
        te1_0.recorded_at
Hibernate: 
    select
        u1_0.id 
    from
        users u1_0 
    where
        u1_0.email=? 
    fetch
        first ? rows only
Hibernate: 
    select
        te1_0.id,
        te1_0.latitude,
        te1_0.longitude,
        te1_0.recorded_at,
        te1_0.shipment_id,
        te1_0.status 
    from
        tracking_events te1_0 
    left join
        shipments s1_0 
            on s1_0.id=te1_0.shipment_id 
    where
        s1_0.id=? 
    order by
        te1_0.recorded_at

Delivery operator account already exists.

2026-08-12T17:37:19.971+05:30  INFO 25776 --- [shiptrack-backend] [  restartedMain] .ConditionEvaluationDeltaLoggingListener : Condition evaluation unchanged
Hibernate: 
    select
        te1_0.id,
        te1_0.latitude,
        te1_0.longitude,
        te1_0.recorded_at,
        te1_0.shipment_id,
        te1_0.status 
    from
        tracking_events te1_0 
    left join
        shipments s1_0 
            on s1_0.id=te1_0.shipment_id 
    where
        s1_0.id=? 
    order by
        te1_0.recorded_at
Hibernate: 
    select
        rhp1_0.id,
        rhp1_0.latitude,
        rhp1_0.longitude,
        rhp1_0.progress,
        rhp1_0.recorded_at,
        rhp1_0.shipment_id,
        rhp1_0.speed 
    from
        route_history_points rhp1_0 
    left join
        shipments s1_0 
            on s1_0.id=rhp1_0.shipment_id 
    where
        s1_0.id=? 
    order by
        rhp1_0.recorded_at desc 
    fetch
        first ? rows only
Hibernate: 
    select
        rhp1_0.id,
        rhp1_0.latitude,
        rhp1_0.longitude,
        rhp1_0.progress,
        rhp1_0.recorded_at,
        rhp1_0.shipment_id,
        rhp1_0.speed 
    from
        route_history_points rhp1_0 
    left join
        shipments s1_0 
            on s1_0.id=rhp1_0.shipment_id 
    where
        s1_0.id=? 
    order by
        rhp1_0.recorded_at desc 
    fetch
        first ? rows only
Hibernate: 
    insert 
    into
        route_history_points
        (latitude, longitude, progress, recorded_at, shipment_id, speed) 
    values
        (?, ?, ?, ?, ?, ?)
Hibernate: 
    select
        dp1_0.id,
        dp1_0.delay_minutes,
        dp1_0.delay_reason,
        dp1_0.detected_at,
        dp1_0.is_active,
        dp1_0.probability,
        dp1_0.shipment_id 
    from
        delay_predictions dp1_0 
    where
        dp1_0.shipment_id=? 
        and dp1_0.is_active 
    order by
        dp1_0.detected_at desc 
    fetch
        first ? rows only
2026-08-12T17:37:19.978+05:30  INFO 25776 --- [shiptrack-backend] [MessageBroker-2] c.shiptrack.service.LiveTrackingService  : Broadcast location update for shipment 24: 15.30064,74.08526
Hibernate: 
    select
        s1_0.id,
        s1_0.actual_delivery_time,
        s1_0.created_at,
        s1_0.created_by,
        s1_0.delivery_address,
        s1_0.destination_latitude,
        s1_0.destination_longitude,
        s1_0.estimated_delivery_time,
        s1_0.estimated_duration,
        s1_0.origin_latitude,
        s1_0.origin_longitude,
        s1_0.receiver_name,
        s1_0.route_polyline,
        s1_0.sender_address,
        s1_0.sender_name,
        s1_0.status,
        s1_0.total_distance,
        s1_0.tracking_number 
    from
        shipments s1_0 
    where
        s1_0.id=?
Hibernate: 
    select
        te1_0.id,
        te1_0.latitude,
        te1_0.longitude,
        te1_0.recorded_at,
        te1_0.shipment_id,
        te1_0.status 
    from
        tracking_events te1_0 
    left join
        shipments s1_0 
            on s1_0.id=te1_0.shipment_id 
    where
        s1_0.id=? 
    order by
        te1_0.recorded_at
Hibernate: 
    select
        te1_0.id,
        te1_0.latitude,
        te1_0.longitude,
        te1_0.recorded_at,
        te1_0.shipment_id,
        te1_0.status 
    from
        tracking_events te1_0 
    left join
        shipments s1_0 
            on s1_0.id=te1_0.shipment_id 
    where
        s1_0.id=? 
    order by
        te1_0.recorded_at
Hibernate: 
    select
        te1_0.id,
        te1_0.latitude,
        te1_0.longitude,
        te1_0.recorded_at,
        te1_0.shipment_id,
        te1_0.status 
    from
        tracking_events te1_0 
    left join
        shipments s1_0 
            on s1_0.id=te1_0.shipment_id 
    where
        s1_0.id=? 
    order by
        te1_0.recorded_at
Hibernate: 
    select
        rhp1_0.id,
        rhp1_0.latitude,
        rhp1_0.longitude,
        rhp1_0.progress,
        rhp1_0.recorded_at,
        rhp1_0.shipment_id,
        rhp1_0.speed 
    from
        route_history_points rhp1_0 
    left join
        shipments s1_0 
            on s1_0.id=rhp1_0.shipment_id 
    where
        s1_0.id=? 
    order by
        rhp1_0.recorded_at desc 
    fetch
        first ? rows only
Hibernate: 
    select
        dp1_0.id,
        dp1_0.delay_minutes,
        dp1_0.delay_reason,
        dp1_0.detected_at,
        dp1_0.is_active,
        dp1_0.probability,
        dp1_0.shipment_id 
    from
        delay_predictions dp1_0 
    where
        dp1_0.shipment_id=? 
        and dp1_0.is_active 
    order by
        dp1_0.detected_at desc 
    fetch
        first ? rows only
Hibernate: 
    select
        s1_0.id,
        s1_0.actual_delivery_time,
        s1_0.created_at,
        s1_0.created_by,
        s1_0.delivery_address,
        s1_0.destination_latitude,
        s1_0.destination_longitude,
        s1_0.estimated_delivery_time,
        s1_0.estimated_duration,
        s1_0.origin_latitude,
        s1_0.origin_longitude,
        s1_0.receiver_name,
        s1_0.route_polyline,
        s1_0.sender_address,
        s1_0.sender_name,
        s1_0.status,
        s1_0.total_distance,
        s1_0.tracking_number 
    from
        shipments s1_0 
    where
        s1_0.id=?
Hibernate: 
    insert 
    into
        route_history_points
        (latitude, longitude, progress, recorded_at, shipment_id, speed) 
    values
        (?, ?, ?, ?, ?, ?)
Hibernate: 
    select
        te1_0.id,
        te1_0.latitude,
        te1_0.longitude,
        te1_0.recorded_at,
        te1_0.shipment_id,
        te1_0.status 
    from
        tracking_events te1_0 
    left join
        shipments s1_0 
            on s1_0.id=te1_0.shipment_id 
    where
        s1_0.id=? 
    order by
        te1_0.recorded_at
2026-08-12T17:37:19.986+05:30  INFO 25776 --- [shiptrack-backend] [MessageBroker-2] c.shiptrack.service.LiveTrackingService  : Broadcast location update for shipment 52: 21.832506932008318,87.24413409878781
Hibernate: 
    select
        te1_0.id,
        te1_0.latitude,
        te1_0.longitude,
        te1_0.recorded_at,
        te1_0.shipment_id,
        te1_0.status 
    from
        tracking_events te1_0 
    left join
        shipments s1_0 
            on s1_0.id=te1_0.shipment_id 
    where
        s1_0.id=? 
    order by
        te1_0.recorded_at
Hibernate: 
    select
        rhp1_0.id,
        rhp1_0.latitude,
        rhp1_0.longitude,
        rhp1_0.progress,
        rhp1_0.recorded_at,
        rhp1_0.shipment_id,
        rhp1_0.speed 
    from
        route_history_points rhp1_0 
    left join
        shipments s1_0 
            on s1_0.id=rhp1_0.shipment_id 
    where
        s1_0.id=? 
    order by
        rhp1_0.recorded_at desc 
    fetch
        first ? rows only
2026-08-12T17:37:20.439+05:30  WARN 25776 --- [shiptrack-backend] [MessageBroker-3] com.shiptrack.service.GeocodingService   : No Geoapify route found
2026-08-12T17:37:20.439+05:30  WARN 25776 --- [shiptrack-backend] [MessageBroker-3] com.shiptrack.service.GeocodingService   : Geoapify routing failed, trying OSRM fallback...
Hibernate: 
    update
        shipments s1_0 
    set
        estimated_duration=?,
        estimated_delivery_time=? 
    where
        s1_0.id=?
2026-08-12T17:37:21.148+05:30  INFO 25776 --- [shiptrack-backend] [MessageBroker-1] com.shiptrack.service.EtaService         : ETA calculated for shipment 24: 498 min, delivery at 2026-08-13T01:55:21.141249800
Hibernate: 
    select
        te1_0.id,
        te1_0.latitude,
        te1_0.longitude,
        te1_0.recorded_at,
        te1_0.shipment_id,
        te1_0.status 
    from
        tracking_events te1_0 
    left join
        shipments s1_0 
            on s1_0.id=te1_0.shipment_id 
    where
        s1_0.id=? 
    order by
        te1_0.recorded_at
Hibernate: 
    select
        rhp1_0.id,
        rhp1_0.latitude,
        rhp1_0.longitude,
        rhp1_0.progress,
        rhp1_0.recorded_at,
        rhp1_0.shipment_id,
        rhp1_0.speed 
    from
        route_history_points rhp1_0 
    left join
        shipments s1_0 
            on s1_0.id=rhp1_0.shipment_id 
    where
        s1_0.id=? 
    order by
        rhp1_0.recorded_at desc 
    fetch
        first ? rows only
2026-08-12T17:37:21.934+05:30  INFO 25776 --- [shiptrack-backend] [MessageBroker-3] com.shiptrack.service.GeocodingService   : OSRM route found: 615.1 km, 462 min
Hibernate: 
    select
        dp1_0.id,
        dp1_0.delay_minutes,
        dp1_0.delay_reason,
        dp1_0.detected_at,
        dp1_0.is_active,
        dp1_0.probability,
        dp1_0.shipment_id 
    from
        delay_predictions dp1_0 
    where
        dp1_0.shipment_id=? 
        and dp1_0.is_active 
    order by
        dp1_0.detected_at desc 
    fetch
        first ? rows only
Hibernate: 
    select
        s1_0.id,
        s1_0.actual_delivery_time,
        s1_0.created_at,
        s1_0.created_by,
        s1_0.delivery_address,
        s1_0.destination_latitude,
        s1_0.destination_longitude,
        s1_0.estimated_delivery_time,
        s1_0.estimated_duration,
        s1_0.origin_latitude,
        s1_0.origin_longitude,
        s1_0.receiver_name,
        s1_0.route_polyline,
        s1_0.sender_address,
        s1_0.sender_name,
        s1_0.status,
        s1_0.total_distance,
        s1_0.tracking_number 
    from
        shipments s1_0 
    where
        s1_0.id=?
Hibernate: 
    select
        te1_0.id,
        te1_0.latitude,
        te1_0.longitude,
        te1_0.recorded_at,
        te1_0.shipment_id,
        te1_0.status 
    from
        tracking_events te1_0 
    left join
        shipments s1_0 
            on s1_0.id=te1_0.shipment_id 
    where
        s1_0.id=? 
    order by
        te1_0.recorded_at
Hibernate: 
    update
        shipments s1_0 
    set
        estimated_duration=?,
        estimated_delivery_time=? 
    where
        s1_0.id=?
Hibernate: 
    select
        rhp1_0.id,
        rhp1_0.latitude,
        rhp1_0.longitude,
        rhp1_0.progress,
        rhp1_0.recorded_at,
        rhp1_0.shipment_id,
        rhp1_0.speed 
    from
        route_history_points rhp1_0 
    left join
        shipments s1_0 
            on s1_0.id=rhp1_0.shipment_id 
    where
        s1_0.id=? 
    order by
        rhp1_0.recorded_at desc 
    fetch
        first ? rows only
2026-08-12T17:37:21.941+05:30  INFO 25776 --- [shiptrack-backend] [MessageBroker-1] com.shiptrack.service.EtaService         : ETA calculated for shipment 22: 506 min, delivery at 2026-08-13T02:03:21.939240200
Hibernate: 
    select
        dp1_0.id,
        dp1_0.delay_minutes,
        dp1_0.delay_reason,
        dp1_0.detected_at,
        dp1_0.is_active,
        dp1_0.probability,
        dp1_0.shipment_id 
    from
        delay_predictions dp1_0 
    where
        dp1_0.shipment_id=? 
        and dp1_0.is_active 
    order by
        dp1_0.detected_at desc 
    fetch
        first ? rows only
Hibernate: 
    select
        te1_0.id,
        te1_0.latitude,
        te1_0.longitude,
        te1_0.recorded_at,
        te1_0.shipment_id,
        te1_0.status 
    from
        tracking_events te1_0 
    left join
        shipments s1_0 
            on s1_0.id=te1_0.shipment_id 
    where
        s1_0.id=? 
    order by
        te1_0.recorded_at
Hibernate: 
    select
        dp1_0.id,
        dp1_0.delay_minutes,
        dp1_0.delay_reason,
        dp1_0.detected_at,
        dp1_0.is_active,
        dp1_0.probability,
        dp1_0.shipment_id 
    from
        delay_predictions dp1_0 
    where
        dp1_0.shipment_id=? 
        and dp1_0.is_active
Hibernate: 
    select
        rhp1_0.id,
        rhp1_0.latitude,
        rhp1_0.longitude,
        rhp1_0.progress,
        rhp1_0.recorded_at,
        rhp1_0.shipment_id,
        rhp1_0.speed 
    from
        route_history_points rhp1_0 
    left join
        shipments s1_0 
            on s1_0.id=rhp1_0.shipment_id 
    where
        s1_0.id=? 
    order by
        rhp1_0.recorded_at desc 
    fetch
        first ? rows only
Hibernate: 
    select
        dp1_0.id,
        dp1_0.delay_minutes,
        dp1_0.delay_reason,
        dp1_0.detected_at,
        dp1_0.is_active,
        dp1_0.probability,
        dp1_0.shipment_id 
    from
        delay_predictions dp1_0 
    where
        dp1_0.id=?
Hibernate: 
    update
        delay_predictions 
    set
        delay_minutes=?,
        delay_reason=?,
        detected_at=?,
        is_active=?,
        probability=?,
        shipment_id=? 
    where
        id=?
2026-08-12T17:37:21.952+05:30  INFO 25776 --- [shiptrack-backend] [MessageBroker-3] c.s.service.DelayPredictionService       : Superseded 1 stale delay prediction(s) for shipment 53
Hibernate: 
    insert 
    into
        delay_predictions
        (delay_minutes, delay_reason, detected_at, is_active, probability, shipment_id) 
    values
        (?, ?, ?, ?, ?, ?)
2026-08-12T17:37:21.955+05:30  WARN 25776 --- [shiptrack-backend] [MessageBroker-3] c.shiptrack.service.LiveTrackingService  : Delay alert for shipment 53: No location update for 76 minutes (76 min, 0.7533333333333334% probability)
2026-08-12T17:37:21.955+05:30  WARN 25776 --- [shiptrack-backend] [MessageBroker-3] c.s.service.DelayPredictionService       : Delay detected for shipment 53: No location update for 76 minutes (76 min)
2026-08-12T17:37:22.516+05:30  WARN 25776 --- [shiptrack-backend] [MessageBroker-1] com.shiptrack.service.GeocodingService   : No Geoapify route found
2026-08-12T17:37:22.516+05:30  WARN 25776 --- [shiptrack-backend] [MessageBroker-1] com.shiptrack.service.GeocodingService   : Geoapify routing failed, trying OSRM fallback...
2026-08-12T17:37:23.932+05:30  INFO 25776 --- [shiptrack-backend] [nio-8080-exec-1] o.a.c.c.C.[Tomcat].[localhost].[/]       : Initializing Spring DispatcherServlet 'dispatcherServlet'
2026-08-12T17:37:23.933+05:30  INFO 25776 --- [shiptrack-backend] [nio-8080-exec-1] o.s.web.servlet.DispatcherServlet        : Initializing Servlet 'dispatcherServlet'
2026-08-12T17:37:23.934+05:30  INFO 25776 --- [shiptrack-backend] [nio-8080-exec-1] o.s.web.servlet.DispatcherServlet        : Completed initialization in 1 ms
2026-08-12T17:37:24.303+05:30  INFO 25776 --- [shiptrack-backend] [MessageBroker-1] com.shiptrack.service.GeocodingService   : OSRM route found: 428.6 km, 320 min
Hibernate: 
    update
        shipments s1_0 
    set
        estimated_duration=?,
        estimated_delivery_time=? 
    where
        s1_0.id=?
2026-08-12T17:37:24.306+05:30  INFO 25776 --- [shiptrack-backend] [MessageBroker-1] com.shiptrack.service.EtaService         : ETA calculated for shipment 52: 320 min, delivery at 2026-08-12T22:57:24.303563
Hibernate: 
    select
        te1_0.id,
        te1_0.latitude,
        te1_0.longitude,
        te1_0.recorded_at,
        te1_0.shipment_id,
        te1_0.status 
    from
        tracking_events te1_0 
    left join
        shipments s1_0 
            on s1_0.id=te1_0.shipment_id 
    where
        s1_0.id=? 
    order by
        te1_0.recorded_at
Hibernate: 
    select
        rhp1_0.id,
        rhp1_0.latitude,
        rhp1_0.longitude,
        rhp1_0.progress,
        rhp1_0.recorded_at,
        rhp1_0.shipment_id,
        rhp1_0.speed 
    from
        route_history_points rhp1_0 
    left join
        shipments s1_0 
            on s1_0.id=rhp1_0.shipment_id 
    where
        s1_0.id=? 
    order by
        rhp1_0.recorded_at desc 
    fetch
        first ? rows only
Hibernate: 
    update
        shipments s1_0 
    set
        estimated_duration=?,
        estimated_delivery_time=? 
    where
        s1_0.id=?
2026-08-12T17:37:24.764+05:30  INFO 25776 --- [shiptrack-backend] [MessageBroker-1] com.shiptrack.service.EtaService         : ETA calculated for shipment 53: 1 min, delivery at 2026-08-12T17:38:24.760976
Hibernate: 
    select
        s1_0.id,
        s1_0.actual_delivery_time,
        s1_0.created_at,
        s1_0.created_by,
        s1_0.delivery_address,
        s1_0.destination_latitude,
        s1_0.destination_longitude,
        s1_0.estimated_delivery_time,
        s1_0.estimated_duration,
        s1_0.origin_latitude,
        s1_0.origin_longitude,
        s1_0.receiver_name,
        s1_0.route_polyline,
        s1_0.sender_address,
        s1_0.sender_name,
        s1_0.status,
        s1_0.total_distance,
        s1_0.tracking_number 
    from
        shipments s1_0 
    where
        s1_0.status in (?, ?)
Hibernate: 
    insert 
    into
        route_history_points
        (latitude, longitude, progress, recorded_at, shipment_id, speed) 
    values
        (?, ?, ?, ?, ?, ?)
2026-08-12T17:37:49.959+05:30  INFO 25776 --- [shiptrack-backend] [MessageBroker-1] c.shiptrack.service.LiveTrackingService  : Broadcast location update for shipment 24: 15.30064,74.08526
Hibernate: 
    insert 
    into
        route_history_points
        (latitude, longitude, progress, recorded_at, shipment_id, speed) 
    values
        (?, ?, ?, ?, ?, ?)
2026-08-12T17:37:49.964+05:30  INFO 25776 --- [shiptrack-backend] [MessageBroker-1] c.shiptrack.service.LiveTrackingService  : Broadcast location update for shipment 52: 21.72667105839016,87.13162132530388
2026-08-12T17:38:19.943+05:30  INFO 25776 --- [shiptrack-backend] [essageBroker-10] o.s.w.s.c.WebSocketMessageBrokerStats    : WebSocketSession[1 current WS(1)-HttpStream(0)-HttpPoll(0), 1 total, 0 closed abnormally (0 connect failure, 0 send limit, 0 transport error)], stompSubProtocol[processed CONNECT(1)-CONNECTED(1)-DISCONNECT(0)], stompBrokerRelay[null], inboundChannel[pool size = 6, active threads = 0, queued tasks = 0, completed tasks = 6], outboundChannel[pool size = 1, active threads = 0, queued tasks = 0, completed tasks = 1], sockJsScheduler[pool size = 16, active threads = 1, queued tasks = 5, completed tasks = 18]
Hibernate: 
    select
        s1_0.id,
        s1_0.actual_delivery_time,
        s1_0.created_at,
        s1_0.created_by,
        s1_0.delivery_address,
        s1_0.destination_latitude,
        s1_0.destination_longitude,
        s1_0.estimated_delivery_time,
        s1_0.estimated_duration,
        s1_0.origin_latitude,
        s1_0.origin_longitude,
        s1_0.receiver_name,
        s1_0.route_polyline,
        s1_0.sender_address,
        s1_0.sender_name,
        s1_0.status,
        s1_0.total_distance,
        s1_0.tracking_number 
    from
        shipments s1_0 
    where
        s1_0.status in (?, ?)
Hibernate: 
    select
        s1_0.id,
        s1_0.actual_delivery_time,
        s1_0.created_at,
        s1_0.created_by,
        s1_0.delivery_address,
        s1_0.destination_latitude,
        s1_0.destination_longitude,
        s1_0.estimated_delivery_time,
        s1_0.estimated_duration,
        s1_0.origin_latitude,
        s1_0.origin_longitude,
        s1_0.receiver_name,
        s1_0.route_polyline,
        s1_0.sender_address,
        s1_0.sender_name,
        s1_0.status,
        s1_0.total_distance,
        s1_0.tracking_number 
    from
        shipments s1_0 
    where
        s1_0.status in (?, ?)
Hibernate: 
    select
        s1_0.id,
        s1_0.actual_delivery_time,
        s1_0.created_at,
        s1_0.created_by,
        s1_0.delivery_address,
        s1_0.destination_latitude,
        s1_0.destination_longitude,
        s1_0.estimated_delivery_time,
        s1_0.estimated_duration,
        s1_0.origin_latitude,
        s1_0.origin_longitude,
        s1_0.receiver_name,
        s1_0.route_polyline,
        s1_0.sender_address,
        s1_0.sender_name,
        s1_0.status,
        s1_0.total_distance,
        s1_0.tracking_number 
    from
        shipments s1_0 
    where
        s1_0.id=?
Hibernate: 
    insert 
    into
        route_history_points
        (latitude, longitude, progress, recorded_at, shipment_id, speed) 
    values
        (?, ?, ?, ?, ?, ?)
Hibernate: 
    select
        te1_0.id,
        te1_0.latitude,
        te1_0.longitude,
        te1_0.recorded_at,
        te1_0.shipment_id,
        te1_0.status 
    from
        tracking_events te1_0 
    left join
        shipments s1_0 
            on s1_0.id=te1_0.shipment_id 
    where
        s1_0.id=? 
    order by
        te1_0.recorded_at
Hibernate: 
    select
        rhp1_0.id,
        rhp1_0.latitude,
        rhp1_0.longitude,
        rhp1_0.progress,
        rhp1_0.recorded_at,
        rhp1_0.shipment_id,
        rhp1_0.speed 
    from
        route_history_points rhp1_0 
    left join
        shipments s1_0 
            on s1_0.id=rhp1_0.shipment_id 
    where
        s1_0.id=? 
    order by
        rhp1_0.recorded_at desc 
    fetch
        first ? rows only
2026-08-12T17:38:19.965+05:30  INFO 25776 --- [shiptrack-backend] [MessageBroker-9] c.shiptrack.service.LiveTrackingService  : Broadcast location update for shipment 24: 15.30064,74.08526
Hibernate: 
    select
        dp1_0.id,
        dp1_0.delay_minutes,
        dp1_0.delay_reason,
        dp1_0.detected_at,
        dp1_0.is_active,
        dp1_0.probability,
        dp1_0.shipment_id 
    from
        delay_predictions dp1_0 
    where
        dp1_0.shipment_id=? 
        and dp1_0.is_active 
    order by
        dp1_0.detected_at desc 
    fetch
        first ? rows only
Hibernate: 
    insert 
    into
        route_history_points
        (latitude, longitude, progress, recorded_at, shipment_id, speed) 
    values
        (?, ?, ?, ?, ?, ?)
Hibernate: 
    select
        dp1_0.id,
        dp1_0.delay_minutes,
        dp1_0.delay_reason,
        dp1_0.detected_at,
        dp1_0.is_active,
        dp1_0.probability,
        dp1_0.shipment_id 
    from
        delay_predictions dp1_0 
    where
        dp1_0.shipment_id=? 
        and dp1_0.is_active
2026-08-12T17:38:19.972+05:30  INFO 25776 --- [shiptrack-backend] [MessageBroker-9] c.shiptrack.service.LiveTrackingService  : Broadcast location update for shipment 52: 21.71996523352341,87.11466093409364
Hibernate: 
    select
        dp1_0.id,
        dp1_0.delay_minutes,
        dp1_0.delay_reason,
        dp1_0.detected_at,
        dp1_0.is_active,
        dp1_0.probability,
        dp1_0.shipment_id 
    from
        delay_predictions dp1_0 
    where
        dp1_0.id=?
Hibernate: 
    update
        delay_predictions 
    set
        delay_minutes=?,
        delay_reason=?,
        detected_at=?,
        is_active=?,
        probability=?,
        shipment_id=? 
    where
        id=?
2026-08-12T17:38:19.975+05:30  INFO 25776 --- [shiptrack-backend] [essageBroker-15] c.s.service.DelayPredictionService       : Superseded 1 stale delay prediction(s) for shipment 24
Hibernate: 
    insert 
    into
        delay_predictions
        (delay_minutes, delay_reason, detected_at, is_active, probability, shipment_id) 
    values
        (?, ?, ?, ?, ?, ?)
2026-08-12T17:38:19.978+05:30  WARN 25776 --- [shiptrack-backend] [essageBroker-15] c.shiptrack.service.LiveTrackingService  : Delay alert for shipment 24: Shipment is behind schedule (22222 min, 0.95% probability)
2026-08-12T17:38:19.978+05:30  WARN 25776 --- [shiptrack-backend] [essageBroker-15] c.s.service.DelayPredictionService       : Delay detected for shipment 24: Shipment is behind schedule (22222 min)
Hibernate: 
    select
        s1_0.id,
        s1_0.actual_delivery_time,
        s1_0.created_at,
        s1_0.created_by,
        s1_0.delivery_address,
        s1_0.destination_latitude,
        s1_0.destination_longitude,
        s1_0.estimated_delivery_time,
        s1_0.estimated_duration,
        s1_0.origin_latitude,
        s1_0.origin_longitude,
        s1_0.receiver_name,
        s1_0.route_polyline,
        s1_0.sender_address,
        s1_0.sender_name,
        s1_0.status,
        s1_0.total_distance,
        s1_0.tracking_number 
    from
        shipments s1_0 
    where
        s1_0.id=?
Hibernate: 
    select
        te1_0.id,
        te1_0.latitude,
        te1_0.longitude,
        te1_0.recorded_at,
        te1_0.shipment_id,
        te1_0.status 
    from
        tracking_events te1_0 
    left join
        shipments s1_0 
            on s1_0.id=te1_0.shipment_id 
    where
        s1_0.id=? 
    order by
        te1_0.recorded_at
Hibernate: 
    select
        rhp1_0.id,
        rhp1_0.latitude,
        rhp1_0.longitude,
        rhp1_0.progress,
        rhp1_0.recorded_at,
        rhp1_0.shipment_id,
        rhp1_0.speed 
    from
        route_history_points rhp1_0 
    left join
        shipments s1_0 
            on s1_0.id=rhp1_0.shipment_id 
    where
        s1_0.id=? 
    order by
        rhp1_0.recorded_at desc 
    fetch
        first ? rows only
Hibernate: 
    select
        dp1_0.id,
        dp1_0.delay_minutes,
        dp1_0.delay_reason,
        dp1_0.detected_at,
        dp1_0.is_active,
        dp1_0.probability,
        dp1_0.shipment_id 
    from
        delay_predictions dp1_0 
    where
        dp1_0.shipment_id=? 
        and dp1_0.is_active 
    order by
        dp1_0.detected_at desc 
    fetch
        first ? rows only
Hibernate: 
    select
        dp1_0.id,
        dp1_0.delay_minutes,
        dp1_0.delay_reason,
        dp1_0.detected_at,
        dp1_0.is_active,
        dp1_0.probability,
        dp1_0.shipment_id 
    from
        delay_predictions dp1_0 
    where
        dp1_0.shipment_id=? 
        and dp1_0.is_active
Hibernate: 
    select
        dp1_0.id,
        dp1_0.delay_minutes,
        dp1_0.delay_reason,
        dp1_0.detected_at,
        dp1_0.is_active,
        dp1_0.probability,
        dp1_0.shipment_id 
    from
        delay_predictions dp1_0 
    where
        dp1_0.id=?
Hibernate: 
    update
        delay_predictions 
    set
        delay_minutes=?,
        delay_reason=?,
        detected_at=?,
        is_active=?,
        probability=?,
        shipment_id=? 
    where
        id=?
2026-08-12T17:38:19.986+05:30  INFO 25776 --- [shiptrack-backend] [essageBroker-15] c.s.service.DelayPredictionService       : Superseded 1 stale delay prediction(s) for shipment 22
Hibernate: 
    insert 
    into
        delay_predictions
        (delay_minutes, delay_reason, detected_at, is_active, probability, shipment_id) 
    values
        (?, ?, ?, ?, ?, ?)
2026-08-12T17:38:19.987+05:30  WARN 25776 --- [shiptrack-backend] [essageBroker-15] c.shiptrack.service.LiveTrackingService  : Delay alert for shipment 22: No location update for 20116 minutes (120 min, 0.9% probability)
2026-08-12T17:38:19.988+05:30  WARN 25776 --- [shiptrack-backend] [essageBroker-15] c.s.service.DelayPredictionService       : Delay detected for shipment 22: No location update for 20116 minutes (120 min)
Hibernate: 
    select
        s1_0.id,
        s1_0.actual_delivery_time,
        s1_0.created_at,
        s1_0.created_by,
        s1_0.delivery_address,
        s1_0.destination_latitude,
        s1_0.destination_longitude,
        s1_0.estimated_delivery_time,
        s1_0.estimated_duration,
        s1_0.origin_latitude,
        s1_0.origin_longitude,
        s1_0.receiver_name,
        s1_0.route_polyline,
        s1_0.sender_address,
        s1_0.sender_name,
        s1_0.status,
        s1_0.total_distance,
        s1_0.tracking_number 
    from
        shipments s1_0 
    where
        s1_0.id=?
Hibernate: 
    select
        te1_0.id,
        te1_0.latitude,
        te1_0.longitude,
        te1_0.recorded_at,
        te1_0.shipment_id,
        te1_0.status 
    from
        tracking_events te1_0 
    left join
        shipments s1_0 
            on s1_0.id=te1_0.shipment_id 
    where
        s1_0.id=? 
    order by
        te1_0.recorded_at
Hibernate: 
    select
        rhp1_0.id,
        rhp1_0.latitude,
        rhp1_0.longitude,
        rhp1_0.progress,
        rhp1_0.recorded_at,
        rhp1_0.shipment_id,
        rhp1_0.speed 
    from
        route_history_points rhp1_0 
    left join
        shipments s1_0 
            on s1_0.id=rhp1_0.shipment_id 
    where
        s1_0.id=? 
    order by
        rhp1_0.recorded_at desc 
    fetch
        first ? rows only
2026-08-12T17:38:21.138+05:30  WARN 25776 --- [shiptrack-backend] [essageBroker-15] com.shiptrack.service.GeocodingService   : No Geoapify route found
2026-08-12T17:38:21.138+05:30  WARN 25776 --- [shiptrack-backend] [essageBroker-15] com.shiptrack.service.GeocodingService   : Geoapify routing failed, trying OSRM fallback...
2026-08-12T17:38:23.010+05:30  INFO 25776 --- [shiptrack-backend] [essageBroker-15] com.shiptrack.service.GeocodingService   : OSRM route found: 615.1 km, 462 min
Hibernate: 
    select
        dp1_0.id,
        dp1_0.delay_minutes,
        dp1_0.delay_reason,
        dp1_0.detected_at,
        dp1_0.is_active,
        dp1_0.probability,
        dp1_0.shipment_id 
    from
        delay_predictions dp1_0 
    where
        dp1_0.shipment_id=? 
        and dp1_0.is_active 
    order by
        dp1_0.detected_at desc 
    fetch
        first ? rows only
Hibernate: 
    select
        dp1_0.id,
        dp1_0.delay_minutes,
        dp1_0.delay_reason,
        dp1_0.detected_at,
        dp1_0.is_active,
        dp1_0.probability,
        dp1_0.shipment_id 
    from
        delay_predictions dp1_0 
    where
        dp1_0.shipment_id=? 
        and dp1_0.is_active
Hibernate: 
    select
        dp1_0.id,
        dp1_0.delay_minutes,
        dp1_0.delay_reason,
        dp1_0.detected_at,
        dp1_0.is_active,
        dp1_0.probability,
        dp1_0.shipment_id 
    from
        delay_predictions dp1_0 
    where
        dp1_0.id=?
Hibernate: 
    update
        delay_predictions 
    set
        delay_minutes=?,
        delay_reason=?,
        detected_at=?,
        is_active=?,
        probability=?,
        shipment_id=? 
    where
        id=?
2026-08-12T17:38:23.023+05:30  INFO 25776 --- [shiptrack-backend] [essageBroker-15] c.s.service.DelayPredictionService       : Superseded 1 stale delay prediction(s) for shipment 52
Hibernate: 
    insert 
    into
        delay_predictions
        (delay_minutes, delay_reason, detected_at, is_active, probability, shipment_id) 
    values
        (?, ?, ?, ?, ?, ?)
2026-08-12T17:38:23.026+05:30  WARN 25776 --- [shiptrack-backend] [essageBroker-15] c.shiptrack.service.LiveTrackingService  : Delay alert for shipment 52: Heavy traffic detected on route (141 min, 0.85% probability)
2026-08-12T17:38:23.027+05:30  WARN 25776 --- [shiptrack-backend] [essageBroker-15] c.s.service.DelayPredictionService       : Delay detected for shipment 52: Heavy traffic detected on route (141 min)
Hibernate: 
    select
        s1_0.id,
        s1_0.actual_delivery_time,
        s1_0.created_at,
        s1_0.created_by,
        s1_0.delivery_address,
        s1_0.destination_latitude,
        s1_0.destination_longitude,
        s1_0.estimated_delivery_time,
        s1_0.estimated_duration,
        s1_0.origin_latitude,
        s1_0.origin_longitude,
        s1_0.receiver_name,
        s1_0.route_polyline,
        s1_0.sender_address,
        s1_0.sender_name,
        s1_0.status,
        s1_0.total_distance,
        s1_0.tracking_number 
    from
        shipments s1_0 
    where
        s1_0.id=?
Hibernate: 
    select
        te1_0.id,
        te1_0.latitude,
        te1_0.longitude,
        te1_0.recorded_at,
        te1_0.shipment_id,
        te1_0.status 
    from
        tracking_events te1_0 
    left join
        shipments s1_0 
            on s1_0.id=te1_0.shipment_id 
    where
        s1_0.id=? 
    order by
        te1_0.recorded_at
Hibernate: 
    select
        rhp1_0.id,
        rhp1_0.latitude,
        rhp1_0.longitude,
        rhp1_0.progress,
        rhp1_0.recorded_at,
        rhp1_0.shipment_id,
        rhp1_0.speed 
    from
        route_history_points rhp1_0 
    left join
        shipments s1_0 
            on s1_0.id=rhp1_0.shipment_id 
    where
        s1_0.id=? 
    order by
        rhp1_0.recorded_at desc 
    fetch
        first ? rows only
Hibernate: 
    select
        dp1_0.id,
        dp1_0.delay_minutes,
        dp1_0.delay_reason,
        dp1_0.detected_at,
        dp1_0.is_active,
        dp1_0.probability,
        dp1_0.shipment_id 
    from
        delay_predictions dp1_0 
    where
        dp1_0.shipment_id=? 
        and dp1_0.is_active 
    order by
        dp1_0.detected_at desc 
    fetch
        first ? rows only
Hibernate: 
    select
        dp1_0.id,
        dp1_0.delay_minutes,
        dp1_0.delay_reason,
        dp1_0.detected_at,
        dp1_0.is_active,
        dp1_0.probability,
        dp1_0.shipment_id 
    from
        delay_predictions dp1_0 
    where
        dp1_0.shipment_id=? 
        and dp1_0.is_active
Hibernate: 
    select
        dp1_0.id,
        dp1_0.delay_minutes,
        dp1_0.delay_reason,
        dp1_0.detected_at,
        dp1_0.is_active,
        dp1_0.probability,
        dp1_0.shipment_id 
    from
        delay_predictions dp1_0 
    where
        dp1_0.id=?
Hibernate: 
    update
        delay_predictions 
    set
        delay_minutes=?,
        delay_reason=?,
        detected_at=?,
        is_active=?,
        probability=?,
        shipment_id=? 
    where
        id=?
2026-08-12T17:38:23.039+05:30  INFO 25776 --- [shiptrack-backend] [essageBroker-15] c.s.service.DelayPredictionService       : Superseded 1 stale delay prediction(s) for shipment 53
Hibernate: 
    insert 
    into
        delay_predictions
        (delay_minutes, delay_reason, detected_at, is_active, probability, shipment_id) 
    values
        (?, ?, ?, ?, ?, ?)
2026-08-12T17:38:23.041+05:30  WARN 25776 --- [shiptrack-backend] [essageBroker-15] c.shiptrack.service.LiveTrackingService  : Delay alert for shipment 53: No location update for 77 minutes (77 min, 0.7566666666666667% probability)
2026-08-12T17:38:23.041+05:30  WARN 25776 --- [shiptrack-backend] [essageBroker-15] c.s.service.DelayPredictionService       : Delay detected for shipment 53: No location update for 77 minutes (77 min)
Hibernate: 
    select
        s1_0.id,
        s1_0.actual_delivery_time,
        s1_0.created_at,
        s1_0.created_by,
        s1_0.delivery_address,
        s1_0.destination_latitude,
        s1_0.destination_longitude,
        s1_0.estimated_delivery_time,
        s1_0.estimated_duration,
        s1_0.origin_latitude,
        s1_0.origin_longitude,
        s1_0.receiver_name,
        s1_0.route_polyline,
        s1_0.sender_address,
        s1_0.sender_name,
        s1_0.status,
        s1_0.total_distance,
        s1_0.tracking_number 
    from
        shipments s1_0 
    where
        s1_0.status in (?, ?)
Hibernate: 
    insert 
    into
        route_history_points
        (latitude, longitude, progress, recorded_at, shipment_id, speed) 
    values
        (?, ?, ?, ?, ?, ?)
2026-08-12T17:38:49.956+05:30  INFO 25776 --- [shiptrack-backend] [essageBroker-11] c.shiptrack.service.LiveTrackingService  : Broadcast location update for shipment 24: 15.297779862787545,74.07640369923321
Hibernate: 
    insert 
    into
        route_history_points
        (latitude, longitude, progress, recorded_at, shipment_id, speed) 
    values
        (?, ?, ?, ?, ?, ?)
2026-08-12T17:38:49.958+05:30  INFO 25776 --- [shiptrack-backend] [essageBroker-11] c.shiptrack.service.LiveTrackingService  : Broadcast location update for shipment 52: 21.71996523352341,87.11466093409364
Hibernate: 
    select
        s1_0.id,
        s1_0.actual_delivery_time,
        s1_0.created_at,
        s1_0.created_by,
        s1_0.delivery_address,
        s1_0.destination_latitude,
        s1_0.destination_longitude,
        s1_0.estimated_delivery_time,
        s1_0.estimated_duration,
        s1_0.origin_latitude,
        s1_0.origin_longitude,
        s1_0.receiver_name,
        s1_0.route_polyline,
        s1_0.sender_address,
        s1_0.sender_name,
        s1_0.status,
        s1_0.total_distance,
        s1_0.tracking_number 
    from
        shipments s1_0 
    where
        s1_0.status in (?, ?)
Hibernate: 
    select
        s1_0.id,
        s1_0.actual_delivery_time,
        s1_0.created_at,
        s1_0.created_by,
        s1_0.delivery_address,
        s1_0.destination_latitude,
        s1_0.destination_longitude,
        s1_0.estimated_delivery_time,
        s1_0.estimated_duration,
        s1_0.origin_latitude,
        s1_0.origin_longitude,
        s1_0.receiver_name,
        s1_0.route_polyline,
        s1_0.sender_address,
        s1_0.sender_name,
        s1_0.status,
        s1_0.total_distance,
        s1_0.tracking_number 
    from
        shipments s1_0 
    where
        s1_0.status in (?, ?)
Hibernate: 
    select
        s1_0.id,
        s1_0.actual_delivery_time,
        s1_0.created_at,
        s1_0.created_by,
        s1_0.delivery_address,
        s1_0.destination_latitude,
        s1_0.destination_longitude,
        s1_0.estimated_delivery_time,
        s1_0.estimated_duration,
        s1_0.origin_latitude,
        s1_0.origin_longitude,
        s1_0.receiver_name,
        s1_0.route_polyline,
        s1_0.sender_address,
        s1_0.sender_name,
        s1_0.status,
        s1_0.total_distance,
        s1_0.tracking_number 
    from
        shipments s1_0 
    where
        s1_0.status in (?, ?)
Hibernate: 
    select
        s1_0.id,
        s1_0.actual_delivery_time,
        s1_0.created_at,
        s1_0.created_by,
        s1_0.delivery_address,
        s1_0.destination_latitude,
        s1_0.destination_longitude,
        s1_0.estimated_delivery_time,
        s1_0.estimated_duration,
        s1_0.origin_latitude,
        s1_0.origin_longitude,
        s1_0.receiver_name,
        s1_0.route_polyline,
        s1_0.sender_address,
        s1_0.sender_name,
        s1_0.status,
        s1_0.total_distance,
        s1_0.tracking_number 
    from
        shipments s1_0 
    where
        s1_0.id=?
Hibernate: 
    select
        te1_0.id,
        te1_0.latitude,
        te1_0.longitude,
        te1_0.recorded_at,
        te1_0.shipment_id,
        te1_0.status 
    from
        tracking_events te1_0 
    left join
        shipments s1_0 
            on s1_0.id=te1_0.shipment_id 
    where
        s1_0.id=? 
    order by
        te1_0.recorded_at
Hibernate: 
    select
        rhp1_0.id,
        rhp1_0.latitude,
        rhp1_0.longitude,
        rhp1_0.progress,
        rhp1_0.recorded_at,
        rhp1_0.shipment_id,
        rhp1_0.speed 
    from
        route_history_points rhp1_0 
    left join
        shipments s1_0 
            on s1_0.id=rhp1_0.shipment_id 
    where
        s1_0.id=? 
    order by
        rhp1_0.recorded_at desc 
    fetch
        first ? rows only
Hibernate: 
    select
        te1_0.id,
        te1_0.latitude,
        te1_0.longitude,
        te1_0.recorded_at,
        te1_0.shipment_id,
        te1_0.status 
    from
        tracking_events te1_0 
    left join
        shipments s1_0 
            on s1_0.id=te1_0.shipment_id 
    where
        s1_0.id=? 
    order by
        te1_0.recorded_at
Hibernate: 
    insert 
    into
        route_history_points
        (latitude, longitude, progress, recorded_at, shipment_id, speed) 
    values
        (?, ?, ?, ?, ?, ?)
Hibernate: 
    select
        rhp1_0.id,
        rhp1_0.latitude,
        rhp1_0.longitude,
        rhp1_0.progress,
        rhp1_0.recorded_at,
        rhp1_0.shipment_id,
        rhp1_0.speed 
    from
        route_history_points rhp1_0 
    left join
        shipments s1_0 
            on s1_0.id=rhp1_0.shipment_id 
    where
        s1_0.id=? 
    order by
        rhp1_0.recorded_at desc 
    fetch
        first ? rows only
2026-08-12T17:39:19.963+05:30  INFO 25776 --- [shiptrack-backend] [essageBroker-14] c.shiptrack.service.LiveTrackingService  : Broadcast location update for shipment 24: 15.297779862787545,74.07640369923321
Hibernate: 
    select
        dp1_0.id,
        dp1_0.delay_minutes,
        dp1_0.delay_reason,
        dp1_0.detected_at,
        dp1_0.is_active,
        dp1_0.probability,
        dp1_0.shipment_id 
    from
        delay_predictions dp1_0 
    where
        dp1_0.shipment_id=? 
        and dp1_0.is_active 
    order by
        dp1_0.detected_at desc 
    fetch
        first ? rows only
Hibernate: 
    insert 
    into
        route_history_points
        (latitude, longitude, progress, recorded_at, shipment_id, speed) 
    values
        (?, ?, ?, ?, ?, ?)
2026-08-12T17:39:19.968+05:30  INFO 25776 --- [shiptrack-backend] [essageBroker-14] c.shiptrack.service.LiveTrackingService  : Broadcast location update for shipment 52: 21.709411065323998,87.09996638492119
Hibernate: 
    select
        dp1_0.id,
        dp1_0.delay_minutes,
        dp1_0.delay_reason,
        dp1_0.detected_at,
        dp1_0.is_active,
        dp1_0.probability,
        dp1_0.shipment_id 
    from
        delay_predictions dp1_0 
    where
        dp1_0.shipment_id=? 
        and dp1_0.is_active
Hibernate: 
    select
        dp1_0.id,
        dp1_0.delay_minutes,
        dp1_0.delay_reason,
        dp1_0.detected_at,
        dp1_0.is_active,
        dp1_0.probability,
        dp1_0.shipment_id 
    from
        delay_predictions dp1_0 
    where
        dp1_0.id=?
Hibernate: 
    update
        delay_predictions 
    set
        delay_minutes=?,
        delay_reason=?,
        detected_at=?,
        is_active=?,
        probability=?,
        shipment_id=? 
    where
        id=?
2026-08-12T17:39:19.971+05:30  INFO 25776 --- [shiptrack-backend] [essageBroker-16] c.s.service.DelayPredictionService       : Superseded 1 stale delay prediction(s) for shipment 24
Hibernate: 
    insert 
    into
        delay_predictions
        (delay_minutes, delay_reason, detected_at, is_active, probability, shipment_id) 
    values
        (?, ?, ?, ?, ?, ?)
2026-08-12T17:39:19.973+05:30  WARN 25776 --- [shiptrack-backend] [essageBroker-16] c.shiptrack.service.LiveTrackingService  : Delay alert for shipment 24: Shipment is behind schedule (22223 min, 0.95% probability)
2026-08-12T17:39:19.973+05:30  WARN 25776 --- [shiptrack-backend] [essageBroker-16] c.s.service.DelayPredictionService       : Delay detected for shipment 24: Shipment is behind schedule (22223 min)
Hibernate: 
    select
        s1_0.id,
        s1_0.actual_delivery_time,
        s1_0.created_at,
        s1_0.created_by,
        s1_0.delivery_address,
        s1_0.destination_latitude,
        s1_0.destination_longitude,
        s1_0.estimated_delivery_time,
        s1_0.estimated_duration,
        s1_0.origin_latitude,
        s1_0.origin_longitude,
        s1_0.receiver_name,
        s1_0.route_polyline,
        s1_0.sender_address,
        s1_0.sender_name,
        s1_0.status,
        s1_0.total_distance,
        s1_0.tracking_number 
    from
        shipments s1_0 
    where
        s1_0.id=?
Hibernate: 
    select
        te1_0.id,
        te1_0.latitude,
        te1_0.longitude,
        te1_0.recorded_at,
        te1_0.shipment_id,
        te1_0.status 
    from
        tracking_events te1_0 
    left join
        shipments s1_0 
            on s1_0.id=te1_0.shipment_id 
    where
        s1_0.id=? 
    order by
        te1_0.recorded_at
Hibernate: 
    select
        rhp1_0.id,
        rhp1_0.latitude,
        rhp1_0.longitude,
        rhp1_0.progress,
        rhp1_0.recorded_at,
        rhp1_0.shipment_id,
        rhp1_0.speed 
    from
        route_history_points rhp1_0 
    left join
        shipments s1_0 
            on s1_0.id=rhp1_0.shipment_id 
    where
        s1_0.id=? 
    order by
        rhp1_0.recorded_at desc 
    fetch
        first ? rows only
Hibernate: 
    select
        dp1_0.id,
        dp1_0.delay_minutes,
        dp1_0.delay_reason,
        dp1_0.detected_at,
        dp1_0.is_active,
        dp1_0.probability,
        dp1_0.shipment_id 
    from
        delay_predictions dp1_0 
    where
        dp1_0.shipment_id=? 
        and dp1_0.is_active 
    order by
        dp1_0.detected_at desc 
    fetch
        first ? rows only
Hibernate: 
    select
        dp1_0.id,
        dp1_0.delay_minutes,
        dp1_0.delay_reason,
        dp1_0.detected_at,
        dp1_0.is_active,
        dp1_0.probability,
        dp1_0.shipment_id 
    from
        delay_predictions dp1_0 
    where
        dp1_0.shipment_id=? 
        and dp1_0.is_active
Hibernate: 
    select
        dp1_0.id,
        dp1_0.delay_minutes,
        dp1_0.delay_reason,
        dp1_0.detected_at,
        dp1_0.is_active,
        dp1_0.probability,
        dp1_0.shipment_id 
    from
        delay_predictions dp1_0 
    where
        dp1_0.id=?
Hibernate: 
    update
        delay_predictions 
    set
        delay_minutes=?,
        delay_reason=?,
        detected_at=?,
        is_active=?,
        probability=?,
        shipment_id=? 
    where
        id=?
2026-08-12T17:39:19.982+05:30  INFO 25776 --- [shiptrack-backend] [essageBroker-16] c.s.service.DelayPredictionService       : Superseded 1 stale delay prediction(s) for shipment 22
Hibernate: 
    insert 
    into
        delay_predictions
        (delay_minutes, delay_reason, detected_at, is_active, probability, shipment_id) 
    values
        (?, ?, ?, ?, ?, ?)
2026-08-12T17:39:19.983+05:30  WARN 25776 --- [shiptrack-backend] [essageBroker-16] c.shiptrack.service.LiveTrackingService  : Delay alert for shipment 22: No location update for 20117 minutes (120 min, 0.9% probability)
2026-08-12T17:39:19.983+05:30  WARN 25776 --- [shiptrack-backend] [essageBroker-16] c.s.service.DelayPredictionService       : Delay detected for shipment 22: No location update for 20117 minutes (120 min)
Hibernate: 
    select
        s1_0.id,
        s1_0.actual_delivery_time,
        s1_0.created_at,
        s1_0.created_by,
        s1_0.delivery_address,
        s1_0.destination_latitude,
        s1_0.destination_longitude,
        s1_0.estimated_delivery_time,
        s1_0.estimated_duration,
        s1_0.origin_latitude,
        s1_0.origin_longitude,
        s1_0.receiver_name,
        s1_0.route_polyline,
        s1_0.sender_address,
        s1_0.sender_name,
        s1_0.status,
        s1_0.total_distance,
        s1_0.tracking_number 
    from
        shipments s1_0 
    where
        s1_0.id=?
Hibernate: 
    select
        te1_0.id,
        te1_0.latitude,
        te1_0.longitude,
        te1_0.recorded_at,
        te1_0.shipment_id,
        te1_0.status 
    from
        tracking_events te1_0 
    left join
        shipments s1_0 
            on s1_0.id=te1_0.shipment_id 
    where
        s1_0.id=? 
    order by
        te1_0.recorded_at
Hibernate: 
    select
        rhp1_0.id,
        rhp1_0.latitude,
        rhp1_0.longitude,
        rhp1_0.progress,
        rhp1_0.recorded_at,
        rhp1_0.shipment_id,
        rhp1_0.speed 
    from
        route_history_points rhp1_0 
    left join
        shipments s1_0 
            on s1_0.id=rhp1_0.shipment_id 
    where
        s1_0.id=? 
    order by
        rhp1_0.recorded_at desc 
    fetch
        first ? rows only
2026-08-12T17:39:20.895+05:30  WARN 25776 --- [shiptrack-backend] [essageBroker-16] com.shiptrack.service.GeocodingService   : No Geoapify route found
2026-08-12T17:39:20.895+05:30  WARN 25776 --- [shiptrack-backend] [essageBroker-16] com.shiptrack.service.GeocodingService   : Geoapify routing failed, trying OSRM fallback...
Hibernate: 
    update
        shipments s1_0 
    set
        estimated_duration=?,
        estimated_delivery_time=? 
    where
        s1_0.id=?
2026-08-12T17:39:21.674+05:30  INFO 25776 --- [shiptrack-backend] [MessageBroker-1] com.shiptrack.service.EtaService         : ETA calculated for shipment 24: 485 min, delivery at 2026-08-13T01:44:21.668307200
Hibernate: 
    select
        te1_0.id,
        te1_0.latitude,
        te1_0.longitude,
        te1_0.recorded_at,
        te1_0.shipment_id,
        te1_0.status 
    from
        tracking_events te1_0 
    left join
        shipments s1_0 
            on s1_0.id=te1_0.shipment_id 
    where
        s1_0.id=? 
    order by
        te1_0.recorded_at
Hibernate: 
    select
        rhp1_0.id,
        rhp1_0.latitude,
        rhp1_0.longitude,
        rhp1_0.progress,
        rhp1_0.recorded_at,
        rhp1_0.shipment_id,
        rhp1_0.speed 
    from
        route_history_points rhp1_0 
    left join
        shipments s1_0 
            on s1_0.id=rhp1_0.shipment_id 
    where
        s1_0.id=? 
    order by
        rhp1_0.recorded_at desc 
    fetch
        first ? rows only
2026-08-12T17:39:22.582+05:30  INFO 25776 --- [shiptrack-backend] [essageBroker-16] com.shiptrack.service.GeocodingService   : OSRM route found: 615.1 km, 462 min
Hibernate: 
    select
        dp1_0.id,
        dp1_0.delay_minutes,
        dp1_0.delay_reason,
        dp1_0.detected_at,
        dp1_0.is_active,
        dp1_0.probability,
        dp1_0.shipment_id 
    from
        delay_predictions dp1_0 
    where
        dp1_0.shipment_id=? 
        and dp1_0.is_active 
    order by
        dp1_0.detected_at desc 
    fetch
        first ? rows only
Hibernate: 
    select
        s1_0.id,
        s1_0.actual_delivery_time,
        s1_0.created_at,
        s1_0.created_by,
        s1_0.delivery_address,
        s1_0.destination_latitude,
        s1_0.destination_longitude,
        s1_0.estimated_delivery_time,
        s1_0.estimated_duration,
        s1_0.origin_latitude,
        s1_0.origin_longitude,
        s1_0.receiver_name,
        s1_0.route_polyline,
        s1_0.sender_address,
        s1_0.sender_name,
        s1_0.status,
        s1_0.total_distance,
        s1_0.tracking_number 
    from
        shipments s1_0 
    where
        s1_0.id=?
Hibernate: 
    select
        te1_0.id,
        te1_0.latitude,
        te1_0.longitude,
        te1_0.recorded_at,
        te1_0.shipment_id,
        te1_0.status 
    from
        tracking_events te1_0 
    left join
        shipments s1_0 
            on s1_0.id=te1_0.shipment_id 
    where
        s1_0.id=? 
    order by
        te1_0.recorded_at
Hibernate: 
    select
        rhp1_0.id,
        rhp1_0.latitude,
        rhp1_0.longitude,
        rhp1_0.progress,
        rhp1_0.recorded_at,
        rhp1_0.shipment_id,
        rhp1_0.speed 
    from
        route_history_points rhp1_0 
    left join
        shipments s1_0 
            on s1_0.id=rhp1_0.shipment_id 
    where
        s1_0.id=? 
    order by
        rhp1_0.recorded_at desc 
    fetch
        first ? rows only
Hibernate: 
    select
        dp1_0.id,
        dp1_0.delay_minutes,
        dp1_0.delay_reason,
        dp1_0.detected_at,
        dp1_0.is_active,
        dp1_0.probability,
        dp1_0.shipment_id 
    from
        delay_predictions dp1_0 
    where
        dp1_0.shipment_id=? 
        and dp1_0.is_active 
    order by
        dp1_0.detected_at desc 
    fetch
        first ? rows only
Hibernate: 
    select
        dp1_0.id,
        dp1_0.delay_minutes,
        dp1_0.delay_reason,
        dp1_0.detected_at,
        dp1_0.is_active,
        dp1_0.probability,
        dp1_0.shipment_id 
    from
        delay_predictions dp1_0 
    where
        dp1_0.shipment_id=? 
        and dp1_0.is_active
Hibernate: 
    select
        dp1_0.id,
        dp1_0.delay_minutes,
        dp1_0.delay_reason,
        dp1_0.detected_at,
        dp1_0.is_active,
        dp1_0.probability,
        dp1_0.shipment_id 
    from
        delay_predictions dp1_0 
    where
        dp1_0.id=?
Hibernate: 
    update
        delay_predictions 
    set
        delay_minutes=?,
        delay_reason=?,
        detected_at=?,
        is_active=?,
        probability=?,
        shipment_id=? 
    where
        id=?
2026-08-12T17:39:22.596+05:30  INFO 25776 --- [shiptrack-backend] [essageBroker-16] c.s.service.DelayPredictionService       : Superseded 1 stale delay prediction(s) for shipment 53
Hibernate: 
    insert 
    into
        delay_predictions
        (delay_minutes, delay_reason, detected_at, is_active, probability, shipment_id) 
    values
        (?, ?, ?, ?, ?, ?)
2026-08-12T17:39:22.597+05:30  WARN 25776 --- [shiptrack-backend] [essageBroker-16] c.shiptrack.service.LiveTrackingService  : Delay alert for shipment 53: No location update for 78 minutes (78 min, 0.76% probability)
2026-08-12T17:39:22.597+05:30  WARN 25776 --- [shiptrack-backend] [essageBroker-16] c.s.service.DelayPredictionService       : Delay detected for shipment 53: No location update for 78 minutes (78 min)
Hibernate: 
    update
        shipments s1_0 
    set
        estimated_duration=?,
        estimated_delivery_time=? 
    where
        s1_0.id=?
2026-08-12T17:39:22.767+05:30  INFO 25776 --- [shiptrack-backend] [MessageBroker-1] com.shiptrack.service.EtaService         : ETA calculated for shipment 22: 506 min, delivery at 2026-08-13T02:05:22.765459900
Hibernate: 
    select
        te1_0.id,
        te1_0.latitude,
        te1_0.longitude,
        te1_0.recorded_at,
        te1_0.shipment_id,
        te1_0.status 
    from
        tracking_events te1_0 
    left join
        shipments s1_0 
            on s1_0.id=te1_0.shipment_id 
    where
        s1_0.id=? 
    order by
        te1_0.recorded_at
Hibernate: 
    select
        rhp1_0.id,
        rhp1_0.latitude,
        rhp1_0.longitude,
        rhp1_0.progress,
        rhp1_0.recorded_at,
        rhp1_0.shipment_id,
        rhp1_0.speed 
    from
        route_history_points rhp1_0 
    left join
        shipments s1_0 
            on s1_0.id=rhp1_0.shipment_id 
    where
        s1_0.id=? 
    order by
        rhp1_0.recorded_at desc 
    fetch
        first ? rows only
2026-08-12T17:39:23.084+05:30  WARN 25776 --- [shiptrack-backend] [MessageBroker-1] com.shiptrack.service.GeocodingService   : No Geoapify route found
2026-08-12T17:39:23.084+05:30  WARN 25776 --- [shiptrack-backend] [MessageBroker-1] com.shiptrack.service.GeocodingService   : Geoapify routing failed, trying OSRM fallback...
2026-08-12T17:39:24.512+05:30  INFO 25776 --- [shiptrack-backend] [MessageBroker-1] com.shiptrack.service.GeocodingService   : OSRM route found: 405.6 km, 304 min
Hibernate: 
    update
        shipments s1_0 
    set
        estimated_duration=?,
        estimated_delivery_time=? 
    where
        s1_0.id=?
2026-08-12T17:39:24.514+05:30  INFO 25776 --- [shiptrack-backend] [MessageBroker-1] com.shiptrack.service.EtaService         : ETA calculated for shipment 52: 304 min, delivery at 2026-08-12T22:43:24.513527100
Hibernate: 
    select
        te1_0.id,
        te1_0.latitude,
        te1_0.longitude,
        te1_0.recorded_at,
        te1_0.shipment_id,
        te1_0.status 
    from
        tracking_events te1_0 
    left join
        shipments s1_0 
            on s1_0.id=te1_0.shipment_id 
    where
        s1_0.id=? 
    order by
        te1_0.recorded_at
Hibernate: 
    select
        rhp1_0.id,
        rhp1_0.latitude,
        rhp1_0.longitude,
        rhp1_0.progress,
        rhp1_0.recorded_at,
        rhp1_0.shipment_id,
        rhp1_0.speed 
    from
        route_history_points rhp1_0 
    left join
        shipments s1_0 
            on s1_0.id=rhp1_0.shipment_id 
    where
        s1_0.id=? 
    order by
        rhp1_0.recorded_at desc 
    fetch
        first ? rows only
Hibernate: 
    update
        shipments s1_0 
    set
        estimated_duration=?,
        estimated_delivery_time=? 
    where
        s1_0.id=?
2026-08-12T17:39:24.942+05:30  INFO 25776 --- [shiptrack-backend] [MessageBroker-1] com.shiptrack.service.EtaService         : ETA calculated for shipment 53: 1 min, delivery at 2026-08-12T17:40:24.939244500
Hibernate: 
    select
        s1_0.id,
        s1_0.actual_delivery_time,
        s1_0.created_at,
        s1_0.created_by,
        s1_0.delivery_address,
        s1_0.destination_latitude,
        s1_0.destination_longitude,
        s1_0.estimated_delivery_time,
        s1_0.estimated_duration,
        s1_0.origin_latitude,
        s1_0.origin_longitude,
        s1_0.receiver_name,
        s1_0.route_polyline,
        s1_0.sender_address,
        s1_0.sender_name,
        s1_0.status,
        s1_0.total_distance,
        s1_0.tracking_number 
    from
        shipments s1_0 
    where
        s1_0.status in (?, ?)
Hibernate: 
    insert 
    into
        route_history_points
        (latitude, longitude, progress, recorded_at, shipment_id, speed) 
    values
        (?, ?, ?, ?, ?, ?)
2026-08-12T17:39:49.948+05:30  INFO 25776 --- [shiptrack-backend] [MessageBroker-7] c.shiptrack.service.LiveTrackingService  : Broadcast location update for shipment 24: 15.30083093558222,74.06793655965639
Hibernate: 
    insert 
    into
        route_history_points
        (latitude, longitude, progress, recorded_at, shipment_id, speed) 
    values
        (?, ?, ?, ?, ?, ?)
2026-08-12T17:39:49.950+05:30  INFO 25776 --- [shiptrack-backend] [MessageBroker-7] c.shiptrack.service.LiveTrackingService  : Broadcast location update for shipment 52: 21.62750457708877,87.04495441744768
Hibernate: 
    select
        s1_0.id,
        s1_0.actual_delivery_time,
        s1_0.created_at,
        s1_0.created_by,
        s1_0.delivery_address,
        s1_0.destination_latitude,
        s1_0.destination_longitude,
        s1_0.estimated_delivery_time,
        s1_0.estimated_duration,
        s1_0.origin_latitude,
        s1_0.origin_longitude,
        s1_0.receiver_name,
        s1_0.route_polyline,
        s1_0.sender_address,
        s1_0.sender_name,
        s1_0.status,
        s1_0.total_distance,
        s1_0.tracking_number 
    from
        shipments s1_0 
    where
        s1_0.status in (?, ?)
Hibernate: 
    select
        s1_0.id,
        s1_0.actual_delivery_time,
        s1_0.created_at,
        s1_0.created_by,
        s1_0.delivery_address,
        s1_0.destination_latitude,
        s1_0.destination_longitude,
        s1_0.estimated_delivery_time,
        s1_0.estimated_duration,
        s1_0.origin_latitude,
        s1_0.origin_longitude,
        s1_0.receiver_name,
        s1_0.route_polyline,
        s1_0.sender_address,
        s1_0.sender_name,
        s1_0.status,
        s1_0.total_distance,
        s1_0.tracking_number 
    from
        shipments s1_0 
    where
        s1_0.status in (?, ?)
Hibernate: 
    select
        s1_0.id,
        s1_0.actual_delivery_time,
        s1_0.created_at,
        s1_0.created_by,
        s1_0.delivery_address,
        s1_0.destination_latitude,
        s1_0.destination_longitude,
        s1_0.estimated_delivery_time,
        s1_0.estimated_duration,
        s1_0.origin_latitude,
        s1_0.origin_longitude,
        s1_0.receiver_name,
        s1_0.route_polyline,
        s1_0.sender_address,
        s1_0.sender_name,
        s1_0.status,
        s1_0.total_distance,
        s1_0.tracking_number 
    from
        shipments s1_0 
    where
        s1_0.id=?
Hibernate: 
    insert 
    into
        route_history_points
        (latitude, longitude, progress, recorded_at, shipment_id, speed) 
    values
        (?, ?, ?, ?, ?, ?)
Hibernate: 
    select
        te1_0.id,
        te1_0.latitude,
        te1_0.longitude,
        te1_0.recorded_at,
        te1_0.shipment_id,
        te1_0.status 
    from
        tracking_events te1_0 
    left join
        shipments s1_0 
            on s1_0.id=te1_0.shipment_id 
    where
        s1_0.id=? 
    order by
        te1_0.recorded_at
Hibernate: 
    select
        rhp1_0.id,
        rhp1_0.latitude,
        rhp1_0.longitude,
        rhp1_0.progress,
        rhp1_0.recorded_at,
        rhp1_0.shipment_id,
        rhp1_0.speed 
    from
        route_history_points rhp1_0 
    left join
        shipments s1_0 
            on s1_0.id=rhp1_0.shipment_id 
    where
        s1_0.id=? 
    order by
        rhp1_0.recorded_at desc 
    fetch
        first ? rows only
Hibernate: 
    select
        dp1_0.id,
        dp1_0.delay_minutes,
        dp1_0.delay_reason,
        dp1_0.detected_at,
        dp1_0.is_active,
        dp1_0.probability,
        dp1_0.shipment_id 
    from
        delay_predictions dp1_0 
    where
        dp1_0.shipment_id=? 
        and dp1_0.is_active 
    order by
        dp1_0.detected_at desc 
    fetch
        first ? rows only
2026-08-12T17:40:19.951+05:30  INFO 25776 --- [shiptrack-backend] [MessageBroker-3] c.shiptrack.service.LiveTrackingService  : Broadcast location update for shipment 24: 15.30083093558222,74.06793655965639
Hibernate: 
    insert 
    into
        route_history_points
        (latitude, longitude, progress, recorded_at, shipment_id, speed) 
    values
        (?, ?, ?, ?, ?, ?)
Hibernate: 
    select
        dp1_0.id,
        dp1_0.delay_minutes,
        dp1_0.delay_reason,
        dp1_0.detected_at,
        dp1_0.is_active,
        dp1_0.probability,
        dp1_0.shipment_id 
    from
        delay_predictions dp1_0 
    where
        dp1_0.shipment_id=? 
        and dp1_0.is_active
2026-08-12T17:40:19.960+05:30  INFO 25776 --- [shiptrack-backend] [MessageBroker-3] c.shiptrack.service.LiveTrackingService  : Broadcast location update for shipment 52: 21.61206629652415,87.0345577779145
Hibernate: 
    select
        dp1_0.id,
        dp1_0.delay_minutes,
        dp1_0.delay_reason,
        dp1_0.detected_at,
        dp1_0.is_active,
        dp1_0.probability,
        dp1_0.shipment_id 
    from
        delay_predictions dp1_0 
    where
        dp1_0.id=?
Hibernate: 
    update
        delay_predictions 
    set
        delay_minutes=?,
        delay_reason=?,
        detected_at=?,
        is_active=?,
        probability=?,
        shipment_id=? 
    where
        id=?
2026-08-12T17:40:19.963+05:30  INFO 25776 --- [shiptrack-backend] [essageBroker-15] c.s.service.DelayPredictionService       : Superseded 1 stale delay prediction(s) for shipment 24
Hibernate: 
    insert 
    into
        delay_predictions
        (delay_minutes, delay_reason, detected_at, is_active, probability, shipment_id) 
    values
        (?, ?, ?, ?, ?, ?)
2026-08-12T17:40:19.964+05:30  WARN 25776 --- [shiptrack-backend] [essageBroker-15] c.shiptrack.service.LiveTrackingService  : Delay alert for shipment 24: Shipment is behind schedule (22237 min, 0.95% probability)
2026-08-12T17:40:19.965+05:30  WARN 25776 --- [shiptrack-backend] [essageBroker-15] c.s.service.DelayPredictionService       : Delay detected for shipment 24: Shipment is behind schedule (22237 min)
Hibernate: 
    select
        s1_0.id,
        s1_0.actual_delivery_time,
        s1_0.created_at,
        s1_0.created_by,
        s1_0.delivery_address,
        s1_0.destination_latitude,
        s1_0.destination_longitude,
        s1_0.estimated_delivery_time,
        s1_0.estimated_duration,
        s1_0.origin_latitude,
        s1_0.origin_longitude,
        s1_0.receiver_name,
        s1_0.route_polyline,
        s1_0.sender_address,
        s1_0.sender_name,
        s1_0.status,
        s1_0.total_distance,
        s1_0.tracking_number 
    from
        shipments s1_0 
    where
        s1_0.id=?
Hibernate: 
    select
        te1_0.id,
        te1_0.latitude,
        te1_0.longitude,
        te1_0.recorded_at,
        te1_0.shipment_id,
        te1_0.status 
    from
        tracking_events te1_0 
    left join
        shipments s1_0 
            on s1_0.id=te1_0.shipment_id 
    where
        s1_0.id=? 
    order by
        te1_0.recorded_at
Hibernate: 
    select
        rhp1_0.id,
        rhp1_0.latitude,
        rhp1_0.longitude,
        rhp1_0.progress,
        rhp1_0.recorded_at,
        rhp1_0.shipment_id,
        rhp1_0.speed 
    from
        route_history_points rhp1_0 
    left join
        shipments s1_0 
            on s1_0.id=rhp1_0.shipment_id 
    where
        s1_0.id=? 
    order by
        rhp1_0.recorded_at desc 
    fetch
        first ? rows only
Hibernate: 
    select
        dp1_0.id,
        dp1_0.delay_minutes,
        dp1_0.delay_reason,
        dp1_0.detected_at,
        dp1_0.is_active,
        dp1_0.probability,
        dp1_0.shipment_id 
    from
        delay_predictions dp1_0 
    where
        dp1_0.shipment_id=? 
        and dp1_0.is_active 
    order by
        dp1_0.detected_at desc 
    fetch
        first ? rows only
Hibernate: 
    select
        dp1_0.id,
        dp1_0.delay_minutes,
        dp1_0.delay_reason,
        dp1_0.detected_at,
        dp1_0.is_active,
        dp1_0.probability,
        dp1_0.shipment_id 
    from
        delay_predictions dp1_0 
    where
        dp1_0.shipment_id=? 
        and dp1_0.is_active
Hibernate: 
    select
        dp1_0.id,
        dp1_0.delay_minutes,
        dp1_0.delay_reason,
        dp1_0.detected_at,
        dp1_0.is_active,
        dp1_0.probability,
        dp1_0.shipment_id 
    from
        delay_predictions dp1_0 
    where
        dp1_0.id=?
Hibernate: 
    update
        delay_predictions 
    set
        delay_minutes=?,
        delay_reason=?,
        detected_at=?,
        is_active=?,
        probability=?,
        shipment_id=? 
    where
        id=?
2026-08-12T17:40:19.984+05:30  INFO 25776 --- [shiptrack-backend] [essageBroker-15] c.s.service.DelayPredictionService       : Superseded 1 stale delay prediction(s) for shipment 22
Hibernate: 
    insert 
    into
        delay_predictions
        (delay_minutes, delay_reason, detected_at, is_active, probability, shipment_id) 
    values
        (?, ?, ?, ?, ?, ?)
2026-08-12T17:40:19.986+05:30  WARN 25776 --- [shiptrack-backend] [essageBroker-15] c.shiptrack.service.LiveTrackingService  : Delay alert for shipment 22: No location update for 20118 minutes (120 min, 0.9% probability)
2026-08-12T17:40:19.986+05:30  WARN 25776 --- [shiptrack-backend] [essageBroker-15] c.s.service.DelayPredictionService       : Delay detected for shipment 22: No location update for 20118 minutes (120 min)
Hibernate: 
    select
        s1_0.id,
        s1_0.actual_delivery_time,
        s1_0.created_at,
        s1_0.created_by,
        s1_0.delivery_address,
        s1_0.destination_latitude,
        s1_0.destination_longitude,
        s1_0.estimated_delivery_time,
        s1_0.estimated_duration,
        s1_0.origin_latitude,
        s1_0.origin_longitude,
        s1_0.receiver_name,
        s1_0.route_polyline,
        s1_0.sender_address,
        s1_0.sender_name,
        s1_0.status,
        s1_0.total_distance,
        s1_0.tracking_number 
    from
        shipments s1_0 
    where
        s1_0.id=?
Hibernate: 
    select
        te1_0.id,
        te1_0.latitude,
        te1_0.longitude,
        te1_0.recorded_at,
        te1_0.shipment_id,
        te1_0.status 
    from
        tracking_events te1_0 
    left join
        shipments s1_0 
            on s1_0.id=te1_0.shipment_id 
    where
        s1_0.id=? 
    order by
        te1_0.recorded_at
Hibernate: 
    select
        rhp1_0.id,
        rhp1_0.latitude,
        rhp1_0.longitude,
        rhp1_0.progress,
        rhp1_0.recorded_at,
        rhp1_0.shipment_id,
        rhp1_0.speed 
    from
        route_history_points rhp1_0 
    left join
        shipments s1_0 
            on s1_0.id=rhp1_0.shipment_id 
    where
        s1_0.id=? 
    order by
        rhp1_0.recorded_at desc 
    fetch
        first ? rows only
Hibernate: 
    select
        s1_0.id,
        s1_0.actual_delivery_time,
        s1_0.created_at,
        s1_0.created_by,
        s1_0.delivery_address,
        s1_0.destination_latitude,
        s1_0.destination_longitude,
        s1_0.estimated_delivery_time,
        s1_0.estimated_duration,
        s1_0.origin_latitude,
        s1_0.origin_longitude,
        s1_0.receiver_name,
        s1_0.route_polyline,
        s1_0.sender_address,
        s1_0.sender_name,
        s1_0.status,
        s1_0.total_distance,
        s1_0.tracking_number 
    from
        shipments s1_0 
    where
        s1_0.status in (?, ?)
Hibernate: 
    insert 
    into
        route_history_points
        (latitude, longitude, progress, recorded_at, shipment_id, speed) 
    values
        (?, ?, ?, ?, ?, ?)
2026-08-12T17:40:49.948+05:30  INFO 25776 --- [shiptrack-backend] [essageBroker-10] c.shiptrack.service.LiveTrackingService  : Broadcast location update for shipment 24: 15.302378261107425,74.0573069555703
Hibernate: 
    insert 
    into
        route_history_points
        (latitude, longitude, progress, recorded_at, shipment_id, speed) 
    values
        (?, ?, ?, ?, ?, ?)
2026-08-12T17:40:49.954+05:30  INFO 25776 --- [shiptrack-backend] [essageBroker-10] c.shiptrack.service.LiveTrackingService  : Broadcast location update for shipment 52: 21.61206629652415,87.0345577779145
2026-08-12T17:41:02.119+05:30 ERROR 25776 --- [shiptrack-backend] [essageBroker-15] com.shiptrack.service.GeocodingService   : Geoapify routing failed

org.springframework.web.client.ResourceAccessException: I/O error on GET request for "https://api.geoapify.com/v1/routing": Connection timed out: getsockopt
	at org.springframework.web.client.RestTemplate.createResourceAccessException(RestTemplate.java:926) ~[spring-web-6.2.8.jar:6.2.8]
	at org.springframework.web.client.RestTemplate.doExecute(RestTemplate.java:906) ~[spring-web-6.2.8.jar:6.2.8]
	at org.springframework.web.client.RestTemplate.execute(RestTemplate.java:801) ~[spring-web-6.2.8.jar:6.2.8]
	at org.springframework.web.client.RestTemplate.getForObject(RestTemplate.java:415) ~[spring-web-6.2.8.jar:6.2.8]
	at com.shiptrack.service.GeocodingService.routeWithGeoapify(GeocodingService.java:162) ~[classes/:na]
	at com.shiptrack.service.GeocodingService.calculateRoute(GeocodingService.java:143) ~[classes/:na]
	at com.shiptrack.service.GeocodingService.calculateDuration(GeocodingService.java:259) ~[classes/:na]
	at com.shiptrack.service.DelayPredictionService.checkForDelays(DelayPredictionService.java:99) ~[classes/:na]
	at com.shiptrack.service.DelayPredictionService.checkAllActiveShipments(DelayPredictionService.java:162) ~[classes/:na]
	at java.base/jdk.internal.reflect.DirectMethodHandleAccessor.invoke(DirectMethodHandleAccessor.java:104) ~[na:na]
	at java.base/java.lang.reflect.Method.invoke(Method.java:565) ~[na:na]
	at org.springframework.aop.support.AopUtils.invokeJoinpointUsingReflection(AopUtils.java:359) ~[spring-aop-6.2.8.jar:6.2.8]
	at org.springframework.aop.framework.CglibAopProxy$DynamicAdvisedInterceptor.intercept(CglibAopProxy.java:724) ~[spring-aop-6.2.8.jar:6.2.8]
	at com.shiptrack.service.DelayPredictionService$$SpringCGLIB$$0.checkAllActiveShipments(<generated>) ~[classes/:na]
	at java.base/jdk.internal.reflect.DirectMethodHandleAccessor.invoke(DirectMethodHandleAccessor.java:104) ~[na:na]
	at java.base/java.lang.reflect.Method.invoke(Method.java:565) ~[na:na]
	at org.springframework.scheduling.support.ScheduledMethodRunnable.runInternal(ScheduledMethodRunnable.java:130) ~[spring-context-6.2.8.jar:6.2.8]
	at org.springframework.scheduling.support.ScheduledMethodRunnable.lambda$run$2(ScheduledMethodRunnable.java:124) ~[spring-context-6.2.8.jar:6.2.8]
	at io.micrometer.observation.Observation.observe(Observation.java:498) ~[micrometer-observation-1.15.1.jar:1.15.1]
	at org.springframework.scheduling.support.ScheduledMethodRunnable.run(ScheduledMethodRunnable.java:124) ~[spring-context-6.2.8.jar:6.2.8]
	at org.springframework.scheduling.config.Task$OutcomeTrackingRunnable.run(Task.java:85) ~[spring-context-6.2.8.jar:6.2.8]
	at org.springframework.scheduling.support.DelegatingErrorHandlingRunnable.run(DelegatingErrorHandlingRunnable.java:54) ~[spring-context-6.2.8.jar:6.2.8]
	at java.base/java.util.concurrent.Executors$RunnableAdapter.call(Executors.java:545) ~[na:na]
	at java.base/java.util.concurrent.FutureTask.runAndReset(FutureTask.java:371) ~[na:na]
	at java.base/java.util.concurrent.ScheduledThreadPoolExecutor$ScheduledFutureTask.run(ScheduledThreadPoolExecutor.java:310) ~[na:na]
	at java.base/java.util.concurrent.ThreadPoolExecutor.runWorker(ThreadPoolExecutor.java:1090) ~[na:na]
	at java.base/java.util.concurrent.ThreadPoolExecutor$Worker.run(ThreadPoolExecutor.java:614) ~[na:na]
	at java.base/java.lang.Thread.run(Thread.java:1516) ~[na:na]
Caused by: java.net.ConnectException: Connection timed out: getsockopt
	at java.base/sun.nio.ch.Net.pollConnect(Native Method) ~[na:na]
	at java.base/sun.nio.ch.Net.pollConnectNow(Net.java:642) ~[na:na]
	at java.base/sun.nio.ch.SocketChannelImpl.finishConnect(SocketChannelImpl.java:1043) ~[na:na]
	at java.net.http/jdk.internal.net.http.PlainHttpConnection$ConnectEvent.handle(PlainHttpConnection.java:134) ~[java.net.http:na]
	at java.net.http/jdk.internal.net.http.HttpClientImpl$SelectorManager.handleEvent(HttpClientImpl.java:1610) ~[java.net.http:na]
	at java.net.http/jdk.internal.net.http.HttpClientImpl$SelectorManager.lambda$run$3(HttpClientImpl.java:1555) ~[java.net.http:na]
	at java.base/java.util.ArrayList.forEach(ArrayList.java:1612) ~[na:na]
	at java.net.http/jdk.internal.net.http.HttpClientImpl$SelectorManager.run(HttpClientImpl.java:1555) ~[java.net.http:na]
	at java.base/java.lang.VirtualThread.run(VirtualThread.java:475) ~[na:na]

2026-08-12T17:41:02.120+05:30  WARN 25776 --- [shiptrack-backend] [essageBroker-15] com.shiptrack.service.GeocodingService   : Geoapify routing failed, trying OSRM fallback...
2026-08-12T17:41:03.741+05:30  INFO 25776 --- [shiptrack-backend] [essageBroker-15] com.shiptrack.service.GeocodingService   : OSRM route found: 615.1 km, 462 min
Hibernate: 
    select
        dp1_0.id,
        dp1_0.delay_minutes,
        dp1_0.delay_reason,
        dp1_0.detected_at,
        dp1_0.is_active,
        dp1_0.probability,
        dp1_0.shipment_id 
    from
        delay_predictions dp1_0 
    where
        dp1_0.shipment_id=? 
        and dp1_0.is_active 
    order by
        dp1_0.detected_at desc 
    fetch
        first ? rows only
Hibernate: 
    select
        dp1_0.id,
        dp1_0.delay_minutes,
        dp1_0.delay_reason,
        dp1_0.detected_at,
        dp1_0.is_active,
        dp1_0.probability,
        dp1_0.shipment_id 
    from
        delay_predictions dp1_0 
    where
        dp1_0.shipment_id=? 
        and dp1_0.is_active
Hibernate: 
    select
        dp1_0.id,
        dp1_0.delay_minutes,
        dp1_0.delay_reason,
        dp1_0.detected_at,
        dp1_0.is_active,
        dp1_0.probability,
        dp1_0.shipment_id 
    from
        delay_predictions dp1_0 
    where
        dp1_0.id=?
Hibernate: 
    update
        delay_predictions 
    set
        delay_minutes=?,
        delay_reason=?,
        detected_at=?,
        is_active=?,
        probability=?,
        shipment_id=? 
    where
        id=?
2026-08-12T17:41:03.751+05:30  INFO 25776 --- [shiptrack-backend] [essageBroker-15] c.s.service.DelayPredictionService       : Superseded 1 stale delay prediction(s) for shipment 52
Hibernate: 
    insert 
    into
        delay_predictions
        (delay_minutes, delay_reason, detected_at, is_active, probability, shipment_id) 
    values
        (?, ?, ?, ?, ?, ?)
2026-08-12T17:41:03.757+05:30  WARN 25776 --- [shiptrack-backend] [essageBroker-15] c.shiptrack.service.LiveTrackingService  : Delay alert for shipment 52: Heavy traffic detected on route (157 min, 0.85% probability)
2026-08-12T17:41:03.758+05:30  WARN 25776 --- [shiptrack-backend] [essageBroker-15] c.s.service.DelayPredictionService       : Delay detected for shipment 52: Heavy traffic detected on route (157 min)
Hibernate: 
    select
        s1_0.id,
        s1_0.actual_delivery_time,
        s1_0.created_at,
        s1_0.created_by,
        s1_0.delivery_address,
        s1_0.destination_latitude,
        s1_0.destination_longitude,
        s1_0.estimated_delivery_time,
        s1_0.estimated_duration,
        s1_0.origin_latitude,
        s1_0.origin_longitude,
        s1_0.receiver_name,
        s1_0.route_polyline,
        s1_0.sender_address,
        s1_0.sender_name,
        s1_0.status,
        s1_0.total_distance,
        s1_0.tracking_number 
    from
        shipments s1_0 
    where
        s1_0.id=?
Hibernate: 
    select
        te1_0.id,
        te1_0.latitude,
        te1_0.longitude,
        te1_0.recorded_at,
        te1_0.shipment_id,
        te1_0.status 
    from
        tracking_events te1_0 
    left join
        shipments s1_0 
            on s1_0.id=te1_0.shipment_id 
    where
        s1_0.id=? 
    order by
        te1_0.recorded_at
Hibernate: 
    select
        rhp1_0.id,
        rhp1_0.latitude,
        rhp1_0.longitude,
        rhp1_0.progress,
        rhp1_0.recorded_at,
        rhp1_0.shipment_id,
        rhp1_0.speed 
    from
        route_history_points rhp1_0 
    left join
        shipments s1_0 
            on s1_0.id=rhp1_0.shipment_id 
    where
        s1_0.id=? 
    order by
        rhp1_0.recorded_at desc 
    fetch
        first ? rows only
Hibernate: 
    select
        dp1_0.id,
        dp1_0.delay_minutes,
        dp1_0.delay_reason,
        dp1_0.detected_at,
        dp1_0.is_active,
        dp1_0.probability,
        dp1_0.shipment_id 
    from
        delay_predictions dp1_0 
    where
        dp1_0.shipment_id=? 
        and dp1_0.is_active 
    order by
        dp1_0.detected_at desc 
    fetch
        first ? rows only
Hibernate: 
    select
        dp1_0.id,
        dp1_0.delay_minutes,
        dp1_0.delay_reason,
        dp1_0.detected_at,
        dp1_0.is_active,
        dp1_0.probability,
        dp1_0.shipment_id 
    from
        delay_predictions dp1_0 
    where
        dp1_0.shipment_id=? 
        and dp1_0.is_active
Hibernate: 
    select
        dp1_0.id,
        dp1_0.delay_minutes,
        dp1_0.delay_reason,
        dp1_0.detected_at,
        dp1_0.is_active,
        dp1_0.probability,
        dp1_0.shipment_id 
    from
        delay_predictions dp1_0 
    where
        dp1_0.id=?
Hibernate: 
    update
        delay_predictions 
    set
        delay_minutes=?,
        delay_reason=?,
        detected_at=?,
        is_active=?,
        probability=?,
        shipment_id=? 
    where
        id=?
2026-08-12T17:41:03.769+05:30  INFO 25776 --- [shiptrack-backend] [essageBroker-15] c.s.service.DelayPredictionService       : Superseded 1 stale delay prediction(s) for shipment 53
Hibernate: 
    insert 
    into
        delay_predictions
        (delay_minutes, delay_reason, detected_at, is_active, probability, shipment_id) 
    values
        (?, ?, ?, ?, ?, ?)
2026-08-12T17:41:03.772+05:30  WARN 25776 --- [shiptrack-backend] [essageBroker-15] c.shiptrack.service.LiveTrackingService  : Delay alert for shipment 53: No location update for 80 minutes (80 min, 0.7666666666666666% probability)
2026-08-12T17:41:03.772+05:30  WARN 25776 --- [shiptrack-backend] [essageBroker-15] c.s.service.DelayPredictionService       : Delay detected for shipment 53: No location update for 80 minutes (80 min)
Hibernate: 
    select
        s1_0.id,
        s1_0.actual_delivery_time,
        s1_0.created_at,
        s1_0.created_by,
        s1_0.delivery_address,
        s1_0.destination_latitude,
        s1_0.destination_longitude,
        s1_0.estimated_delivery_time,
        s1_0.estimated_duration,
        s1_0.origin_latitude,
        s1_0.origin_longitude,
        s1_0.receiver_name,
        s1_0.route_polyline,
        s1_0.sender_address,
        s1_0.sender_name,
        s1_0.status,
        s1_0.total_distance,
        s1_0.tracking_number 
    from
        shipments s1_0 
    where
        s1_0.status in (?, ?)
Hibernate: 
    select
        s1_0.id,
        s1_0.actual_delivery_time,
        s1_0.created_at,
        s1_0.created_by,
        s1_0.delivery_address,
        s1_0.destination_latitude,
        s1_0.destination_longitude,
        s1_0.estimated_delivery_time,
        s1_0.estimated_duration,
        s1_0.origin_latitude,
        s1_0.origin_longitude,
        s1_0.receiver_name,
        s1_0.route_polyline,
        s1_0.sender_address,
        s1_0.sender_name,
        s1_0.status,
        s1_0.total_distance,
        s1_0.tracking_number 
    from
        shipments s1_0 
    where
        s1_0.status in (?, ?)
Hibernate: 
    select
        s1_0.id,
        s1_0.actual_delivery_time,
        s1_0.created_at,
        s1_0.created_by,
        s1_0.delivery_address,
        s1_0.destination_latitude,
        s1_0.destination_longitude,
        s1_0.estimated_delivery_time,
        s1_0.estimated_duration,
        s1_0.origin_latitude,
        s1_0.origin_longitude,
        s1_0.receiver_name,
        s1_0.route_polyline,
        s1_0.sender_address,
        s1_0.sender_name,
        s1_0.status,
        s1_0.total_distance,
        s1_0.tracking_number 
    from
        shipments s1_0 
    where
        s1_0.status in (?, ?)
Hibernate: 
    select
        s1_0.id,
        s1_0.actual_delivery_time,
        s1_0.created_at,
        s1_0.created_by,
        s1_0.delivery_address,
        s1_0.destination_latitude,
        s1_0.destination_longitude,
        s1_0.estimated_delivery_time,
        s1_0.estimated_duration,
        s1_0.origin_latitude,
        s1_0.origin_longitude,
        s1_0.receiver_name,
        s1_0.route_polyline,
        s1_0.sender_address,
        s1_0.sender_name,
        s1_0.status,
        s1_0.total_distance,
        s1_0.tracking_number 
    from
        shipments s1_0 
    where
        s1_0.id=?
Hibernate: 
    select
        te1_0.id,
        te1_0.latitude,
        te1_0.longitude,
        te1_0.recorded_at,
        te1_0.shipment_id,
        te1_0.status 
    from
        tracking_events te1_0 
    left join
        shipments s1_0 
            on s1_0.id=te1_0.shipment_id 
    where
        s1_0.id=? 
    order by
        te1_0.recorded_at
Hibernate: 
    insert 
    into
        route_history_points
        (latitude, longitude, progress, recorded_at, shipment_id, speed) 
    values
        (?, ?, ?, ?, ?, ?)
Hibernate: 
    select
        te1_0.id,
        te1_0.latitude,
        te1_0.longitude,
        te1_0.recorded_at,
        te1_0.shipment_id,
        te1_0.status 
    from
        tracking_events te1_0 
    left join
        shipments s1_0 
            on s1_0.id=te1_0.shipment_id 
    where
        s1_0.id=? 
    order by
        te1_0.recorded_at
Hibernate: 
    select
        rhp1_0.id,
        rhp1_0.latitude,
        rhp1_0.longitude,
        rhp1_0.progress,
        rhp1_0.recorded_at,
        rhp1_0.shipment_id,
        rhp1_0.speed 
    from
        route_history_points rhp1_0 
    left join
        shipments s1_0 
            on s1_0.id=rhp1_0.shipment_id 
    where
        s1_0.id=? 
    order by
        rhp1_0.recorded_at desc 
    fetch
        first ? rows only
Hibernate: 
    select
        rhp1_0.id,
        rhp1_0.latitude,
        rhp1_0.longitude,
        rhp1_0.progress,
        rhp1_0.recorded_at,
        rhp1_0.shipment_id,
        rhp1_0.speed 
    from
        route_history_points rhp1_0 
    left join
        shipments s1_0 
            on s1_0.id=rhp1_0.shipment_id 
    where
        s1_0.id=? 
    order by
        rhp1_0.recorded_at desc 
    fetch
        first ? rows only
Hibernate: 
    select
        dp1_0.id,
        dp1_0.delay_minutes,
        dp1_0.delay_reason,
        dp1_0.detected_at,
        dp1_0.is_active,
        dp1_0.probability,
        dp1_0.shipment_id 
    from
        delay_predictions dp1_0 
    where
        dp1_0.shipment_id=? 
        and dp1_0.is_active 
    order by
        dp1_0.detected_at desc 
    fetch
        first ? rows only
2026-08-12T17:41:19.941+05:30  INFO 25776 --- [shiptrack-backend] [MessageBroker-8] c.shiptrack.service.LiveTrackingService  : Broadcast location update for shipment 24: 15.302378261107425,74.0573069555703
Hibernate: 
    insert 
    into
        route_history_points
        (latitude, longitude, progress, recorded_at, shipment_id, speed) 
    values
        (?, ?, ?, ?, ?, ?)
Hibernate: 
    select
        dp1_0.id,
        dp1_0.delay_minutes,
        dp1_0.delay_reason,
        dp1_0.detected_at,
        dp1_0.is_active,
        dp1_0.probability,
        dp1_0.shipment_id 
    from
        delay_predictions dp1_0 
    where
        dp1_0.shipment_id=? 
        and dp1_0.is_active
Hibernate: 
    select
        dp1_0.id,
        dp1_0.delay_minutes,
        dp1_0.delay_reason,
        dp1_0.detected_at,
        dp1_0.is_active,
        dp1_0.probability,
        dp1_0.shipment_id 
    from
        delay_predictions dp1_0 
    where
        dp1_0.id=?
2026-08-12T17:41:19.944+05:30  INFO 25776 --- [shiptrack-backend] [MessageBroker-8] c.shiptrack.service.LiveTrackingService  : Broadcast location update for shipment 52: 21.597341873096752,87.02313545230369
Hibernate: 
    update
        delay_predictions 
    set
        delay_minutes=?,
        delay_reason=?,
        detected_at=?,
        is_active=?,
        probability=?,
        shipment_id=? 
    where
        id=?
2026-08-12T17:41:19.945+05:30  INFO 25776 --- [shiptrack-backend] [essageBroker-13] c.s.service.DelayPredictionService       : Superseded 1 stale delay prediction(s) for shipment 24
Hibernate: 
    insert 
    into
        delay_predictions
        (delay_minutes, delay_reason, detected_at, is_active, probability, shipment_id) 
    values
        (?, ?, ?, ?, ?, ?)
2026-08-12T17:41:19.948+05:30  WARN 25776 --- [shiptrack-backend] [essageBroker-13] c.shiptrack.service.LiveTrackingService  : Delay alert for shipment 24: Shipment is behind schedule (22238 min, 0.95% probability)
2026-08-12T17:41:19.948+05:30  WARN 25776 --- [shiptrack-backend] [essageBroker-13] c.s.service.DelayPredictionService       : Delay detected for shipment 24: Shipment is behind schedule (22238 min)
Hibernate: 
    select
        s1_0.id,
        s1_0.actual_delivery_time,
        s1_0.created_at,
        s1_0.created_by,
        s1_0.delivery_address,
        s1_0.destination_latitude,
        s1_0.destination_longitude,
        s1_0.estimated_delivery_time,
        s1_0.estimated_duration,
        s1_0.origin_latitude,
        s1_0.origin_longitude,
        s1_0.receiver_name,
        s1_0.route_polyline,
        s1_0.sender_address,
        s1_0.sender_name,
        s1_0.status,
        s1_0.total_distance,
        s1_0.tracking_number 
    from
        shipments s1_0 
    where
        s1_0.id=?
Hibernate: 
    select
        te1_0.id,
        te1_0.latitude,
        te1_0.longitude,
        te1_0.recorded_at,
        te1_0.shipment_id,
        te1_0.status 
    from
        tracking_events te1_0 
    left join
        shipments s1_0 
            on s1_0.id=te1_0.shipment_id 
    where
        s1_0.id=? 
    order by
        te1_0.recorded_at
Hibernate: 
    select
        rhp1_0.id,
        rhp1_0.latitude,
        rhp1_0.longitude,
        rhp1_0.progress,
        rhp1_0.recorded_at,
        rhp1_0.shipment_id,
        rhp1_0.speed 
    from
        route_history_points rhp1_0 
    left join
        shipments s1_0 
            on s1_0.id=rhp1_0.shipment_id 
    where
        s1_0.id=? 
    order by
        rhp1_0.recorded_at desc 
    fetch
        first ? rows only
Hibernate: 
    select
        dp1_0.id,
        dp1_0.delay_minutes,
        dp1_0.delay_reason,
        dp1_0.detected_at,
        dp1_0.is_active,
        dp1_0.probability,
        dp1_0.shipment_id 
    from
        delay_predictions dp1_0 
    where
        dp1_0.shipment_id=? 
        and dp1_0.is_active 
    order by
        dp1_0.detected_at desc 
    fetch
        first ? rows only
Hibernate: 
    select
        dp1_0.id,
        dp1_0.delay_minutes,
        dp1_0.delay_reason,
        dp1_0.detected_at,
        dp1_0.is_active,
        dp1_0.probability,
        dp1_0.shipment_id 
    from
        delay_predictions dp1_0 
    where
        dp1_0.shipment_id=? 
        and dp1_0.is_active
Hibernate: 
    select
        dp1_0.id,
        dp1_0.delay_minutes,
        dp1_0.delay_reason,
        dp1_0.detected_at,
        dp1_0.is_active,
        dp1_0.probability,
        dp1_0.shipment_id 
    from
        delay_predictions dp1_0 
    where
        dp1_0.id=?
Hibernate: 
    update
        delay_predictions 
    set
        delay_minutes=?,
        delay_reason=?,
        detected_at=?,
        is_active=?,
        probability=?,
        shipment_id=? 
    where
        id=?
2026-08-12T17:41:19.955+05:30  INFO 25776 --- [shiptrack-backend] [essageBroker-13] c.s.service.DelayPredictionService       : Superseded 1 stale delay prediction(s) for shipment 22
Hibernate: 
    insert 
    into
        delay_predictions
        (delay_minutes, delay_reason, detected_at, is_active, probability, shipment_id) 
    values
        (?, ?, ?, ?, ?, ?)
2026-08-12T17:41:19.957+05:30  WARN 25776 --- [shiptrack-backend] [essageBroker-13] c.shiptrack.service.LiveTrackingService  : Delay alert for shipment 22: No location update for 20119 minutes (120 min, 0.9% probability)
2026-08-12T17:41:19.958+05:30  WARN 25776 --- [shiptrack-backend] [essageBroker-13] c.s.service.DelayPredictionService       : Delay detected for shipment 22: No location update for 20119 minutes (120 min)
Hibernate: 
    select
        s1_0.id,
        s1_0.actual_delivery_time,
        s1_0.created_at,
        s1_0.created_by,
        s1_0.delivery_address,
        s1_0.destination_latitude,
        s1_0.destination_longitude,
        s1_0.estimated_delivery_time,
        s1_0.estimated_duration,
        s1_0.origin_latitude,
        s1_0.origin_longitude,
        s1_0.receiver_name,
        s1_0.route_polyline,
        s1_0.sender_address,
        s1_0.sender_name,
        s1_0.status,
        s1_0.total_distance,
        s1_0.tracking_number 
    from
        shipments s1_0 
    where
        s1_0.id=?
Hibernate: 
    select
        te1_0.id,
        te1_0.latitude,
        te1_0.longitude,
        te1_0.recorded_at,
        te1_0.shipment_id,
        te1_0.status 
    from
        tracking_events te1_0 
    left join
        shipments s1_0 
            on s1_0.id=te1_0.shipment_id 
    where
        s1_0.id=? 
    order by
        te1_0.recorded_at
Hibernate: 
    select
        rhp1_0.id,
        rhp1_0.latitude,
        rhp1_0.longitude,
        rhp1_0.progress,
        rhp1_0.recorded_at,
        rhp1_0.shipment_id,
        rhp1_0.speed 
    from
        route_history_points rhp1_0 
    left join
        shipments s1_0 
            on s1_0.id=rhp1_0.shipment_id 
    where
        s1_0.id=? 
    order by
        rhp1_0.recorded_at desc 
    fetch
        first ? rows only
Hibernate: 
    select
        s1_0.id,
        s1_0.actual_delivery_time,
        s1_0.created_at,
        s1_0.created_by,
        s1_0.delivery_address,
        s1_0.destination_latitude,
        s1_0.destination_longitude,
        s1_0.estimated_delivery_time,
        s1_0.estimated_duration,
        s1_0.origin_latitude,
        s1_0.origin_longitude,
        s1_0.receiver_name,
        s1_0.route_polyline,
        s1_0.sender_address,
        s1_0.sender_name,
        s1_0.status,
        s1_0.total_distance,
        s1_0.tracking_number 
    from
        shipments s1_0 
    where
        s1_0.status in (?, ?)
Hibernate: 
    insert 
    into
        route_history_points
        (latitude, longitude, progress, recorded_at, shipment_id, speed) 
    values
        (?, ?, ?, ?, ?, ?)
2026-08-12T17:41:49.947+05:30  INFO 25776 --- [shiptrack-backend] [MessageBroker-1] c.shiptrack.service.LiveTrackingService  : Broadcast location update for shipment 24: 15.305679584096675,74.04694295799524
Hibernate: 
    insert 
    into
        route_history_points
        (latitude, longitude, progress, recorded_at, shipment_id, speed) 
    values
        (?, ?, ?, ?, ?, ?)
2026-08-12T17:41:49.950+05:30  INFO 25776 --- [shiptrack-backend] [MessageBroker-1] c.shiptrack.service.LiveTrackingService  : Broadcast location update for shipment 52: 21.597341873096752,87.02313545230369
2026-08-12T17:42:02.205+05:30 ERROR 25776 --- [shiptrack-backend] [essageBroker-13] com.shiptrack.service.GeocodingService   : Geoapify routing failed

org.springframework.web.client.ResourceAccessException: I/O error on GET request for "https://api.geoapify.com/v1/routing": Connection timed out: getsockopt
	at org.springframework.web.client.RestTemplate.createResourceAccessException(RestTemplate.java:926) ~[spring-web-6.2.8.jar:6.2.8]
	at org.springframework.web.client.RestTemplate.doExecute(RestTemplate.java:906) ~[spring-web-6.2.8.jar:6.2.8]
	at org.springframework.web.client.RestTemplate.execute(RestTemplate.java:801) ~[spring-web-6.2.8.jar:6.2.8]
	at org.springframework.web.client.RestTemplate.getForObject(RestTemplate.java:415) ~[spring-web-6.2.8.jar:6.2.8]
	at com.shiptrack.service.GeocodingService.routeWithGeoapify(GeocodingService.java:162) ~[classes/:na]
	at com.shiptrack.service.GeocodingService.calculateRoute(GeocodingService.java:143) ~[classes/:na]
	at com.shiptrack.service.GeocodingService.calculateDuration(GeocodingService.java:259) ~[classes/:na]
	at com.shiptrack.service.DelayPredictionService.checkForDelays(DelayPredictionService.java:99) ~[classes/:na]
	at com.shiptrack.service.DelayPredictionService.checkAllActiveShipments(DelayPredictionService.java:162) ~[classes/:na]
	at java.base/jdk.internal.reflect.DirectMethodHandleAccessor.invoke(DirectMethodHandleAccessor.java:104) ~[na:na]
	at java.base/java.lang.reflect.Method.invoke(Method.java:565) ~[na:na]
	at org.springframework.aop.support.AopUtils.invokeJoinpointUsingReflection(AopUtils.java:359) ~[spring-aop-6.2.8.jar:6.2.8]
	at org.springframework.aop.framework.CglibAopProxy$DynamicAdvisedInterceptor.intercept(CglibAopProxy.java:724) ~[spring-aop-6.2.8.jar:6.2.8]
	at com.shiptrack.service.DelayPredictionService$$SpringCGLIB$$0.checkAllActiveShipments(<generated>) ~[classes/:na]
	at java.base/jdk.internal.reflect.DirectMethodHandleAccessor.invoke(DirectMethodHandleAccessor.java:104) ~[na:na]
	at java.base/java.lang.reflect.Method.invoke(Method.java:565) ~[na:na]
	at org.springframework.scheduling.support.ScheduledMethodRunnable.runInternal(ScheduledMethodRunnable.java:130) ~[spring-context-6.2.8.jar:6.2.8]
	at org.springframework.scheduling.support.ScheduledMethodRunnable.lambda$run$2(ScheduledMethodRunnable.java:124) ~[spring-context-6.2.8.jar:6.2.8]
	at io.micrometer.observation.Observation.observe(Observation.java:498) ~[micrometer-observation-1.15.1.jar:1.15.1]
	at org.springframework.scheduling.support.ScheduledMethodRunnable.run(ScheduledMethodRunnable.java:124) ~[spring-context-6.2.8.jar:6.2.8]
	at org.springframework.scheduling.config.Task$OutcomeTrackingRunnable.run(Task.java:85) ~[spring-context-6.2.8.jar:6.2.8]
	at org.springframework.scheduling.support.DelegatingErrorHandlingRunnable.run(DelegatingErrorHandlingRunnable.java:54) ~[spring-context-6.2.8.jar:6.2.8]
	at java.base/java.util.concurrent.Executors$RunnableAdapter.call(Executors.java:545) ~[na:na]
	at java.base/java.util.concurrent.FutureTask.runAndReset(FutureTask.java:371) ~[na:na]
	at java.base/java.util.concurrent.ScheduledThreadPoolExecutor$ScheduledFutureTask.run(ScheduledThreadPoolExecutor.java:310) ~[na:na]
	at java.base/java.util.concurrent.ThreadPoolExecutor.runWorker(ThreadPoolExecutor.java:1090) ~[na:na]
	at java.base/java.util.concurrent.ThreadPoolExecutor$Worker.run(ThreadPoolExecutor.java:614) ~[na:na]
	at java.base/java.lang.Thread.run(Thread.java:1516) ~[na:na]
Caused by: java.net.ConnectException: Connection timed out: getsockopt
	at java.base/sun.nio.ch.Net.pollConnect(Native Method) ~[na:na]
	at java.base/sun.nio.ch.Net.pollConnectNow(Net.java:642) ~[na:na]
	at java.base/sun.nio.ch.SocketChannelImpl.finishConnect(SocketChannelImpl.java:1043) ~[na:na]
	at java.net.http/jdk.internal.net.http.PlainHttpConnection$ConnectEvent.handle(PlainHttpConnection.java:134) ~[java.net.http:na]
	at java.net.http/jdk.internal.net.http.HttpClientImpl$SelectorManager.handleEvent(HttpClientImpl.java:1610) ~[java.net.http:na]
	at java.net.http/jdk.internal.net.http.HttpClientImpl$SelectorManager.lambda$run$3(HttpClientImpl.java:1555) ~[java.net.http:na]
	at java.base/java.util.ArrayList.forEach(ArrayList.java:1612) ~[na:na]
	at java.net.http/jdk.internal.net.http.HttpClientImpl$SelectorManager.run(HttpClientImpl.java:1555) ~[java.net.http:na]
	at java.base/java.lang.VirtualThread.run(VirtualThread.java:475) ~[na:na]

2026-08-12T17:42:02.208+05:30  WARN 25776 --- [shiptrack-backend] [essageBroker-13] com.shiptrack.service.GeocodingService   : Geoapify routing failed, trying OSRM fallback...
2026-08-12T17:42:02.205+05:30 ERROR 25776 --- [shiptrack-backend] [MessageBroker-9] com.shiptrack.service.GeocodingService   : Geoapify routing failed

org.springframework.web.client.ResourceAccessException: I/O error on GET request for "https://api.geoapify.com/v1/routing": Connection timed out: getsockopt
	at org.springframework.web.client.RestTemplate.createResourceAccessException(RestTemplate.java:926) ~[spring-web-6.2.8.jar:6.2.8]
	at org.springframework.web.client.RestTemplate.doExecute(RestTemplate.java:906) ~[spring-web-6.2.8.jar:6.2.8]
	at org.springframework.web.client.RestTemplate.execute(RestTemplate.java:801) ~[spring-web-6.2.8.jar:6.2.8]
	at org.springframework.web.client.RestTemplate.getForObject(RestTemplate.java:415) ~[spring-web-6.2.8.jar:6.2.8]
	at com.shiptrack.service.GeocodingService.routeWithGeoapify(GeocodingService.java:162) ~[classes/:na]
	at com.shiptrack.service.GeocodingService.calculateRoute(GeocodingService.java:143) ~[classes/:na]
	at com.shiptrack.service.GeocodingService.calculateDuration(GeocodingService.java:259) ~[classes/:na]
	at com.shiptrack.service.EtaService.calculateEta(EtaService.java:95) ~[classes/:na]
	at com.shiptrack.service.EtaService.recalculateActiveEtas(EtaService.java:131) ~[classes/:na]
	at java.base/jdk.internal.reflect.DirectMethodHandleAccessor.invoke(DirectMethodHandleAccessor.java:104) ~[na:na]
	at java.base/java.lang.reflect.Method.invoke(Method.java:565) ~[na:na]
	at org.springframework.aop.support.AopUtils.invokeJoinpointUsingReflection(AopUtils.java:359) ~[spring-aop-6.2.8.jar:6.2.8]
	at org.springframework.aop.framework.ReflectiveMethodInvocation.invokeJoinpoint(ReflectiveMethodInvocation.java:196) ~[spring-aop-6.2.8.jar:6.2.8]
	at org.springframework.aop.framework.ReflectiveMethodInvocation.proceed(ReflectiveMethodInvocation.java:163) ~[spring-aop-6.2.8.jar:6.2.8]
	at org.springframework.transaction.interceptor.TransactionAspectSupport.invokeWithinTransaction(TransactionAspectSupport.java:380) ~[spring-tx-6.2.8.jar:6.2.8]
	at org.springframework.transaction.interceptor.TransactionInterceptor.invoke(TransactionInterceptor.java:119) ~[spring-tx-6.2.8.jar:6.2.8]
	at org.springframework.aop.framework.ReflectiveMethodInvocation.proceed(ReflectiveMethodInvocation.java:184) ~[spring-aop-6.2.8.jar:6.2.8]
	at org.springframework.aop.framework.CglibAopProxy$DynamicAdvisedInterceptor.intercept(CglibAopProxy.java:728) ~[spring-aop-6.2.8.jar:6.2.8]
	at com.shiptrack.service.EtaService$$SpringCGLIB$$0.recalculateActiveEtas(<generated>) ~[classes/:na]
	at java.base/jdk.internal.reflect.DirectMethodHandleAccessor.invoke(DirectMethodHandleAccessor.java:104) ~[na:na]
	at java.base/java.lang.reflect.Method.invoke(Method.java:565) ~[na:na]
	at org.springframework.scheduling.support.ScheduledMethodRunnable.runInternal(ScheduledMethodRunnable.java:130) ~[spring-context-6.2.8.jar:6.2.8]
	at org.springframework.scheduling.support.ScheduledMethodRunnable.lambda$run$2(ScheduledMethodRunnable.java:124) ~[spring-context-6.2.8.jar:6.2.8]
	at io.micrometer.observation.Observation.observe(Observation.java:498) ~[micrometer-observation-1.15.1.jar:1.15.1]
	at org.springframework.scheduling.support.ScheduledMethodRunnable.run(ScheduledMethodRunnable.java:124) ~[spring-context-6.2.8.jar:6.2.8]
	at org.springframework.scheduling.config.Task$OutcomeTrackingRunnable.run(Task.java:85) ~[spring-context-6.2.8.jar:6.2.8]
	at org.springframework.scheduling.support.DelegatingErrorHandlingRunnable.run(DelegatingErrorHandlingRunnable.java:54) ~[spring-context-6.2.8.jar:6.2.8]
	at java.base/java.util.concurrent.Executors$RunnableAdapter.call(Executors.java:545) ~[na:na]
	at java.base/java.util.concurrent.FutureTask.runAndReset(FutureTask.java:371) ~[na:na]
	at java.base/java.util.concurrent.ScheduledThreadPoolExecutor$ScheduledFutureTask.run(ScheduledThreadPoolExecutor.java:310) ~[na:na]
	at java.base/java.util.concurrent.ThreadPoolExecutor.runWorker(ThreadPoolExecutor.java:1090) ~[na:na]
	at java.base/java.util.concurrent.ThreadPoolExecutor$Worker.run(ThreadPoolExecutor.java:614) ~[na:na]
	at java.base/java.lang.Thread.run(Thread.java:1516) ~[na:na]
Caused by: java.net.ConnectException: Connection timed out: getsockopt
	at java.base/sun.nio.ch.Net.pollConnect(Native Method) ~[na:na]
	at java.base/sun.nio.ch.Net.pollConnectNow(Net.java:642) ~[na:na]
	at java.base/sun.nio.ch.SocketChannelImpl.finishConnect(SocketChannelImpl.java:1043) ~[na:na]
	at java.net.http/jdk.internal.net.http.PlainHttpConnection$ConnectEvent.handle(PlainHttpConnection.java:134) ~[java.net.http:na]
	at java.net.http/jdk.internal.net.http.HttpClientImpl$SelectorManager.handleEvent(HttpClientImpl.java:1610) ~[java.net.http:na]
	at java.net.http/jdk.internal.net.http.HttpClientImpl$SelectorManager.lambda$run$3(HttpClientImpl.java:1555) ~[java.net.http:na]
	at java.base/java.util.ArrayList.forEach(ArrayList.java:1612) ~[na:na]
	at java.net.http/jdk.internal.net.http.HttpClientImpl$SelectorManager.run(HttpClientImpl.java:1555) ~[java.net.http:na]
	at java.base/java.lang.VirtualThread.run(VirtualThread.java:475) ~[na:na]

2026-08-12T17:42:02.210+05:30  WARN 25776 --- [shiptrack-backend] [MessageBroker-9] com.shiptrack.service.GeocodingService   : Geoapify routing failed, trying OSRM fallback...
2026-08-12T17:42:03.822+05:30  INFO 25776 --- [shiptrack-backend] [essageBroker-13] com.shiptrack.service.GeocodingService   : OSRM route found: 615.1 km, 462 min
Hibernate: 
    select
        dp1_0.id,
        dp1_0.delay_minutes,
        dp1_0.delay_reason,
        dp1_0.detected_at,
        dp1_0.is_active,
        dp1_0.probability,
        dp1_0.shipment_id 
    from
        delay_predictions dp1_0 
    where
        dp1_0.shipment_id=? 
        and dp1_0.is_active 
    order by
        dp1_0.detected_at desc 
    fetch
        first ? rows only
Hibernate: 
    select
        s1_0.id,
        s1_0.actual_delivery_time,
        s1_0.created_at,
        s1_0.created_by,
        s1_0.delivery_address,
        s1_0.destination_latitude,
        s1_0.destination_longitude,
        s1_0.estimated_delivery_time,
        s1_0.estimated_duration,
        s1_0.origin_latitude,
        s1_0.origin_longitude,
        s1_0.receiver_name,
        s1_0.route_polyline,
        s1_0.sender_address,
        s1_0.sender_name,
        s1_0.status,
        s1_0.total_distance,
        s1_0.tracking_number 
    from
        shipments s1_0 
    where
        s1_0.id=?
Hibernate: 
    select
        te1_0.id,
        te1_0.latitude,
        te1_0.longitude,
        te1_0.recorded_at,
        te1_0.shipment_id,
        te1_0.status 
    from
        tracking_events te1_0 
    left join
        shipments s1_0 
            on s1_0.id=te1_0.shipment_id 
    where
        s1_0.id=? 
    order by
        te1_0.recorded_at
Hibernate: 
    select
        rhp1_0.id,
        rhp1_0.latitude,
        rhp1_0.longitude,
        rhp1_0.progress,
        rhp1_0.recorded_at,
        rhp1_0.shipment_id,
        rhp1_0.speed 
    from
        route_history_points rhp1_0 
    left join
        shipments s1_0 
            on s1_0.id=rhp1_0.shipment_id 
    where
        s1_0.id=? 
    order by
        rhp1_0.recorded_at desc 
    fetch
        first ? rows only
Hibernate: 
    select
        dp1_0.id,
        dp1_0.delay_minutes,
        dp1_0.delay_reason,
        dp1_0.detected_at,
        dp1_0.is_active,
        dp1_0.probability,
        dp1_0.shipment_id 
    from
        delay_predictions dp1_0 
    where
        dp1_0.shipment_id=? 
        and dp1_0.is_active 
    order by
        dp1_0.detected_at desc 
    fetch
        first ? rows only
Hibernate: 
    select
        dp1_0.id,
        dp1_0.delay_minutes,
        dp1_0.delay_reason,
        dp1_0.detected_at,
        dp1_0.is_active,
        dp1_0.probability,
        dp1_0.shipment_id 
    from
        delay_predictions dp1_0 
    where
        dp1_0.shipment_id=? 
        and dp1_0.is_active
Hibernate: 
    select
        dp1_0.id,
        dp1_0.delay_minutes,
        dp1_0.delay_reason,
        dp1_0.detected_at,
        dp1_0.is_active,
        dp1_0.probability,
        dp1_0.shipment_id 
    from
        delay_predictions dp1_0 
    where
        dp1_0.id=?
Hibernate: 
    update
        delay_predictions 
    set
        delay_minutes=?,
        delay_reason=?,
        detected_at=?,
        is_active=?,
        probability=?,
        shipment_id=? 
    where
        id=?
2026-08-12T17:42:03.836+05:30  INFO 25776 --- [shiptrack-backend] [essageBroker-13] c.s.service.DelayPredictionService       : Superseded 1 stale delay prediction(s) for shipment 53
Hibernate: 
    insert 
    into
        delay_predictions
        (delay_minutes, delay_reason, detected_at, is_active, probability, shipment_id) 
    values
        (?, ?, ?, ?, ?, ?)
2026-08-12T17:42:03.838+05:30  WARN 25776 --- [shiptrack-backend] [essageBroker-13] c.shiptrack.service.LiveTrackingService  : Delay alert for shipment 53: No location update for 81 minutes (81 min, 0.77% probability)
2026-08-12T17:42:03.838+05:30  WARN 25776 --- [shiptrack-backend] [essageBroker-13] c.s.service.DelayPredictionService       : Delay detected for shipment 53: No location update for 81 minutes (81 min)
Hibernate: 
    select
        s1_0.id,
        s1_0.actual_delivery_time,
        s1_0.created_at,
        s1_0.created_by,
        s1_0.delivery_address,
        s1_0.destination_latitude,
        s1_0.destination_longitude,
        s1_0.estimated_delivery_time,
        s1_0.estimated_duration,
        s1_0.origin_latitude,
        s1_0.origin_longitude,
        s1_0.receiver_name,
        s1_0.route_polyline,
        s1_0.sender_address,
        s1_0.sender_name,
        s1_0.status,
        s1_0.total_distance,
        s1_0.tracking_number 
    from
        shipments s1_0 
    where
        s1_0.status in (?, ?)
Hibernate: 
    select
        s1_0.id,
        s1_0.actual_delivery_time,
        s1_0.created_at,
        s1_0.created_by,
        s1_0.delivery_address,
        s1_0.destination_latitude,
        s1_0.destination_longitude,
        s1_0.estimated_delivery_time,
        s1_0.estimated_duration,
        s1_0.origin_latitude,
        s1_0.origin_longitude,
        s1_0.receiver_name,
        s1_0.route_polyline,
        s1_0.sender_address,
        s1_0.sender_name,
        s1_0.status,
        s1_0.total_distance,
        s1_0.tracking_number 
    from
        shipments s1_0 
    where
        s1_0.status in (?, ?)
Hibernate: 
    select
        s1_0.id,
        s1_0.actual_delivery_time,
        s1_0.created_at,
        s1_0.created_by,
        s1_0.delivery_address,
        s1_0.destination_latitude,
        s1_0.destination_longitude,
        s1_0.estimated_delivery_time,
        s1_0.estimated_duration,
        s1_0.origin_latitude,
        s1_0.origin_longitude,
        s1_0.receiver_name,
        s1_0.route_polyline,
        s1_0.sender_address,
        s1_0.sender_name,
        s1_0.status,
        s1_0.total_distance,
        s1_0.tracking_number 
    from
        shipments s1_0 
    where
        s1_0.id=?
Hibernate: 
    select
        te1_0.id,
        te1_0.latitude,
        te1_0.longitude,
        te1_0.recorded_at,
        te1_0.shipment_id,
        te1_0.status 
    from
        tracking_events te1_0 
    left join
        shipments s1_0 
            on s1_0.id=te1_0.shipment_id 
    where
        s1_0.id=? 
    order by
        te1_0.recorded_at
Hibernate: 
    insert 
    into
        route_history_points
        (latitude, longitude, progress, recorded_at, shipment_id, speed) 
    values
        (?, ?, ?, ?, ?, ?)
Hibernate: 
    select
        rhp1_0.id,
        rhp1_0.latitude,
        rhp1_0.longitude,
        rhp1_0.progress,
        rhp1_0.recorded_at,
        rhp1_0.shipment_id,
        rhp1_0.speed 
    from
        route_history_points rhp1_0 
    left join
        shipments s1_0 
            on s1_0.id=rhp1_0.shipment_id 
    where
        s1_0.id=? 
    order by
        rhp1_0.recorded_at desc 
    fetch
        first ? rows only
Hibernate: 
    select
        dp1_0.id,
        dp1_0.delay_minutes,
        dp1_0.delay_reason,
        dp1_0.detected_at,
        dp1_0.is_active,
        dp1_0.probability,
        dp1_0.shipment_id 
    from
        delay_predictions dp1_0 
    where
        dp1_0.shipment_id=? 
        and dp1_0.is_active 
    order by
        dp1_0.detected_at desc 
    fetch
        first ? rows only
2026-08-12T17:42:19.940+05:30  INFO 25776 --- [shiptrack-backend] [MessageBroker-5] c.shiptrack.service.LiveTrackingService  : Broadcast location update for shipment 24: 15.305679584096675,74.04694295799524
Hibernate: 
    select
        dp1_0.id,
        dp1_0.delay_minutes,
        dp1_0.delay_reason,
        dp1_0.detected_at,
        dp1_0.is_active,
        dp1_0.probability,
        dp1_0.shipment_id 
    from
        delay_predictions dp1_0 
    where
        dp1_0.shipment_id=? 
        and dp1_0.is_active
Hibernate: 
    insert 
    into
        route_history_points
        (latitude, longitude, progress, recorded_at, shipment_id, speed) 
    values
        (?, ?, ?, ?, ?, ?)
Hibernate: 
    select
        dp1_0.id,
        dp1_0.delay_minutes,
        dp1_0.delay_reason,
        dp1_0.detected_at,
        dp1_0.is_active,
        dp1_0.probability,
        dp1_0.shipment_id 
    from
        delay_predictions dp1_0 
    where
        dp1_0.id=?
2026-08-12T17:42:19.942+05:30  INFO 25776 --- [shiptrack-backend] [MessageBroker-5] c.shiptrack.service.LiveTrackingService  : Broadcast location update for shipment 52: 21.581107827221906,87.01456509130048
Hibernate: 
    update
        delay_predictions 
    set
        delay_minutes=?,
        delay_reason=?,
        detected_at=?,
        is_active=?,
        probability=?,
        shipment_id=? 
    where
        id=?
2026-08-12T17:42:19.943+05:30  INFO 25776 --- [shiptrack-backend] [essageBroker-12] c.s.service.DelayPredictionService       : Superseded 1 stale delay prediction(s) for shipment 24
Hibernate: 
    insert 
    into
        delay_predictions
        (delay_minutes, delay_reason, detected_at, is_active, probability, shipment_id) 
    values
        (?, ?, ?, ?, ?, ?)
2026-08-12T17:42:19.944+05:30  WARN 25776 --- [shiptrack-backend] [essageBroker-12] c.shiptrack.service.LiveTrackingService  : Delay alert for shipment 24: Shipment is behind schedule (22239 min, 0.95% probability)
2026-08-12T17:42:19.944+05:30  WARN 25776 --- [shiptrack-backend] [essageBroker-12] c.s.service.DelayPredictionService       : Delay detected for shipment 24: Shipment is behind schedule (22239 min)
Hibernate: 
    select
        s1_0.id,
        s1_0.actual_delivery_time,
        s1_0.created_at,
        s1_0.created_by,
        s1_0.delivery_address,
        s1_0.destination_latitude,
        s1_0.destination_longitude,
        s1_0.estimated_delivery_time,
        s1_0.estimated_duration,
        s1_0.origin_latitude,
        s1_0.origin_longitude,
        s1_0.receiver_name,
        s1_0.route_polyline,
        s1_0.sender_address,
        s1_0.sender_name,
        s1_0.status,
        s1_0.total_distance,
        s1_0.tracking_number 
    from
        shipments s1_0 
    where
        s1_0.id=?
Hibernate: 
    select
        te1_0.id,
        te1_0.latitude,
        te1_0.longitude,
        te1_0.recorded_at,
        te1_0.shipment_id,
        te1_0.status 
    from
        tracking_events te1_0 
    left join
        shipments s1_0 
            on s1_0.id=te1_0.shipment_id 
    where
        s1_0.id=? 
    order by
        te1_0.recorded_at
Hibernate: 
    select
        rhp1_0.id,
        rhp1_0.latitude,
        rhp1_0.longitude,
        rhp1_0.progress,
        rhp1_0.recorded_at,
        rhp1_0.shipment_id,
        rhp1_0.speed 
    from
        route_history_points rhp1_0 
    left join
        shipments s1_0 
            on s1_0.id=rhp1_0.shipment_id 
    where
        s1_0.id=? 
    order by
        rhp1_0.recorded_at desc 
    fetch
        first ? rows only
Hibernate: 
    select
        dp1_0.id,
        dp1_0.delay_minutes,
        dp1_0.delay_reason,
        dp1_0.detected_at,
        dp1_0.is_active,
        dp1_0.probability,
        dp1_0.shipment_id 
    from
        delay_predictions dp1_0 
    where
        dp1_0.shipment_id=? 
        and dp1_0.is_active 
    order by
        dp1_0.detected_at desc 
    fetch
        first ? rows only
Hibernate: 
    select
        dp1_0.id,
        dp1_0.delay_minutes,
        dp1_0.delay_reason,
        dp1_0.detected_at,
        dp1_0.is_active,
        dp1_0.probability,
        dp1_0.shipment_id 
    from
        delay_predictions dp1_0 
    where
        dp1_0.shipment_id=? 
        and dp1_0.is_active
Hibernate: 
    select
        dp1_0.id,
        dp1_0.delay_minutes,
        dp1_0.delay_reason,
        dp1_0.detected_at,
        dp1_0.is_active,
        dp1_0.probability,
        dp1_0.shipment_id 
    from
        delay_predictions dp1_0 
    where
        dp1_0.id=?
Hibernate: 
    update
        delay_predictions 
    set
        delay_minutes=?,
        delay_reason=?,
        detected_at=?,
        is_active=?,
        probability=?,
        shipment_id=? 
    where
        id=?
2026-08-12T17:42:19.952+05:30  INFO 25776 --- [shiptrack-backend] [essageBroker-12] c.s.service.DelayPredictionService       : Superseded 1 stale delay prediction(s) for shipment 22
Hibernate: 
    insert 
    into
        delay_predictions
        (delay_minutes, delay_reason, detected_at, is_active, probability, shipment_id) 
    values
        (?, ?, ?, ?, ?, ?)
2026-08-12T17:42:19.953+05:30  WARN 25776 --- [shiptrack-backend] [essageBroker-12] c.shiptrack.service.LiveTrackingService  : Delay alert for shipment 22: No location update for 20120 minutes (120 min, 0.9% probability)
2026-08-12T17:42:19.953+05:30  WARN 25776 --- [shiptrack-backend] [essageBroker-12] c.s.service.DelayPredictionService       : Delay detected for shipment 22: No location update for 20120 minutes (120 min)
Hibernate: 
    select
        s1_0.id,
        s1_0.actual_delivery_time,
        s1_0.created_at,
        s1_0.created_by,
        s1_0.delivery_address,
        s1_0.destination_latitude,
        s1_0.destination_longitude,
        s1_0.estimated_delivery_time,
        s1_0.estimated_duration,
        s1_0.origin_latitude,
        s1_0.origin_longitude,
        s1_0.receiver_name,
        s1_0.route_polyline,
        s1_0.sender_address,
        s1_0.sender_name,
        s1_0.status,
        s1_0.total_distance,
        s1_0.tracking_number 
    from
        shipments s1_0 
    where
        s1_0.id=?
Hibernate: 
    select
        te1_0.id,
        te1_0.latitude,
        te1_0.longitude,
        te1_0.recorded_at,
        te1_0.shipment_id,
        te1_0.status 
    from
        tracking_events te1_0 
    left join
        shipments s1_0 
            on s1_0.id=te1_0.shipment_id 
    where
        s1_0.id=? 
    order by
        te1_0.recorded_at
Hibernate: 
    select
        rhp1_0.id,
        rhp1_0.latitude,
        rhp1_0.longitude,
        rhp1_0.progress,
        rhp1_0.recorded_at,
        rhp1_0.shipment_id,
        rhp1_0.speed 
    from
        route_history_points rhp1_0 
    left join
        shipments s1_0 
            on s1_0.id=rhp1_0.shipment_id 
    where
        s1_0.id=? 
    order by
        rhp1_0.recorded_at desc 
    fetch
        first ? rows only
2026-08-12T17:42:25.103+05:30  INFO 25776 --- [shiptrack-backend] [MessageBroker-9] com.shiptrack.service.GeocodingService   : OSRM route found: 580.4 km, 449 min
Hibernate: 
    update
        shipments s1_0 
    set
        estimated_duration=?,
        estimated_delivery_time=? 
    where
        s1_0.id=?
2026-08-12T17:42:25.104+05:30  INFO 25776 --- [shiptrack-backend] [MessageBroker-9] com.shiptrack.service.EtaService         : ETA calculated for shipment 24: 448 min, delivery at 2026-08-13T01:10:25.103772100
Hibernate: 
    select
        te1_0.id,
        te1_0.latitude,
        te1_0.longitude,
        te1_0.recorded_at,
        te1_0.shipment_id,
        te1_0.status 
    from
        tracking_events te1_0 
    left join
        shipments s1_0 
            on s1_0.id=te1_0.shipment_id 
    where
        s1_0.id=? 
    order by
        te1_0.recorded_at
Hibernate: 
    select
        rhp1_0.id,
        rhp1_0.latitude,
        rhp1_0.longitude,
        rhp1_0.progress,
        rhp1_0.recorded_at,
        rhp1_0.shipment_id,
        rhp1_0.speed 
    from
        route_history_points rhp1_0 
    left join
        shipments s1_0 
            on s1_0.id=rhp1_0.shipment_id 
    where
        s1_0.id=? 
    order by
        rhp1_0.recorded_at desc 
    fetch
        first ? rows only
Hibernate: 
    select
        s1_0.id,
        s1_0.actual_delivery_time,
        s1_0.created_at,
        s1_0.created_by,
        s1_0.delivery_address,
        s1_0.destination_latitude,
        s1_0.destination_longitude,
        s1_0.estimated_delivery_time,
        s1_0.estimated_duration,
        s1_0.origin_latitude,
        s1_0.origin_longitude,
        s1_0.receiver_name,
        s1_0.route_polyline,
        s1_0.sender_address,
        s1_0.sender_name,
        s1_0.status,
        s1_0.total_distance,
        s1_0.tracking_number 
    from
        shipments s1_0 
    where
        s1_0.status in (?, ?)
Hibernate: 
    insert 
    into
        route_history_points
        (latitude, longitude, progress, recorded_at, shipment_id, speed) 
    values
        (?, ?, ?, ?, ?, ?)
2026-08-12T17:42:49.965+05:30  INFO 25776 --- [shiptrack-backend] [essageBroker-15] c.shiptrack.service.LiveTrackingService  : Broadcast location update for shipment 24: 15.311273731562235,74.03814992242295
Hibernate: 
    insert 
    into
        route_history_points
        (latitude, longitude, progress, recorded_at, shipment_id, speed) 
    values
        (?, ?, ?, ?, ?, ?)
2026-08-12T17:42:50.023+05:30  INFO 25776 --- [shiptrack-backend] [essageBroker-15] c.shiptrack.service.LiveTrackingService  : Broadcast location update for shipment 52: 21.581107827221906,87.01456509130048
2026-08-12T17:43:02.170+05:30 ERROR 25776 --- [shiptrack-backend] [essageBroker-12] com.shiptrack.service.GeocodingService   : Geoapify routing failed

org.springframework.web.client.ResourceAccessException: I/O error on GET request for "https://api.geoapify.com/v1/routing": Connection timed out: getsockopt
	at org.springframework.web.client.RestTemplate.createResourceAccessException(RestTemplate.java:926) ~[spring-web-6.2.8.jar:6.2.8]
	at org.springframework.web.client.RestTemplate.doExecute(RestTemplate.java:906) ~[spring-web-6.2.8.jar:6.2.8]
	at org.springframework.web.client.RestTemplate.execute(RestTemplate.java:801) ~[spring-web-6.2.8.jar:6.2.8]
	at org.springframework.web.client.RestTemplate.getForObject(RestTemplate.java:415) ~[spring-web-6.2.8.jar:6.2.8]
	at com.shiptrack.service.GeocodingService.routeWithGeoapify(GeocodingService.java:162) ~[classes/:na]
	at com.shiptrack.service.GeocodingService.calculateRoute(GeocodingService.java:143) ~[classes/:na]
	at com.shiptrack.service.GeocodingService.calculateDuration(GeocodingService.java:259) ~[classes/:na]
	at com.shiptrack.service.DelayPredictionService.checkForDelays(DelayPredictionService.java:99) ~[classes/:na]
	at com.shiptrack.service.DelayPredictionService.checkAllActiveShipments(DelayPredictionService.java:162) ~[classes/:na]
	at java.base/jdk.internal.reflect.DirectMethodHandleAccessor.invoke(DirectMethodHandleAccessor.java:104) ~[na:na]
	at java.base/java.lang.reflect.Method.invoke(Method.java:565) ~[na:na]
	at org.springframework.aop.support.AopUtils.invokeJoinpointUsingReflection(AopUtils.java:359) ~[spring-aop-6.2.8.jar:6.2.8]
	at org.springframework.aop.framework.CglibAopProxy$DynamicAdvisedInterceptor.intercept(CglibAopProxy.java:724) ~[spring-aop-6.2.8.jar:6.2.8]
	at com.shiptrack.service.DelayPredictionService$$SpringCGLIB$$0.checkAllActiveShipments(<generated>) ~[classes/:na]
	at java.base/jdk.internal.reflect.DirectMethodHandleAccessor.invoke(DirectMethodHandleAccessor.java:104) ~[na:na]
	at java.base/java.lang.reflect.Method.invoke(Method.java:565) ~[na:na]
	at org.springframework.scheduling.support.ScheduledMethodRunnable.runInternal(ScheduledMethodRunnable.java:130) ~[spring-context-6.2.8.jar:6.2.8]
	at org.springframework.scheduling.support.ScheduledMethodRunnable.lambda$run$2(ScheduledMethodRunnable.java:124) ~[spring-context-6.2.8.jar:6.2.8]
	at io.micrometer.observation.Observation.observe(Observation.java:498) ~[micrometer-observation-1.15.1.jar:1.15.1]
	at org.springframework.scheduling.support.ScheduledMethodRunnable.run(ScheduledMethodRunnable.java:124) ~[spring-context-6.2.8.jar:6.2.8]
	at org.springframework.scheduling.config.Task$OutcomeTrackingRunnable.run(Task.java:85) ~[spring-context-6.2.8.jar:6.2.8]
	at org.springframework.scheduling.support.DelegatingErrorHandlingRunnable.run(DelegatingErrorHandlingRunnable.java:54) ~[spring-context-6.2.8.jar:6.2.8]
	at java.base/java.util.concurrent.Executors$RunnableAdapter.call(Executors.java:545) ~[na:na]
	at java.base/java.util.concurrent.FutureTask.runAndReset(FutureTask.java:371) ~[na:na]
	at java.base/java.util.concurrent.ScheduledThreadPoolExecutor$ScheduledFutureTask.run(ScheduledThreadPoolExecutor.java:310) ~[na:na]
	at java.base/java.util.concurrent.ThreadPoolExecutor.runWorker(ThreadPoolExecutor.java:1090) ~[na:na]
	at java.base/java.util.concurrent.ThreadPoolExecutor$Worker.run(ThreadPoolExecutor.java:614) ~[na:na]
	at java.base/java.lang.Thread.run(Thread.java:1516) ~[na:na]
Caused by: java.net.ConnectException: Connection timed out: getsockopt
	at java.base/sun.nio.ch.Net.pollConnect(Native Method) ~[na:na]
	at java.base/sun.nio.ch.Net.pollConnectNow(Net.java:642) ~[na:na]
	at java.base/sun.nio.ch.SocketChannelImpl.finishConnect(SocketChannelImpl.java:1043) ~[na:na]
	at java.net.http/jdk.internal.net.http.PlainHttpConnection$ConnectEvent.handle(PlainHttpConnection.java:134) ~[java.net.http:na]
	at java.net.http/jdk.internal.net.http.HttpClientImpl$SelectorManager.handleEvent(HttpClientImpl.java:1610) ~[java.net.http:na]
	at java.net.http/jdk.internal.net.http.HttpClientImpl$SelectorManager.lambda$run$3(HttpClientImpl.java:1555) ~[java.net.http:na]
	at java.base/java.util.ArrayList.forEach(ArrayList.java:1612) ~[na:na]
	at java.net.http/jdk.internal.net.http.HttpClientImpl$SelectorManager.run(HttpClientImpl.java:1555) ~[java.net.http:na]
	at java.base/java.lang.VirtualThread.run(VirtualThread.java:475) ~[na:na]

2026-08-12T17:43:02.172+05:30  WARN 25776 --- [shiptrack-backend] [essageBroker-12] com.shiptrack.service.GeocodingService   : Geoapify routing failed, trying OSRM fallback...
2026-08-12T17:43:04.055+05:30  INFO 25776 --- [shiptrack-backend] [essageBroker-12] com.shiptrack.service.GeocodingService   : OSRM route found: 615.1 km, 462 min
Hibernate: 
    select
        dp1_0.id,
        dp1_0.delay_minutes,
        dp1_0.delay_reason,
        dp1_0.detected_at,
        dp1_0.is_active,
        dp1_0.probability,
        dp1_0.shipment_id 
    from
        delay_predictions dp1_0 
    where
        dp1_0.shipment_id=? 
        and dp1_0.is_active 
    order by
        dp1_0.detected_at desc 
    fetch
        first ? rows only
Hibernate: 
    select
        s1_0.id,
        s1_0.actual_delivery_time,
        s1_0.created_at,
        s1_0.created_by,
        s1_0.delivery_address,
        s1_0.destination_latitude,
        s1_0.destination_longitude,
        s1_0.estimated_delivery_time,
        s1_0.estimated_duration,
        s1_0.origin_latitude,
        s1_0.origin_longitude,
        s1_0.receiver_name,
        s1_0.route_polyline,
        s1_0.sender_address,
        s1_0.sender_name,
        s1_0.status,
        s1_0.total_distance,
        s1_0.tracking_number 
    from
        shipments s1_0 
    where
        s1_0.id=?
Hibernate: 
    select
        te1_0.id,
        te1_0.latitude,
        te1_0.longitude,
        te1_0.recorded_at,
        te1_0.shipment_id,
        te1_0.status 
    from
        tracking_events te1_0 
    left join
        shipments s1_0 
            on s1_0.id=te1_0.shipment_id 
    where
        s1_0.id=? 
    order by
        te1_0.recorded_at
Hibernate: 
    select
        rhp1_0.id,
        rhp1_0.latitude,
        rhp1_0.longitude,
        rhp1_0.progress,
        rhp1_0.recorded_at,
        rhp1_0.shipment_id,
        rhp1_0.speed 
    from
        route_history_points rhp1_0 
    left join
        shipments s1_0 
            on s1_0.id=rhp1_0.shipment_id 
    where
        s1_0.id=? 
    order by
        rhp1_0.recorded_at desc 
    fetch
        first ? rows only
Hibernate: 
    select
        dp1_0.id,
        dp1_0.delay_minutes,
        dp1_0.delay_reason,
        dp1_0.detected_at,
        dp1_0.is_active,
        dp1_0.probability,
        dp1_0.shipment_id 
    from
        delay_predictions dp1_0 
    where
        dp1_0.shipment_id=? 
        and dp1_0.is_active 
    order by
        dp1_0.detected_at desc 
    fetch
        first ? rows only
Hibernate: 
    select
        dp1_0.id,
        dp1_0.delay_minutes,
        dp1_0.delay_reason,
        dp1_0.detected_at,
        dp1_0.is_active,
        dp1_0.probability,
        dp1_0.shipment_id 
    from
        delay_predictions dp1_0 
    where
        dp1_0.shipment_id=? 
        and dp1_0.is_active
Hibernate: 
    select
        dp1_0.id,
        dp1_0.delay_minutes,
        dp1_0.delay_reason,
        dp1_0.detected_at,
        dp1_0.is_active,
        dp1_0.probability,
        dp1_0.shipment_id 
    from
        delay_predictions dp1_0 
    where
        dp1_0.id=?
Hibernate: 
    update
        delay_predictions 
    set
        delay_minutes=?,
        delay_reason=?,
        detected_at=?,
        is_active=?,
        probability=?,
        shipment_id=? 
    where
        id=?
2026-08-12T17:43:04.179+05:30  INFO 25776 --- [shiptrack-backend] [essageBroker-12] c.s.service.DelayPredictionService       : Superseded 1 stale delay prediction(s) for shipment 53
Hibernate: 
    insert 
    into
        delay_predictions
        (delay_minutes, delay_reason, detected_at, is_active, probability, shipment_id) 
    values
        (?, ?, ?, ?, ?, ?)
2026-08-12T17:43:04.181+05:30  WARN 25776 --- [shiptrack-backend] [essageBroker-12] c.shiptrack.service.LiveTrackingService  : Delay alert for shipment 53: No location update for 82 minutes (82 min, 0.7733333333333334% probability)
2026-08-12T17:43:04.182+05:30  WARN 25776 --- [shiptrack-backend] [essageBroker-12] c.s.service.DelayPredictionService       : Delay detected for shipment 53: No location update for 82 minutes (82 min)
2026-08-12T17:43:07.189+05:30 ERROR 25776 --- [shiptrack-backend] [MessageBroker-9] com.shiptrack.service.GeocodingService   : Geoapify routing failed

org.springframework.web.client.ResourceAccessException: I/O error on GET request for "https://api.geoapify.com/v1/routing": Connection timed out: getsockopt
	at org.springframework.web.client.RestTemplate.createResourceAccessException(RestTemplate.java:926) ~[spring-web-6.2.8.jar:6.2.8]
	at org.springframework.web.client.RestTemplate.doExecute(RestTemplate.java:906) ~[spring-web-6.2.8.jar:6.2.8]
	at org.springframework.web.client.RestTemplate.execute(RestTemplate.java:801) ~[spring-web-6.2.8.jar:6.2.8]
	at org.springframework.web.client.RestTemplate.getForObject(RestTemplate.java:415) ~[spring-web-6.2.8.jar:6.2.8]
	at com.shiptrack.service.GeocodingService.routeWithGeoapify(GeocodingService.java:162) ~[classes/:na]
	at com.shiptrack.service.GeocodingService.calculateRoute(GeocodingService.java:143) ~[classes/:na]
	at com.shiptrack.service.GeocodingService.calculateDuration(GeocodingService.java:259) ~[classes/:na]
	at com.shiptrack.service.EtaService.calculateEta(EtaService.java:95) ~[classes/:na]
	at com.shiptrack.service.EtaService.recalculateActiveEtas(EtaService.java:131) ~[classes/:na]
	at java.base/jdk.internal.reflect.DirectMethodHandleAccessor.invoke(DirectMethodHandleAccessor.java:104) ~[na:na]
	at java.base/java.lang.reflect.Method.invoke(Method.java:565) ~[na:na]
	at org.springframework.aop.support.AopUtils.invokeJoinpointUsingReflection(AopUtils.java:359) ~[spring-aop-6.2.8.jar:6.2.8]
	at org.springframework.aop.framework.ReflectiveMethodInvocation.invokeJoinpoint(ReflectiveMethodInvocation.java:196) ~[spring-aop-6.2.8.jar:6.2.8]
	at org.springframework.aop.framework.ReflectiveMethodInvocation.proceed(ReflectiveMethodInvocation.java:163) ~[spring-aop-6.2.8.jar:6.2.8]
	at org.springframework.transaction.interceptor.TransactionAspectSupport.invokeWithinTransaction(TransactionAspectSupport.java:380) ~[spring-tx-6.2.8.jar:6.2.8]
	at org.springframework.transaction.interceptor.TransactionInterceptor.invoke(TransactionInterceptor.java:119) ~[spring-tx-6.2.8.jar:6.2.8]
	at org.springframework.aop.framework.ReflectiveMethodInvocation.proceed(ReflectiveMethodInvocation.java:184) ~[spring-aop-6.2.8.jar:6.2.8]
	at org.springframework.aop.framework.CglibAopProxy$DynamicAdvisedInterceptor.intercept(CglibAopProxy.java:728) ~[spring-aop-6.2.8.jar:6.2.8]
	at com.shiptrack.service.EtaService$$SpringCGLIB$$0.recalculateActiveEtas(<generated>) ~[classes/:na]
	at java.base/jdk.internal.reflect.DirectMethodHandleAccessor.invoke(DirectMethodHandleAccessor.java:104) ~[na:na]
	at java.base/java.lang.reflect.Method.invoke(Method.java:565) ~[na:na]
	at org.springframework.scheduling.support.ScheduledMethodRunnable.runInternal(ScheduledMethodRunnable.java:130) ~[spring-context-6.2.8.jar:6.2.8]
	at org.springframework.scheduling.support.ScheduledMethodRunnable.lambda$run$2(ScheduledMethodRunnable.java:124) ~[spring-context-6.2.8.jar:6.2.8]
	at io.micrometer.observation.Observation.observe(Observation.java:498) ~[micrometer-observation-1.15.1.jar:1.15.1]
	at org.springframework.scheduling.support.ScheduledMethodRunnable.run(ScheduledMethodRunnable.java:124) ~[spring-context-6.2.8.jar:6.2.8]
	at org.springframework.scheduling.config.Task$OutcomeTrackingRunnable.run(Task.java:85) ~[spring-context-6.2.8.jar:6.2.8]
	at org.springframework.scheduling.support.DelegatingErrorHandlingRunnable.run(DelegatingErrorHandlingRunnable.java:54) ~[spring-context-6.2.8.jar:6.2.8]
	at java.base/java.util.concurrent.Executors$RunnableAdapter.call(Executors.java:545) ~[na:na]
	at java.base/java.util.concurrent.FutureTask.runAndReset(FutureTask.java:371) ~[na:na]
	at java.base/java.util.concurrent.ScheduledThreadPoolExecutor$ScheduledFutureTask.run(ScheduledThreadPoolExecutor.java:310) ~[na:na]
	at java.base/java.util.concurrent.ThreadPoolExecutor.runWorker(ThreadPoolExecutor.java:1090) ~[na:na]
	at java.base/java.util.concurrent.ThreadPoolExecutor$Worker.run(ThreadPoolExecutor.java:614) ~[na:na]
	at java.base/java.lang.Thread.run(Thread.java:1516) ~[na:na]
Caused by: java.net.ConnectException: Connection timed out: getsockopt
	at java.base/sun.nio.ch.Net.pollConnect(Native Method) ~[na:na]
	at java.base/sun.nio.ch.Net.pollConnectNow(Net.java:642) ~[na:na]
	at java.base/sun.nio.ch.SocketChannelImpl.finishConnect(SocketChannelImpl.java:1043) ~[na:na]
	at java.net.http/jdk.internal.net.http.PlainHttpConnection$ConnectEvent.handle(PlainHttpConnection.java:134) ~[java.net.http:na]
	at java.net.http/jdk.internal.net.http.HttpClientImpl$SelectorManager.handleEvent(HttpClientImpl.java:1610) ~[java.net.http:na]
	at java.net.http/jdk.internal.net.http.HttpClientImpl$SelectorManager.lambda$run$3(HttpClientImpl.java:1555) ~[java.net.http:na]
	at java.base/java.util.ArrayList.forEach(ArrayList.java:1612) ~[na:na]
	at java.net.http/jdk.internal.net.http.HttpClientImpl$SelectorManager.run(HttpClientImpl.java:1555) ~[java.net.http:na]
	at java.base/java.lang.VirtualThread.run(VirtualThread.java:475) ~[na:na]

2026-08-12T17:43:07.190+05:30  WARN 25776 --- [shiptrack-backend] [MessageBroker-9] com.shiptrack.service.GeocodingService   : Geoapify routing failed, trying OSRM fallback...
2026-08-12T17:43:08.973+05:30  INFO 25776 --- [shiptrack-backend] [MessageBroker-9] com.shiptrack.service.GeocodingService   : OSRM route found: 542.2 km, 420 min
Hibernate: 
    update
        shipments s1_0 
    set
        estimated_duration=?,
        estimated_delivery_time=? 
    where
        s1_0.id=?
2026-08-12T17:43:08.998+05:30  INFO 25776 --- [shiptrack-backend] [MessageBroker-9] com.shiptrack.service.EtaService         : ETA calculated for shipment 22: 419 min, delivery at 2026-08-13T00:42:08.983939600
Hibernate: 
    select
        te1_0.id,
        te1_0.latitude,
        te1_0.longitude,
        te1_0.recorded_at,
        te1_0.shipment_id,
        te1_0.status 
    from
        tracking_events te1_0 
    left join
        shipments s1_0 
            on s1_0.id=te1_0.shipment_id 
    where
        s1_0.id=? 
    order by
        te1_0.recorded_at
Hibernate: 
    select
        rhp1_0.id,
        rhp1_0.latitude,
        rhp1_0.longitude,
        rhp1_0.progress,
        rhp1_0.recorded_at,
        rhp1_0.shipment_id,
        rhp1_0.speed 
    from
        route_history_points rhp1_0 
    left join
        shipments s1_0 
            on s1_0.id=rhp1_0.shipment_id 
    where
        s1_0.id=? 
    order by
        rhp1_0.recorded_at desc 
    fetch
        first ? rows only
Hibernate: 
    select
        s1_0.id,
        s1_0.actual_delivery_time,
        s1_0.created_at,
        s1_0.created_by,
        s1_0.delivery_address,
        s1_0.destination_latitude,
        s1_0.destination_longitude,
        s1_0.estimated_delivery_time,
        s1_0.estimated_duration,
        s1_0.origin_latitude,
        s1_0.origin_longitude,
        s1_0.receiver_name,
        s1_0.route_polyline,
        s1_0.sender_address,
        s1_0.sender_name,
        s1_0.status,
        s1_0.total_distance,
        s1_0.tracking_number 
    from
        shipments s1_0 
    where
        s1_0.status in (?, ?)
Hibernate: 
    select
        s1_0.id,
        s1_0.actual_delivery_time,
        s1_0.created_at,
        s1_0.created_by,
        s1_0.delivery_address,
        s1_0.destination_latitude,
        s1_0.destination_longitude,
        s1_0.estimated_delivery_time,
        s1_0.estimated_duration,
        s1_0.origin_latitude,
        s1_0.origin_longitude,
        s1_0.receiver_name,
        s1_0.route_polyline,
        s1_0.sender_address,
        s1_0.sender_name,
        s1_0.status,
        s1_0.total_distance,
        s1_0.tracking_number 
    from
        shipments s1_0 
    where
        s1_0.status in (?, ?)
Hibernate: 
    select
        s1_0.id,
        s1_0.actual_delivery_time,
        s1_0.created_at,
        s1_0.created_by,
        s1_0.delivery_address,
        s1_0.destination_latitude,
        s1_0.destination_longitude,
        s1_0.estimated_delivery_time,
        s1_0.estimated_duration,
        s1_0.origin_latitude,
        s1_0.origin_longitude,
        s1_0.receiver_name,
        s1_0.route_polyline,
        s1_0.sender_address,
        s1_0.sender_name,
        s1_0.status,
        s1_0.total_distance,
        s1_0.tracking_number 
    from
        shipments s1_0 
    where
        s1_0.id=?
Hibernate: 
    select
        te1_0.id,
        te1_0.latitude,
        te1_0.longitude,
        te1_0.recorded_at,
        te1_0.shipment_id,
        te1_0.status 
    from
        tracking_events te1_0 
    left join
        shipments s1_0 
            on s1_0.id=te1_0.shipment_id 
    where
        s1_0.id=? 
    order by
        te1_0.recorded_at
Hibernate: 
    insert 
    into
        route_history_points
        (latitude, longitude, progress, recorded_at, shipment_id, speed) 
    values
        (?, ?, ?, ?, ?, ?)
Hibernate: 
    select
        rhp1_0.id,
        rhp1_0.latitude,
        rhp1_0.longitude,
        rhp1_0.progress,
        rhp1_0.recorded_at,
        rhp1_0.shipment_id,
        rhp1_0.speed 
    from
        route_history_points rhp1_0 
    left join
        shipments s1_0 
            on s1_0.id=rhp1_0.shipment_id 
    where
        s1_0.id=? 
    order by
        rhp1_0.recorded_at desc 
    fetch
        first ? rows only
2026-08-12T17:43:19.932+05:30  INFO 25776 --- [shiptrack-backend] [MessageBroker-8] c.shiptrack.service.LiveTrackingService  : Broadcast location update for shipment 24: 15.311273731562235,74.03814992242295
Hibernate: 
    insert 
    into
        route_history_points
        (latitude, longitude, progress, recorded_at, shipment_id, speed) 
    values
        (?, ?, ?, ?, ?, ?)
Hibernate: 
    select
        dp1_0.id,
        dp1_0.delay_minutes,
        dp1_0.delay_reason,
        dp1_0.detected_at,
        dp1_0.is_active,
        dp1_0.probability,
        dp1_0.shipment_id 
    from
        delay_predictions dp1_0 
    where
        dp1_0.shipment_id=? 
        and dp1_0.is_active 
    order by
        dp1_0.detected_at desc 
    fetch
        first ? rows only
2026-08-12T17:43:19.934+05:30  INFO 25776 --- [shiptrack-backend] [MessageBroker-8] c.shiptrack.service.LiveTrackingService  : Broadcast location update for shipment 52: 21.569507634323852,86.999469480809
Hibernate: 
    select
        dp1_0.id,
        dp1_0.delay_minutes,
        dp1_0.delay_reason,
        dp1_0.detected_at,
        dp1_0.is_active,
        dp1_0.probability,
        dp1_0.shipment_id 
    from
        delay_predictions dp1_0 
    where
        dp1_0.shipment_id=? 
        and dp1_0.is_active
Hibernate: 
    select
        dp1_0.id,
        dp1_0.delay_minutes,
        dp1_0.delay_reason,
        dp1_0.detected_at,
        dp1_0.is_active,
        dp1_0.probability,
        dp1_0.shipment_id 
    from
        delay_predictions dp1_0 
    where
        dp1_0.id=?
Hibernate: 
    update
        delay_predictions 
    set
        delay_minutes=?,
        delay_reason=?,
        detected_at=?,
        is_active=?,
        probability=?,
        shipment_id=? 
    where
        id=?
2026-08-12T17:43:19.942+05:30  INFO 25776 --- [shiptrack-backend] [essageBroker-14] c.s.service.DelayPredictionService       : Superseded 1 stale delay prediction(s) for shipment 24
Hibernate: 
    insert 
    into
        delay_predictions
        (delay_minutes, delay_reason, detected_at, is_active, probability, shipment_id) 
    values
        (?, ?, ?, ?, ?, ?)
2026-08-12T17:43:19.945+05:30  WARN 25776 --- [shiptrack-backend] [essageBroker-14] c.shiptrack.service.LiveTrackingService  : Delay alert for shipment 24: Shipment is behind schedule (22240 min, 0.95% probability)
2026-08-12T17:43:19.945+05:30  WARN 25776 --- [shiptrack-backend] [essageBroker-14] c.s.service.DelayPredictionService       : Delay detected for shipment 24: Shipment is behind schedule (22240 min)
Hibernate: 
    select
        s1_0.id,
        s1_0.actual_delivery_time,
        s1_0.created_at,
        s1_0.created_by,
        s1_0.delivery_address,
        s1_0.destination_latitude,
        s1_0.destination_longitude,
        s1_0.estimated_delivery_time,
        s1_0.estimated_duration,
        s1_0.origin_latitude,
        s1_0.origin_longitude,
        s1_0.receiver_name,
        s1_0.route_polyline,
        s1_0.sender_address,
        s1_0.sender_name,
        s1_0.status,
        s1_0.total_distance,
        s1_0.tracking_number 
    from
        shipments s1_0 
    where
        s1_0.id=?
Hibernate: 
    select
        te1_0.id,
        te1_0.latitude,
        te1_0.longitude,
        te1_0.recorded_at,
        te1_0.shipment_id,
        te1_0.status 
    from
        tracking_events te1_0 
    left join
        shipments s1_0 
            on s1_0.id=te1_0.shipment_id 
    where
        s1_0.id=? 
    order by
        te1_0.recorded_at
Hibernate: 
    select
        rhp1_0.id,
        rhp1_0.latitude,
        rhp1_0.longitude,
        rhp1_0.progress,
        rhp1_0.recorded_at,
        rhp1_0.shipment_id,
        rhp1_0.speed 
    from
        route_history_points rhp1_0 
    left join
        shipments s1_0 
            on s1_0.id=rhp1_0.shipment_id 
    where
        s1_0.id=? 
    order by
        rhp1_0.recorded_at desc 
    fetch
        first ? rows only
Hibernate: 
    select
        dp1_0.id,
        dp1_0.delay_minutes,
        dp1_0.delay_reason,
        dp1_0.detected_at,
        dp1_0.is_active,
        dp1_0.probability,
        dp1_0.shipment_id 
    from
        delay_predictions dp1_0 
    where
        dp1_0.shipment_id=? 
        and dp1_0.is_active 
    order by
        dp1_0.detected_at desc 
    fetch
        first ? rows only
Hibernate: 
    select
        dp1_0.id,
        dp1_0.delay_minutes,
        dp1_0.delay_reason,
        dp1_0.detected_at,
        dp1_0.is_active,
        dp1_0.probability,
        dp1_0.shipment_id 
    from
        delay_predictions dp1_0 
    where
        dp1_0.shipment_id=? 
        and dp1_0.is_active
Hibernate: 
    select
        dp1_0.id,
        dp1_0.delay_minutes,
        dp1_0.delay_reason,
        dp1_0.detected_at,
        dp1_0.is_active,
        dp1_0.probability,
        dp1_0.shipment_id 
    from
        delay_predictions dp1_0 
    where
        dp1_0.id=?
Hibernate: 
    update
        delay_predictions 
    set
        delay_minutes=?,
        delay_reason=?,
        detected_at=?,
        is_active=?,
        probability=?,
        shipment_id=? 
    where
        id=?
2026-08-12T17:43:19.965+05:30  INFO 25776 --- [shiptrack-backend] [essageBroker-14] c.s.service.DelayPredictionService       : Superseded 1 stale delay prediction(s) for shipment 22
Hibernate: 
    insert 
    into
        delay_predictions
        (delay_minutes, delay_reason, detected_at, is_active, probability, shipment_id) 
    values
        (?, ?, ?, ?, ?, ?)
2026-08-12T17:43:19.967+05:30  WARN 25776 --- [shiptrack-backend] [essageBroker-14] c.shiptrack.service.LiveTrackingService  : Delay alert for shipment 22: No location update for 20121 minutes (120 min, 0.9% probability)
2026-08-12T17:43:19.967+05:30  WARN 25776 --- [shiptrack-backend] [essageBroker-14] c.s.service.DelayPredictionService       : Delay detected for shipment 22: No location update for 20121 minutes (120 min)
Hibernate: 
    select
        s1_0.id,
        s1_0.actual_delivery_time,
        s1_0.created_at,
        s1_0.created_by,
        s1_0.delivery_address,
        s1_0.destination_latitude,
        s1_0.destination_longitude,
        s1_0.estimated_delivery_time,
        s1_0.estimated_duration,
        s1_0.origin_latitude,
        s1_0.origin_longitude,
        s1_0.receiver_name,
        s1_0.route_polyline,
        s1_0.sender_address,
        s1_0.sender_name,
        s1_0.status,
        s1_0.total_distance,
        s1_0.tracking_number 
    from
        shipments s1_0 
    where
        s1_0.id=?
Hibernate: 
    select
        te1_0.id,
        te1_0.latitude,
        te1_0.longitude,
        te1_0.recorded_at,
        te1_0.shipment_id,
        te1_0.status 
    from
        tracking_events te1_0 
    left join
        shipments s1_0 
            on s1_0.id=te1_0.shipment_id 
    where
        s1_0.id=? 
    order by
        te1_0.recorded_at
Hibernate: 
    select
        rhp1_0.id,
        rhp1_0.latitude,
        rhp1_0.longitude,
        rhp1_0.progress,
        rhp1_0.recorded_at,
        rhp1_0.shipment_id,
        rhp1_0.speed 
    from
        route_history_points rhp1_0 
    left join
        shipments s1_0 
            on s1_0.id=rhp1_0.shipment_id 
    where
        s1_0.id=? 
    order by
        rhp1_0.recorded_at desc 
    fetch
        first ? rows only
Hibernate: 
    select
        s1_0.id,
        s1_0.actual_delivery_time,
        s1_0.created_at,
        s1_0.created_by,
        s1_0.delivery_address,
        s1_0.destination_latitude,
        s1_0.destination_longitude,
        s1_0.estimated_delivery_time,
        s1_0.estimated_duration,
        s1_0.origin_latitude,
        s1_0.origin_longitude,
        s1_0.receiver_name,
        s1_0.route_polyline,
        s1_0.sender_address,
        s1_0.sender_name,
        s1_0.status,
        s1_0.total_distance,
        s1_0.tracking_number 
    from
        shipments s1_0 
    where
        s1_0.status in (?, ?)
Hibernate: 
    insert 
    into
        route_history_points
        (latitude, longitude, progress, recorded_at, shipment_id, speed) 
    values
        (?, ?, ?, ?, ?, ?)
2026-08-12T17:43:49.936+05:30  INFO 25776 --- [shiptrack-backend] [MessageBroker-6] c.shiptrack.service.LiveTrackingService  : Broadcast location update for shipment 24: 15.315433808071782,74.02955614030886
Hibernate: 
    insert 
    into
        route_history_points
        (latitude, longitude, progress, recorded_at, shipment_id, speed) 
    values
        (?, ?, ?, ?, ?, ?)
2026-08-12T17:43:49.943+05:30  INFO 25776 --- [shiptrack-backend] [MessageBroker-6] c.shiptrack.service.LiveTrackingService  : Broadcast location update for shipment 52: 21.569507634323852,86.999469480809
2026-08-12T17:43:51.185+05:30 ERROR 25776 --- [shiptrack-backend] [MessageBroker-9] com.shiptrack.service.GeocodingService   : Geoapify routing failed

org.springframework.web.client.ResourceAccessException: I/O error on GET request for "https://api.geoapify.com/v1/routing": Connection timed out: getsockopt
	at org.springframework.web.client.RestTemplate.createResourceAccessException(RestTemplate.java:926) ~[spring-web-6.2.8.jar:6.2.8]
	at org.springframework.web.client.RestTemplate.doExecute(RestTemplate.java:906) ~[spring-web-6.2.8.jar:6.2.8]
	at org.springframework.web.client.RestTemplate.execute(RestTemplate.java:801) ~[spring-web-6.2.8.jar:6.2.8]
	at org.springframework.web.client.RestTemplate.getForObject(RestTemplate.java:415) ~[spring-web-6.2.8.jar:6.2.8]
	at com.shiptrack.service.GeocodingService.routeWithGeoapify(GeocodingService.java:162) ~[classes/:na]
	at com.shiptrack.service.GeocodingService.calculateRoute(GeocodingService.java:143) ~[classes/:na]
	at com.shiptrack.service.GeocodingService.calculateDuration(GeocodingService.java:259) ~[classes/:na]
	at com.shiptrack.service.EtaService.calculateEta(EtaService.java:95) ~[classes/:na]
	at com.shiptrack.service.EtaService.recalculateActiveEtas(EtaService.java:131) ~[classes/:na]
	at java.base/jdk.internal.reflect.DirectMethodHandleAccessor.invoke(DirectMethodHandleAccessor.java:104) ~[na:na]
	at java.base/java.lang.reflect.Method.invoke(Method.java:565) ~[na:na]
	at org.springframework.aop.support.AopUtils.invokeJoinpointUsingReflection(AopUtils.java:359) ~[spring-aop-6.2.8.jar:6.2.8]
	at org.springframework.aop.framework.ReflectiveMethodInvocation.invokeJoinpoint(ReflectiveMethodInvocation.java:196) ~[spring-aop-6.2.8.jar:6.2.8]
	at org.springframework.aop.framework.ReflectiveMethodInvocation.proceed(ReflectiveMethodInvocation.java:163) ~[spring-aop-6.2.8.jar:6.2.8]
	at org.springframework.transaction.interceptor.TransactionAspectSupport.invokeWithinTransaction(TransactionAspectSupport.java:380) ~[spring-tx-6.2.8.jar:6.2.8]
	at org.springframework.transaction.interceptor.TransactionInterceptor.invoke(TransactionInterceptor.java:119) ~[spring-tx-6.2.8.jar:6.2.8]
	at org.springframework.aop.framework.ReflectiveMethodInvocation.proceed(ReflectiveMethodInvocation.java:184) ~[spring-aop-6.2.8.jar:6.2.8]
	at org.springframework.aop.framework.CglibAopProxy$DynamicAdvisedInterceptor.intercept(CglibAopProxy.java:728) ~[spring-aop-6.2.8.jar:6.2.8]
	at com.shiptrack.service.EtaService$$SpringCGLIB$$0.recalculateActiveEtas(<generated>) ~[classes/:na]
	at java.base/jdk.internal.reflect.DirectMethodHandleAccessor.invoke(DirectMethodHandleAccessor.java:104) ~[na:na]
	at java.base/java.lang.reflect.Method.invoke(Method.java:565) ~[na:na]
	at org.springframework.scheduling.support.ScheduledMethodRunnable.runInternal(ScheduledMethodRunnable.java:130) ~[spring-context-6.2.8.jar:6.2.8]
	at org.springframework.scheduling.support.ScheduledMethodRunnable.lambda$run$2(ScheduledMethodRunnable.java:124) ~[spring-context-6.2.8.jar:6.2.8]
	at io.micrometer.observation.Observation.observe(Observation.java:498) ~[micrometer-observation-1.15.1.jar:1.15.1]
	at org.springframework.scheduling.support.ScheduledMethodRunnable.run(ScheduledMethodRunnable.java:124) ~[spring-context-6.2.8.jar:6.2.8]
	at org.springframework.scheduling.config.Task$OutcomeTrackingRunnable.run(Task.java:85) ~[spring-context-6.2.8.jar:6.2.8]
	at org.springframework.scheduling.support.DelegatingErrorHandlingRunnable.run(DelegatingErrorHandlingRunnable.java:54) ~[spring-context-6.2.8.jar:6.2.8]
	at java.base/java.util.concurrent.Executors$RunnableAdapter.call(Executors.java:545) ~[na:na]
	at java.base/java.util.concurrent.FutureTask.runAndReset(FutureTask.java:371) ~[na:na]
	at java.base/java.util.concurrent.ScheduledThreadPoolExecutor$ScheduledFutureTask.run(ScheduledThreadPoolExecutor.java:310) ~[na:na]
	at java.base/java.util.concurrent.ThreadPoolExecutor.runWorker(ThreadPoolExecutor.java:1090) ~[na:na]
	at java.base/java.util.concurrent.ThreadPoolExecutor$Worker.run(ThreadPoolExecutor.java:614) ~[na:na]
	at java.base/java.lang.Thread.run(Thread.java:1516) ~[na:na]
Caused by: java.net.ConnectException: Connection timed out: getsockopt
	at java.base/sun.nio.ch.Net.pollConnect(Native Method) ~[na:na]
	at java.base/sun.nio.ch.Net.pollConnectNow(Net.java:642) ~[na:na]
	at java.base/sun.nio.ch.SocketChannelImpl.finishConnect(SocketChannelImpl.java:1043) ~[na:na]
	at java.net.http/jdk.internal.net.http.PlainHttpConnection$ConnectEvent.handle(PlainHttpConnection.java:134) ~[java.net.http:na]
	at java.net.http/jdk.internal.net.http.HttpClientImpl$SelectorManager.handleEvent(HttpClientImpl.java:1610) ~[java.net.http:na]
	at java.net.http/jdk.internal.net.http.HttpClientImpl$SelectorManager.lambda$run$3(HttpClientImpl.java:1555) ~[java.net.http:na]
	at java.base/java.util.ArrayList.forEach(ArrayList.java:1612) ~[na:na]
	at java.net.http/jdk.internal.net.http.HttpClientImpl$SelectorManager.run(HttpClientImpl.java:1555) ~[java.net.http:na]
	at java.base/java.lang.VirtualThread.run(VirtualThread.java:475) ~[na:na]

2026-08-12T17:43:51.186+05:30  WARN 25776 --- [shiptrack-backend] [MessageBroker-9] com.shiptrack.service.GeocodingService   : Geoapify routing failed, trying OSRM fallback...
2026-08-12T17:43:52.476+05:30  INFO 25776 --- [shiptrack-backend] [MessageBroker-9] com.shiptrack.service.GeocodingService   : OSRM route found: 388.5 km, 292 min
Hibernate: 
    update
        shipments s1_0 
    set
        estimated_duration=?,
        estimated_delivery_time=? 
    where
        s1_0.id=?
2026-08-12T17:43:52.481+05:30  INFO 25776 --- [shiptrack-backend] [MessageBroker-9] com.shiptrack.service.EtaService         : ETA calculated for shipment 52: 292 min, delivery at 2026-08-12T22:35:52.476787200
Hibernate: 
    select
        te1_0.id,
        te1_0.latitude,
        te1_0.longitude,
        te1_0.recorded_at,
        te1_0.shipment_id,
        te1_0.status 
    from
        tracking_events te1_0 
    left join
        shipments s1_0 
            on s1_0.id=te1_0.shipment_id 
    where
        s1_0.id=? 
    order by
        te1_0.recorded_at
Hibernate: 
    select
        rhp1_0.id,
        rhp1_0.latitude,
        rhp1_0.longitude,
        rhp1_0.progress,
        rhp1_0.recorded_at,
        rhp1_0.shipment_id,
        rhp1_0.speed 
    from
        route_history_points rhp1_0 
    left join
        shipments s1_0 
            on s1_0.id=rhp1_0.shipment_id 
    where
        s1_0.id=? 
    order by
        rhp1_0.recorded_at desc 
    fetch
        first ? rows only
2026-08-12T17:44:02.117+05:30 ERROR 25776 --- [shiptrack-backend] [essageBroker-14] com.shiptrack.service.GeocodingService   : Geoapify routing failed

org.springframework.web.client.ResourceAccessException: I/O error on GET request for "https://api.geoapify.com/v1/routing": Connection timed out: getsockopt
	at org.springframework.web.client.RestTemplate.createResourceAccessException(RestTemplate.java:926) ~[spring-web-6.2.8.jar:6.2.8]
	at org.springframework.web.client.RestTemplate.doExecute(RestTemplate.java:906) ~[spring-web-6.2.8.jar:6.2.8]
	at org.springframework.web.client.RestTemplate.execute(RestTemplate.java:801) ~[spring-web-6.2.8.jar:6.2.8]
	at org.springframework.web.client.RestTemplate.getForObject(RestTemplate.java:415) ~[spring-web-6.2.8.jar:6.2.8]
	at com.shiptrack.service.GeocodingService.routeWithGeoapify(GeocodingService.java:162) ~[classes/:na]
	at com.shiptrack.service.GeocodingService.calculateRoute(GeocodingService.java:143) ~[classes/:na]
	at com.shiptrack.service.GeocodingService.calculateDuration(GeocodingService.java:259) ~[classes/:na]
	at com.shiptrack.service.DelayPredictionService.checkForDelays(DelayPredictionService.java:99) ~[classes/:na]
	at com.shiptrack.service.DelayPredictionService.checkAllActiveShipments(DelayPredictionService.java:162) ~[classes/:na]
	at java.base/jdk.internal.reflect.DirectMethodHandleAccessor.invoke(DirectMethodHandleAccessor.java:104) ~[na:na]
	at java.base/java.lang.reflect.Method.invoke(Method.java:565) ~[na:na]
	at org.springframework.aop.support.AopUtils.invokeJoinpointUsingReflection(AopUtils.java:359) ~[spring-aop-6.2.8.jar:6.2.8]
	at org.springframework.aop.framework.CglibAopProxy$DynamicAdvisedInterceptor.intercept(CglibAopProxy.java:724) ~[spring-aop-6.2.8.jar:6.2.8]
	at com.shiptrack.service.DelayPredictionService$$SpringCGLIB$$0.checkAllActiveShipments(<generated>) ~[classes/:na]
	at java.base/jdk.internal.reflect.DirectMethodHandleAccessor.invoke(DirectMethodHandleAccessor.java:104) ~[na:na]
	at java.base/java.lang.reflect.Method.invoke(Method.java:565) ~[na:na]
	at org.springframework.scheduling.support.ScheduledMethodRunnable.runInternal(ScheduledMethodRunnable.java:130) ~[spring-context-6.2.8.jar:6.2.8]
	at org.springframework.scheduling.support.ScheduledMethodRunnable.lambda$run$2(ScheduledMethodRunnable.java:124) ~[spring-context-6.2.8.jar:6.2.8]
	at io.micrometer.observation.Observation.observe(Observation.java:498) ~[micrometer-observation-1.15.1.jar:1.15.1]
	at org.springframework.scheduling.support.ScheduledMethodRunnable.run(ScheduledMethodRunnable.java:124) ~[spring-context-6.2.8.jar:6.2.8]
	at org.springframework.scheduling.config.Task$OutcomeTrackingRunnable.run(Task.java:85) ~[spring-context-6.2.8.jar:6.2.8]
	at org.springframework.scheduling.support.DelegatingErrorHandlingRunnable.run(DelegatingErrorHandlingRunnable.java:54) ~[spring-context-6.2.8.jar:6.2.8]
	at java.base/java.util.concurrent.Executors$RunnableAdapter.call(Executors.java:545) ~[na:na]
	at java.base/java.util.concurrent.FutureTask.runAndReset(FutureTask.java:371) ~[na:na]
	at java.base/java.util.concurrent.ScheduledThreadPoolExecutor$ScheduledFutureTask.run(ScheduledThreadPoolExecutor.java:310) ~[na:na]
	at java.base/java.util.concurrent.ThreadPoolExecutor.runWorker(ThreadPoolExecutor.java:1090) ~[na:na]
	at java.base/java.util.concurrent.ThreadPoolExecutor$Worker.run(ThreadPoolExecutor.java:614) ~[na:na]
	at java.base/java.lang.Thread.run(Thread.java:1516) ~[na:na]
Caused by: java.net.ConnectException: Connection timed out: getsockopt
	at java.base/sun.nio.ch.Net.pollConnect(Native Method) ~[na:na]
	at java.base/sun.nio.ch.Net.pollConnectNow(Net.java:642) ~[na:na]
	at java.base/sun.nio.ch.SocketChannelImpl.finishConnect(SocketChannelImpl.java:1043) ~[na:na]
	at java.net.http/jdk.internal.net.http.PlainHttpConnection$ConnectEvent.handle(PlainHttpConnection.java:134) ~[java.net.http:na]
	at java.net.http/jdk.internal.net.http.HttpClientImpl$SelectorManager.handleEvent(HttpClientImpl.java:1610) ~[java.net.http:na]
	at java.net.http/jdk.internal.net.http.HttpClientImpl$SelectorManager.lambda$run$3(HttpClientImpl.java:1555) ~[java.net.http:na]
	at java.base/java.util.ArrayList.forEach(ArrayList.java:1612) ~[na:na]
	at java.net.http/jdk.internal.net.http.HttpClientImpl$SelectorManager.run(HttpClientImpl.java:1555) ~[java.net.http:na]
	at java.base/java.lang.VirtualThread.run(VirtualThread.java:475) ~[na:na]

2026-08-12T17:44:02.118+05:30  WARN 25776 --- [shiptrack-backend] [essageBroker-14] com.shiptrack.service.GeocodingService   : Geoapify routing failed, trying OSRM fallback...
2026-08-12T17:44:04.288+05:30  INFO 25776 --- [shiptrack-backend] [essageBroker-14] com.shiptrack.service.GeocodingService   : OSRM route found: 615.1 km, 462 min
Hibernate: 
    select
        dp1_0.id,
        dp1_0.delay_minutes,
        dp1_0.delay_reason,
        dp1_0.detected_at,
        dp1_0.is_active,
        dp1_0.probability,
        dp1_0.shipment_id 
    from
        delay_predictions dp1_0 
    where
        dp1_0.shipment_id=? 
        and dp1_0.is_active 
    order by
        dp1_0.detected_at desc 
    fetch
        first ? rows only
Hibernate: 
    select
        s1_0.id,
        s1_0.actual_delivery_time,
        s1_0.created_at,
        s1_0.created_by,
        s1_0.delivery_address,
        s1_0.destination_latitude,
        s1_0.destination_longitude,
        s1_0.estimated_delivery_time,
        s1_0.estimated_duration,
        s1_0.origin_latitude,
        s1_0.origin_longitude,
        s1_0.receiver_name,
        s1_0.route_polyline,
        s1_0.sender_address,
        s1_0.sender_name,
        s1_0.status,
        s1_0.total_distance,
        s1_0.tracking_number 
    from
        shipments s1_0 
    where
        s1_0.id=?
Hibernate: 
    select
        te1_0.id,
        te1_0.latitude,
        te1_0.longitude,
        te1_0.recorded_at,
        te1_0.shipment_id,
        te1_0.status 
    from
        tracking_events te1_0 
    left join
        shipments s1_0 
            on s1_0.id=te1_0.shipment_id 
    where
        s1_0.id=? 
    order by
        te1_0.recorded_at
Hibernate: 
    select
        rhp1_0.id,
        rhp1_0.latitude,
        rhp1_0.longitude,
        rhp1_0.progress,
        rhp1_0.recorded_at,
        rhp1_0.shipment_id,
        rhp1_0.speed 
    from
        route_history_points rhp1_0 
    left join
        shipments s1_0 
            on s1_0.id=rhp1_0.shipment_id 
    where
        s1_0.id=? 
    order by
        rhp1_0.recorded_at desc 
    fetch
        first ? rows only
Hibernate: 
    select
        dp1_0.id,
        dp1_0.delay_minutes,
        dp1_0.delay_reason,
        dp1_0.detected_at,
        dp1_0.is_active,
        dp1_0.probability,
        dp1_0.shipment_id 
    from
        delay_predictions dp1_0 
    where
        dp1_0.shipment_id=? 
        and dp1_0.is_active 
    order by
        dp1_0.detected_at desc 
    fetch
        first ? rows only
Hibernate: 
    select
        dp1_0.id,
        dp1_0.delay_minutes,
        dp1_0.delay_reason,
        dp1_0.detected_at,
        dp1_0.is_active,
        dp1_0.probability,
        dp1_0.shipment_id 
    from
        delay_predictions dp1_0 
    where
        dp1_0.shipment_id=? 
        and dp1_0.is_active
Hibernate: 
    select
        dp1_0.id,
        dp1_0.delay_minutes,
        dp1_0.delay_reason,
        dp1_0.detected_at,
        dp1_0.is_active,
        dp1_0.probability,
        dp1_0.shipment_id 
    from
        delay_predictions dp1_0 
    where
        dp1_0.id=?
Hibernate: 
    update
        delay_predictions 
    set
        delay_minutes=?,
        delay_reason=?,
        detected_at=?,
        is_active=?,
        probability=?,
        shipment_id=? 
    where
        id=?
2026-08-12T17:44:04.308+05:30  INFO 25776 --- [shiptrack-backend] [essageBroker-14] c.s.service.DelayPredictionService       : Superseded 1 stale delay prediction(s) for shipment 53
Hibernate: 
    insert 
    into
        delay_predictions
        (delay_minutes, delay_reason, detected_at, is_active, probability, shipment_id) 
    values
        (?, ?, ?, ?, ?, ?)
2026-08-12T17:44:04.309+05:30  WARN 25776 --- [shiptrack-backend] [essageBroker-14] c.shiptrack.service.LiveTrackingService  : Delay alert for shipment 53: No location update for 83 minutes (83 min, 0.7766666666666666% probability)
2026-08-12T17:44:04.309+05:30  WARN 25776 --- [shiptrack-backend] [essageBroker-14] c.s.service.DelayPredictionService       : Delay detected for shipment 53: No location update for 83 minutes (83 min)
Hibernate: 
    select
        u1_0.id,
        u1_0.created_at,
        u1_0.email,
        u1_0.name,
        u1_0.password,
        u1_0.phone,
        u1_0.role 
    from
        users u1_0 
    where
        u1_0.email=?
Hibernate: 
    select
        u1_0.id,
        u1_0.created_at,
        u1_0.email,
        u1_0.name,
        u1_0.password,
        u1_0.phone,
        u1_0.role 
    from
        users u1_0 
    where
        u1_0.email=?
Hibernate: 
    select
        u1_0.id,
        u1_0.created_at,
        u1_0.email,
        u1_0.name,
        u1_0.password,
        u1_0.phone,
        u1_0.role 
    from
        users u1_0 
    where
        u1_0.email=?
Hibernate: 
    select
        u1_0.id,
        u1_0.created_at,
        u1_0.email,
        u1_0.name,
        u1_0.password,
        u1_0.phone,
        u1_0.role 
    from
        users u1_0 
    where
        u1_0.email=?
Hibernate: 
    select
        u1_0.id,
        u1_0.created_at,
        u1_0.email,
        u1_0.name,
        u1_0.password,
        u1_0.phone,
        u1_0.role 
    from
        users u1_0 
    where
        u1_0.email=?
Hibernate: 
    select
        u1_0.id,
        u1_0.created_at,
        u1_0.email,
        u1_0.name,
        u1_0.password,
        u1_0.phone,
        u1_0.role 
    from
        users u1_0 
    where
        u1_0.email=?
Hibernate: 
    select
        s1_0.id,
        s1_0.actual_delivery_time,
        s1_0.created_at,
        s1_0.created_by,
        s1_0.delivery_address,
        s1_0.destination_latitude,
        s1_0.destination_longitude,
        s1_0.estimated_delivery_time,
        s1_0.estimated_duration,
        s1_0.origin_latitude,
        s1_0.origin_longitude,
        s1_0.receiver_name,
        s1_0.route_polyline,
        s1_0.sender_address,
        s1_0.sender_name,
        s1_0.status,
        s1_0.total_distance,
        s1_0.tracking_number 
    from
        shipments s1_0 
    order by
        s1_0.created_at desc
Hibernate: 
    select
        te1_0.id,
        te1_0.latitude,
        te1_0.longitude,
        te1_0.recorded_at,
        te1_0.shipment_id,
        te1_0.status 
    from
        tracking_events te1_0 
    left join
        shipments s1_0 
            on s1_0.id=te1_0.shipment_id 
    where
        s1_0.id=? 
    order by
        te1_0.recorded_at
Hibernate: 
    select
        pod1_0.id,
        pod1_0.captured_at,
        pod1_0.captured_by,
        pod1_0.item_image_data,
        pod1_0.item_image_hash,
        pod1_0.method,
        pod1_0.notes,
        pod1_0.recipient_name,
        pod1_0.shipment_id,
        pod1_0.signature_data,
        pod1_0.signature_hash,
        pod1_0.verification_notes,
        pod1_0.verification_status,
        pod1_0.verified_at,
        pod1_0.verified_by 
    from
        proof_of_deliveries pod1_0 
    left join
        shipments s1_0 
            on s1_0.id=pod1_0.shipment_id 
    where
        s1_0.id=?
Hibernate: 
    select
        u1_0.id,
        u1_0.created_at,
        u1_0.email,
        u1_0.name,
        u1_0.password,
        u1_0.phone,
        u1_0.role 
    from
        users u1_0 
    where
        u1_0.id=?
Hibernate: 
    select
        te1_0.id,
        te1_0.latitude,
        te1_0.longitude,
        te1_0.recorded_at,
        te1_0.shipment_id,
        te1_0.status 
    from
        tracking_events te1_0 
    left join
        shipments s1_0 
            on s1_0.id=te1_0.shipment_id 
    where
        s1_0.id=? 
    order by
        te1_0.recorded_at
Hibernate: 
    select
        pod1_0.id,
        pod1_0.captured_at,
        pod1_0.captured_by,
        pod1_0.item_image_data,
        pod1_0.item_image_hash,
        pod1_0.method,
        pod1_0.notes,
        pod1_0.recipient_name,
        pod1_0.shipment_id,
        pod1_0.signature_data,
        pod1_0.signature_hash,
        pod1_0.verification_notes,
        pod1_0.verification_status,
        pod1_0.verified_at,
        pod1_0.verified_by 
    from
        proof_of_deliveries pod1_0 
    left join
        shipments s1_0 
            on s1_0.id=pod1_0.shipment_id 
    where
        s1_0.id=?
Hibernate: 
    select
        te1_0.id,
        te1_0.latitude,
        te1_0.longitude,
        te1_0.recorded_at,
        te1_0.shipment_id,
        te1_0.status 
    from
        tracking_events te1_0 
    left join
        shipments s1_0 
            on s1_0.id=te1_0.shipment_id 
    where
        s1_0.id=? 
    order by
        te1_0.recorded_at
Hibernate: 
    select
        pod1_0.id,
        pod1_0.captured_at,
        pod1_0.captured_by,
        pod1_0.item_image_data,
        pod1_0.item_image_hash,
        pod1_0.method,
        pod1_0.notes,
        pod1_0.recipient_name,
        pod1_0.shipment_id,
        pod1_0.signature_data,
        pod1_0.signature_hash,
        pod1_0.verification_notes,
        pod1_0.verification_status,
        pod1_0.verified_at,
        pod1_0.verified_by 
    from
        proof_of_deliveries pod1_0 
    left join
        shipments s1_0 
            on s1_0.id=pod1_0.shipment_id 
    where
        s1_0.id=?
Hibernate: 
    select
        te1_0.id,
        te1_0.latitude,
        te1_0.longitude,
        te1_0.recorded_at,
        te1_0.shipment_id,
        te1_0.status 
    from
        tracking_events te1_0 
    left join
        shipments s1_0 
            on s1_0.id=te1_0.shipment_id 
    where
        s1_0.id=? 
    order by
        te1_0.recorded_at
Hibernate: 
    select
        pod1_0.id,
        pod1_0.captured_at,
        pod1_0.captured_by,
        pod1_0.item_image_data,
        pod1_0.item_image_hash,
        pod1_0.method,
        pod1_0.notes,
        pod1_0.recipient_name,
        pod1_0.shipment_id,
        pod1_0.signature_data,
        pod1_0.signature_hash,
        pod1_0.verification_notes,
        pod1_0.verification_status,
        pod1_0.verified_at,
        pod1_0.verified_by 
    from
        proof_of_deliveries pod1_0 
    left join
        shipments s1_0 
            on s1_0.id=pod1_0.shipment_id 
    where
        s1_0.id=?
Hibernate: 
    select
        te1_0.id,
        te1_0.latitude,
        te1_0.longitude,
        te1_0.recorded_at,
        te1_0.shipment_id,
        te1_0.status 
    from
        tracking_events te1_0 
    left join
        shipments s1_0 
            on s1_0.id=te1_0.shipment_id 
    where
        s1_0.id=? 
    order by
        te1_0.recorded_at
Hibernate: 
    select
        pod1_0.id,
        pod1_0.captured_at,
        pod1_0.captured_by,
        pod1_0.item_image_data,
        pod1_0.item_image_hash,
        pod1_0.method,
        pod1_0.notes,
        pod1_0.recipient_name,
        pod1_0.shipment_id,
        pod1_0.signature_data,
        pod1_0.signature_hash,
        pod1_0.verification_notes,
        pod1_0.verification_status,
        pod1_0.verified_at,
        pod1_0.verified_by 
    from
        proof_of_deliveries pod1_0 
    left join
        shipments s1_0 
            on s1_0.id=pod1_0.shipment_id 
    where
        s1_0.id=?
Hibernate: 
    select
        te1_0.id,
        te1_0.latitude,
        te1_0.longitude,
        te1_0.recorded_at,
        te1_0.shipment_id,
        te1_0.status 
    from
        tracking_events te1_0 
    left join
        shipments s1_0 
            on s1_0.id=te1_0.shipment_id 
    where
        s1_0.id=? 
    order by
        te1_0.recorded_at
Hibernate: 
    select
        pod1_0.id,
        pod1_0.captured_at,
        pod1_0.captured_by,
        pod1_0.item_image_data,
        pod1_0.item_image_hash,
        pod1_0.method,
        pod1_0.notes,
        pod1_0.recipient_name,
        pod1_0.shipment_id,
        pod1_0.signature_data,
        pod1_0.signature_hash,
        pod1_0.verification_notes,
        pod1_0.verification_status,
        pod1_0.verified_at,
        pod1_0.verified_by 
    from
        proof_of_deliveries pod1_0 
    left join
        shipments s1_0 
            on s1_0.id=pod1_0.shipment_id 
    where
        s1_0.id=?
Hibernate: 
    select
        te1_0.id,
        te1_0.latitude,
        te1_0.longitude,
        te1_0.recorded_at,
        te1_0.shipment_id,
        te1_0.status 
    from
        tracking_events te1_0 
    left join
        shipments s1_0 
            on s1_0.id=te1_0.shipment_id 
    where
        s1_0.id=? 
    order by
        te1_0.recorded_at
Hibernate: 
    select
        pod1_0.id,
        pod1_0.captured_at,
        pod1_0.captured_by,
        pod1_0.item_image_data,
        pod1_0.item_image_hash,
        pod1_0.method,
        pod1_0.notes,
        pod1_0.recipient_name,
        pod1_0.shipment_id,
        pod1_0.signature_data,
        pod1_0.signature_hash,
        pod1_0.verification_notes,
        pod1_0.verification_status,
        pod1_0.verified_at,
        pod1_0.verified_by 
    from
        proof_of_deliveries pod1_0 
    left join
        shipments s1_0 
            on s1_0.id=pod1_0.shipment_id 
    where
        s1_0.id=?
Hibernate: 
    select
        te1_0.id,
        te1_0.latitude,
        te1_0.longitude,
        te1_0.recorded_at,
        te1_0.shipment_id,
        te1_0.status 
    from
        tracking_events te1_0 
    left join
        shipments s1_0 
            on s1_0.id=te1_0.shipment_id 
    where
        s1_0.id=? 
    order by
        te1_0.recorded_at
Hibernate: 
    select
        pod1_0.id,
        pod1_0.captured_at,
        pod1_0.captured_by,
        pod1_0.item_image_data,
        pod1_0.item_image_hash,
        pod1_0.method,
        pod1_0.notes,
        pod1_0.recipient_name,
        pod1_0.shipment_id,
        pod1_0.signature_data,
        pod1_0.signature_hash,
        pod1_0.verification_notes,
        pod1_0.verification_status,
        pod1_0.verified_at,
        pod1_0.verified_by 
    from
        proof_of_deliveries pod1_0 
    left join
        shipments s1_0 
            on s1_0.id=pod1_0.shipment_id 
    where
        s1_0.id=?
Hibernate: 
    select
        te1_0.id,
        te1_0.latitude,
        te1_0.longitude,
        te1_0.recorded_at,
        te1_0.shipment_id,
        te1_0.status 
    from
        tracking_events te1_0 
    left join
        shipments s1_0 
            on s1_0.id=te1_0.shipment_id 
    where
        s1_0.id=? 
    order by
        te1_0.recorded_at
Hibernate: 
    select
        pod1_0.id,
        pod1_0.captured_at,
        pod1_0.captured_by,
        pod1_0.item_image_data,
        pod1_0.item_image_hash,
        pod1_0.method,
        pod1_0.notes,
        pod1_0.recipient_name,
        pod1_0.shipment_id,
        pod1_0.signature_data,
        pod1_0.signature_hash,
        pod1_0.verification_notes,
        pod1_0.verification_status,
        pod1_0.verified_at,
        pod1_0.verified_by 
    from
        proof_of_deliveries pod1_0 
    left join
        shipments s1_0 
            on s1_0.id=pod1_0.shipment_id 
    where
        s1_0.id=?
Hibernate: 
    select
        te1_0.id,
        te1_0.latitude,
        te1_0.longitude,
        te1_0.recorded_at,
        te1_0.shipment_id,
        te1_0.status 
    from
        tracking_events te1_0 
    left join
        shipments s1_0 
            on s1_0.id=te1_0.shipment_id 
    where
        s1_0.id=? 
    order by
        te1_0.recorded_at
Hibernate: 
    select
        pod1_0.id,
        pod1_0.captured_at,
        pod1_0.captured_by,
        pod1_0.item_image_data,
        pod1_0.item_image_hash,
        pod1_0.method,
        pod1_0.notes,
        pod1_0.recipient_name,
        pod1_0.shipment_id,
        pod1_0.signature_data,
        pod1_0.signature_hash,
        pod1_0.verification_notes,
        pod1_0.verification_status,
        pod1_0.verified_at,
        pod1_0.verified_by 
    from
        proof_of_deliveries pod1_0 
    left join
        shipments s1_0 
            on s1_0.id=pod1_0.shipment_id 
    where
        s1_0.id=?
Hibernate: 
    select
        te1_0.id,
        te1_0.latitude,
        te1_0.longitude,
        te1_0.recorded_at,
        te1_0.shipment_id,
        te1_0.status 
    from
        tracking_events te1_0 
    left join
        shipments s1_0 
            on s1_0.id=te1_0.shipment_id 
    where
        s1_0.id=? 
    order by
        te1_0.recorded_at
Hibernate: 
    select
        pod1_0.id,
        pod1_0.captured_at,
        pod1_0.captured_by,
        pod1_0.item_image_data,
        pod1_0.item_image_hash,
        pod1_0.method,
        pod1_0.notes,
        pod1_0.recipient_name,
        pod1_0.shipment_id,
        pod1_0.signature_data,
        pod1_0.signature_hash,
        pod1_0.verification_notes,
        pod1_0.verification_status,
        pod1_0.verified_at,
        pod1_0.verified_by 
    from
        proof_of_deliveries pod1_0 
    left join
        shipments s1_0 
            on s1_0.id=pod1_0.shipment_id 
    where
        s1_0.id=?
Hibernate: 
    select
        te1_0.id,
        te1_0.latitude,
        te1_0.longitude,
        te1_0.recorded_at,
        te1_0.shipment_id,
        te1_0.status 
    from
        tracking_events te1_0 
    left join
        shipments s1_0 
            on s1_0.id=te1_0.shipment_id 
    where
        s1_0.id=? 
    order by
        te1_0.recorded_at
Hibernate: 
    select
        pod1_0.id,
        pod1_0.captured_at,
        pod1_0.captured_by,
        pod1_0.item_image_data,
        pod1_0.item_image_hash,
        pod1_0.method,
        pod1_0.notes,
        pod1_0.recipient_name,
        pod1_0.shipment_id,
        pod1_0.signature_data,
        pod1_0.signature_hash,
        pod1_0.verification_notes,
        pod1_0.verification_status,
        pod1_0.verified_at,
        pod1_0.verified_by 
    from
        proof_of_deliveries pod1_0 
    left join
        shipments s1_0 
            on s1_0.id=pod1_0.shipment_id 
    where
        s1_0.id=?
Hibernate: 
    select
        te1_0.id,
        te1_0.latitude,
        te1_0.longitude,
        te1_0.recorded_at,
        te1_0.shipment_id,
        te1_0.status 
    from
        tracking_events te1_0 
    left join
        shipments s1_0 
            on s1_0.id=te1_0.shipment_id 
    where
        s1_0.id=? 
    order by
        te1_0.recorded_at
Hibernate: 
    select
        pod1_0.id,
        pod1_0.captured_at,
        pod1_0.captured_by,
        pod1_0.item_image_data,
        pod1_0.item_image_hash,
        pod1_0.method,
        pod1_0.notes,
        pod1_0.recipient_name,
        pod1_0.shipment_id,
        pod1_0.signature_data,
        pod1_0.signature_hash,
        pod1_0.verification_notes,
        pod1_0.verification_status,
        pod1_0.verified_at,
        pod1_0.verified_by 
    from
        proof_of_deliveries pod1_0 
    left join
        shipments s1_0 
            on s1_0.id=pod1_0.shipment_id 
    where
        s1_0.id=?
Hibernate: 
    select
        count(*) 
    from
        shipments s1_0
Hibernate: 
    select
        te1_0.id,
        te1_0.latitude,
        te1_0.longitude,
        te1_0.recorded_at,
        te1_0.shipment_id,
        te1_0.status 
    from
        tracking_events te1_0 
    left join
        shipments s1_0 
            on s1_0.id=te1_0.shipment_id 
    where
        s1_0.id=? 
    order by
        te1_0.recorded_at
Hibernate: 
    select
        pod1_0.id,
        pod1_0.captured_at,
        pod1_0.captured_by,
        pod1_0.item_image_data,
        pod1_0.item_image_hash,
        pod1_0.method,
        pod1_0.notes,
        pod1_0.recipient_name,
        pod1_0.shipment_id,
        pod1_0.signature_data,
        pod1_0.signature_hash,
        pod1_0.verification_notes,
        pod1_0.verification_status,
        pod1_0.verified_at,
        pod1_0.verified_by 
    from
        proof_of_deliveries pod1_0 
    left join
        shipments s1_0 
            on s1_0.id=pod1_0.shipment_id 
    where
        s1_0.id=?
Hibernate: 
    select
        count(s1_0.id) 
    from
        shipments s1_0 
    where
        s1_0.status=?
Hibernate: 
    select
        te1_0.id,
        te1_0.latitude,
        te1_0.longitude,
        te1_0.recorded_at,
        te1_0.shipment_id,
        te1_0.status 
    from
        tracking_events te1_0 
    left join
        shipments s1_0 
            on s1_0.id=te1_0.shipment_id 
    where
        s1_0.id=? 
    order by
        te1_0.recorded_at
Hibernate: 
    select
        pod1_0.id,
        pod1_0.captured_at,
        pod1_0.captured_by,
        pod1_0.item_image_data,
        pod1_0.item_image_hash,
        pod1_0.method,
        pod1_0.notes,
        pod1_0.recipient_name,
        pod1_0.shipment_id,
        pod1_0.signature_data,
        pod1_0.signature_hash,
        pod1_0.verification_notes,
        pod1_0.verification_status,
        pod1_0.verified_at,
        pod1_0.verified_by 
    from
        proof_of_deliveries pod1_0 
    left join
        shipments s1_0 
            on s1_0.id=pod1_0.shipment_id 
    where
        s1_0.id=?
Hibernate: 
    select
        count(s1_0.id) 
    from
        shipments s1_0 
    where
        s1_0.status=?
Hibernate: 
    select
        count(s1_0.id) 
    from
        shipments s1_0 
    where
        s1_0.status=?
Hibernate: 
    select
        count(s1_0.id) 
    from
        shipments s1_0 
    where
        s1_0.status=?
Hibernate: 
    select
        count(s1_0.id) 
    from
        shipments s1_0 
    where
        s1_0.status=?
Hibernate: 
    select
        u1_0.id,
        u1_0.created_at,
        u1_0.email,
        u1_0.name,
        u1_0.password,
        u1_0.phone,
        u1_0.role 
    from
        users u1_0 
    where
        u1_0.email=?
Hibernate: 
    select
        u1_0.id,
        u1_0.created_at,
        u1_0.email,
        u1_0.name,
        u1_0.password,
        u1_0.phone,
        u1_0.role 
    from
        users u1_0 
    where
        u1_0.email=?
Hibernate: 
    select
        u1_0.id,
        u1_0.created_at,
        u1_0.email,
        u1_0.name,
        u1_0.password,
        u1_0.phone,
        u1_0.role 
    from
        users u1_0 
    where
        u1_0.email=?
Hibernate: 
    select
        u1_0.id,
        u1_0.created_at,
        u1_0.email,
        u1_0.name,
        u1_0.password,
        u1_0.phone,
        u1_0.role 
    from
        users u1_0 
    where
        u1_0.email=?
Hibernate: 
    select
        s1_0.id,
        s1_0.actual_delivery_time,
        s1_0.created_at,
        s1_0.created_by,
        s1_0.delivery_address,
        s1_0.destination_latitude,
        s1_0.destination_longitude,
        s1_0.estimated_delivery_time,
        s1_0.estimated_duration,
        s1_0.origin_latitude,
        s1_0.origin_longitude,
        s1_0.receiver_name,
        s1_0.route_polyline,
        s1_0.sender_address,
        s1_0.sender_name,
        s1_0.status,
        s1_0.total_distance,
        s1_0.tracking_number 
    from
        shipments s1_0 
    order by
        s1_0.created_at desc
Hibernate: 
    select
        count(*) 
    from
        shipments s1_0
Hibernate: 
    select
        count(s1_0.id) 
    from
        shipments s1_0 
    where
        s1_0.status=?
Hibernate: 
    select
        count(s1_0.id) 
    from
        shipments s1_0 
    where
        s1_0.status=?
Hibernate: 
    select
        te1_0.id,
        te1_0.latitude,
        te1_0.longitude,
        te1_0.recorded_at,
        te1_0.shipment_id,
        te1_0.status 
    from
        tracking_events te1_0 
    left join
        shipments s1_0 
            on s1_0.id=te1_0.shipment_id 
    where
        s1_0.id=? 
    order by
        te1_0.recorded_at
Hibernate: 
    select
        count(s1_0.id) 
    from
        shipments s1_0 
    where
        s1_0.status=?
Hibernate: 
    select
        pod1_0.id,
        pod1_0.captured_at,
        pod1_0.captured_by,
        pod1_0.item_image_data,
        pod1_0.item_image_hash,
        pod1_0.method,
        pod1_0.notes,
        pod1_0.recipient_name,
        pod1_0.shipment_id,
        pod1_0.signature_data,
        pod1_0.signature_hash,
        pod1_0.verification_notes,
        pod1_0.verification_status,
        pod1_0.verified_at,
        pod1_0.verified_by 
    from
        proof_of_deliveries pod1_0 
    left join
        shipments s1_0 
            on s1_0.id=pod1_0.shipment_id 
    where
        s1_0.id=?
Hibernate: 
    select
        count(s1_0.id) 
    from
        shipments s1_0 
    where
        s1_0.status=?
Hibernate: 
    select
        count(s1_0.id) 
    from
        shipments s1_0 
    where
        s1_0.status=?
Hibernate: 
    select
        u1_0.id,
        u1_0.created_at,
        u1_0.email,
        u1_0.name,
        u1_0.password,
        u1_0.phone,
        u1_0.role 
    from
        users u1_0 
    where
        u1_0.id=?
Hibernate: 
    select
        te1_0.id,
        te1_0.latitude,
        te1_0.longitude,
        te1_0.recorded_at,
        te1_0.shipment_id,
        te1_0.status 
    from
        tracking_events te1_0 
    left join
        shipments s1_0 
            on s1_0.id=te1_0.shipment_id 
    where
        s1_0.id=? 
    order by
        te1_0.recorded_at
Hibernate: 
    select
        pod1_0.id,
        pod1_0.captured_at,
        pod1_0.captured_by,
        pod1_0.item_image_data,
        pod1_0.item_image_hash,
        pod1_0.method,
        pod1_0.notes,
        pod1_0.recipient_name,
        pod1_0.shipment_id,
        pod1_0.signature_data,
        pod1_0.signature_hash,
        pod1_0.verification_notes,
        pod1_0.verification_status,
        pod1_0.verified_at,
        pod1_0.verified_by 
    from
        proof_of_deliveries pod1_0 
    left join
        shipments s1_0 
            on s1_0.id=pod1_0.shipment_id 
    where
        s1_0.id=?
Hibernate: 
    select
        te1_0.id,
        te1_0.latitude,
        te1_0.longitude,
        te1_0.recorded_at,
        te1_0.shipment_id,
        te1_0.status 
    from
        tracking_events te1_0 
    left join
        shipments s1_0 
            on s1_0.id=te1_0.shipment_id 
    where
        s1_0.id=? 
    order by
        te1_0.recorded_at
Hibernate: 
    select
        pod1_0.id,
        pod1_0.captured_at,
        pod1_0.captured_by,
        pod1_0.item_image_data,
        pod1_0.item_image_hash,
        pod1_0.method,
        pod1_0.notes,
        pod1_0.recipient_name,
        pod1_0.shipment_id,
        pod1_0.signature_data,
        pod1_0.signature_hash,
        pod1_0.verification_notes,
        pod1_0.verification_status,
        pod1_0.verified_at,
        pod1_0.verified_by 
    from
        proof_of_deliveries pod1_0 
    left join
        shipments s1_0 
            on s1_0.id=pod1_0.shipment_id 
    where
        s1_0.id=?
Hibernate: 
    select
        te1_0.id,
        te1_0.latitude,
        te1_0.longitude,
        te1_0.recorded_at,
        te1_0.shipment_id,
        te1_0.status 
    from
        tracking_events te1_0 
    left join
        shipments s1_0 
            on s1_0.id=te1_0.shipment_id 
    where
        s1_0.id=? 
    order by
        te1_0.recorded_at
Hibernate: 
    select
        pod1_0.id,
        pod1_0.captured_at,
        pod1_0.captured_by,
        pod1_0.item_image_data,
        pod1_0.item_image_hash,
        pod1_0.method,
        pod1_0.notes,
        pod1_0.recipient_name,
        pod1_0.shipment_id,
        pod1_0.signature_data,
        pod1_0.signature_hash,
        pod1_0.verification_notes,
        pod1_0.verification_status,
        pod1_0.verified_at,
        pod1_0.verified_by 
    from
        proof_of_deliveries pod1_0 
    left join
        shipments s1_0 
            on s1_0.id=pod1_0.shipment_id 
    where
        s1_0.id=?
Hibernate: 
    select
        te1_0.id,
        te1_0.latitude,
        te1_0.longitude,
        te1_0.recorded_at,
        te1_0.shipment_id,
        te1_0.status 
    from
        tracking_events te1_0 
    left join
        shipments s1_0 
            on s1_0.id=te1_0.shipment_id 
    where
        s1_0.id=? 
    order by
        te1_0.recorded_at
Hibernate: 
    select
        pod1_0.id,
        pod1_0.captured_at,
        pod1_0.captured_by,
        pod1_0.item_image_data,
        pod1_0.item_image_hash,
        pod1_0.method,
        pod1_0.notes,
        pod1_0.recipient_name,
        pod1_0.shipment_id,
        pod1_0.signature_data,
        pod1_0.signature_hash,
        pod1_0.verification_notes,
        pod1_0.verification_status,
        pod1_0.verified_at,
        pod1_0.verified_by 
    from
        proof_of_deliveries pod1_0 
    left join
        shipments s1_0 
            on s1_0.id=pod1_0.shipment_id 
    where
        s1_0.id=?
Hibernate: 
    select
        te1_0.id,
        te1_0.latitude,
        te1_0.longitude,
        te1_0.recorded_at,
        te1_0.shipment_id,
        te1_0.status 
    from
        tracking_events te1_0 
    left join
        shipments s1_0 
            on s1_0.id=te1_0.shipment_id 
    where
        s1_0.id=? 
    order by
        te1_0.recorded_at
Hibernate: 
    select
        pod1_0.id,
        pod1_0.captured_at,
        pod1_0.captured_by,
        pod1_0.item_image_data,
        pod1_0.item_image_hash,
        pod1_0.method,
        pod1_0.notes,
        pod1_0.recipient_name,
        pod1_0.shipment_id,
        pod1_0.signature_data,
        pod1_0.signature_hash,
        pod1_0.verification_notes,
        pod1_0.verification_status,
        pod1_0.verified_at,
        pod1_0.verified_by 
    from
        proof_of_deliveries pod1_0 
    left join
        shipments s1_0 
            on s1_0.id=pod1_0.shipment_id 
    where
        s1_0.id=?
Hibernate: 
    select
        te1_0.id,
        te1_0.latitude,
        te1_0.longitude,
        te1_0.recorded_at,
        te1_0.shipment_id,
        te1_0.status 
    from
        tracking_events te1_0 
    left join
        shipments s1_0 
            on s1_0.id=te1_0.shipment_id 
    where
        s1_0.id=? 
    order by
        te1_0.recorded_at
Hibernate: 
    select
        pod1_0.id,
        pod1_0.captured_at,
        pod1_0.captured_by,
        pod1_0.item_image_data,
        pod1_0.item_image_hash,
        pod1_0.method,
        pod1_0.notes,
        pod1_0.recipient_name,
        pod1_0.shipment_id,
        pod1_0.signature_data,
        pod1_0.signature_hash,
        pod1_0.verification_notes,
        pod1_0.verification_status,
        pod1_0.verified_at,
        pod1_0.verified_by 
    from
        proof_of_deliveries pod1_0 
    left join
        shipments s1_0 
            on s1_0.id=pod1_0.shipment_id 
    where
        s1_0.id=?
Hibernate: 
    select
        te1_0.id,
        te1_0.latitude,
        te1_0.longitude,
        te1_0.recorded_at,
        te1_0.shipment_id,
        te1_0.status 
    from
        tracking_events te1_0 
    left join
        shipments s1_0 
            on s1_0.id=te1_0.shipment_id 
    where
        s1_0.id=? 
    order by
        te1_0.recorded_at
Hibernate: 
    select
        pod1_0.id,
        pod1_0.captured_at,
        pod1_0.captured_by,
        pod1_0.item_image_data,
        pod1_0.item_image_hash,
        pod1_0.method,
        pod1_0.notes,
        pod1_0.recipient_name,
        pod1_0.shipment_id,
        pod1_0.signature_data,
        pod1_0.signature_hash,
        pod1_0.verification_notes,
        pod1_0.verification_status,
        pod1_0.verified_at,
        pod1_0.verified_by 
    from
        proof_of_deliveries pod1_0 
    left join
        shipments s1_0 
            on s1_0.id=pod1_0.shipment_id 
    where
        s1_0.id=?
Hibernate: 
    select
        te1_0.id,
        te1_0.latitude,
        te1_0.longitude,
        te1_0.recorded_at,
        te1_0.shipment_id,
        te1_0.status 
    from
        tracking_events te1_0 
    left join
        shipments s1_0 
            on s1_0.id=te1_0.shipment_id 
    where
        s1_0.id=? 
    order by
        te1_0.recorded_at
Hibernate: 
    select
        pod1_0.id,
        pod1_0.captured_at,
        pod1_0.captured_by,
        pod1_0.item_image_data,
        pod1_0.item_image_hash,
        pod1_0.method,
        pod1_0.notes,
        pod1_0.recipient_name,
        pod1_0.shipment_id,
        pod1_0.signature_data,
        pod1_0.signature_hash,
        pod1_0.verification_notes,
        pod1_0.verification_status,
        pod1_0.verified_at,
        pod1_0.verified_by 
    from
        proof_of_deliveries pod1_0 
    left join
        shipments s1_0 
            on s1_0.id=pod1_0.shipment_id 
    where
        s1_0.id=?
Hibernate: 
    select
        te1_0.id,
        te1_0.latitude,
        te1_0.longitude,
        te1_0.recorded_at,
        te1_0.shipment_id,
        te1_0.status 
    from
        tracking_events te1_0 
    left join
        shipments s1_0 
            on s1_0.id=te1_0.shipment_id 
    where
        s1_0.id=? 
    order by
        te1_0.recorded_at
Hibernate: 
    select
        pod1_0.id,
        pod1_0.captured_at,
        pod1_0.captured_by,
        pod1_0.item_image_data,
        pod1_0.item_image_hash,
        pod1_0.method,
        pod1_0.notes,
        pod1_0.recipient_name,
        pod1_0.shipment_id,
        pod1_0.signature_data,
        pod1_0.signature_hash,
        pod1_0.verification_notes,
        pod1_0.verification_status,
        pod1_0.verified_at,
        pod1_0.verified_by 
    from
        proof_of_deliveries pod1_0 
    left join
        shipments s1_0 
            on s1_0.id=pod1_0.shipment_id 
    where
        s1_0.id=?
Hibernate: 
    select
        te1_0.id,
        te1_0.latitude,
        te1_0.longitude,
        te1_0.recorded_at,
        te1_0.shipment_id,
        te1_0.status 
    from
        tracking_events te1_0 
    left join
        shipments s1_0 
            on s1_0.id=te1_0.shipment_id 
    where
        s1_0.id=? 
    order by
        te1_0.recorded_at
Hibernate: 
    select
        pod1_0.id,
        pod1_0.captured_at,
        pod1_0.captured_by,
        pod1_0.item_image_data,
        pod1_0.item_image_hash,
        pod1_0.method,
        pod1_0.notes,
        pod1_0.recipient_name,
        pod1_0.shipment_id,
        pod1_0.signature_data,
        pod1_0.signature_hash,
        pod1_0.verification_notes,
        pod1_0.verification_status,
        pod1_0.verified_at,
        pod1_0.verified_by 
    from
        proof_of_deliveries pod1_0 
    left join
        shipments s1_0 
            on s1_0.id=pod1_0.shipment_id 
    where
        s1_0.id=?
Hibernate: 
    select
        te1_0.id,
        te1_0.latitude,
        te1_0.longitude,
        te1_0.recorded_at,
        te1_0.shipment_id,
        te1_0.status 
    from
        tracking_events te1_0 
    left join
        shipments s1_0 
            on s1_0.id=te1_0.shipment_id 
    where
        s1_0.id=? 
    order by
        te1_0.recorded_at
Hibernate: 
    select
        pod1_0.id,
        pod1_0.captured_at,
        pod1_0.captured_by,
        pod1_0.item_image_data,
        pod1_0.item_image_hash,
        pod1_0.method,
        pod1_0.notes,
        pod1_0.recipient_name,
        pod1_0.shipment_id,
        pod1_0.signature_data,
        pod1_0.signature_hash,
        pod1_0.verification_notes,
        pod1_0.verification_status,
        pod1_0.verified_at,
        pod1_0.verified_by 
    from
        proof_of_deliveries pod1_0 
    left join
        shipments s1_0 
            on s1_0.id=pod1_0.shipment_id 
    where
        s1_0.id=?
Hibernate: 
    select
        te1_0.id,
        te1_0.latitude,
        te1_0.longitude,
        te1_0.recorded_at,
        te1_0.shipment_id,
        te1_0.status 
    from
        tracking_events te1_0 
    left join
        shipments s1_0 
            on s1_0.id=te1_0.shipment_id 
    where
        s1_0.id=? 
    order by
        te1_0.recorded_at
Hibernate: 
    select
        pod1_0.id,
        pod1_0.captured_at,
        pod1_0.captured_by,
        pod1_0.item_image_data,
        pod1_0.item_image_hash,
        pod1_0.method,
        pod1_0.notes,
        pod1_0.recipient_name,
        pod1_0.shipment_id,
        pod1_0.signature_data,
        pod1_0.signature_hash,
        pod1_0.verification_notes,
        pod1_0.verification_status,
        pod1_0.verified_at,
        pod1_0.verified_by 
    from
        proof_of_deliveries pod1_0 
    left join
        shipments s1_0 
            on s1_0.id=pod1_0.shipment_id 
    where
        s1_0.id=?
Hibernate: 
    select
        te1_0.id,
        te1_0.latitude,
        te1_0.longitude,
        te1_0.recorded_at,
        te1_0.shipment_id,
        te1_0.status 
    from
        tracking_events te1_0 
    left join
        shipments s1_0 
            on s1_0.id=te1_0.shipment_id 
    where
        s1_0.id=? 
    order by
        te1_0.recorded_at
Hibernate: 
    select
        pod1_0.id,
        pod1_0.captured_at,
        pod1_0.captured_by,
        pod1_0.item_image_data,
        pod1_0.item_image_hash,
        pod1_0.method,
        pod1_0.notes,
        pod1_0.recipient_name,
        pod1_0.shipment_id,
        pod1_0.signature_data,
        pod1_0.signature_hash,
        pod1_0.verification_notes,
        pod1_0.verification_status,
        pod1_0.verified_at,
        pod1_0.verified_by 
    from
        proof_of_deliveries pod1_0 
    left join
        shipments s1_0 
            on s1_0.id=pod1_0.shipment_id 
    where
        s1_0.id=?
Hibernate: 
    select
        te1_0.id,
        te1_0.latitude,
        te1_0.longitude,
        te1_0.recorded_at,
        te1_0.shipment_id,
        te1_0.status 
    from
        tracking_events te1_0 
    left join
        shipments s1_0 
            on s1_0.id=te1_0.shipment_id 
    where
        s1_0.id=? 
    order by
        te1_0.recorded_at
Hibernate: 
    select
        pod1_0.id,
        pod1_0.captured_at,
        pod1_0.captured_by,
        pod1_0.item_image_data,
        pod1_0.item_image_hash,
        pod1_0.method,
        pod1_0.notes,
        pod1_0.recipient_name,
        pod1_0.shipment_id,
        pod1_0.signature_data,
        pod1_0.signature_hash,
        pod1_0.verification_notes,
        pod1_0.verification_status,
        pod1_0.verified_at,
        pod1_0.verified_by 
    from
        proof_of_deliveries pod1_0 
    left join
        shipments s1_0 
            on s1_0.id=pod1_0.shipment_id 
    where
        s1_0.id=?
Hibernate: 
    select
        s1_0.id,
        s1_0.actual_delivery_time,
        s1_0.created_at,
        s1_0.created_by,
        s1_0.delivery_address,
        s1_0.destination_latitude,
        s1_0.destination_longitude,
        s1_0.estimated_delivery_time,
        s1_0.estimated_duration,
        s1_0.origin_latitude,
        s1_0.origin_longitude,
        s1_0.receiver_name,
        s1_0.route_polyline,
        s1_0.sender_address,
        s1_0.sender_name,
        s1_0.status,
        s1_0.total_distance,
        s1_0.tracking_number 
    from
        shipments s1_0 
    where
        s1_0.status in (?, ?)
Hibernate: 
    select
        s1_0.id,
        s1_0.actual_delivery_time,
        s1_0.created_at,
        s1_0.created_by,
        s1_0.delivery_address,
        s1_0.destination_latitude,
        s1_0.destination_longitude,
        s1_0.estimated_delivery_time,
        s1_0.estimated_duration,
        s1_0.origin_latitude,
        s1_0.origin_longitude,
        s1_0.receiver_name,
        s1_0.route_polyline,
        s1_0.sender_address,
        s1_0.sender_name,
        s1_0.status,
        s1_0.total_distance,
        s1_0.tracking_number 
    from
        shipments s1_0 
    where
        s1_0.status in (?, ?)
Hibernate: 
    select
        s1_0.id,
        s1_0.actual_delivery_time,
        s1_0.created_at,
        s1_0.created_by,
        s1_0.delivery_address,
        s1_0.destination_latitude,
        s1_0.destination_longitude,
        s1_0.estimated_delivery_time,
        s1_0.estimated_duration,
        s1_0.origin_latitude,
        s1_0.origin_longitude,
        s1_0.receiver_name,
        s1_0.route_polyline,
        s1_0.sender_address,
        s1_0.sender_name,
        s1_0.status,
        s1_0.total_distance,
        s1_0.tracking_number 
    from
        shipments s1_0 
    where
        s1_0.id=?
Hibernate: 
    insert 
    into
        route_history_points
        (latitude, longitude, progress, recorded_at, shipment_id, speed) 
    values
        (?, ?, ?, ?, ?, ?)
Hibernate: 
    select
        te1_0.id,
        te1_0.latitude,
        te1_0.longitude,
        te1_0.recorded_at,
        te1_0.shipment_id,
        te1_0.status 
    from
        tracking_events te1_0 
    left join
        shipments s1_0 
            on s1_0.id=te1_0.shipment_id 
    where
        s1_0.id=? 
    order by
        te1_0.recorded_at
Hibernate: 
    select
        rhp1_0.id,
        rhp1_0.latitude,
        rhp1_0.longitude,
        rhp1_0.progress,
        rhp1_0.recorded_at,
        rhp1_0.shipment_id,
        rhp1_0.speed 
    from
        route_history_points rhp1_0 
    left join
        shipments s1_0 
            on s1_0.id=rhp1_0.shipment_id 
    where
        s1_0.id=? 
    order by
        rhp1_0.recorded_at desc 
    fetch
        first ? rows only
2026-08-12T17:44:19.934+05:30  INFO 25776 --- [shiptrack-backend] [essageBroker-13] c.shiptrack.service.LiveTrackingService  : Broadcast location update for shipment 24: 15.315433808071782,74.02955614030886
Hibernate: 
    select
        dp1_0.id,
        dp1_0.delay_minutes,
        dp1_0.delay_reason,
        dp1_0.detected_at,
        dp1_0.is_active,
        dp1_0.probability,
        dp1_0.shipment_id 
    from
        delay_predictions dp1_0 
    where
        dp1_0.shipment_id=? 
        and dp1_0.is_active 
    order by
        dp1_0.detected_at desc 
    fetch
        first ? rows only
Hibernate: 
    insert 
    into
        route_history_points
        (latitude, longitude, progress, recorded_at, shipment_id, speed) 
    values
        (?, ?, ?, ?, ?, ?)
Hibernate: 
    select
        dp1_0.id,
        dp1_0.delay_minutes,
        dp1_0.delay_reason,
        dp1_0.detected_at,
        dp1_0.is_active,
        dp1_0.probability,
        dp1_0.shipment_id 
    from
        delay_predictions dp1_0 
    where
        dp1_0.shipment_id=? 
        and dp1_0.is_active
Hibernate: 
    select
        dp1_0.id,
        dp1_0.delay_minutes,
        dp1_0.delay_reason,
        dp1_0.detected_at,
        dp1_0.is_active,
        dp1_0.probability,
        dp1_0.shipment_id 
    from
        delay_predictions dp1_0 
    where
        dp1_0.id=?
2026-08-12T17:44:19.945+05:30  INFO 25776 --- [shiptrack-backend] [essageBroker-13] c.shiptrack.service.LiveTrackingService  : Broadcast location update for shipment 52: 21.560074409451342,86.98396247439582
Hibernate: 
    update
        delay_predictions 
    set
        delay_minutes=?,
        delay_reason=?,
        detected_at=?,
        is_active=?,
        probability=?,
        shipment_id=? 
    where
        id=?
2026-08-12T17:44:19.950+05:30  INFO 25776 --- [shiptrack-backend] [MessageBroker-1] c.s.service.DelayPredictionService       : Superseded 1 stale delay prediction(s) for shipment 24
Hibernate: 
    insert 
    into
        delay_predictions
        (delay_minutes, delay_reason, detected_at, is_active, probability, shipment_id) 
    values
        (?, ?, ?, ?, ?, ?)
2026-08-12T17:44:19.954+05:30  WARN 25776 --- [shiptrack-backend] [MessageBroker-1] c.shiptrack.service.LiveTrackingService  : Delay alert for shipment 24: Shipment is behind schedule (22241 min, 0.95% probability)
2026-08-12T17:44:19.954+05:30  WARN 25776 --- [shiptrack-backend] [MessageBroker-1] c.s.service.DelayPredictionService       : Delay detected for shipment 24: Shipment is behind schedule (22241 min)
Hibernate: 
    select
        s1_0.id,
        s1_0.actual_delivery_time,
        s1_0.created_at,
        s1_0.created_by,
        s1_0.delivery_address,
        s1_0.destination_latitude,
        s1_0.destination_longitude,
        s1_0.estimated_delivery_time,
        s1_0.estimated_duration,
        s1_0.origin_latitude,
        s1_0.origin_longitude,
        s1_0.receiver_name,
        s1_0.route_polyline,
        s1_0.sender_address,
        s1_0.sender_name,
        s1_0.status,
        s1_0.total_distance,
        s1_0.tracking_number 
    from
        shipments s1_0 
    where
        s1_0.id=?
Hibernate: 
    select
        te1_0.id,
        te1_0.latitude,
        te1_0.longitude,
        te1_0.recorded_at,
        te1_0.shipment_id,
        te1_0.status 
    from
        tracking_events te1_0 
    left join
        shipments s1_0 
            on s1_0.id=te1_0.shipment_id 
    where
        s1_0.id=? 
    order by
        te1_0.recorded_at
Hibernate: 
    select
        rhp1_0.id,
        rhp1_0.latitude,
        rhp1_0.longitude,
        rhp1_0.progress,
        rhp1_0.recorded_at,
        rhp1_0.shipment_id,
        rhp1_0.speed 
    from
        route_history_points rhp1_0 
    left join
        shipments s1_0 
            on s1_0.id=rhp1_0.shipment_id 
    where
        s1_0.id=? 
    order by
        rhp1_0.recorded_at desc 
    fetch
        first ? rows only
Hibernate: 
    select
        dp1_0.id,
        dp1_0.delay_minutes,
        dp1_0.delay_reason,
        dp1_0.detected_at,
        dp1_0.is_active,
        dp1_0.probability,
        dp1_0.shipment_id 
    from
        delay_predictions dp1_0 
    where
        dp1_0.shipment_id=? 
        and dp1_0.is_active 
    order by
        dp1_0.detected_at desc 
    fetch
        first ? rows only
Hibernate: 
    select
        dp1_0.id,
        dp1_0.delay_minutes,
        dp1_0.delay_reason,
        dp1_0.detected_at,
        dp1_0.is_active,
        dp1_0.probability,
        dp1_0.shipment_id 
    from
        delay_predictions dp1_0 
    where
        dp1_0.shipment_id=? 
        and dp1_0.is_active
Hibernate: 
    select
        dp1_0.id,
        dp1_0.delay_minutes,
        dp1_0.delay_reason,
        dp1_0.detected_at,
        dp1_0.is_active,
        dp1_0.probability,
        dp1_0.shipment_id 
    from
        delay_predictions dp1_0 
    where
        dp1_0.id=?
Hibernate: 
    update
        delay_predictions 
    set
        delay_minutes=?,
        delay_reason=?,
        detected_at=?,
        is_active=?,
        probability=?,
        shipment_id=? 
    where
        id=?
2026-08-12T17:44:19.971+05:30  INFO 25776 --- [shiptrack-backend] [MessageBroker-1] c.s.service.DelayPredictionService       : Superseded 1 stale delay prediction(s) for shipment 22
Hibernate: 
    insert 
    into
        delay_predictions
        (delay_minutes, delay_reason, detected_at, is_active, probability, shipment_id) 
    values
        (?, ?, ?, ?, ?, ?)
2026-08-12T17:44:19.975+05:30  WARN 25776 --- [shiptrack-backend] [MessageBroker-1] c.shiptrack.service.LiveTrackingService  : Delay alert for shipment 22: No location update for 20122 minutes (120 min, 0.9% probability)
2026-08-12T17:44:19.975+05:30  WARN 25776 --- [shiptrack-backend] [MessageBroker-1] c.s.service.DelayPredictionService       : Delay detected for shipment 22: No location update for 20122 minutes (120 min)
Hibernate: 
    select
        s1_0.id,
        s1_0.actual_delivery_time,
        s1_0.created_at,
        s1_0.created_by,
        s1_0.delivery_address,
        s1_0.destination_latitude,
        s1_0.destination_longitude,
        s1_0.estimated_delivery_time,
        s1_0.estimated_duration,
        s1_0.origin_latitude,
        s1_0.origin_longitude,
        s1_0.receiver_name,
        s1_0.route_polyline,
        s1_0.sender_address,
        s1_0.sender_name,
        s1_0.status,
        s1_0.total_distance,
        s1_0.tracking_number 
    from
        shipments s1_0 
    where
        s1_0.id=?
Hibernate: 
    select
        te1_0.id,
        te1_0.latitude,
        te1_0.longitude,
        te1_0.recorded_at,
        te1_0.shipment_id,
        te1_0.status 
    from
        tracking_events te1_0 
    left join
        shipments s1_0 
            on s1_0.id=te1_0.shipment_id 
    where
        s1_0.id=? 
    order by
        te1_0.recorded_at
Hibernate: 
    select
        rhp1_0.id,
        rhp1_0.latitude,
        rhp1_0.longitude,
        rhp1_0.progress,
        rhp1_0.recorded_at,
        rhp1_0.shipment_id,
        rhp1_0.speed 
    from
        route_history_points rhp1_0 
    left join
        shipments s1_0 
            on s1_0.id=rhp1_0.shipment_id 
    where
        s1_0.id=? 
    order by
        rhp1_0.recorded_at desc 
    fetch
        first ? rows only
2026-08-12T17:44:34.580+05:30 ERROR 25776 --- [shiptrack-backend] [MessageBroker-9] com.shiptrack.service.GeocodingService   : Geoapify routing failed

org.springframework.web.client.ResourceAccessException: I/O error on GET request for "https://api.geoapify.com/v1/routing": Connection timed out: getsockopt
	at org.springframework.web.client.RestTemplate.createResourceAccessException(RestTemplate.java:926) ~[spring-web-6.2.8.jar:6.2.8]
	at org.springframework.web.client.RestTemplate.doExecute(RestTemplate.java:906) ~[spring-web-6.2.8.jar:6.2.8]
	at org.springframework.web.client.RestTemplate.execute(RestTemplate.java:801) ~[spring-web-6.2.8.jar:6.2.8]
	at org.springframework.web.client.RestTemplate.getForObject(RestTemplate.java:415) ~[spring-web-6.2.8.jar:6.2.8]
	at com.shiptrack.service.GeocodingService.routeWithGeoapify(GeocodingService.java:162) ~[classes/:na]
	at com.shiptrack.service.GeocodingService.calculateRoute(GeocodingService.java:143) ~[classes/:na]
	at com.shiptrack.service.GeocodingService.calculateDuration(GeocodingService.java:259) ~[classes/:na]
	at com.shiptrack.service.EtaService.calculateEta(EtaService.java:95) ~[classes/:na]
	at com.shiptrack.service.EtaService.recalculateActiveEtas(EtaService.java:131) ~[classes/:na]
	at java.base/jdk.internal.reflect.DirectMethodHandleAccessor.invoke(DirectMethodHandleAccessor.java:104) ~[na:na]
	at java.base/java.lang.reflect.Method.invoke(Method.java:565) ~[na:na]
	at org.springframework.aop.support.AopUtils.invokeJoinpointUsingReflection(AopUtils.java:359) ~[spring-aop-6.2.8.jar:6.2.8]
	at org.springframework.aop.framework.ReflectiveMethodInvocation.invokeJoinpoint(ReflectiveMethodInvocation.java:196) ~[spring-aop-6.2.8.jar:6.2.8]
	at org.springframework.aop.framework.ReflectiveMethodInvocation.proceed(ReflectiveMethodInvocation.java:163) ~[spring-aop-6.2.8.jar:6.2.8]
	at org.springframework.transaction.interceptor.TransactionAspectSupport.invokeWithinTransaction(TransactionAspectSupport.java:380) ~[spring-tx-6.2.8.jar:6.2.8]
	at org.springframework.transaction.interceptor.TransactionInterceptor.invoke(TransactionInterceptor.java:119) ~[spring-tx-6.2.8.jar:6.2.8]
	at org.springframework.aop.framework.ReflectiveMethodInvocation.proceed(ReflectiveMethodInvocation.java:184) ~[spring-aop-6.2.8.jar:6.2.8]
	at org.springframework.aop.framework.CglibAopProxy$DynamicAdvisedInterceptor.intercept(CglibAopProxy.java:728) ~[spring-aop-6.2.8.jar:6.2.8]
	at com.shiptrack.service.EtaService$$SpringCGLIB$$0.recalculateActiveEtas(<generated>) ~[classes/:na]
	at java.base/jdk.internal.reflect.DirectMethodHandleAccessor.invoke(DirectMethodHandleAccessor.java:104) ~[na:na]
	at java.base/java.lang.reflect.Method.invoke(Method.java:565) ~[na:na]
	at org.springframework.scheduling.support.ScheduledMethodRunnable.runInternal(ScheduledMethodRunnable.java:130) ~[spring-context-6.2.8.jar:6.2.8]
	at org.springframework.scheduling.support.ScheduledMethodRunnable.lambda$run$2(ScheduledMethodRunnable.java:124) ~[spring-context-6.2.8.jar:6.2.8]
	at io.micrometer.observation.Observation.observe(Observation.java:498) ~[micrometer-observation-1.15.1.jar:1.15.1]
	at org.springframework.scheduling.support.ScheduledMethodRunnable.run(ScheduledMethodRunnable.java:124) ~[spring-context-6.2.8.jar:6.2.8]
	at org.springframework.scheduling.config.Task$OutcomeTrackingRunnable.run(Task.java:85) ~[spring-context-6.2.8.jar:6.2.8]
	at org.springframework.scheduling.support.DelegatingErrorHandlingRunnable.run(DelegatingErrorHandlingRunnable.java:54) ~[spring-context-6.2.8.jar:6.2.8]
	at java.base/java.util.concurrent.Executors$RunnableAdapter.call(Executors.java:545) ~[na:na]
	at java.base/java.util.concurrent.FutureTask.runAndReset(FutureTask.java:371) ~[na:na]
	at java.base/java.util.concurrent.ScheduledThreadPoolExecutor$ScheduledFutureTask.run(ScheduledThreadPoolExecutor.java:310) ~[na:na]
	at java.base/java.util.concurrent.ThreadPoolExecutor.runWorker(ThreadPoolExecutor.java:1090) ~[na:na]
	at java.base/java.util.concurrent.ThreadPoolExecutor$Worker.run(ThreadPoolExecutor.java:614) ~[na:na]
	at java.base/java.lang.Thread.run(Thread.java:1516) ~[na:na]
Caused by: java.net.ConnectException: Connection timed out: getsockopt
	at java.base/sun.nio.ch.Net.pollConnect(Native Method) ~[na:na]
	at java.base/sun.nio.ch.Net.pollConnectNow(Net.java:642) ~[na:na]
	at java.base/sun.nio.ch.SocketChannelImpl.finishConnect(SocketChannelImpl.java:1043) ~[na:na]
	at java.net.http/jdk.internal.net.http.PlainHttpConnection$ConnectEvent.handle(PlainHttpConnection.java:134) ~[java.net.http:na]
	at java.net.http/jdk.internal.net.http.HttpClientImpl$SelectorManager.handleEvent(HttpClientImpl.java:1610) ~[java.net.http:na]
	at java.net.http/jdk.internal.net.http.HttpClientImpl$SelectorManager.lambda$run$3(HttpClientImpl.java:1555) ~[java.net.http:na]
	at java.base/java.util.ArrayList.forEach(ArrayList.java:1612) ~[na:na]
	at java.net.http/jdk.internal.net.http.HttpClientImpl$SelectorManager.run(HttpClientImpl.java:1555) ~[java.net.http:na]
	at java.base/java.lang.VirtualThread.run(VirtualThread.java:475) ~[na:na]

2026-08-12T17:44:34.580+05:30  WARN 25776 --- [shiptrack-backend] [MessageBroker-9] com.shiptrack.service.GeocodingService   : Geoapify routing failed, trying OSRM fallback...
2026-08-12T17:44:35.322+05:30  INFO 25776 --- [shiptrack-backend] [MessageBroker-9] com.shiptrack.service.GeocodingService   : OSRM route found: 1.0 km, 2 min
Hibernate: 
    update
        shipments s1_0 
    set
        estimated_duration=?,
        estimated_delivery_time=? 
    where
        s1_0.id=?
2026-08-12T17:44:35.327+05:30  INFO 25776 --- [shiptrack-backend] [MessageBroker-9] com.shiptrack.service.EtaService         : ETA calculated for shipment 53: 1 min, delivery at 2026-08-12T17:45:35.323980500
Hibernate: 
    select
        s1_0.id,
        s1_0.actual_delivery_time,
        s1_0.created_at,
        s1_0.created_by,
        s1_0.delivery_address,
        s1_0.destination_latitude,
        s1_0.destination_longitude,
        s1_0.estimated_delivery_time,
        s1_0.estimated_duration,
        s1_0.origin_latitude,
        s1_0.origin_longitude,
        s1_0.receiver_name,
        s1_0.route_polyline,
        s1_0.sender_address,
        s1_0.sender_name,
        s1_0.status,
        s1_0.total_distance,
        s1_0.tracking_number 
    from
        shipments s1_0 
    where
        s1_0.status in (?, ?)
Hibernate: 
    select
        te1_0.id,
        te1_0.latitude,
        te1_0.longitude,
        te1_0.recorded_at,
        te1_0.shipment_id,
        te1_0.status 
    from
        tracking_events te1_0 
    left join
        shipments s1_0 
            on s1_0.id=te1_0.shipment_id 
    where
        s1_0.id=? 
    order by
        te1_0.recorded_at
Hibernate: 
    select
        rhp1_0.id,
        rhp1_0.latitude,
        rhp1_0.longitude,
        rhp1_0.progress,
        rhp1_0.recorded_at,
        rhp1_0.shipment_id,
        rhp1_0.speed 
    from
        route_history_points rhp1_0 
    left join
        shipments s1_0 
            on s1_0.id=rhp1_0.shipment_id 
    where
        s1_0.id=? 
    order by
        rhp1_0.recorded_at desc 
    fetch
        first ? rows only
Hibernate: 
    select
        s1_0.id,
        s1_0.actual_delivery_time,
        s1_0.created_at,
        s1_0.created_by,
        s1_0.delivery_address,
        s1_0.destination_latitude,
        s1_0.destination_longitude,
        s1_0.estimated_delivery_time,
        s1_0.estimated_duration,
        s1_0.origin_latitude,
        s1_0.origin_longitude,
        s1_0.receiver_name,
        s1_0.route_polyline,
        s1_0.sender_address,
        s1_0.sender_name,
        s1_0.status,
        s1_0.total_distance,
        s1_0.tracking_number 
    from
        shipments s1_0 
    where
        s1_0.status in (?, ?)
Hibernate: 
    insert 
    into
        route_history_points
        (latitude, longitude, progress, recorded_at, shipment_id, speed) 
    values
        (?, ?, ?, ?, ?, ?)
2026-08-12T17:44:49.937+05:30  INFO 25776 --- [shiptrack-backend] [MessageBroker-7] c.shiptrack.service.LiveTrackingService  : Broadcast location update for shipment 24: 15.327665527104081,74.02180306403298
Hibernate: 
    insert 
    into
        route_history_points
        (latitude, longitude, progress, recorded_at, shipment_id, speed) 
    values
        (?, ?, ?, ?, ?, ?)
2026-08-12T17:44:49.947+05:30  INFO 25776 --- [shiptrack-backend] [MessageBroker-7] c.shiptrack.service.LiveTrackingService  : Broadcast location update for shipment 52: 21.536987675727314,86.8999311063743
2026-08-12T17:45:02.069+05:30 ERROR 25776 --- [shiptrack-backend] [MessageBroker-1] com.shiptrack.service.GeocodingService   : Geoapify routing failed

org.springframework.web.client.ResourceAccessException: I/O error on GET request for "https://api.geoapify.com/v1/routing": Connection timed out: getsockopt
	at org.springframework.web.client.RestTemplate.createResourceAccessException(RestTemplate.java:926) ~[spring-web-6.2.8.jar:6.2.8]
	at org.springframework.web.client.RestTemplate.doExecute(RestTemplate.java:906) ~[spring-web-6.2.8.jar:6.2.8]
	at org.springframework.web.client.RestTemplate.execute(RestTemplate.java:801) ~[spring-web-6.2.8.jar:6.2.8]
	at org.springframework.web.client.RestTemplate.getForObject(RestTemplate.java:415) ~[spring-web-6.2.8.jar:6.2.8]
	at com.shiptrack.service.GeocodingService.routeWithGeoapify(GeocodingService.java:162) ~[classes/:na]
	at com.shiptrack.service.GeocodingService.calculateRoute(GeocodingService.java:143) ~[classes/:na]
	at com.shiptrack.service.GeocodingService.calculateDuration(GeocodingService.java:259) ~[classes/:na]
	at com.shiptrack.service.DelayPredictionService.checkForDelays(DelayPredictionService.java:99) ~[classes/:na]
	at com.shiptrack.service.DelayPredictionService.checkAllActiveShipments(DelayPredictionService.java:162) ~[classes/:na]
	at java.base/jdk.internal.reflect.DirectMethodHandleAccessor.invoke(DirectMethodHandleAccessor.java:104) ~[na:na]
	at java.base/java.lang.reflect.Method.invoke(Method.java:565) ~[na:na]
	at org.springframework.aop.support.AopUtils.invokeJoinpointUsingReflection(AopUtils.java:359) ~[spring-aop-6.2.8.jar:6.2.8]
	at org.springframework.aop.framework.CglibAopProxy$DynamicAdvisedInterceptor.intercept(CglibAopProxy.java:724) ~[spring-aop-6.2.8.jar:6.2.8]
	at com.shiptrack.service.DelayPredictionService$$SpringCGLIB$$0.checkAllActiveShipments(<generated>) ~[classes/:na]
	at java.base/jdk.internal.reflect.DirectMethodHandleAccessor.invoke(DirectMethodHandleAccessor.java:104) ~[na:na]
	at java.base/java.lang.reflect.Method.invoke(Method.java:565) ~[na:na]
	at org.springframework.scheduling.support.ScheduledMethodRunnable.runInternal(ScheduledMethodRunnable.java:130) ~[spring-context-6.2.8.jar:6.2.8]
	at org.springframework.scheduling.support.ScheduledMethodRunnable.lambda$run$2(ScheduledMethodRunnable.java:124) ~[spring-context-6.2.8.jar:6.2.8]
	at io.micrometer.observation.Observation.observe(Observation.java:498) ~[micrometer-observation-1.15.1.jar:1.15.1]
	at org.springframework.scheduling.support.ScheduledMethodRunnable.run(ScheduledMethodRunnable.java:124) ~[spring-context-6.2.8.jar:6.2.8]
	at org.springframework.scheduling.config.Task$OutcomeTrackingRunnable.run(Task.java:85) ~[spring-context-6.2.8.jar:6.2.8]
	at org.springframework.scheduling.support.DelegatingErrorHandlingRunnable.run(DelegatingErrorHandlingRunnable.java:54) ~[spring-context-6.2.8.jar:6.2.8]
	at java.base/java.util.concurrent.Executors$RunnableAdapter.call(Executors.java:545) ~[na:na]
	at java.base/java.util.concurrent.FutureTask.runAndReset(FutureTask.java:371) ~[na:na]
	at java.base/java.util.concurrent.ScheduledThreadPoolExecutor$ScheduledFutureTask.run(ScheduledThreadPoolExecutor.java:310) ~[na:na]
	at java.base/java.util.concurrent.ThreadPoolExecutor.runWorker(ThreadPoolExecutor.java:1090) ~[na:na]
	at java.base/java.util.concurrent.ThreadPoolExecutor$Worker.run(ThreadPoolExecutor.java:614) ~[na:na]
	at java.base/java.lang.Thread.run(Thread.java:1516) ~[na:na]
Caused by: java.net.ConnectException: Connection timed out: getsockopt
	at java.base/sun.nio.ch.Net.pollConnect(Native Method) ~[na:na]
	at java.base/sun.nio.ch.Net.pollConnectNow(Net.java:642) ~[na:na]
	at java.base/sun.nio.ch.SocketChannelImpl.finishConnect(SocketChannelImpl.java:1043) ~[na:na]
	at java.net.http/jdk.internal.net.http.PlainHttpConnection$ConnectEvent.handle(PlainHttpConnection.java:134) ~[java.net.http:na]
	at java.net.http/jdk.internal.net.http.HttpClientImpl$SelectorManager.handleEvent(HttpClientImpl.java:1610) ~[java.net.http:na]
	at java.net.http/jdk.internal.net.http.HttpClientImpl$SelectorManager.lambda$run$3(HttpClientImpl.java:1555) ~[java.net.http:na]
	at java.base/java.util.ArrayList.forEach(ArrayList.java:1612) ~[na:na]
	at java.net.http/jdk.internal.net.http.HttpClientImpl$SelectorManager.run(HttpClientImpl.java:1555) ~[java.net.http:na]
	at java.base/java.lang.VirtualThread.run(VirtualThread.java:475) ~[na:na]

2026-08-12T17:45:02.070+05:30  WARN 25776 --- [shiptrack-backend] [MessageBroker-1] com.shiptrack.service.GeocodingService   : Geoapify routing failed, trying OSRM fallback...
2026-08-12T17:45:03.623+05:30  INFO 25776 --- [shiptrack-backend] [MessageBroker-1] com.shiptrack.service.GeocodingService   : OSRM route found: 615.1 km, 462 min
Hibernate: 
    select
        dp1_0.id,
        dp1_0.delay_minutes,
        dp1_0.delay_reason,
        dp1_0.detected_at,
        dp1_0.is_active,
        dp1_0.probability,
        dp1_0.shipment_id 
    from
        delay_predictions dp1_0 
    where
        dp1_0.shipment_id=? 
        and dp1_0.is_active 
    order by
        dp1_0.detected_at desc 
    fetch
        first ? rows only
Hibernate: 
    select
        s1_0.id,
        s1_0.actual_delivery_time,
        s1_0.created_at,
        s1_0.created_by,
        s1_0.delivery_address,
        s1_0.destination_latitude,
        s1_0.destination_longitude,
        s1_0.estimated_delivery_time,
        s1_0.estimated_duration,
        s1_0.origin_latitude,
        s1_0.origin_longitude,
        s1_0.receiver_name,
        s1_0.route_polyline,
        s1_0.sender_address,
        s1_0.sender_name,
        s1_0.status,
        s1_0.total_distance,
        s1_0.tracking_number 
    from
        shipments s1_0 
    where
        s1_0.id=?
Hibernate: 
    select
        te1_0.id,
        te1_0.latitude,
        te1_0.longitude,
        te1_0.recorded_at,
        te1_0.shipment_id,
        te1_0.status 
    from
        tracking_events te1_0 
    left join
        shipments s1_0 
            on s1_0.id=te1_0.shipment_id 
    where
        s1_0.id=? 
    order by
        te1_0.recorded_at
Hibernate: 
    select
        rhp1_0.id,
        rhp1_0.latitude,
        rhp1_0.longitude,
        rhp1_0.progress,
        rhp1_0.recorded_at,
        rhp1_0.shipment_id,
        rhp1_0.speed 
    from
        route_history_points rhp1_0 
    left join
        shipments s1_0 
            on s1_0.id=rhp1_0.shipment_id 
    where
        s1_0.id=? 
    order by
        rhp1_0.recorded_at desc 
    fetch
        first ? rows only
Hibernate: 
    select
        dp1_0.id,
        dp1_0.delay_minutes,
        dp1_0.delay_reason,
        dp1_0.detected_at,
        dp1_0.is_active,
        dp1_0.probability,
        dp1_0.shipment_id 
    from
        delay_predictions dp1_0 
    where
        dp1_0.shipment_id=? 
        and dp1_0.is_active 
    order by
        dp1_0.detected_at desc 
    fetch
        first ? rows only
Hibernate: 
    select
        dp1_0.id,
        dp1_0.delay_minutes,
        dp1_0.delay_reason,
        dp1_0.detected_at,
        dp1_0.is_active,
        dp1_0.probability,
        dp1_0.shipment_id 
    from
        delay_predictions dp1_0 
    where
        dp1_0.shipment_id=? 
        and dp1_0.is_active
Hibernate: 
    select
        dp1_0.id,
        dp1_0.delay_minutes,
        dp1_0.delay_reason,
        dp1_0.detected_at,
        dp1_0.is_active,
        dp1_0.probability,
        dp1_0.shipment_id 
    from
        delay_predictions dp1_0 
    where
        dp1_0.id=?
Hibernate: 
    update
        delay_predictions 
    set
        delay_minutes=?,
        delay_reason=?,
        detected_at=?,
        is_active=?,
        probability=?,
        shipment_id=? 
    where
        id=?
2026-08-12T17:45:03.648+05:30  INFO 25776 --- [shiptrack-backend] [MessageBroker-1] c.s.service.DelayPredictionService       : Superseded 1 stale delay prediction(s) for shipment 53
Hibernate: 
    insert 
    into
        delay_predictions
        (delay_minutes, delay_reason, detected_at, is_active, probability, shipment_id) 
    values
        (?, ?, ?, ?, ?, ?)
2026-08-12T17:45:03.651+05:30  WARN 25776 --- [shiptrack-backend] [MessageBroker-1] c.shiptrack.service.LiveTrackingService  : Delay alert for shipment 53: No location update for 84 minutes (84 min, 0.78% probability)
2026-08-12T17:45:03.651+05:30  WARN 25776 --- [shiptrack-backend] [MessageBroker-1] c.s.service.DelayPredictionService       : Delay detected for shipment 53: No location update for 84 minutes (84 min)
2026-08-12T17:45:17.479+05:30 ERROR 25776 --- [shiptrack-backend] [MessageBroker-9] com.shiptrack.service.GeocodingService   : Geoapify routing failed

org.springframework.web.client.ResourceAccessException: I/O error on GET request for "https://api.geoapify.com/v1/routing": Connection timed out: getsockopt
	at org.springframework.web.client.RestTemplate.createResourceAccessException(RestTemplate.java:926) ~[spring-web-6.2.8.jar:6.2.8]
	at org.springframework.web.client.RestTemplate.doExecute(RestTemplate.java:906) ~[spring-web-6.2.8.jar:6.2.8]
	at org.springframework.web.client.RestTemplate.execute(RestTemplate.java:801) ~[spring-web-6.2.8.jar:6.2.8]
	at org.springframework.web.client.RestTemplate.getForObject(RestTemplate.java:415) ~[spring-web-6.2.8.jar:6.2.8]
	at com.shiptrack.service.GeocodingService.routeWithGeoapify(GeocodingService.java:162) ~[classes/:na]
	at com.shiptrack.service.GeocodingService.calculateRoute(GeocodingService.java:143) ~[classes/:na]
	at com.shiptrack.service.GeocodingService.calculateDuration(GeocodingService.java:259) ~[classes/:na]
	at com.shiptrack.service.EtaService.calculateEta(EtaService.java:95) ~[classes/:na]
	at com.shiptrack.service.EtaService.recalculateActiveEtas(EtaService.java:131) ~[classes/:na]
	at java.base/jdk.internal.reflect.DirectMethodHandleAccessor.invoke(DirectMethodHandleAccessor.java:104) ~[na:na]
	at java.base/java.lang.reflect.Method.invoke(Method.java:565) ~[na:na]
	at org.springframework.aop.support.AopUtils.invokeJoinpointUsingReflection(AopUtils.java:359) ~[spring-aop-6.2.8.jar:6.2.8]
	at org.springframework.aop.framework.ReflectiveMethodInvocation.invokeJoinpoint(ReflectiveMethodInvocation.java:196) ~[spring-aop-6.2.8.jar:6.2.8]
	at org.springframework.aop.framework.ReflectiveMethodInvocation.proceed(ReflectiveMethodInvocation.java:163) ~[spring-aop-6.2.8.jar:6.2.8]
	at org.springframework.transaction.interceptor.TransactionAspectSupport.invokeWithinTransaction(TransactionAspectSupport.java:380) ~[spring-tx-6.2.8.jar:6.2.8]
	at org.springframework.transaction.interceptor.TransactionInterceptor.invoke(TransactionInterceptor.java:119) ~[spring-tx-6.2.8.jar:6.2.8]
	at org.springframework.aop.framework.ReflectiveMethodInvocation.proceed(ReflectiveMethodInvocation.java:184) ~[spring-aop-6.2.8.jar:6.2.8]
	at org.springframework.aop.framework.CglibAopProxy$DynamicAdvisedInterceptor.intercept(CglibAopProxy.java:728) ~[spring-aop-6.2.8.jar:6.2.8]
	at com.shiptrack.service.EtaService$$SpringCGLIB$$0.recalculateActiveEtas(<generated>) ~[classes/:na]
	at java.base/jdk.internal.reflect.DirectMethodHandleAccessor.invoke(DirectMethodHandleAccessor.java:104) ~[na:na]
	at java.base/java.lang.reflect.Method.invoke(Method.java:565) ~[na:na]
	at org.springframework.scheduling.support.ScheduledMethodRunnable.runInternal(ScheduledMethodRunnable.java:130) ~[spring-context-6.2.8.jar:6.2.8]
	at org.springframework.scheduling.support.ScheduledMethodRunnable.lambda$run$2(ScheduledMethodRunnable.java:124) ~[spring-context-6.2.8.jar:6.2.8]
	at io.micrometer.observation.Observation.observe(Observation.java:498) ~[micrometer-observation-1.15.1.jar:1.15.1]
	at org.springframework.scheduling.support.ScheduledMethodRunnable.run(ScheduledMethodRunnable.java:124) ~[spring-context-6.2.8.jar:6.2.8]
	at org.springframework.scheduling.config.Task$OutcomeTrackingRunnable.run(Task.java:85) ~[spring-context-6.2.8.jar:6.2.8]
	at org.springframework.scheduling.support.DelegatingErrorHandlingRunnable.run(DelegatingErrorHandlingRunnable.java:54) ~[spring-context-6.2.8.jar:6.2.8]
	at java.base/java.util.concurrent.Executors$RunnableAdapter.call(Executors.java:545) ~[na:na]
	at java.base/java.util.concurrent.FutureTask.runAndReset(FutureTask.java:371) ~[na:na]
	at java.base/java.util.concurrent.ScheduledThreadPoolExecutor$ScheduledFutureTask.run(ScheduledThreadPoolExecutor.java:310) ~[na:na]
	at java.base/java.util.concurrent.ThreadPoolExecutor.runWorker(ThreadPoolExecutor.java:1090) ~[na:na]
	at java.base/java.util.concurrent.ThreadPoolExecutor$Worker.run(ThreadPoolExecutor.java:614) ~[na:na]
	at java.base/java.lang.Thread.run(Thread.java:1516) ~[na:na]
Caused by: java.net.ConnectException: Connection timed out: getsockopt
	at java.base/sun.nio.ch.Net.pollConnect(Native Method) ~[na:na]
	at java.base/sun.nio.ch.Net.pollConnectNow(Net.java:642) ~[na:na]
	at java.base/sun.nio.ch.SocketChannelImpl.finishConnect(SocketChannelImpl.java:1043) ~[na:na]
	at java.net.http/jdk.internal.net.http.PlainHttpConnection$ConnectEvent.handle(PlainHttpConnection.java:134) ~[java.net.http:na]
	at java.net.http/jdk.internal.net.http.HttpClientImpl$SelectorManager.handleEvent(HttpClientImpl.java:1610) ~[java.net.http:na]
	at java.net.http/jdk.internal.net.http.HttpClientImpl$SelectorManager.lambda$run$3(HttpClientImpl.java:1555) ~[java.net.http:na]
	at java.base/java.util.ArrayList.forEach(ArrayList.java:1612) ~[na:na]
	at java.net.http/jdk.internal.net.http.HttpClientImpl$SelectorManager.run(HttpClientImpl.java:1555) ~[java.net.http:na]
	at java.base/java.lang.VirtualThread.run(VirtualThread.java:475) ~[na:na]

2026-08-12T17:45:17.480+05:30  WARN 25776 --- [shiptrack-backend] [MessageBroker-9] com.shiptrack.service.GeocodingService   : Geoapify routing failed, trying OSRM fallback...
2026-08-12T17:45:19.483+05:30  INFO 25776 --- [shiptrack-backend] [MessageBroker-9] com.shiptrack.service.GeocodingService   : OSRM route found: 576.8 km, 445 min
Hibernate: 
    update
        shipments s1_0 
    set
        estimated_duration=?,
        estimated_delivery_time=? 
    where
        s1_0.id=?
2026-08-12T17:45:19.486+05:30  INFO 25776 --- [shiptrack-backend] [MessageBroker-9] com.shiptrack.service.EtaService         : ETA calculated for shipment 24: 445 min, delivery at 2026-08-13T01:10:19.483678200
Hibernate: 
    select
        te1_0.id,
        te1_0.latitude,
        te1_0.longitude,
        te1_0.recorded_at,
        te1_0.shipment_id,
        te1_0.status 
    from
        tracking_events te1_0 
    left join
        shipments s1_0 
            on s1_0.id=te1_0.shipment_id 
    where
        s1_0.id=? 
    order by
        te1_0.recorded_at
Hibernate: 
    select
        rhp1_0.id,
        rhp1_0.latitude,
        rhp1_0.longitude,
        rhp1_0.progress,
        rhp1_0.recorded_at,
        rhp1_0.shipment_id,
        rhp1_0.speed 
    from
        route_history_points rhp1_0 
    left join
        shipments s1_0 
            on s1_0.id=rhp1_0.shipment_id 
    where
        s1_0.id=? 
    order by
        rhp1_0.recorded_at desc 
    fetch
        first ? rows only
Hibernate: 
    select
        s1_0.id,
        s1_0.actual_delivery_time,
        s1_0.created_at,
        s1_0.created_by,
        s1_0.delivery_address,
        s1_0.destination_latitude,
        s1_0.destination_longitude,
        s1_0.estimated_delivery_time,
        s1_0.estimated_duration,
        s1_0.origin_latitude,
        s1_0.origin_longitude,
        s1_0.receiver_name,
        s1_0.route_polyline,
        s1_0.sender_address,
        s1_0.sender_name,
        s1_0.status,
        s1_0.total_distance,
        s1_0.tracking_number 
    from
        shipments s1_0 
    where
        s1_0.status in (?, ?)
Hibernate: 
    select
        s1_0.id,
        s1_0.actual_delivery_time,
        s1_0.created_at,
        s1_0.created_by,
        s1_0.delivery_address,
        s1_0.destination_latitude,
        s1_0.destination_longitude,
        s1_0.estimated_delivery_time,
        s1_0.estimated_duration,
        s1_0.origin_latitude,
        s1_0.origin_longitude,
        s1_0.receiver_name,
        s1_0.route_polyline,
        s1_0.sender_address,
        s1_0.sender_name,
        s1_0.status,
        s1_0.total_distance,
        s1_0.tracking_number 
    from
        shipments s1_0 
    where
        s1_0.status in (?, ?)
Hibernate: 
    select
        s1_0.id,
        s1_0.actual_delivery_time,
        s1_0.created_at,
        s1_0.created_by,
        s1_0.delivery_address,
        s1_0.destination_latitude,
        s1_0.destination_longitude,
        s1_0.estimated_delivery_time,
        s1_0.estimated_duration,
        s1_0.origin_latitude,
        s1_0.origin_longitude,
        s1_0.receiver_name,
        s1_0.route_polyline,
        s1_0.sender_address,
        s1_0.sender_name,
        s1_0.status,
        s1_0.total_distance,
        s1_0.tracking_number 
    from
        shipments s1_0 
    where
        s1_0.id=?
Hibernate: 
    insert 
    into
        route_history_points
        (latitude, longitude, progress, recorded_at, shipment_id, speed) 
    values
        (?, ?, ?, ?, ?, ?)
Hibernate: 
    select
        te1_0.id,
        te1_0.latitude,
        te1_0.longitude,
        te1_0.recorded_at,
        te1_0.shipment_id,
        te1_0.status 
    from
        tracking_events te1_0 
    left join
        shipments s1_0 
            on s1_0.id=te1_0.shipment_id 
    where
        s1_0.id=? 
    order by
        te1_0.recorded_at
Hibernate: 
    select
        rhp1_0.id,
        rhp1_0.latitude,
        rhp1_0.longitude,
        rhp1_0.progress,
        rhp1_0.recorded_at,
        rhp1_0.shipment_id,
        rhp1_0.speed 
    from
        route_history_points rhp1_0 
    left join
        shipments s1_0 
            on s1_0.id=rhp1_0.shipment_id 
    where
        s1_0.id=? 
    order by
        rhp1_0.recorded_at desc 
    fetch
        first ? rows only
2026-08-12T17:45:19.930+05:30  INFO 25776 --- [shiptrack-backend] [essageBroker-16] c.shiptrack.service.LiveTrackingService  : Broadcast location update for shipment 24: 15.327665527104081,74.02180306403298
Hibernate: 
    insert 
    into
        route_history_points
        (latitude, longitude, progress, recorded_at, shipment_id, speed) 
    values
        (?, ?, ?, ?, ?, ?)
Hibernate: 
    select
        dp1_0.id,
        dp1_0.delay_minutes,
        dp1_0.delay_reason,
        dp1_0.detected_at,
        dp1_0.is_active,
        dp1_0.probability,
        dp1_0.shipment_id 
    from
        delay_predictions dp1_0 
    where
        dp1_0.shipment_id=? 
        and dp1_0.is_active 
    order by
        dp1_0.detected_at desc 
    fetch
        first ? rows only
Hibernate: 
    select
        dp1_0.id,
        dp1_0.delay_minutes,
        dp1_0.delay_reason,
        dp1_0.detected_at,
        dp1_0.is_active,
        dp1_0.probability,
        dp1_0.shipment_id 
    from
        delay_predictions dp1_0 
    where
        dp1_0.shipment_id=? 
        and dp1_0.is_active
2026-08-12T17:45:19.941+05:30  INFO 25776 --- [shiptrack-backend] [essageBroker-16] c.shiptrack.service.LiveTrackingService  : Broadcast location update for shipment 52: 21.5192443704687,86.89426205834884
Hibernate: 
    select
        dp1_0.id,
        dp1_0.delay_minutes,
        dp1_0.delay_reason,
        dp1_0.detected_at,
        dp1_0.is_active,
        dp1_0.probability,
        dp1_0.shipment_id 
    from
        delay_predictions dp1_0 
    where
        dp1_0.id=?
Hibernate: 
    update
        delay_predictions 
    set
        delay_minutes=?,
        delay_reason=?,
        detected_at=?,
        is_active=?,
        probability=?,
        shipment_id=? 
    where
        id=?
2026-08-12T17:45:19.947+05:30  INFO 25776 --- [shiptrack-backend] [MessageBroker-6] c.s.service.DelayPredictionService       : Superseded 1 stale delay prediction(s) for shipment 24
Hibernate: 
    insert 
    into
        delay_predictions
        (delay_minutes, delay_reason, detected_at, is_active, probability, shipment_id) 
    values
        (?, ?, ?, ?, ?, ?)
2026-08-12T17:45:19.955+05:30  WARN 25776 --- [shiptrack-backend] [MessageBroker-6] c.shiptrack.service.LiveTrackingService  : Delay alert for shipment 24: Shipment is behind schedule (22279 min, 0.95% probability)
2026-08-12T17:45:19.955+05:30  WARN 25776 --- [shiptrack-backend] [MessageBroker-6] c.s.service.DelayPredictionService       : Delay detected for shipment 24: Shipment is behind schedule (22279 min)
Hibernate: 
    select
        s1_0.id,
        s1_0.actual_delivery_time,
        s1_0.created_at,
        s1_0.created_by,
        s1_0.delivery_address,
        s1_0.destination_latitude,
        s1_0.destination_longitude,
        s1_0.estimated_delivery_time,
        s1_0.estimated_duration,
        s1_0.origin_latitude,
        s1_0.origin_longitude,
        s1_0.receiver_name,
        s1_0.route_polyline,
        s1_0.sender_address,
        s1_0.sender_name,
        s1_0.status,
        s1_0.total_distance,
        s1_0.tracking_number 
    from
        shipments s1_0 
    where
        s1_0.id=?
Hibernate: 
    select
        te1_0.id,
        te1_0.latitude,
        te1_0.longitude,
        te1_0.recorded_at,
        te1_0.shipment_id,
        te1_0.status 
    from
        tracking_events te1_0 
    left join
        shipments s1_0 
            on s1_0.id=te1_0.shipment_id 
    where
        s1_0.id=? 
    order by
        te1_0.recorded_at
Hibernate: 
    select
        rhp1_0.id,
        rhp1_0.latitude,
        rhp1_0.longitude,
        rhp1_0.progress,
        rhp1_0.recorded_at,
        rhp1_0.shipment_id,
        rhp1_0.speed 
    from
        route_history_points rhp1_0 
    left join
        shipments s1_0 
            on s1_0.id=rhp1_0.shipment_id 
    where
        s1_0.id=? 
    order by
        rhp1_0.recorded_at desc 
    fetch
        first ? rows only
Hibernate: 
    select
        dp1_0.id,
        dp1_0.delay_minutes,
        dp1_0.delay_reason,
        dp1_0.detected_at,
        dp1_0.is_active,
        dp1_0.probability,
        dp1_0.shipment_id 
    from
        delay_predictions dp1_0 
    where
        dp1_0.shipment_id=? 
        and dp1_0.is_active 
    order by
        dp1_0.detected_at desc 
    fetch
        first ? rows only
Hibernate: 
    select
        dp1_0.id,
        dp1_0.delay_minutes,
        dp1_0.delay_reason,
        dp1_0.detected_at,
        dp1_0.is_active,
        dp1_0.probability,
        dp1_0.shipment_id 
    from
        delay_predictions dp1_0 
    where
        dp1_0.shipment_id=? 
        and dp1_0.is_active
Hibernate: 
    select
        dp1_0.id,
        dp1_0.delay_minutes,
        dp1_0.delay_reason,
        dp1_0.detected_at,
        dp1_0.is_active,
        dp1_0.probability,
        dp1_0.shipment_id 
    from
        delay_predictions dp1_0 
    where
        dp1_0.id=?
Hibernate: 
    update
        delay_predictions 
    set
        delay_minutes=?,
        delay_reason=?,
        detected_at=?,
        is_active=?,
        probability=?,
        shipment_id=? 
    where
        id=?
2026-08-12T17:45:19.974+05:30  INFO 25776 --- [shiptrack-backend] [MessageBroker-6] c.s.service.DelayPredictionService       : Superseded 1 stale delay prediction(s) for shipment 22
Hibernate: 
    insert 
    into
        delay_predictions
        (delay_minutes, delay_reason, detected_at, is_active, probability, shipment_id) 
    values
        (?, ?, ?, ?, ?, ?)
2026-08-12T17:45:19.978+05:30  WARN 25776 --- [shiptrack-backend] [MessageBroker-6] c.shiptrack.service.LiveTrackingService  : Delay alert for shipment 22: No location update for 20123 minutes (120 min, 0.9% probability)
2026-08-12T17:45:19.978+05:30  WARN 25776 --- [shiptrack-backend] [MessageBroker-6] c.s.service.DelayPredictionService       : Delay detected for shipment 22: No location update for 20123 minutes (120 min)
Hibernate: 
    select
        s1_0.id,
        s1_0.actual_delivery_time,
        s1_0.created_at,
        s1_0.created_by,
        s1_0.delivery_address,
        s1_0.destination_latitude,
        s1_0.destination_longitude,
        s1_0.estimated_delivery_time,
        s1_0.estimated_duration,
        s1_0.origin_latitude,
        s1_0.origin_longitude,
        s1_0.receiver_name,
        s1_0.route_polyline,
        s1_0.sender_address,
        s1_0.sender_name,
        s1_0.status,
        s1_0.total_distance,
        s1_0.tracking_number 
    from
        shipments s1_0 
    where
        s1_0.id=?
Hibernate: 
    select
        te1_0.id,
        te1_0.latitude,
        te1_0.longitude,
        te1_0.recorded_at,
        te1_0.shipment_id,
        te1_0.status 
    from
        tracking_events te1_0 
    left join
        shipments s1_0 
            on s1_0.id=te1_0.shipment_id 
    where
        s1_0.id=? 
    order by
        te1_0.recorded_at
Hibernate: 
    select
        rhp1_0.id,
        rhp1_0.latitude,
        rhp1_0.longitude,
        rhp1_0.progress,
        rhp1_0.recorded_at,
        rhp1_0.shipment_id,
        rhp1_0.speed 
    from
        route_history_points rhp1_0 
    left join
        shipments s1_0 
            on s1_0.id=rhp1_0.shipment_id 
    where
        s1_0.id=? 
    order by
        rhp1_0.recorded_at desc 
    fetch
        first ? rows only
Hibernate: 
    select
        s1_0.id,
        s1_0.actual_delivery_time,
        s1_0.created_at,
        s1_0.created_by,
        s1_0.delivery_address,
        s1_0.destination_latitude,
        s1_0.destination_longitude,
        s1_0.estimated_delivery_time,
        s1_0.estimated_duration,
        s1_0.origin_latitude,
        s1_0.origin_longitude,
        s1_0.receiver_name,
        s1_0.route_polyline,
        s1_0.sender_address,
        s1_0.sender_name,
        s1_0.status,
        s1_0.total_distance,
        s1_0.tracking_number 
    from
        shipments s1_0 
    where
        s1_0.status in (?, ?)
Hibernate: 
    insert 
    into
        route_history_points
        (latitude, longitude, progress, recorded_at, shipment_id, speed) 
    values
        (?, ?, ?, ?, ?, ?)
2026-08-12T17:45:49.930+05:30  INFO 25776 --- [shiptrack-backend] [MessageBroker-5] c.shiptrack.service.LiveTrackingService  : Broadcast location update for shipment 24: 15.337143359771485,74.01634108420491
Hibernate: 
    insert 
    into
        route_history_points
        (latitude, longitude, progress, recorded_at, shipment_id, speed) 
    values
        (?, ?, ?, ?, ?, ?)
2026-08-12T17:45:49.939+05:30  INFO 25776 --- [shiptrack-backend] [MessageBroker-5] c.shiptrack.service.LiveTrackingService  : Broadcast location update for shipment 52: 21.5192443704687,86.89426205834884
2026-08-12T17:46:01.635+05:30 ERROR 25776 --- [shiptrack-backend] [MessageBroker-9] com.shiptrack.service.GeocodingService   : Geoapify routing failed

org.springframework.web.client.ResourceAccessException: I/O error on GET request for "https://api.geoapify.com/v1/routing": Connection timed out: getsockopt
	at org.springframework.web.client.RestTemplate.createResourceAccessException(RestTemplate.java:926) ~[spring-web-6.2.8.jar:6.2.8]
	at org.springframework.web.client.RestTemplate.doExecute(RestTemplate.java:906) ~[spring-web-6.2.8.jar:6.2.8]
	at org.springframework.web.client.RestTemplate.execute(RestTemplate.java:801) ~[spring-web-6.2.8.jar:6.2.8]
	at org.springframework.web.client.RestTemplate.getForObject(RestTemplate.java:415) ~[spring-web-6.2.8.jar:6.2.8]
	at com.shiptrack.service.GeocodingService.routeWithGeoapify(GeocodingService.java:162) ~[classes/:na]
	at com.shiptrack.service.GeocodingService.calculateRoute(GeocodingService.java:143) ~[classes/:na]
	at com.shiptrack.service.GeocodingService.calculateDuration(GeocodingService.java:259) ~[classes/:na]
	at com.shiptrack.service.EtaService.calculateEta(EtaService.java:95) ~[classes/:na]
	at com.shiptrack.service.EtaService.recalculateActiveEtas(EtaService.java:131) ~[classes/:na]
	at java.base/jdk.internal.reflect.DirectMethodHandleAccessor.invoke(DirectMethodHandleAccessor.java:104) ~[na:na]
	at java.base/java.lang.reflect.Method.invoke(Method.java:565) ~[na:na]
	at org.springframework.aop.support.AopUtils.invokeJoinpointUsingReflection(AopUtils.java:359) ~[spring-aop-6.2.8.jar:6.2.8]
	at org.springframework.aop.framework.ReflectiveMethodInvocation.invokeJoinpoint(ReflectiveMethodInvocation.java:196) ~[spring-aop-6.2.8.jar:6.2.8]
	at org.springframework.aop.framework.ReflectiveMethodInvocation.proceed(ReflectiveMethodInvocation.java:163) ~[spring-aop-6.2.8.jar:6.2.8]
	at org.springframework.transaction.interceptor.TransactionAspectSupport.invokeWithinTransaction(TransactionAspectSupport.java:380) ~[spring-tx-6.2.8.jar:6.2.8]
	at org.springframework.transaction.interceptor.TransactionInterceptor.invoke(TransactionInterceptor.java:119) ~[spring-tx-6.2.8.jar:6.2.8]
	at org.springframework.aop.framework.ReflectiveMethodInvocation.proceed(ReflectiveMethodInvocation.java:184) ~[spring-aop-6.2.8.jar:6.2.8]
	at org.springframework.aop.framework.CglibAopProxy$DynamicAdvisedInterceptor.intercept(CglibAopProxy.java:728) ~[spring-aop-6.2.8.jar:6.2.8]
	at com.shiptrack.service.EtaService$$SpringCGLIB$$0.recalculateActiveEtas(<generated>) ~[classes/:na]
	at java.base/jdk.internal.reflect.DirectMethodHandleAccessor.invoke(DirectMethodHandleAccessor.java:104) ~[na:na]
	at java.base/java.lang.reflect.Method.invoke(Method.java:565) ~[na:na]
	at org.springframework.scheduling.support.ScheduledMethodRunnable.runInternal(ScheduledMethodRunnable.java:130) ~[spring-context-6.2.8.jar:6.2.8]
	at org.springframework.scheduling.support.ScheduledMethodRunnable.lambda$run$2(ScheduledMethodRunnable.java:124) ~[spring-context-6.2.8.jar:6.2.8]
	at io.micrometer.observation.Observation.observe(Observation.java:498) ~[micrometer-observation-1.15.1.jar:1.15.1]
	at org.springframework.scheduling.support.ScheduledMethodRunnable.run(ScheduledMethodRunnable.java:124) ~[spring-context-6.2.8.jar:6.2.8]
	at org.springframework.scheduling.config.Task$OutcomeTrackingRunnable.run(Task.java:85) ~[spring-context-6.2.8.jar:6.2.8]
	at org.springframework.scheduling.support.DelegatingErrorHandlingRunnable.run(DelegatingErrorHandlingRunnable.java:54) ~[spring-context-6.2.8.jar:6.2.8]
	at java.base/java.util.concurrent.Executors$RunnableAdapter.call(Executors.java:545) ~[na:na]
	at java.base/java.util.concurrent.FutureTask.runAndReset(FutureTask.java:371) ~[na:na]
	at java.base/java.util.concurrent.ScheduledThreadPoolExecutor$ScheduledFutureTask.run(ScheduledThreadPoolExecutor.java:310) ~[na:na]
	at java.base/java.util.concurrent.ThreadPoolExecutor.runWorker(ThreadPoolExecutor.java:1090) ~[na:na]
	at java.base/java.util.concurrent.ThreadPoolExecutor$Worker.run(ThreadPoolExecutor.java:614) ~[na:na]
	at java.base/java.lang.Thread.run(Thread.java:1516) ~[na:na]
Caused by: java.net.ConnectException: Connection timed out: getsockopt
	at java.base/sun.nio.ch.Net.pollConnect(Native Method) ~[na:na]
	at java.base/sun.nio.ch.Net.pollConnectNow(Net.java:642) ~[na:na]
	at java.base/sun.nio.ch.SocketChannelImpl.finishConnect(SocketChannelImpl.java:1043) ~[na:na]
	at java.net.http/jdk.internal.net.http.PlainHttpConnection$ConnectEvent.handle(PlainHttpConnection.java:134) ~[java.net.http:na]
	at java.net.http/jdk.internal.net.http.HttpClientImpl$SelectorManager.handleEvent(HttpClientImpl.java:1610) ~[java.net.http:na]
	at java.net.http/jdk.internal.net.http.HttpClientImpl$SelectorManager.lambda$run$3(HttpClientImpl.java:1555) ~[java.net.http:na]
	at java.base/java.util.ArrayList.forEach(ArrayList.java:1612) ~[na:na]
	at java.net.http/jdk.internal.net.http.HttpClientImpl$SelectorManager.run(HttpClientImpl.java:1555) ~[java.net.http:na]
	at java.base/java.lang.VirtualThread.run(VirtualThread.java:475) ~[na:na]

2026-08-12T17:46:01.635+05:30  WARN 25776 --- [shiptrack-backend] [MessageBroker-9] com.shiptrack.service.GeocodingService   : Geoapify routing failed, trying OSRM fallback...
2026-08-12T17:46:02.042+05:30 ERROR 25776 --- [shiptrack-backend] [MessageBroker-6] com.shiptrack.service.GeocodingService   : Geoapify routing failed

org.springframework.web.client.ResourceAccessException: I/O error on GET request for "https://api.geoapify.com/v1/routing": Connection timed out: getsockopt
	at org.springframework.web.client.RestTemplate.createResourceAccessException(RestTemplate.java:926) ~[spring-web-6.2.8.jar:6.2.8]
	at org.springframework.web.client.RestTemplate.doExecute(RestTemplate.java:906) ~[spring-web-6.2.8.jar:6.2.8]
	at org.springframework.web.client.RestTemplate.execute(RestTemplate.java:801) ~[spring-web-6.2.8.jar:6.2.8]
	at org.springframework.web.client.RestTemplate.getForObject(RestTemplate.java:415) ~[spring-web-6.2.8.jar:6.2.8]
	at com.shiptrack.service.GeocodingService.routeWithGeoapify(GeocodingService.java:162) ~[classes/:na]
	at com.shiptrack.service.GeocodingService.calculateRoute(GeocodingService.java:143) ~[classes/:na]
	at com.shiptrack.service.GeocodingService.calculateDuration(GeocodingService.java:259) ~[classes/:na]
	at com.shiptrack.service.DelayPredictionService.checkForDelays(DelayPredictionService.java:99) ~[classes/:na]
	at com.shiptrack.service.DelayPredictionService.checkAllActiveShipments(DelayPredictionService.java:162) ~[classes/:na]
	at java.base/jdk.internal.reflect.DirectMethodHandleAccessor.invoke(DirectMethodHandleAccessor.java:104) ~[na:na]
	at java.base/java.lang.reflect.Method.invoke(Method.java:565) ~[na:na]
	at org.springframework.aop.support.AopUtils.invokeJoinpointUsingReflection(AopUtils.java:359) ~[spring-aop-6.2.8.jar:6.2.8]
	at org.springframework.aop.framework.CglibAopProxy$DynamicAdvisedInterceptor.intercept(CglibAopProxy.java:724) ~[spring-aop-6.2.8.jar:6.2.8]
	at com.shiptrack.service.DelayPredictionService$$SpringCGLIB$$0.checkAllActiveShipments(<generated>) ~[classes/:na]
	at java.base/jdk.internal.reflect.DirectMethodHandleAccessor.invoke(DirectMethodHandleAccessor.java:104) ~[na:na]
	at java.base/java.lang.reflect.Method.invoke(Method.java:565) ~[na:na]
	at org.springframework.scheduling.support.ScheduledMethodRunnable.runInternal(ScheduledMethodRunnable.java:130) ~[spring-context-6.2.8.jar:6.2.8]
	at org.springframework.scheduling.support.ScheduledMethodRunnable.lambda$run$2(ScheduledMethodRunnable.java:124) ~[spring-context-6.2.8.jar:6.2.8]
	at io.micrometer.observation.Observation.observe(Observation.java:498) ~[micrometer-observation-1.15.1.jar:1.15.1]
	at org.springframework.scheduling.support.ScheduledMethodRunnable.run(ScheduledMethodRunnable.java:124) ~[spring-context-6.2.8.jar:6.2.8]
	at org.springframework.scheduling.config.Task$OutcomeTrackingRunnable.run(Task.java:85) ~[spring-context-6.2.8.jar:6.2.8]
	at org.springframework.scheduling.support.DelegatingErrorHandlingRunnable.run(DelegatingErrorHandlingRunnable.java:54) ~[spring-context-6.2.8.jar:6.2.8]
	at java.base/java.util.concurrent.Executors$RunnableAdapter.call(Executors.java:545) ~[na:na]
	at java.base/java.util.concurrent.FutureTask.runAndReset(FutureTask.java:371) ~[na:na]
	at java.base/java.util.concurrent.ScheduledThreadPoolExecutor$ScheduledFutureTask.run(ScheduledThreadPoolExecutor.java:310) ~[na:na]
	at java.base/java.util.concurrent.ThreadPoolExecutor.runWorker(ThreadPoolExecutor.java:1090) ~[na:na]
	at java.base/java.util.concurrent.ThreadPoolExecutor$Worker.run(ThreadPoolExecutor.java:614) ~[na:na]
	at java.base/java.lang.Thread.run(Thread.java:1516) ~[na:na]
Caused by: java.net.ConnectException: Connection timed out: getsockopt
	at java.base/sun.nio.ch.Net.pollConnect(Native Method) ~[na:na]
	at java.base/sun.nio.ch.Net.pollConnectNow(Net.java:642) ~[na:na]
	at java.base/sun.nio.ch.SocketChannelImpl.finishConnect(SocketChannelImpl.java:1043) ~[na:na]
	at java.net.http/jdk.internal.net.http.PlainHttpConnection$ConnectEvent.handle(PlainHttpConnection.java:134) ~[java.net.http:na]
	at java.net.http/jdk.internal.net.http.HttpClientImpl$SelectorManager.handleEvent(HttpClientImpl.java:1610) ~[java.net.http:na]
	at java.net.http/jdk.internal.net.http.HttpClientImpl$SelectorManager.lambda$run$3(HttpClientImpl.java:1555) ~[java.net.http:na]
	at java.base/java.util.ArrayList.forEach(ArrayList.java:1612) ~[na:na]
	at java.net.http/jdk.internal.net.http.HttpClientImpl$SelectorManager.run(HttpClientImpl.java:1555) ~[java.net.http:na]
	at java.base/java.lang.VirtualThread.run(VirtualThread.java:475) ~[na:na]

2026-08-12T17:46:02.043+05:30  WARN 25776 --- [shiptrack-backend] [MessageBroker-6] com.shiptrack.service.GeocodingService   : Geoapify routing failed, trying OSRM fallback...
2026-08-12T17:46:02.928+05:30  INFO 25776 --- [shiptrack-backend] [MessageBroker-9] com.shiptrack.service.GeocodingService   : OSRM route found: 542.2 km, 420 min
Hibernate: 
    update
        shipments s1_0 
    set
        estimated_duration=?,
        estimated_delivery_time=? 
    where
        s1_0.id=?
2026-08-12T17:46:02.935+05:30  INFO 25776 --- [shiptrack-backend] [MessageBroker-9] com.shiptrack.service.EtaService         : ETA calculated for shipment 22: 419 min, delivery at 2026-08-13T00:45:02.928868
Hibernate: 
    select
        te1_0.id,
        te1_0.latitude,
        te1_0.longitude,
        te1_0.recorded_at,
        te1_0.shipment_id,
        te1_0.status 
    from
        tracking_events te1_0 
    left join
        shipments s1_0 
            on s1_0.id=te1_0.shipment_id 
    where
        s1_0.id=? 
    order by
        te1_0.recorded_at
Hibernate: 
    select
        rhp1_0.id,
        rhp1_0.latitude,
        rhp1_0.longitude,
        rhp1_0.progress,
        rhp1_0.recorded_at,
        rhp1_0.shipment_id,
        rhp1_0.speed 
    from
        route_history_points rhp1_0 
    left join
        shipments s1_0 
            on s1_0.id=rhp1_0.shipment_id 
    where
        s1_0.id=? 
    order by
        rhp1_0.recorded_at desc 
    fetch
        first ? rows only
2026-08-12T17:46:03.291+05:30  INFO 25776 --- [shiptrack-backend] [MessageBroker-6] com.shiptrack.service.GeocodingService   : OSRM route found: 615.1 km, 462 min
Hibernate: 
    select
        dp1_0.id,
        dp1_0.delay_minutes,
        dp1_0.delay_reason,
        dp1_0.detected_at,
        dp1_0.is_active,
        dp1_0.probability,
        dp1_0.shipment_id 
    from
        delay_predictions dp1_0 
    where
        dp1_0.shipment_id=? 
        and dp1_0.is_active 
    order by
        dp1_0.detected_at desc 
    fetch
        first ? rows only
Hibernate: 
    select
        dp1_0.id,
        dp1_0.delay_minutes,
        dp1_0.delay_reason,
        dp1_0.detected_at,
        dp1_0.is_active,
        dp1_0.probability,
        dp1_0.shipment_id 
    from
        delay_predictions dp1_0 
    where
        dp1_0.shipment_id=? 
        and dp1_0.is_active
Hibernate: 
    select
        dp1_0.id,
        dp1_0.delay_minutes,
        dp1_0.delay_reason,
        dp1_0.detected_at,
        dp1_0.is_active,
        dp1_0.probability,
        dp1_0.shipment_id 
    from
        delay_predictions dp1_0 
    where
        dp1_0.id=?
Hibernate: 
    update
        delay_predictions 
    set
        delay_minutes=?,
        delay_reason=?,
        detected_at=?,
        is_active=?,
        probability=?,
        shipment_id=? 
    where
        id=?
2026-08-12T17:46:03.303+05:30  INFO 25776 --- [shiptrack-backend] [MessageBroker-6] c.s.service.DelayPredictionService       : Superseded 1 stale delay prediction(s) for shipment 52
Hibernate: 
    insert 
    into
        delay_predictions
        (delay_minutes, delay_reason, detected_at, is_active, probability, shipment_id) 
    values
        (?, ?, ?, ?, ?, ?)
2026-08-12T17:46:03.304+05:30  WARN 25776 --- [shiptrack-backend] [MessageBroker-6] c.shiptrack.service.LiveTrackingService  : Delay alert for shipment 52: Heavy traffic detected on route (169 min, 0.85% probability)
2026-08-12T17:46:03.304+05:30  WARN 25776 --- [shiptrack-backend] [MessageBroker-6] c.s.service.DelayPredictionService       : Delay detected for shipment 52: Heavy traffic detected on route (169 min)
Hibernate: 
    select
        s1_0.id,
        s1_0.actual_delivery_time,
        s1_0.created_at,
        s1_0.created_by,
        s1_0.delivery_address,
        s1_0.destination_latitude,
        s1_0.destination_longitude,
        s1_0.estimated_delivery_time,
        s1_0.estimated_duration,
        s1_0.origin_latitude,
        s1_0.origin_longitude,
        s1_0.receiver_name,
        s1_0.route_polyline,
        s1_0.sender_address,
        s1_0.sender_name,
        s1_0.status,
        s1_0.total_distance,
        s1_0.tracking_number 
    from
        shipments s1_0 
    where
        s1_0.id=?
Hibernate: 
    select
        te1_0.id,
        te1_0.latitude,
        te1_0.longitude,
        te1_0.recorded_at,
        te1_0.shipment_id,
        te1_0.status 
    from
        tracking_events te1_0 
    left join
        shipments s1_0 
            on s1_0.id=te1_0.shipment_id 
    where
        s1_0.id=? 
    order by
        te1_0.recorded_at
Hibernate: 
    select
        rhp1_0.id,
        rhp1_0.latitude,
        rhp1_0.longitude,
        rhp1_0.progress,
        rhp1_0.recorded_at,
        rhp1_0.shipment_id,
        rhp1_0.speed 
    from
        route_history_points rhp1_0 
    left join
        shipments s1_0 
            on s1_0.id=rhp1_0.shipment_id 
    where
        s1_0.id=? 
    order by
        rhp1_0.recorded_at desc 
    fetch
        first ? rows only
Hibernate: 
    select
        dp1_0.id,
        dp1_0.delay_minutes,
        dp1_0.delay_reason,
        dp1_0.detected_at,
        dp1_0.is_active,
        dp1_0.probability,
        dp1_0.shipment_id 
    from
        delay_predictions dp1_0 
    where
        dp1_0.shipment_id=? 
        and dp1_0.is_active 
    order by
        dp1_0.detected_at desc 
    fetch
        first ? rows only
Hibernate: 
    select
        dp1_0.id,
        dp1_0.delay_minutes,
        dp1_0.delay_reason,
        dp1_0.detected_at,
        dp1_0.is_active,
        dp1_0.probability,
        dp1_0.shipment_id 
    from
        delay_predictions dp1_0 
    where
        dp1_0.shipment_id=? 
        and dp1_0.is_active
Hibernate: 
    select
        dp1_0.id,
        dp1_0.delay_minutes,
        dp1_0.delay_reason,
        dp1_0.detected_at,
        dp1_0.is_active,
        dp1_0.probability,
        dp1_0.shipment_id 
    from
        delay_predictions dp1_0 
    where
        dp1_0.id=?
Hibernate: 
    update
        delay_predictions 
    set
        delay_minutes=?,
        delay_reason=?,
        detected_at=?,
        is_active=?,
        probability=?,
        shipment_id=? 
    where
        id=?
2026-08-12T17:46:03.316+05:30  INFO 25776 --- [shiptrack-backend] [MessageBroker-6] c.s.service.DelayPredictionService       : Superseded 1 stale delay prediction(s) for shipment 53
Hibernate: 
    insert 
    into
        delay_predictions
        (delay_minutes, delay_reason, detected_at, is_active, probability, shipment_id) 
    values
        (?, ?, ?, ?, ?, ?)
2026-08-12T17:46:03.316+05:30  WARN 25776 --- [shiptrack-backend] [MessageBroker-6] c.shiptrack.service.LiveTrackingService  : Delay alert for shipment 53: No location update for 85 minutes (85 min, 0.7833333333333334% probability)
2026-08-12T17:46:03.316+05:30  WARN 25776 --- [shiptrack-backend] [MessageBroker-6] c.s.service.DelayPredictionService       : Delay detected for shipment 53: No location update for 85 minutes (85 min)
Hibernate: 
    select
        s1_0.id,
        s1_0.actual_delivery_time,
        s1_0.created_at,
        s1_0.created_by,
        s1_0.delivery_address,
        s1_0.destination_latitude,
        s1_0.destination_longitude,
        s1_0.estimated_delivery_time,
        s1_0.estimated_duration,
        s1_0.origin_latitude,
        s1_0.origin_longitude,
        s1_0.receiver_name,
        s1_0.route_polyline,
        s1_0.sender_address,
        s1_0.sender_name,
        s1_0.status,
        s1_0.total_distance,
        s1_0.tracking_number 
    from
        shipments s1_0 
    where
        s1_0.status in (?, ?)
Hibernate: 
    select
        s1_0.id,
        s1_0.actual_delivery_time,
        s1_0.created_at,
        s1_0.created_by,
        s1_0.delivery_address,
        s1_0.destination_latitude,
        s1_0.destination_longitude,
        s1_0.estimated_delivery_time,
        s1_0.estimated_duration,
        s1_0.origin_latitude,
        s1_0.origin_longitude,
        s1_0.receiver_name,
        s1_0.route_polyline,
        s1_0.sender_address,
        s1_0.sender_name,
        s1_0.status,
        s1_0.total_distance,
        s1_0.tracking_number 
    from
        shipments s1_0 
    where
        s1_0.status in (?, ?)
Hibernate: 
    select
        s1_0.id,
        s1_0.actual_delivery_time,
        s1_0.created_at,
        s1_0.created_by,
        s1_0.delivery_address,
        s1_0.destination_latitude,
        s1_0.destination_longitude,
        s1_0.estimated_delivery_time,
        s1_0.estimated_duration,
        s1_0.origin_latitude,
        s1_0.origin_longitude,
        s1_0.receiver_name,
        s1_0.route_polyline,
        s1_0.sender_address,
        s1_0.sender_name,
        s1_0.status,
        s1_0.total_distance,
        s1_0.tracking_number 
    from
        shipments s1_0 
    where
        s1_0.id=?
Hibernate: 
    select
        te1_0.id,
        te1_0.latitude,
        te1_0.longitude,
        te1_0.recorded_at,
        te1_0.shipment_id,
        te1_0.status 
    from
        tracking_events te1_0 
    left join
        shipments s1_0 
            on s1_0.id=te1_0.shipment_id 
    where
        s1_0.id=? 
    order by
        te1_0.recorded_at
Hibernate: 
    select
        rhp1_0.id,
        rhp1_0.latitude,
        rhp1_0.longitude,
        rhp1_0.progress,
        rhp1_0.recorded_at,
        rhp1_0.shipment_id,
        rhp1_0.speed 
    from
        route_history_points rhp1_0 
    left join
        shipments s1_0 
            on s1_0.id=rhp1_0.shipment_id 
    where
        s1_0.id=? 
    order by
        rhp1_0.recorded_at desc 
    fetch
        first ? rows only
Hibernate: 
    insert 
    into
        route_history_points
        (latitude, longitude, progress, recorded_at, shipment_id, speed) 
    values
        (?, ?, ?, ?, ?, ?)
Hibernate: 
    select
        dp1_0.id,
        dp1_0.delay_minutes,
        dp1_0.delay_reason,
        dp1_0.detected_at,
        dp1_0.is_active,
        dp1_0.probability,
        dp1_0.shipment_id 
    from
        delay_predictions dp1_0 
    where
        dp1_0.shipment_id=? 
        and dp1_0.is_active 
    order by
        dp1_0.detected_at desc 
    fetch
        first ? rows only
Hibernate: 
    select
        dp1_0.id,
        dp1_0.delay_minutes,
        dp1_0.delay_reason,
        dp1_0.detected_at,
        dp1_0.is_active,
        dp1_0.probability,
        dp1_0.shipment_id 
    from
        delay_predictions dp1_0 
    where
        dp1_0.shipment_id=? 
        and dp1_0.is_active
2026-08-12T17:46:19.924+05:30  INFO 25776 --- [shiptrack-backend] [essageBroker-13] c.shiptrack.service.LiveTrackingService  : Broadcast location update for shipment 24: 15.337143359771485,74.01634108420491
Hibernate: 
    select
        dp1_0.id,
        dp1_0.delay_minutes,
        dp1_0.delay_reason,
        dp1_0.detected_at,
        dp1_0.is_active,
        dp1_0.probability,
        dp1_0.shipment_id 
    from
        delay_predictions dp1_0 
    where
        dp1_0.id=?
Hibernate: 
    update
        delay_predictions 
    set
        delay_minutes=?,
        delay_reason=?,
        detected_at=?,
        is_active=?,
        probability=?,
        shipment_id=? 
    where
        id=?
Hibernate: 
    insert 
    into
        route_history_points
        (latitude, longitude, progress, recorded_at, shipment_id, speed) 
    values
        (?, ?, ?, ?, ?, ?)
2026-08-12T17:46:19.928+05:30  INFO 25776 --- [shiptrack-backend] [essageBroker-12] c.s.service.DelayPredictionService       : Superseded 1 stale delay prediction(s) for shipment 24
Hibernate: 
    insert 
    into
        delay_predictions
        (delay_minutes, delay_reason, detected_at, is_active, probability, shipment_id) 
    values
        (?, ?, ?, ?, ?, ?)
2026-08-12T17:46:19.931+05:30  WARN 25776 --- [shiptrack-backend] [essageBroker-12] c.shiptrack.service.LiveTrackingService  : Delay alert for shipment 24: Shipment is behind schedule (22280 min, 0.95% probability)
2026-08-12T17:46:19.932+05:30  WARN 25776 --- [shiptrack-backend] [essageBroker-12] c.s.service.DelayPredictionService       : Delay detected for shipment 24: Shipment is behind schedule (22280 min)
Hibernate: 
    select
        s1_0.id,
        s1_0.actual_delivery_time,
        s1_0.created_at,
        s1_0.created_by,
        s1_0.delivery_address,
        s1_0.destination_latitude,
        s1_0.destination_longitude,
        s1_0.estimated_delivery_time,
        s1_0.estimated_duration,
        s1_0.origin_latitude,
        s1_0.origin_longitude,
        s1_0.receiver_name,
        s1_0.route_polyline,
        s1_0.sender_address,
        s1_0.sender_name,
        s1_0.status,
        s1_0.total_distance,
        s1_0.tracking_number 
    from
        shipments s1_0 
    where
        s1_0.id=?
2026-08-12T17:46:19.933+05:30  INFO 25776 --- [shiptrack-backend] [essageBroker-13] c.shiptrack.service.LiveTrackingService  : Broadcast location update for shipment 52: 21.500597576996995,86.89055664604425
Hibernate: 
    select
        te1_0.id,
        te1_0.latitude,
        te1_0.longitude,
        te1_0.recorded_at,
        te1_0.shipment_id,
        te1_0.status 
    from
        tracking_events te1_0 
    left join
        shipments s1_0 
            on s1_0.id=te1_0.shipment_id 
    where
        s1_0.id=? 
    order by
        te1_0.recorded_at
Hibernate: 
    select
        rhp1_0.id,
        rhp1_0.latitude,
        rhp1_0.longitude,
        rhp1_0.progress,
        rhp1_0.recorded_at,
        rhp1_0.shipment_id,
        rhp1_0.speed 
    from
        route_history_points rhp1_0 
    left join
        shipments s1_0 
            on s1_0.id=rhp1_0.shipment_id 
    where
        s1_0.id=? 
    order by
        rhp1_0.recorded_at desc 
    fetch
        first ? rows only
Hibernate: 
    select
        dp1_0.id,
        dp1_0.delay_minutes,
        dp1_0.delay_reason,
        dp1_0.detected_at,
        dp1_0.is_active,
        dp1_0.probability,
        dp1_0.shipment_id 
    from
        delay_predictions dp1_0 
    where
        dp1_0.shipment_id=? 
        and dp1_0.is_active 
    order by
        dp1_0.detected_at desc 
    fetch
        first ? rows only
Hibernate: 
    select
        dp1_0.id,
        dp1_0.delay_minutes,
        dp1_0.delay_reason,
        dp1_0.detected_at,
        dp1_0.is_active,
        dp1_0.probability,
        dp1_0.shipment_id 
    from
        delay_predictions dp1_0 
    where
        dp1_0.shipment_id=? 
        and dp1_0.is_active
Hibernate: 
    select
        dp1_0.id,
        dp1_0.delay_minutes,
        dp1_0.delay_reason,
        dp1_0.detected_at,
        dp1_0.is_active,
        dp1_0.probability,
        dp1_0.shipment_id 
    from
        delay_predictions dp1_0 
    where
        dp1_0.id=?
Hibernate: 
    update
        delay_predictions 
    set
        delay_minutes=?,
        delay_reason=?,
        detected_at=?,
        is_active=?,
        probability=?,
        shipment_id=? 
    where
        id=?
2026-08-12T17:46:19.950+05:30  INFO 25776 --- [shiptrack-backend] [essageBroker-12] c.s.service.DelayPredictionService       : Superseded 1 stale delay prediction(s) for shipment 22
Hibernate: 
    insert 
    into
        delay_predictions
        (delay_minutes, delay_reason, detected_at, is_active, probability, shipment_id) 
    values
        (?, ?, ?, ?, ?, ?)
2026-08-12T17:46:19.952+05:30  WARN 25776 --- [shiptrack-backend] [essageBroker-12] c.shiptrack.service.LiveTrackingService  : Delay alert for shipment 22: No location update for 20124 minutes (120 min, 0.9% probability)
2026-08-12T17:46:19.952+05:30  WARN 25776 --- [shiptrack-backend] [essageBroker-12] c.s.service.DelayPredictionService       : Delay detected for shipment 22: No location update for 20124 minutes (120 min)
Hibernate: 
    select
        s1_0.id,
        s1_0.actual_delivery_time,
        s1_0.created_at,
        s1_0.created_by,
        s1_0.delivery_address,
        s1_0.destination_latitude,
        s1_0.destination_longitude,
        s1_0.estimated_delivery_time,
        s1_0.estimated_duration,
        s1_0.origin_latitude,
        s1_0.origin_longitude,
        s1_0.receiver_name,
        s1_0.route_polyline,
        s1_0.sender_address,
        s1_0.sender_name,
        s1_0.status,
        s1_0.total_distance,
        s1_0.tracking_number 
    from
        shipments s1_0 
    where
        s1_0.id=?
Hibernate: 
    select
        te1_0.id,
        te1_0.latitude,
        te1_0.longitude,
        te1_0.recorded_at,
        te1_0.shipment_id,
        te1_0.status 
    from
        tracking_events te1_0 
    left join
        shipments s1_0 
            on s1_0.id=te1_0.shipment_id 
    where
        s1_0.id=? 
    order by
        te1_0.recorded_at
Hibernate: 
    select
        rhp1_0.id,
        rhp1_0.latitude,
        rhp1_0.longitude,
        rhp1_0.progress,
        rhp1_0.recorded_at,
        rhp1_0.shipment_id,
        rhp1_0.speed 
    from
        route_history_points rhp1_0 
    left join
        shipments s1_0 
            on s1_0.id=rhp1_0.shipment_id 
    where
        s1_0.id=? 
    order by
        rhp1_0.recorded_at desc 
    fetch
        first ? rows only
