[INFO] Scanning for projects...
[INFO] 
[INFO] ------------------< com.shiptrack:shiptrack-backend >-------------------
[INFO] Building shiptrack-backend 0.0.1-SNAPSHOT
[INFO]   from pom.xml
[INFO] --------------------------------[ jar ]---------------------------------
[INFO] 
[INFO] >>> spring-boot:3.5.3:run (default-cli) > test-compile @ shiptrack-backend >>>
[INFO] 
[INFO] --- resources:3.3.1:resources (default-resources) @ shiptrack-backend ---
[INFO] Copying 1 resource from src\main\resources to target\classes
[INFO] Copying 0 resource from src\main\resources to target\classes
[INFO] 
[INFO] --- compiler:3.14.0:compile (default-compile) @ shiptrack-backend ---
[INFO] Nothing to compile - all classes are up to date.
[INFO] 
[INFO] --- resources:3.3.1:testResources (default-testResources) @ shiptrack-backend ---
[INFO] skip non existing resourceDirectory E:\Raju-Working\ShipTrack-Pro\backend\src\test\resources
[INFO] 
[INFO] --- compiler:3.14.0:testCompile (default-testCompile) @ shiptrack-backend ---
[INFO] Recompiling the module because of changed source code.
[INFO] Compiling 1 source file with javac [debug parameters release 21] to target\test-classes
WARNING: A terminally deprecated method in sun.misc.Unsafe has been called
WARNING: sun.misc.Unsafe::objectFieldOffset has been called by lombok.permit.Permit
WARNING: Please consider reporting this to the maintainers of class lombok.permit.Permit
WARNING: sun.misc.Unsafe::objectFieldOffset will be removed in a future release
[INFO] 
[INFO] <<< spring-boot:3.5.3:run (default-cli) < test-compile @ shiptrack-backend <<<
[INFO] 
[INFO] 
[INFO] --- spring-boot:3.5.3:run (default-cli) @ shiptrack-backend ---
[INFO] Attaching agents: []

  .   ____          _            __ _ _
 /\\ / ___'_ __ _ _(_)_ __  __ _ \ \ \ \
( ( )\___ | '_ | '_| | '_ \/ _` | \ \ \ \
 \\/  ___)| |_)| | | | | || (_| |  ) ) ) )
  '  |____| .__|_| |_|_| |_\__, | / / / /
 =========|_|==============|___/=/_/_/_/

 :: Spring Boot ::                (v3.5.3)

2026-08-12T09:28:14.161+05:30  INFO 21780 --- [shiptrack-backend] [  restartedMain] c.shiptrack.ShiptrackBackendApplication  : Starting ShiptrackBackendApplication using Java 26 with PID 21780 (E:\Raju-Working\ShipTrack-Pro\backend\target\classes started by rajus in E:\Raju-Working\ShipTrack-Pro\backend)
2026-08-12T09:28:14.162+05:30  INFO 21780 --- [shiptrack-backend] [  restartedMain] c.shiptrack.ShiptrackBackendApplication  : No active profile set, falling back to 1 default profile: "default"
2026-08-12T09:28:14.198+05:30  INFO 21780 --- [shiptrack-backend] [  restartedMain] .e.DevToolsPropertyDefaultsPostProcessor : Devtools property defaults active! Set 'spring.devtools.add-properties' to 'false' to disable
2026-08-12T09:28:14.198+05:30  INFO 21780 --- [shiptrack-backend] [  restartedMain] .e.DevToolsPropertyDefaultsPostProcessor : For additional web related logging consider setting the 'logging.level.web' property to 'DEBUG'
2026-08-12T09:28:14.667+05:30  INFO 21780 --- [shiptrack-backend] [  restartedMain] .s.d.r.c.RepositoryConfigurationDelegate : Bootstrapping Spring Data JPA repositories in DEFAULT mode.
2026-08-12T09:28:14.717+05:30  INFO 21780 --- [shiptrack-backend] [  restartedMain] .s.d.r.c.RepositoryConfigurationDelegate : Finished Spring Data repository scanning in 43 ms. Found 8 JPA repository interfaces.
2026-08-12T09:28:15.122+05:30  INFO 21780 --- [shiptrack-backend] [  restartedMain] o.s.b.w.embedded.tomcat.TomcatWebServer  : Tomcat initialized with port 8080 (http)
2026-08-12T09:28:15.131+05:30  INFO 21780 --- [shiptrack-backend] [  restartedMain] o.apache.catalina.core.StandardService   : Starting service [Tomcat]
2026-08-12T09:28:15.131+05:30  INFO 21780 --- [shiptrack-backend] [  restartedMain] o.apache.catalina.core.StandardEngine    : Starting Servlet engine: [Apache Tomcat/10.1.42]
2026-08-12T09:28:15.158+05:30  INFO 21780 --- [shiptrack-backend] [  restartedMain] o.a.c.c.C.[Tomcat].[localhost].[/]       : Initializing Spring embedded WebApplicationContext
2026-08-12T09:28:15.159+05:30  INFO 21780 --- [shiptrack-backend] [  restartedMain] w.s.c.ServletWebServerApplicationContext : Root WebApplicationContext: initialization completed in 960 ms
2026-08-12T09:28:15.248+05:30  INFO 21780 --- [shiptrack-backend] [  restartedMain] o.hibernate.jpa.internal.util.LogHelper  : HHH000204: Processing PersistenceUnitInfo [name: default]
2026-08-12T09:28:15.279+05:30  INFO 21780 --- [shiptrack-backend] [  restartedMain] org.hibernate.Version                    : HHH000412: Hibernate ORM core version 6.6.18.Final
2026-08-12T09:28:15.298+05:30  INFO 21780 --- [shiptrack-backend] [  restartedMain] o.h.c.internal.RegionFactoryInitiator    : HHH000026: Second-level cache disabled
2026-08-12T09:28:15.462+05:30  INFO 21780 --- [shiptrack-backend] [  restartedMain] o.s.o.j.p.SpringPersistenceUnitInfo      : No LoadTimeWeaver setup: ignoring JPA class transformer
2026-08-12T09:28:15.479+05:30  INFO 21780 --- [shiptrack-backend] [  restartedMain] com.zaxxer.hikari.HikariDataSource       : HikariPool-1 - Starting...
2026-08-12T09:28:15.613+05:30  INFO 21780 --- [shiptrack-backend] [  restartedMain] com.zaxxer.hikari.pool.HikariPool        : HikariPool-1 - Added connection org.postgresql.jdbc.PgConnection@2021275
2026-08-12T09:28:15.614+05:30  INFO 21780 --- [shiptrack-backend] [  restartedMain] com.zaxxer.hikari.HikariDataSource       : HikariPool-1 - Start completed.
2026-08-12T09:28:15.655+05:30  INFO 21780 --- [shiptrack-backend] [  restartedMain] org.hibernate.orm.connections.pooling    : HHH10001005: Database info:
	Database JDBC URL [Connecting through datasource 'HikariDataSource (HikariPool-1)']
	Database driver: undefined/unknown
	Database version: 18.4
	Autocommit mode: undefined/unknown
	Isolation level: undefined/unknown
	Minimum pool size: undefined/unknown
	Maximum pool size: undefined/unknown
2026-08-12T09:28:16.312+05:30  INFO 21780 --- [shiptrack-backend] [  restartedMain] o.h.e.t.j.p.i.JtaPlatformInitiator       : HHH000489: No JTA platform available (set 'hibernate.transaction.jta.platform' to enable JTA platform integration)
2026-08-12T09:28:16.705+05:30  INFO 21780 --- [shiptrack-backend] [  restartedMain] j.LocalContainerEntityManagerFactoryBean : Initialized JPA EntityManagerFactory for persistence unit 'default'
2026-08-12T09:28:16.955+05:30  INFO 21780 --- [shiptrack-backend] [  restartedMain] o.s.d.j.r.query.QueryEnhancerFactory     : Hibernate is in classpath; If applicable, HQL parser will be used.
2026-08-12T09:28:18.965+05:30  INFO 21780 --- [shiptrack-backend] [  restartedMain] com.shiptrack.service.GeocodingService   : Geoapify API key validated successfully.
2026-08-12T09:28:19.241+05:30  INFO 21780 --- [shiptrack-backend] [  restartedMain] eAuthenticationProviderManagerConfigurer : Global AuthenticationManager configured with AuthenticationProvider bean with name authenticationProvider
2026-08-12T09:28:19.242+05:30  WARN 21780 --- [shiptrack-backend] [  restartedMain] r$InitializeUserDetailsManagerConfigurer : Global AuthenticationManager configured with an AuthenticationProvider bean. UserDetailsService beans will not be used by Spring Security for automatically configuring username/password login. Consider removing the AuthenticationProvider bean. Alternatively, consider using the UserDetailsService in a manually instantiated DaoAuthenticationProvider. If the current configuration is intentional, to turn off this warning, increase the logging level of 'org.springframework.security.config.annotation.authentication.configuration.InitializeUserDetailsBeanManagerConfigurer' to ERROR
2026-08-12T09:28:19.514+05:30  INFO 21780 --- [shiptrack-backend] [  restartedMain] o.s.b.d.a.OptionalLiveReloadServer       : LiveReload server is running on port 35729
2026-08-12T09:28:19.525+05:30  INFO 21780 --- [shiptrack-backend] [  restartedMain] o.s.m.s.b.SimpleBrokerMessageHandler     : Starting...
2026-08-12T09:28:19.525+05:30  INFO 21780 --- [shiptrack-backend] [  restartedMain] o.s.m.s.b.SimpleBrokerMessageHandler     : BrokerAvailabilityEvent[available=true, SimpleBrokerMessageHandler [org.springframework.messaging.simp.broker.DefaultSubscriptionRegistry@3271c030]]
2026-08-12T09:28:19.526+05:30  INFO 21780 --- [shiptrack-backend] [  restartedMain] o.s.m.s.b.SimpleBrokerMessageHandler     : Started.
2026-08-12T09:28:19.532+05:30  INFO 21780 --- [shiptrack-backend] [  restartedMain] o.s.b.w.embedded.tomcat.TomcatWebServer  : Tomcat started on port 8080 (http) with context path '/'
2026-08-12T09:28:19.538+05:30  INFO 21780 --- [shiptrack-backend] [  restartedMain] c.shiptrack.ShiptrackBackendApplication  : Started ShiptrackBackendApplication in 5.627 seconds (process running for 5.883)
Hibernate: 
    select
        u1_0.id 
    from
        users u1_0 
    where
        u1_0.email=? 
    fetch
        first ? rows only
Hibernate: 
    select
        s1_0.id,
        s1_0.actual_delivery_time,
        s1_0.created_at,
        s1_0.created_by,
        s1_0.delivery_address,
        s1_0.destination_latitude,
        s1_0.destination_longitude,
        s1_0.estimated_delivery_time,
        s1_0.estimated_duration,
        s1_0.origin_latitude,
        s1_0.origin_longitude,
        s1_0.receiver_name,
        s1_0.route_polyline,
        s1_0.sender_address,
        s1_0.sender_name,
        s1_0.status,
        s1_0.total_distance,
        s1_0.tracking_number 
    from
        shipments s1_0 
    where
        s1_0.status in (?, ?)
Hibernate: 
    select
        s1_0.id,
        s1_0.actual_delivery_time,
        s1_0.created_at,
        s1_0.created_by,
        s1_0.delivery_address,
        s1_0.destination_latitude,
        s1_0.destination_longitude,
        s1_0.estimated_delivery_time,
        s1_0.estimated_duration,
        s1_0.origin_latitude,
        s1_0.origin_longitude,
        s1_0.receiver_name,
        s1_0.route_polyline,
        s1_0.sender_address,
        s1_0.sender_name,
        s1_0.status,
        s1_0.total_distance,
        s1_0.tracking_number 
    from
        shipments s1_0 
    where
        s1_0.status in (?, ?)
Hibernate: 
    select
        s1_0.id,
        s1_0.actual_delivery_time,
        s1_0.created_at,
        s1_0.created_by,
        s1_0.delivery_address,
        s1_0.destination_latitude,
        s1_0.destination_longitude,
        s1_0.estimated_delivery_time,
        s1_0.estimated_duration,
        s1_0.origin_latitude,
        s1_0.origin_longitude,
        s1_0.receiver_name,
        s1_0.route_polyline,
        s1_0.sender_address,
        s1_0.sender_name,
        s1_0.status,
        s1_0.total_distance,
        s1_0.tracking_number 
    from
        shipments s1_0 
    where
        s1_0.status in (?, ?)

Admin account already exists.

Hibernate: 
    select
        u1_0.id 
    from
        users u1_0 
    where
        u1_0.email=? 
    fetch
        first ? rows only

Support assistant account already exists.

Hibernate: 
    select
        te1_0.id,
        te1_0.latitude,
        te1_0.longitude,
        te1_0.recorded_at,
        te1_0.shipment_id,
        te1_0.status 
    from
        tracking_events te1_0 
    left join
        shipments s1_0 
            on s1_0.id=te1_0.shipment_id 
    where
        s1_0.id=? 
    order by
        te1_0.recorded_at
Hibernate: 
    select
        te1_0.id,
        te1_0.latitude,
        te1_0.longitude,
        te1_0.recorded_at,
        te1_0.shipment_id,
        te1_0.status 
    from
        tracking_events te1_0 
    left join
        shipments s1_0 
            on s1_0.id=te1_0.shipment_id 
    where
        s1_0.id=? 
    order by
        te1_0.recorded_at
Hibernate: 
    select
        s1_0.id,
        s1_0.actual_delivery_time,
        s1_0.created_at,
        s1_0.created_by,
        s1_0.delivery_address,
        s1_0.destination_latitude,
        s1_0.destination_longitude,
        s1_0.estimated_delivery_time,
        s1_0.estimated_duration,
        s1_0.origin_latitude,
        s1_0.origin_longitude,
        s1_0.receiver_name,
        s1_0.route_polyline,
        s1_0.sender_address,
        s1_0.sender_name,
        s1_0.status,
        s1_0.total_distance,
        s1_0.tracking_number 
    from
        shipments s1_0 
    where
        s1_0.id=?
Hibernate: 
    select
        s1_0.id,
        s1_0.actual_delivery_time,
        s1_0.created_at,
        s1_0.created_by,
        s1_0.delivery_address,
        s1_0.destination_latitude,
        s1_0.destination_longitude,
        s1_0.estimated_delivery_time,
        s1_0.estimated_duration,
        s1_0.origin_latitude,
        s1_0.origin_longitude,
        s1_0.receiver_name,
        s1_0.route_polyline,
        s1_0.sender_address,
        s1_0.sender_name,
        s1_0.status,
        s1_0.total_distance,
        s1_0.tracking_number 
    from
        shipments s1_0 
    where
        s1_0.id=?
Hibernate: 
    select
        te1_0.id,
        te1_0.latitude,
        te1_0.longitude,
        te1_0.recorded_at,
        te1_0.shipment_id,
        te1_0.status 
    from
        tracking_events te1_0 
    left join
        shipments s1_0 
            on s1_0.id=te1_0.shipment_id 
    where
        s1_0.id=? 
    order by
        te1_0.recorded_at
Hibernate: 
    select
        te1_0.id,
        te1_0.latitude,
        te1_0.longitude,
        te1_0.recorded_at,
        te1_0.shipment_id,
        te1_0.status 
    from
        tracking_events te1_0 
    left join
        shipments s1_0 
            on s1_0.id=te1_0.shipment_id 
    where
        s1_0.id=? 
    order by
        te1_0.recorded_at
Hibernate: 
    select
        rhp1_0.id,
        rhp1_0.latitude,
        rhp1_0.longitude,
        rhp1_0.progress,
        rhp1_0.recorded_at,
        rhp1_0.shipment_id,
        rhp1_0.speed 
    from
        route_history_points rhp1_0 
    left join
        shipments s1_0 
            on s1_0.id=rhp1_0.shipment_id 
    where
        s1_0.id=? 
    order by
        rhp1_0.recorded_at desc 
    fetch
        first ? rows only
Hibernate: 
    select
        rhp1_0.id,
        rhp1_0.latitude,
        rhp1_0.longitude,
        rhp1_0.progress,
        rhp1_0.recorded_at,
        rhp1_0.shipment_id,
        rhp1_0.speed 
    from
        route_history_points rhp1_0 
    left join
        shipments s1_0 
            on s1_0.id=rhp1_0.shipment_id 
    where
        s1_0.id=? 
    order by
        rhp1_0.recorded_at desc 
    fetch
        first ? rows only
Hibernate: 
    select
        dp1_0.id,
        dp1_0.delay_minutes,
        dp1_0.delay_reason,
        dp1_0.detected_at,
        dp1_0.is_active,
        dp1_0.probability,
        dp1_0.shipment_id 
    from
        delay_predictions dp1_0 
    where
        dp1_0.shipment_id=? 
        and dp1_0.is_active 
    order by
        dp1_0.detected_at desc 
    fetch
        first ? rows only
Hibernate: 
    select
        s1_0.id,
        s1_0.actual_delivery_time,
        s1_0.created_at,
        s1_0.created_by,
        s1_0.delivery_address,
        s1_0.destination_latitude,
        s1_0.destination_longitude,
        s1_0.estimated_delivery_time,
        s1_0.estimated_duration,
        s1_0.origin_latitude,
        s1_0.origin_longitude,
        s1_0.receiver_name,
        s1_0.route_polyline,
        s1_0.sender_address,
        s1_0.sender_name,
        s1_0.status,
        s1_0.total_distance,
        s1_0.tracking_number 
    from
        shipments s1_0 
    where
        s1_0.id=?
Hibernate: 
    select
        te1_0.id,
        te1_0.latitude,
        te1_0.longitude,
        te1_0.recorded_at,
        te1_0.shipment_id,
        te1_0.status 
    from
        tracking_events te1_0 
    left join
        shipments s1_0 
            on s1_0.id=te1_0.shipment_id 
    where
        s1_0.id=? 
    order by
        te1_0.recorded_at
Hibernate: 
    select
        rhp1_0.id,
        rhp1_0.latitude,
        rhp1_0.longitude,
        rhp1_0.progress,
        rhp1_0.recorded_at,
        rhp1_0.shipment_id,
        rhp1_0.speed 
    from
        route_history_points rhp1_0 
    left join
        shipments s1_0 
            on s1_0.id=rhp1_0.shipment_id 
    where
        s1_0.id=? 
    order by
        rhp1_0.recorded_at desc 
    fetch
        first ? rows only
Hibernate: 
    select
        dp1_0.id,
        dp1_0.delay_minutes,
        dp1_0.delay_reason,
        dp1_0.detected_at,
        dp1_0.is_active,
        dp1_0.probability,
        dp1_0.shipment_id 
    from
        delay_predictions dp1_0 
    where
        dp1_0.shipment_id=? 
        and dp1_0.is_active 
    order by
        dp1_0.detected_at desc 
    fetch
        first ? rows only
Hibernate: 
    select
        dp1_0.id,
        dp1_0.delay_minutes,
        dp1_0.delay_reason,
        dp1_0.detected_at,
        dp1_0.is_active,
        dp1_0.probability,
        dp1_0.shipment_id 
    from
        delay_predictions dp1_0 
    where
        dp1_0.shipment_id=? 
        and dp1_0.is_active
Hibernate: 
    select
        dp1_0.id,
        dp1_0.delay_minutes,
        dp1_0.delay_reason,
        dp1_0.detected_at,
        dp1_0.is_active,
        dp1_0.probability,
        dp1_0.shipment_id 
    from
        delay_predictions dp1_0 
    where
        dp1_0.id=?
Hibernate: 
    update
        delay_predictions 
    set
        delay_minutes=?,
        delay_reason=?,
        detected_at=?,
        is_active=?,
        probability=?,
        shipment_id=? 
    where
        id=?
2026-08-12T09:28:19.678+05:30  INFO 21780 --- [shiptrack-backend] [MessageBroker-3] c.s.service.DelayPredictionService       : Superseded 1 stale delay prediction(s) for shipment 22
Hibernate: 
    insert 
    into
        delay_predictions
        (delay_minutes, delay_reason, detected_at, is_active, probability, shipment_id) 
    values
        (?, ?, ?, ?, ?, ?)
2026-08-12T09:28:19.713+05:30  WARN 21780 --- [shiptrack-backend] [MessageBroker-3] c.shiptrack.service.LiveTrackingService  : Delay alert for shipment 22: No location update for 19626 minutes (120 min, 0.9% probability)
2026-08-12T09:28:19.713+05:30  WARN 21780 --- [shiptrack-backend] [MessageBroker-3] c.s.service.DelayPredictionService       : Delay detected for shipment 22: No location update for 19626 minutes (120 min)
2026-08-12T09:28:20.007+05:30  INFO 21780 --- [shiptrack-backend] [nio-8080-exec-1] o.a.c.c.C.[Tomcat].[localhost].[/]       : Initializing Spring DispatcherServlet 'dispatcherServlet'
2026-08-12T09:28:20.007+05:30  INFO 21780 --- [shiptrack-backend] [nio-8080-exec-1] o.s.web.servlet.DispatcherServlet        : Initializing Servlet 'dispatcherServlet'
2026-08-12T09:28:20.008+05:30  INFO 21780 --- [shiptrack-backend] [nio-8080-exec-1] o.s.web.servlet.DispatcherServlet        : Completed initialization in 1 ms
Hibernate: 
    select
        u1_0.id,
        u1_0.created_at,
        u1_0.email,
        u1_0.name,
        u1_0.password,
        u1_0.phone,
        u1_0.role 
    from
        users u1_0 
    where
        u1_0.email=?
2026-08-12T09:28:21.849+05:30 ERROR 21780 --- [shiptrack-backend] [MessageBroker-1] com.shiptrack.service.GeocodingService   : Geoapify routing failed

java.lang.ClassCastException: class java.util.ArrayList cannot be cast to class java.lang.Number (java.util.ArrayList and java.lang.Number are in module java.base of loader 'bootstrap')
	at com.shiptrack.service.GeocodingService.lambda$coordsToPolyline$0(GeocodingService.java:240) ~[classes/:na]
	at java.base/java.util.stream.ReferencePipeline$3$1.accept(ReferencePipeline.java:214) ~[na:na]
	at java.base/java.util.ArrayList$ArrayListSpliterator.forEachRemaining(ArrayList.java:1724) ~[na:na]
	at java.base/java.util.stream.AbstractPipeline.copyInto(AbstractPipeline.java:570) ~[na:na]
	at java.base/java.util.stream.AbstractPipeline.wrapAndCopyInto(AbstractPipeline.java:560) ~[na:na]
	at java.base/java.util.stream.AbstractPipeline.evaluate(AbstractPipeline.java:635) ~[na:na]
	at java.base/java.util.stream.AbstractPipeline.evaluateToArrayNode(AbstractPipeline.java:291) ~[na:na]
	at java.base/java.util.stream.ReferencePipeline.toArray(ReferencePipeline.java:652) ~[na:na]
	at java.base/java.util.stream.ReferencePipeline.toArray(ReferencePipeline.java:658) ~[na:na]
	at java.base/java.util.stream.ReferencePipeline.toList(ReferencePipeline.java:663) ~[na:na]
	at com.shiptrack.service.GeocodingService.coordsToPolyline(GeocodingService.java:243) ~[classes/:na]
	at com.shiptrack.service.GeocodingService.routeWithGeoapify(GeocodingService.java:179) ~[classes/:na]
	at com.shiptrack.service.GeocodingService.calculateRoute(GeocodingService.java:142) ~[classes/:na]
	at com.shiptrack.service.GeocodingService.calculateDuration(GeocodingService.java:247) ~[classes/:na]
	at com.shiptrack.service.EtaService.calculateEta(EtaService.java:95) ~[classes/:na]
	at com.shiptrack.service.EtaService.recalculateActiveEtas(EtaService.java:130) ~[classes/:na]
	at java.base/jdk.internal.reflect.DirectMethodHandleAccessor.invoke(DirectMethodHandleAccessor.java:104) ~[na:na]
	at java.base/java.lang.reflect.Method.invoke(Method.java:565) ~[na:na]
	at org.springframework.aop.support.AopUtils.invokeJoinpointUsingReflection(AopUtils.java:359) ~[spring-aop-6.2.8.jar:6.2.8]
	at org.springframework.aop.framework.CglibAopProxy$DynamicAdvisedInterceptor.intercept(CglibAopProxy.java:724) ~[spring-aop-6.2.8.jar:6.2.8]
	at com.shiptrack.service.EtaService$$SpringCGLIB$$0.recalculateActiveEtas(<generated>) ~[classes/:na]
	at java.base/jdk.internal.reflect.DirectMethodHandleAccessor.invoke(DirectMethodHandleAccessor.java:104) ~[na:na]
	at java.base/java.lang.reflect.Method.invoke(Method.java:565) ~[na:na]
	at org.springframework.scheduling.support.ScheduledMethodRunnable.runInternal(ScheduledMethodRunnable.java:130) ~[spring-context-6.2.8.jar:6.2.8]
	at org.springframework.scheduling.support.ScheduledMethodRunnable.lambda$run$2(ScheduledMethodRunnable.java:124) ~[spring-context-6.2.8.jar:6.2.8]
	at io.micrometer.observation.Observation.observe(Observation.java:498) ~[micrometer-observation-1.15.1.jar:1.15.1]
	at org.springframework.scheduling.support.ScheduledMethodRunnable.run(ScheduledMethodRunnable.java:124) ~[spring-context-6.2.8.jar:6.2.8]
	at org.springframework.scheduling.config.Task$OutcomeTrackingRunnable.run(Task.java:85) ~[spring-context-6.2.8.jar:6.2.8]
	at org.springframework.scheduling.support.DelegatingErrorHandlingRunnable.run(DelegatingErrorHandlingRunnable.java:54) ~[spring-context-6.2.8.jar:6.2.8]
	at java.base/java.util.concurrent.Executors$RunnableAdapter.call(Executors.java:545) ~[na:na]
	at java.base/java.util.concurrent.FutureTask.runAndReset(FutureTask.java:371) ~[na:na]
	at java.base/java.util.concurrent.ScheduledThreadPoolExecutor$ScheduledFutureTask.run(ScheduledThreadPoolExecutor.java:310) ~[na:na]
	at java.base/java.util.concurrent.ThreadPoolExecutor.runWorker(ThreadPoolExecutor.java:1090) ~[na:na]
	at java.base/java.util.concurrent.ThreadPoolExecutor$Worker.run(ThreadPoolExecutor.java:614) ~[na:na]
	at java.base/java.lang.Thread.run(Thread.java:1516) ~[na:na]

2026-08-12T09:28:21.856+05:30  WARN 21780 --- [shiptrack-backend] [MessageBroker-1] com.shiptrack.service.GeocodingService   : Geoapify routing failed, trying OSRM fallback...
2026-08-12T09:28:24.140+05:30  INFO 21780 --- [shiptrack-backend] [MessageBroker-1] com.shiptrack.service.GeocodingService   : OSRM route found: 1896.0 km, 1325 min
2026-08-12T09:28:24.147+05:30  WARN 21780 --- [shiptrack-backend] [MessageBroker-1] com.shiptrack.service.EtaService         : Failed to recalculate ETA for shipment 31

org.springframework.dao.InvalidDataAccessApiUsageException: Executing an update/delete query
	at org.springframework.orm.jpa.EntityManagerFactoryUtils.convertJpaAccessExceptionIfPossible(EntityManagerFactoryUtils.java:400) ~[spring-orm-6.2.8.jar:6.2.8]
	at org.springframework.orm.jpa.vendor.HibernateJpaDialect.translateExceptionIfPossible(HibernateJpaDialect.java:246) ~[spring-orm-6.2.8.jar:6.2.8]
	at org.springframework.orm.jpa.AbstractEntityManagerFactoryBean.translateExceptionIfPossible(AbstractEntityManagerFactoryBean.java:560) ~[spring-orm-6.2.8.jar:6.2.8]
	at org.springframework.dao.support.ChainedPersistenceExceptionTranslator.translateExceptionIfPossible(ChainedPersistenceExceptionTranslator.java:61) ~[spring-tx-6.2.8.jar:6.2.8]
	at org.springframework.dao.support.DataAccessUtils.translateIfNecessary(DataAccessUtils.java:343) ~[spring-tx-6.2.8.jar:6.2.8]
	at org.springframework.dao.support.PersistenceExceptionTranslationInterceptor.invoke(PersistenceExceptionTranslationInterceptor.java:160) ~[spring-tx-6.2.8.jar:6.2.8]
	at org.springframework.aop.framework.ReflectiveMethodInvocation.proceed(ReflectiveMethodInvocation.java:184) ~[spring-aop-6.2.8.jar:6.2.8]
	at org.springframework.data.jpa.repository.support.CrudMethodMetadataPostProcessor$CrudMethodMetadataPopulatingMethodInterceptor.invoke(CrudMethodMetadataPostProcessor.java:136) ~[spring-data-jpa-3.5.1.jar:3.5.1]
	at org.springframework.aop.framework.ReflectiveMethodInvocation.proceed(ReflectiveMethodInvocation.java:184) ~[spring-aop-6.2.8.jar:6.2.8]
	at org.springframework.aop.framework.JdkDynamicAopProxy.invoke(JdkDynamicAopProxy.java:223) ~[spring-aop-6.2.8.jar:6.2.8]
	at jdk.proxy4/jdk.proxy4.$Proxy147.updateEtaFields(Unknown Source) ~[na:na]
	at com.shiptrack.service.EtaService.calculateEta(EtaService.java:103) ~[classes/:na]
	at com.shiptrack.service.EtaService.recalculateActiveEtas(EtaService.java:130) ~[classes/:na]
	at java.base/jdk.internal.reflect.DirectMethodHandleAccessor.invoke(DirectMethodHandleAccessor.java:104) ~[na:na]
	at java.base/java.lang.reflect.Method.invoke(Method.java:565) ~[na:na]
	at org.springframework.aop.support.AopUtils.invokeJoinpointUsingReflection(AopUtils.java:359) ~[spring-aop-6.2.8.jar:6.2.8]
	at org.springframework.aop.framework.CglibAopProxy$DynamicAdvisedInterceptor.intercept(CglibAopProxy.java:724) ~[spring-aop-6.2.8.jar:6.2.8]
	at com.shiptrack.service.EtaService$$SpringCGLIB$$0.recalculateActiveEtas(<generated>) ~[classes/:na]
	at java.base/jdk.internal.reflect.DirectMethodHandleAccessor.invoke(DirectMethodHandleAccessor.java:104) ~[na:na]
	at java.base/java.lang.reflect.Method.invoke(Method.java:565) ~[na:na]
	at org.springframework.scheduling.support.ScheduledMethodRunnable.runInternal(ScheduledMethodRunnable.java:130) ~[spring-context-6.2.8.jar:6.2.8]
	at org.springframework.scheduling.support.ScheduledMethodRunnable.lambda$run$2(ScheduledMethodRunnable.java:124) ~[spring-context-6.2.8.jar:6.2.8]
	at io.micrometer.observation.Observation.observe(Observation.java:498) ~[micrometer-observation-1.15.1.jar:1.15.1]
	at org.springframework.scheduling.support.ScheduledMethodRunnable.run(ScheduledMethodRunnable.java:124) ~[spring-context-6.2.8.jar:6.2.8]
	at org.springframework.scheduling.config.Task$OutcomeTrackingRunnable.run(Task.java:85) ~[spring-context-6.2.8.jar:6.2.8]
	at org.springframework.scheduling.support.DelegatingErrorHandlingRunnable.run(DelegatingErrorHandlingRunnable.java:54) ~[spring-context-6.2.8.jar:6.2.8]
	at java.base/java.util.concurrent.Executors$RunnableAdapter.call(Executors.java:545) ~[na:na]
	at java.base/java.util.concurrent.FutureTask.runAndReset(FutureTask.java:371) ~[na:na]
	at java.base/java.util.concurrent.ScheduledThreadPoolExecutor$ScheduledFutureTask.run(ScheduledThreadPoolExecutor.java:310) ~[na:na]
	at java.base/java.util.concurrent.ThreadPoolExecutor.runWorker(ThreadPoolExecutor.java:1090) ~[na:na]
	at java.base/java.util.concurrent.ThreadPoolExecutor$Worker.run(ThreadPoolExecutor.java:614) ~[na:na]
	at java.base/java.lang.Thread.run(Thread.java:1516) ~[na:na]
Caused by: jakarta.persistence.TransactionRequiredException: Executing an update/delete query
	at org.hibernate.internal.AbstractSharedSessionContract.checkTransactionNeededForUpdateOperation(AbstractSharedSessionContract.java:560) ~[hibernate-core-6.6.18.Final.jar:6.6.18.Final]
	at org.hibernate.query.sqm.internal.QuerySqmImpl.executeUpdate(QuerySqmImpl.java:489) ~[hibernate-core-6.6.18.Final.jar:6.6.18.Final]
	at java.base/jdk.internal.reflect.DirectMethodHandleAccessor.invoke(DirectMethodHandleAccessor.java:104) ~[na:na]
	at java.base/java.lang.reflect.Method.invoke(Method.java:565) ~[na:na]
	at org.springframework.orm.jpa.SharedEntityManagerCreator$DeferredQueryInvocationHandler.invoke(SharedEntityManagerCreator.java:419) ~[spring-orm-6.2.8.jar:6.2.8]
	at jdk.proxy4/jdk.proxy4.$Proxy169.executeUpdate(Unknown Source) ~[na:na]
	at org.springframework.data.jpa.repository.query.JpaQueryExecution$ModifyingExecution.doExecute(JpaQueryExecution.java:267) ~[spring-data-jpa-3.5.1.jar:3.5.1]
	at org.springframework.data.jpa.repository.query.JpaQueryExecution.execute(JpaQueryExecution.java:93) ~[spring-data-jpa-3.5.1.jar:3.5.1]
	at org.springframework.data.jpa.repository.query.AbstractJpaQuery.doExecute(AbstractJpaQuery.java:160) ~[spring-data-jpa-3.5.1.jar:3.5.1]
	at org.springframework.data.jpa.repository.query.AbstractJpaQuery.execute(AbstractJpaQuery.java:148) ~[spring-data-jpa-3.5.1.jar:3.5.1]
	at org.springframework.data.repository.core.support.RepositoryMethodInvoker.doInvoke(RepositoryMethodInvoker.java:170) ~[spring-data-commons-3.5.1.jar:3.5.1]
	at org.springframework.data.repository.core.support.RepositoryMethodInvoker.invoke(RepositoryMethodInvoker.java:158) ~[spring-data-commons-3.5.1.jar:3.5.1]
	at org.springframework.data.repository.core.support.QueryExecutorMethodInterceptor.doInvoke(QueryExecutorMethodInterceptor.java:170) ~[spring-data-commons-3.5.1.jar:3.5.1]
	at org.springframework.data.repository.core.support.QueryExecutorMethodInterceptor.invoke(QueryExecutorMethodInterceptor.java:149) ~[spring-data-commons-3.5.1.jar:3.5.1]
	at org.springframework.aop.framework.ReflectiveMethodInvocation.proceed(ReflectiveMethodInvocation.java:184) ~[spring-aop-6.2.8.jar:6.2.8]
	at org.springframework.data.projection.DefaultMethodInvokingMethodInterceptor.invoke(DefaultMethodInvokingMethodInterceptor.java:69) ~[spring-data-commons-3.5.1.jar:3.5.1]
	at org.springframework.aop.framework.ReflectiveMethodInvocation.proceed(ReflectiveMethodInvocation.java:184) ~[spring-aop-6.2.8.jar:6.2.8]
	at org.springframework.transaction.interceptor.TransactionAspectSupport.invokeWithinTransaction(TransactionAspectSupport.java:380) ~[spring-tx-6.2.8.jar:6.2.8]
	at org.springframework.transaction.interceptor.TransactionInterceptor.invoke(TransactionInterceptor.java:119) ~[spring-tx-6.2.8.jar:6.2.8]
	at org.springframework.aop.framework.ReflectiveMethodInvocation.proceed(ReflectiveMethodInvocation.java:184) ~[spring-aop-6.2.8.jar:6.2.8]
	at org.springframework.dao.support.PersistenceExceptionTranslationInterceptor.invoke(PersistenceExceptionTranslationInterceptor.java:138) ~[spring-tx-6.2.8.jar:6.2.8]
	... 26 common frames omitted

Hibernate: 
    select
        s1_0.id,
        s1_0.actual_delivery_time,
        s1_0.created_at,
        s1_0.created_by,
        s1_0.delivery_address,
        s1_0.destination_latitude,
        s1_0.destination_longitude,
        s1_0.estimated_delivery_time,
        s1_0.estimated_duration,
        s1_0.origin_latitude,
        s1_0.origin_longitude,
        s1_0.receiver_name,
        s1_0.route_polyline,
        s1_0.sender_address,
        s1_0.sender_name,
        s1_0.status,
        s1_0.total_distance,
        s1_0.tracking_number 
    from
        shipments s1_0 
    where
        s1_0.id=?
Hibernate: 
    select
        te1_0.id,
        te1_0.latitude,
        te1_0.longitude,
        te1_0.recorded_at,
        te1_0.shipment_id,
        te1_0.status 
    from
        tracking_events te1_0 
    left join
        shipments s1_0 
            on s1_0.id=te1_0.shipment_id 
    where
        s1_0.id=? 
    order by
        te1_0.recorded_at
Hibernate: 
    select
        rhp1_0.id,
        rhp1_0.latitude,
        rhp1_0.longitude,
        rhp1_0.progress,
        rhp1_0.recorded_at,
        rhp1_0.shipment_id,
        rhp1_0.speed 
    from
        route_history_points rhp1_0 
    left join
        shipments s1_0 
            on s1_0.id=rhp1_0.shipment_id 
    where
        s1_0.id=? 
    order by
        rhp1_0.recorded_at desc 
    fetch
        first ? rows only
2026-08-12T09:28:25.365+05:30 ERROR 21780 --- [shiptrack-backend] [MessageBroker-1] com.shiptrack.service.GeocodingService   : Geoapify routing failed

java.lang.ClassCastException: class java.util.ArrayList cannot be cast to class java.lang.Number (java.util.ArrayList and java.lang.Number are in module java.base of loader 'bootstrap')
	at com.shiptrack.service.GeocodingService.lambda$coordsToPolyline$0(GeocodingService.java:240) ~[classes/:na]
	at java.base/java.util.stream.ReferencePipeline$3$1.accept(ReferencePipeline.java:214) ~[na:na]
	at java.base/java.util.ArrayList$ArrayListSpliterator.forEachRemaining(ArrayList.java:1724) ~[na:na]
	at java.base/java.util.stream.AbstractPipeline.copyInto(AbstractPipeline.java:570) ~[na:na]
	at java.base/java.util.stream.AbstractPipeline.wrapAndCopyInto(AbstractPipeline.java:560) ~[na:na]
	at java.base/java.util.stream.AbstractPipeline.evaluate(AbstractPipeline.java:635) ~[na:na]
	at java.base/java.util.stream.AbstractPipeline.evaluateToArrayNode(AbstractPipeline.java:291) ~[na:na]
	at java.base/java.util.stream.ReferencePipeline.toArray(ReferencePipeline.java:652) ~[na:na]
	at java.base/java.util.stream.ReferencePipeline.toArray(ReferencePipeline.java:658) ~[na:na]
	at java.base/java.util.stream.ReferencePipeline.toList(ReferencePipeline.java:663) ~[na:na]
	at com.shiptrack.service.GeocodingService.coordsToPolyline(GeocodingService.java:243) ~[classes/:na]
	at com.shiptrack.service.GeocodingService.routeWithGeoapify(GeocodingService.java:179) ~[classes/:na]
	at com.shiptrack.service.GeocodingService.calculateRoute(GeocodingService.java:142) ~[classes/:na]
	at com.shiptrack.service.GeocodingService.calculateDuration(GeocodingService.java:247) ~[classes/:na]
	at com.shiptrack.service.EtaService.calculateEta(EtaService.java:95) ~[classes/:na]
	at com.shiptrack.service.EtaService.recalculateActiveEtas(EtaService.java:130) ~[classes/:na]
	at java.base/jdk.internal.reflect.DirectMethodHandleAccessor.invoke(DirectMethodHandleAccessor.java:104) ~[na:na]
	at java.base/java.lang.reflect.Method.invoke(Method.java:565) ~[na:na]
	at org.springframework.aop.support.AopUtils.invokeJoinpointUsingReflection(AopUtils.java:359) ~[spring-aop-6.2.8.jar:6.2.8]
	at org.springframework.aop.framework.CglibAopProxy$DynamicAdvisedInterceptor.intercept(CglibAopProxy.java:724) ~[spring-aop-6.2.8.jar:6.2.8]
	at com.shiptrack.service.EtaService$$SpringCGLIB$$0.recalculateActiveEtas(<generated>) ~[classes/:na]
	at java.base/jdk.internal.reflect.DirectMethodHandleAccessor.invoke(DirectMethodHandleAccessor.java:104) ~[na:na]
	at java.base/java.lang.reflect.Method.invoke(Method.java:565) ~[na:na]
	at org.springframework.scheduling.support.ScheduledMethodRunnable.runInternal(ScheduledMethodRunnable.java:130) ~[spring-context-6.2.8.jar:6.2.8]
	at org.springframework.scheduling.support.ScheduledMethodRunnable.lambda$run$2(ScheduledMethodRunnable.java:124) ~[spring-context-6.2.8.jar:6.2.8]
	at io.micrometer.observation.Observation.observe(Observation.java:498) ~[micrometer-observation-1.15.1.jar:1.15.1]
	at org.springframework.scheduling.support.ScheduledMethodRunnable.run(ScheduledMethodRunnable.java:124) ~[spring-context-6.2.8.jar:6.2.8]
	at org.springframework.scheduling.config.Task$OutcomeTrackingRunnable.run(Task.java:85) ~[spring-context-6.2.8.jar:6.2.8]
	at org.springframework.scheduling.support.DelegatingErrorHandlingRunnable.run(DelegatingErrorHandlingRunnable.java:54) ~[spring-context-6.2.8.jar:6.2.8]
	at java.base/java.util.concurrent.Executors$RunnableAdapter.call(Executors.java:545) ~[na:na]
	at java.base/java.util.concurrent.FutureTask.runAndReset(FutureTask.java:371) ~[na:na]
	at java.base/java.util.concurrent.ScheduledThreadPoolExecutor$ScheduledFutureTask.run(ScheduledThreadPoolExecutor.java:310) ~[na:na]
	at java.base/java.util.concurrent.ThreadPoolExecutor.runWorker(ThreadPoolExecutor.java:1090) ~[na:na]
	at java.base/java.util.concurrent.ThreadPoolExecutor$Worker.run(ThreadPoolExecutor.java:614) ~[na:na]
	at java.base/java.lang.Thread.run(Thread.java:1516) ~[na:na]

2026-08-12T09:28:25.366+05:30  WARN 21780 --- [shiptrack-backend] [MessageBroker-1] com.shiptrack.service.GeocodingService   : Geoapify routing failed, trying OSRM fallback...
Hibernate: 
    select
        u1_0.id,
        u1_0.created_at,
        u1_0.email,
        u1_0.name,
        u1_0.password,
        u1_0.phone,
        u1_0.role 
    from
        users u1_0 
    where
        u1_0.email=?
Hibernate: 
    select
        u1_0.id 
    from
        users u1_0 
    where
        u1_0.email=? 
    fetch
        first ? rows only
Hibernate: 
    insert 
    into
        users
        (created_at, email, name, password, phone, role) 
    values
        (?, ?, ?, ?, ?, ?)
Hibernate: 
    select
        u1_0.id,
        u1_0.created_at,
        u1_0.email,
        u1_0.name,
        u1_0.password,
        u1_0.phone,
        u1_0.role 
    from
        users u1_0 
    where
        u1_0.email=?
Hibernate: 
    select
        u1_0.id 
    from
        users u1_0 
    where
        u1_0.email=? 
    fetch
        first ? rows only
Hibernate: 
    insert 
    into
        users
        (created_at, email, name, password, phone, role) 
    values
        (?, ?, ?, ?, ?, ?)
Hibernate: 
    select
        u1_0.id,
        u1_0.created_at,
        u1_0.email,
        u1_0.name,
        u1_0.password,
        u1_0.phone,
        u1_0.role 
    from
        users u1_0 
    where
        u1_0.email=?
Hibernate: 
    select
        u1_0.id,
        u1_0.created_at,
        u1_0.email,
        u1_0.name,
        u1_0.password,
        u1_0.phone,
        u1_0.role 
    from
        users u1_0 
    where
        u1_0.email=?
Hibernate: 
    select
        u1_0.id,
        u1_0.created_at,
        u1_0.email,
        u1_0.name,
        u1_0.password,
        u1_0.phone,
        u1_0.role 
    from
        users u1_0 
    where
        u1_0.email=?
2026-08-12T09:28:26.953+05:30  INFO 21780 --- [shiptrack-backend] [MessageBroker-1] com.shiptrack.service.GeocodingService   : OSRM route found: 542.2 km, 420 min
2026-08-12T09:28:26.953+05:30  WARN 21780 --- [shiptrack-backend] [MessageBroker-1] com.shiptrack.service.EtaService         : Failed to recalculate ETA for shipment 22

org.springframework.dao.InvalidDataAccessApiUsageException: Executing an update/delete query
	at org.springframework.orm.jpa.EntityManagerFactoryUtils.convertJpaAccessExceptionIfPossible(EntityManagerFactoryUtils.java:400) ~[spring-orm-6.2.8.jar:6.2.8]
	at org.springframework.orm.jpa.vendor.HibernateJpaDialect.translateExceptionIfPossible(HibernateJpaDialect.java:246) ~[spring-orm-6.2.8.jar:6.2.8]
	at org.springframework.orm.jpa.AbstractEntityManagerFactoryBean.translateExceptionIfPossible(AbstractEntityManagerFactoryBean.java:560) ~[spring-orm-6.2.8.jar:6.2.8]
	at org.springframework.dao.support.ChainedPersistenceExceptionTranslator.translateExceptionIfPossible(ChainedPersistenceExceptionTranslator.java:61) ~[spring-tx-6.2.8.jar:6.2.8]
	at org.springframework.dao.support.DataAccessUtils.translateIfNecessary(DataAccessUtils.java:343) ~[spring-tx-6.2.8.jar:6.2.8]
	at org.springframework.dao.support.PersistenceExceptionTranslationInterceptor.invoke(PersistenceExceptionTranslationInterceptor.java:160) ~[spring-tx-6.2.8.jar:6.2.8]
	at org.springframework.aop.framework.ReflectiveMethodInvocation.proceed(ReflectiveMethodInvocation.java:184) ~[spring-aop-6.2.8.jar:6.2.8]
	at org.springframework.data.jpa.repository.support.CrudMethodMetadataPostProcessor$CrudMethodMetadataPopulatingMethodInterceptor.invoke(CrudMethodMetadataPostProcessor.java:136) ~[spring-data-jpa-3.5.1.jar:3.5.1]
	at org.springframework.aop.framework.ReflectiveMethodInvocation.proceed(ReflectiveMethodInvocation.java:184) ~[spring-aop-6.2.8.jar:6.2.8]
	at org.springframework.aop.framework.JdkDynamicAopProxy.invoke(JdkDynamicAopProxy.java:223) ~[spring-aop-6.2.8.jar:6.2.8]
	at jdk.proxy4/jdk.proxy4.$Proxy147.updateEtaFields(Unknown Source) ~[na:na]
	at com.shiptrack.service.EtaService.calculateEta(EtaService.java:103) ~[classes/:na]
	at com.shiptrack.service.EtaService.recalculateActiveEtas(EtaService.java:130) ~[classes/:na]
	at java.base/jdk.internal.reflect.DirectMethodHandleAccessor.invoke(DirectMethodHandleAccessor.java:104) ~[na:na]
	at java.base/java.lang.reflect.Method.invoke(Method.java:565) ~[na:na]
	at org.springframework.aop.support.AopUtils.invokeJoinpointUsingReflection(AopUtils.java:359) ~[spring-aop-6.2.8.jar:6.2.8]
	at org.springframework.aop.framework.CglibAopProxy$DynamicAdvisedInterceptor.intercept(CglibAopProxy.java:724) ~[spring-aop-6.2.8.jar:6.2.8]
	at com.shiptrack.service.EtaService$$SpringCGLIB$$0.recalculateActiveEtas(<generated>) ~[classes/:na]
	at java.base/jdk.internal.reflect.DirectMethodHandleAccessor.invoke(DirectMethodHandleAccessor.java:104) ~[na:na]
	at java.base/java.lang.reflect.Method.invoke(Method.java:565) ~[na:na]
	at org.springframework.scheduling.support.ScheduledMethodRunnable.runInternal(ScheduledMethodRunnable.java:130) ~[spring-context-6.2.8.jar:6.2.8]
	at org.springframework.scheduling.support.ScheduledMethodRunnable.lambda$run$2(ScheduledMethodRunnable.java:124) ~[spring-context-6.2.8.jar:6.2.8]
	at io.micrometer.observation.Observation.observe(Observation.java:498) ~[micrometer-observation-1.15.1.jar:1.15.1]
	at org.springframework.scheduling.support.ScheduledMethodRunnable.run(ScheduledMethodRunnable.java:124) ~[spring-context-6.2.8.jar:6.2.8]
	at org.springframework.scheduling.config.Task$OutcomeTrackingRunnable.run(Task.java:85) ~[spring-context-6.2.8.jar:6.2.8]
	at org.springframework.scheduling.support.DelegatingErrorHandlingRunnable.run(DelegatingErrorHandlingRunnable.java:54) ~[spring-context-6.2.8.jar:6.2.8]
	at java.base/java.util.concurrent.Executors$RunnableAdapter.call(Executors.java:545) ~[na:na]
	at java.base/java.util.concurrent.FutureTask.runAndReset(FutureTask.java:371) ~[na:na]
	at java.base/java.util.concurrent.ScheduledThreadPoolExecutor$ScheduledFutureTask.run(ScheduledThreadPoolExecutor.java:310) ~[na:na]
	at java.base/java.util.concurrent.ThreadPoolExecutor.runWorker(ThreadPoolExecutor.java:1090) ~[na:na]
	at java.base/java.util.concurrent.ThreadPoolExecutor$Worker.run(ThreadPoolExecutor.java:614) ~[na:na]
	at java.base/java.lang.Thread.run(Thread.java:1516) ~[na:na]
Caused by: jakarta.persistence.TransactionRequiredException: Executing an update/delete query
	at org.hibernate.internal.AbstractSharedSessionContract.checkTransactionNeededForUpdateOperation(AbstractSharedSessionContract.java:560) ~[hibernate-core-6.6.18.Final.jar:6.6.18.Final]
	at org.hibernate.query.sqm.internal.QuerySqmImpl.executeUpdate(QuerySqmImpl.java:489) ~[hibernate-core-6.6.18.Final.jar:6.6.18.Final]
	at java.base/jdk.internal.reflect.DirectMethodHandleAccessor.invoke(DirectMethodHandleAccessor.java:104) ~[na:na]
	at java.base/java.lang.reflect.Method.invoke(Method.java:565) ~[na:na]
	at org.springframework.orm.jpa.SharedEntityManagerCreator$DeferredQueryInvocationHandler.invoke(SharedEntityManagerCreator.java:419) ~[spring-orm-6.2.8.jar:6.2.8]
	at jdk.proxy4/jdk.proxy4.$Proxy169.executeUpdate(Unknown Source) ~[na:na]
	at org.springframework.data.jpa.repository.query.JpaQueryExecution$ModifyingExecution.doExecute(JpaQueryExecution.java:267) ~[spring-data-jpa-3.5.1.jar:3.5.1]
	at org.springframework.data.jpa.repository.query.JpaQueryExecution.execute(JpaQueryExecution.java:93) ~[spring-data-jpa-3.5.1.jar:3.5.1]
	at org.springframework.data.jpa.repository.query.AbstractJpaQuery.doExecute(AbstractJpaQuery.java:160) ~[spring-data-jpa-3.5.1.jar:3.5.1]
	at org.springframework.data.jpa.repository.query.AbstractJpaQuery.execute(AbstractJpaQuery.java:148) ~[spring-data-jpa-3.5.1.jar:3.5.1]
	at org.springframework.data.repository.core.support.RepositoryMethodInvoker.doInvoke(RepositoryMethodInvoker.java:170) ~[spring-data-commons-3.5.1.jar:3.5.1]
	at org.springframework.data.repository.core.support.RepositoryMethodInvoker.invoke(RepositoryMethodInvoker.java:158) ~[spring-data-commons-3.5.1.jar:3.5.1]
	at org.springframework.data.repository.core.support.QueryExecutorMethodInterceptor.doInvoke(QueryExecutorMethodInterceptor.java:170) ~[spring-data-commons-3.5.1.jar:3.5.1]
	at org.springframework.data.repository.core.support.QueryExecutorMethodInterceptor.invoke(QueryExecutorMethodInterceptor.java:149) ~[spring-data-commons-3.5.1.jar:3.5.1]
	at org.springframework.aop.framework.ReflectiveMethodInvocation.proceed(ReflectiveMethodInvocation.java:184) ~[spring-aop-6.2.8.jar:6.2.8]
	at org.springframework.data.projection.DefaultMethodInvokingMethodInterceptor.invoke(DefaultMethodInvokingMethodInterceptor.java:69) ~[spring-data-commons-3.5.1.jar:3.5.1]
	at org.springframework.aop.framework.ReflectiveMethodInvocation.proceed(ReflectiveMethodInvocation.java:184) ~[spring-aop-6.2.8.jar:6.2.8]
	at org.springframework.transaction.interceptor.TransactionAspectSupport.invokeWithinTransaction(TransactionAspectSupport.java:380) ~[spring-tx-6.2.8.jar:6.2.8]
	at org.springframework.transaction.interceptor.TransactionInterceptor.invoke(TransactionInterceptor.java:119) ~[spring-tx-6.2.8.jar:6.2.8]
	at org.springframework.aop.framework.ReflectiveMethodInvocation.proceed(ReflectiveMethodInvocation.java:184) ~[spring-aop-6.2.8.jar:6.2.8]
	at org.springframework.dao.support.PersistenceExceptionTranslationInterceptor.invoke(PersistenceExceptionTranslationInterceptor.java:138) ~[spring-tx-6.2.8.jar:6.2.8]
	... 26 common frames omitted

2026-08-12T09:28:30.454+05:30 ERROR 21780 --- [shiptrack-backend] [nio-8080-exec-8] com.shiptrack.service.GeocodingService   : Geoapify routing failed

java.lang.ClassCastException: class java.util.ArrayList cannot be cast to class java.lang.Number (java.util.ArrayList and java.lang.Number are in module java.base of loader 'bootstrap')
	at com.shiptrack.service.GeocodingService.lambda$coordsToPolyline$0(GeocodingService.java:240) ~[classes/:na]
	at java.base/java.util.stream.ReferencePipeline$3$1.accept(ReferencePipeline.java:214) ~[na:na]
	at java.base/java.util.ArrayList$ArrayListSpliterator.forEachRemaining(ArrayList.java:1724) ~[na:na]
	at java.base/java.util.stream.AbstractPipeline.copyInto(AbstractPipeline.java:570) ~[na:na]
	at java.base/java.util.stream.AbstractPipeline.wrapAndCopyInto(AbstractPipeline.java:560) ~[na:na]
	at java.base/java.util.stream.AbstractPipeline.evaluate(AbstractPipeline.java:635) ~[na:na]
	at java.base/java.util.stream.AbstractPipeline.evaluateToArrayNode(AbstractPipeline.java:291) ~[na:na]
	at java.base/java.util.stream.ReferencePipeline.toArray(ReferencePipeline.java:652) ~[na:na]
	at java.base/java.util.stream.ReferencePipeline.toArray(ReferencePipeline.java:658) ~[na:na]
	at java.base/java.util.stream.ReferencePipeline.toList(ReferencePipeline.java:663) ~[na:na]
	at com.shiptrack.service.GeocodingService.coordsToPolyline(GeocodingService.java:243) ~[classes/:na]
	at com.shiptrack.service.GeocodingService.routeWithGeoapify(GeocodingService.java:179) ~[classes/:na]
	at com.shiptrack.service.GeocodingService.calculateRoute(GeocodingService.java:142) ~[classes/:na]
	at com.shiptrack.service.ShipmentService.createShipment(ShipmentService.java:190) ~[classes/:na]
	at java.base/jdk.internal.reflect.DirectMethodHandleAccessor.invoke(DirectMethodHandleAccessor.java:104) ~[na:na]
	at java.base/java.lang.reflect.Method.invoke(Method.java:565) ~[na:na]
	at org.springframework.aop.support.AopUtils.invokeJoinpointUsingReflection(AopUtils.java:359) ~[spring-aop-6.2.8.jar:6.2.8]
	at org.springframework.aop.framework.ReflectiveMethodInvocation.invokeJoinpoint(ReflectiveMethodInvocation.java:196) ~[spring-aop-6.2.8.jar:6.2.8]
	at org.springframework.aop.framework.ReflectiveMethodInvocation.proceed(ReflectiveMethodInvocation.java:163) ~[spring-aop-6.2.8.jar:6.2.8]
	at org.springframework.transaction.interceptor.TransactionAspectSupport.invokeWithinTransaction(TransactionAspectSupport.java:380) ~[spring-tx-6.2.8.jar:6.2.8]
	at org.springframework.transaction.interceptor.TransactionInterceptor.invoke(TransactionInterceptor.java:119) ~[spring-tx-6.2.8.jar:6.2.8]
	at org.springframework.aop.framework.ReflectiveMethodInvocation.proceed(ReflectiveMethodInvocation.java:184) ~[spring-aop-6.2.8.jar:6.2.8]
	at org.springframework.aop.framework.CglibAopProxy$DynamicAdvisedInterceptor.intercept(CglibAopProxy.java:728) ~[spring-aop-6.2.8.jar:6.2.8]
	at com.shiptrack.service.ShipmentService$$SpringCGLIB$$0.createShipment(<generated>) ~[classes/:na]
	at com.shiptrack.controller.ShipmentController.createShipment(ShipmentController.java:34) ~[classes/:na]
	at java.base/jdk.internal.reflect.DirectMethodHandleAccessor.invoke(DirectMethodHandleAccessor.java:104) ~[na:na]
	at java.base/java.lang.reflect.Method.invoke(Method.java:565) ~[na:na]
	at org.springframework.web.method.support.InvocableHandlerMethod.doInvoke(InvocableHandlerMethod.java:258) ~[spring-web-6.2.8.jar:6.2.8]
	at org.springframework.web.method.support.InvocableHandlerMethod.invokeForRequest(InvocableHandlerMethod.java:191) ~[spring-web-6.2.8.jar:6.2.8]
	at org.springframework.web.servlet.mvc.method.annotation.ServletInvocableHandlerMethod.invokeAndHandle(ServletInvocableHandlerMethod.java:118) ~[spring-webmvc-6.2.8.jar:6.2.8]
	at org.springframework.web.servlet.mvc.method.annotation.RequestMappingHandlerAdapter.invokeHandlerMethod(RequestMappingHandlerAdapter.java:986) ~[spring-webmvc-6.2.8.jar:6.2.8]
	at org.springframework.web.servlet.mvc.method.annotation.RequestMappingHandlerAdapter.handleInternal(RequestMappingHandlerAdapter.java:891) ~[spring-webmvc-6.2.8.jar:6.2.8]
	at org.springframework.web.servlet.mvc.method.AbstractHandlerMethodAdapter.handle(AbstractHandlerMethodAdapter.java:87) ~[spring-webmvc-6.2.8.jar:6.2.8]
	at org.springframework.web.servlet.DispatcherServlet.doDispatch(DispatcherServlet.java:1089) ~[spring-webmvc-6.2.8.jar:6.2.8]
	at org.springframework.web.servlet.DispatcherServlet.doService(DispatcherServlet.java:979) ~[spring-webmvc-6.2.8.jar:6.2.8]
	at org.springframework.web.servlet.FrameworkServlet.processRequest(FrameworkServlet.java:1014) ~[spring-webmvc-6.2.8.jar:6.2.8]
	at org.springframework.web.servlet.FrameworkServlet.doPost(FrameworkServlet.java:914) ~[spring-webmvc-6.2.8.jar:6.2.8]
	at jakarta.servlet.http.HttpServlet.service(HttpServlet.java:590) ~[tomcat-embed-core-10.1.42.jar:6.0]
	at org.springframework.web.servlet.FrameworkServlet.service(FrameworkServlet.java:885) ~[spring-webmvc-6.2.8.jar:6.2.8]
	at jakarta.servlet.http.HttpServlet.service(HttpServlet.java:658) ~[tomcat-embed-core-10.1.42.jar:6.0]
	at org.apache.catalina.core.ApplicationFilterChain.internalDoFilter(ApplicationFilterChain.java:195) ~[tomcat-embed-core-10.1.42.jar:10.1.42]
	at org.apache.catalina.core.ApplicationFilterChain.doFilter(ApplicationFilterChain.java:140) ~[tomcat-embed-core-10.1.42.jar:10.1.42]
	at org.apache.tomcat.websocket.server.WsFilter.doFilter(WsFilter.java:51) ~[tomcat-embed-websocket-10.1.42.jar:10.1.42]
	at org.apache.catalina.core.ApplicationFilterChain.internalDoFilter(ApplicationFilterChain.java:164) ~[tomcat-embed-core-10.1.42.jar:10.1.42]
	at org.apache.catalina.core.ApplicationFilterChain.doFilter(ApplicationFilterChain.java:140) ~[tomcat-embed-core-10.1.42.jar:10.1.42]
	at org.springframework.web.filter.OncePerRequestFilter.doFilter(OncePerRequestFilter.java:110) ~[spring-web-6.2.8.jar:6.2.8]
	at org.apache.catalina.core.ApplicationFilterChain.internalDoFilter(ApplicationFilterChain.java:164) ~[tomcat-embed-core-10.1.42.jar:10.1.42]
	at org.apache.catalina.core.ApplicationFilterChain.doFilter(ApplicationFilterChain.java:140) ~[tomcat-embed-core-10.1.42.jar:10.1.42]
	at org.springframework.web.filter.CompositeFilter$VirtualFilterChain.doFilter(CompositeFilter.java:108) ~[spring-web-6.2.8.jar:6.2.8]
	at org.springframework.web.filter.CompositeFilter$VirtualFilterChain.doFilter(CompositeFilter.java:108) ~[spring-web-6.2.8.jar:6.2.8]
	at org.springframework.security.web.FilterChainProxy.lambda$doFilterInternal$3(FilterChainProxy.java:231) ~[spring-security-web-6.5.1.jar:6.5.1]
	at org.springframework.security.web.FilterChainProxy$VirtualFilterChain.doFilter(FilterChainProxy.java:365) ~[spring-security-web-6.5.1.jar:6.5.1]
	at org.springframework.security.web.access.intercept.AuthorizationFilter.doFilter(AuthorizationFilter.java:101) ~[spring-security-web-6.5.1.jar:6.5.1]
	at org.springframework.security.web.FilterChainProxy$VirtualFilterChain.doFilter(FilterChainProxy.java:374) ~[spring-security-web-6.5.1.jar:6.5.1]
	at org.springframework.security.web.access.ExceptionTranslationFilter.doFilter(ExceptionTranslationFilter.java:125) ~[spring-security-web-6.5.1.jar:6.5.1]
	at org.springframework.security.web.access.ExceptionTranslationFilter.doFilter(ExceptionTranslationFilter.java:119) ~[spring-security-web-6.5.1.jar:6.5.1]
	at org.springframework.security.web.FilterChainProxy$VirtualFilterChain.doFilter(FilterChainProxy.java:374) ~[spring-security-web-6.5.1.jar:6.5.1]
	at org.springframework.security.web.session.SessionManagementFilter.doFilter(SessionManagementFilter.java:131) ~[spring-security-web-6.5.1.jar:6.5.1]
	at org.springframework.security.web.session.SessionManagementFilter.doFilter(SessionManagementFilter.java:85) ~[spring-security-web-6.5.1.jar:6.5.1]
	at org.springframework.security.web.FilterChainProxy$VirtualFilterChain.doFilter(FilterChainProxy.java:374) ~[spring-security-web-6.5.1.jar:6.5.1]
	at org.springframework.security.web.authentication.AnonymousAuthenticationFilter.doFilter(AnonymousAuthenticationFilter.java:100) ~[spring-security-web-6.5.1.jar:6.5.1]
	at org.springframework.security.web.FilterChainProxy$VirtualFilterChain.doFilter(FilterChainProxy.java:374) ~[spring-security-web-6.5.1.jar:6.5.1]
	at org.springframework.security.web.servletapi.SecurityContextHolderAwareRequestFilter.doFilter(SecurityContextHolderAwareRequestFilter.java:179) ~[spring-security-web-6.5.1.jar:6.5.1]
	at org.springframework.security.web.FilterChainProxy$VirtualFilterChain.doFilter(FilterChainProxy.java:374) ~[spring-security-web-6.5.1.jar:6.5.1]
	at org.springframework.security.web.savedrequest.RequestCacheAwareFilter.doFilter(RequestCacheAwareFilter.java:63) ~[spring-security-web-6.5.1.jar:6.5.1]
	at org.springframework.security.web.FilterChainProxy$VirtualFilterChain.doFilter(FilterChainProxy.java:374) ~[spring-security-web-6.5.1.jar:6.5.1]
	at com.shiptrack.security.JwtAuthenticationFilter.doFilterInternal(JwtAuthenticationFilter.java:67) ~[classes/:na]
	at org.springframework.web.filter.OncePerRequestFilter.doFilter(OncePerRequestFilter.java:116) ~[spring-web-6.2.8.jar:6.2.8]
	at org.springframework.security.web.FilterChainProxy$VirtualFilterChain.doFilter(FilterChainProxy.java:374) ~[spring-security-web-6.5.1.jar:6.5.1]
	at org.springframework.security.web.authentication.logout.LogoutFilter.doFilter(LogoutFilter.java:107) ~[spring-security-web-6.5.1.jar:6.5.1]
	at org.springframework.security.web.authentication.logout.LogoutFilter.doFilter(LogoutFilter.java:93) ~[spring-security-web-6.5.1.jar:6.5.1]
	at org.springframework.security.web.FilterChainProxy$VirtualFilterChain.doFilter(FilterChainProxy.java:374) ~[spring-security-web-6.5.1.jar:6.5.1]
	at org.springframework.web.filter.CorsFilter.doFilterInternal(CorsFilter.java:91) ~[spring-web-6.2.8.jar:6.2.8]
	at org.springframework.web.filter.OncePerRequestFilter.doFilter(OncePerRequestFilter.java:116) ~[spring-web-6.2.8.jar:6.2.8]
	at org.springframework.security.web.FilterChainProxy$VirtualFilterChain.doFilter(FilterChainProxy.java:374) ~[spring-security-web-6.5.1.jar:6.5.1]
	at org.springframework.security.web.header.HeaderWriterFilter.doHeadersAfter(HeaderWriterFilter.java:90) ~[spring-security-web-6.5.1.jar:6.5.1]
	at org.springframework.security.web.header.HeaderWriterFilter.doFilterInternal(HeaderWriterFilter.java:75) ~[spring-security-web-6.5.1.jar:6.5.1]
	at org.springframework.web.filter.OncePerRequestFilter.doFilter(OncePerRequestFilter.java:116) ~[spring-web-6.2.8.jar:6.2.8]
	at org.springframework.security.web.FilterChainProxy$VirtualFilterChain.doFilter(FilterChainProxy.java:374) ~[spring-security-web-6.5.1.jar:6.5.1]
	at org.springframework.security.web.context.SecurityContextHolderFilter.doFilter(SecurityContextHolderFilter.java:82) ~[spring-security-web-6.5.1.jar:6.5.1]
	at org.springframework.security.web.context.SecurityContextHolderFilter.doFilter(SecurityContextHolderFilter.java:69) ~[spring-security-web-6.5.1.jar:6.5.1]
	at org.springframework.security.web.FilterChainProxy$VirtualFilterChain.doFilter(FilterChainProxy.java:374) ~[spring-security-web-6.5.1.jar:6.5.1]
	at org.springframework.security.web.context.request.async.WebAsyncManagerIntegrationFilter.doFilterInternal(WebAsyncManagerIntegrationFilter.java:62) ~[spring-security-web-6.5.1.jar:6.5.1]
	at org.springframework.web.filter.OncePerRequestFilter.doFilter(OncePerRequestFilter.java:116) ~[spring-web-6.2.8.jar:6.2.8]
	at org.springframework.security.web.FilterChainProxy$VirtualFilterChain.doFilter(FilterChainProxy.java:374) ~[spring-security-web-6.5.1.jar:6.5.1]
	at org.springframework.security.web.session.DisableEncodeUrlFilter.doFilterInternal(DisableEncodeUrlFilter.java:42) ~[spring-security-web-6.5.1.jar:6.5.1]
	at org.springframework.web.filter.OncePerRequestFilter.doFilter(OncePerRequestFilter.java:116) ~[spring-web-6.2.8.jar:6.2.8]
	at org.springframework.security.web.FilterChainProxy$VirtualFilterChain.doFilter(FilterChainProxy.java:374) ~[spring-security-web-6.5.1.jar:6.5.1]
	at org.springframework.security.web.FilterChainProxy.doFilterInternal(FilterChainProxy.java:233) ~[spring-security-web-6.5.1.jar:6.5.1]
	at org.springframework.security.web.FilterChainProxy.doFilter(FilterChainProxy.java:191) ~[spring-security-web-6.5.1.jar:6.5.1]
	at org.springframework.web.filter.CompositeFilter$VirtualFilterChain.doFilter(CompositeFilter.java:113) ~[spring-web-6.2.8.jar:6.2.8]
	at org.springframework.web.filter.ServletRequestPathFilter.doFilter(ServletRequestPathFilter.java:52) ~[spring-web-6.2.8.jar:6.2.8]
	at org.springframework.web.filter.CompositeFilter$VirtualFilterChain.doFilter(CompositeFilter.java:113) ~[spring-web-6.2.8.jar:6.2.8]
	at org.springframework.web.filter.CompositeFilter.doFilter(CompositeFilter.java:74) ~[spring-web-6.2.8.jar:6.2.8]
	at org.springframework.security.config.annotation.web.configuration.WebSecurityConfiguration$CompositeFilterChainProxy.doFilter(WebSecurityConfiguration.java:319) ~[spring-security-config-6.5.1.jar:6.5.1]
	at org.springframework.web.filter.CompositeFilter$VirtualFilterChain.doFilter(CompositeFilter.java:113) ~[spring-web-6.2.8.jar:6.2.8]
	at org.springframework.web.servlet.handler.HandlerMappingIntrospector.lambda$createCacheFilter$4(HandlerMappingIntrospector.java:267) ~[spring-webmvc-6.2.8.jar:6.2.8]
	at org.springframework.web.filter.CompositeFilter$VirtualFilterChain.doFilter(CompositeFilter.java:113) ~[spring-web-6.2.8.jar:6.2.8]
	at org.springframework.web.filter.CompositeFilter.doFilter(CompositeFilter.java:74) ~[spring-web-6.2.8.jar:6.2.8]
	at org.springframework.security.config.annotation.web.configuration.WebMvcSecurityConfiguration$CompositeFilterChainProxy.doFilter(WebMvcSecurityConfiguration.java:240) ~[spring-security-config-6.5.1.jar:6.5.1]
	at org.springframework.web.filter.DelegatingFilterProxy.invokeDelegate(DelegatingFilterProxy.java:362) ~[spring-web-6.2.8.jar:6.2.8]
	at org.springframework.web.filter.DelegatingFilterProxy.doFilter(DelegatingFilterProxy.java:278) ~[spring-web-6.2.8.jar:6.2.8]
	at org.apache.catalina.core.ApplicationFilterChain.internalDoFilter(ApplicationFilterChain.java:164) ~[tomcat-embed-core-10.1.42.jar:10.1.42]
	at org.apache.catalina.core.ApplicationFilterChain.doFilter(ApplicationFilterChain.java:140) ~[tomcat-embed-core-10.1.42.jar:10.1.42]
	at org.springframework.web.filter.RequestContextFilter.doFilterInternal(RequestContextFilter.java:100) ~[spring-web-6.2.8.jar:6.2.8]
	at org.springframework.web.filter.OncePerRequestFilter.doFilter(OncePerRequestFilter.java:116) ~[spring-web-6.2.8.jar:6.2.8]
	at org.apache.catalina.core.ApplicationFilterChain.internalDoFilter(ApplicationFilterChain.java:164) ~[tomcat-embed-core-10.1.42.jar:10.1.42]
	at org.apache.catalina.core.ApplicationFilterChain.doFilter(ApplicationFilterChain.java:140) ~[tomcat-embed-core-10.1.42.jar:10.1.42]
	at org.springframework.web.filter.FormContentFilter.doFilterInternal(FormContentFilter.java:93) ~[spring-web-6.2.8.jar:6.2.8]
	at org.springframework.web.filter.OncePerRequestFilter.doFilter(OncePerRequestFilter.java:116) ~[spring-web-6.2.8.jar:6.2.8]
	at org.apache.catalina.core.ApplicationFilterChain.internalDoFilter(ApplicationFilterChain.java:164) ~[tomcat-embed-core-10.1.42.jar:10.1.42]
	at org.apache.catalina.core.ApplicationFilterChain.doFilter(ApplicationFilterChain.java:140) ~[tomcat-embed-core-10.1.42.jar:10.1.42]
	at org.springframework.web.filter.CharacterEncodingFilter.doFilterInternal(CharacterEncodingFilter.java:201) ~[spring-web-6.2.8.jar:6.2.8]
	at org.springframework.web.filter.OncePerRequestFilter.doFilter(OncePerRequestFilter.java:116) ~[spring-web-6.2.8.jar:6.2.8]
	at org.apache.catalina.core.ApplicationFilterChain.internalDoFilter(ApplicationFilterChain.java:164) ~[tomcat-embed-core-10.1.42.jar:10.1.42]
	at org.apache.catalina.core.ApplicationFilterChain.doFilter(ApplicationFilterChain.java:140) ~[tomcat-embed-core-10.1.42.jar:10.1.42]
	at org.apache.catalina.core.StandardWrapperValve.invoke(StandardWrapperValve.java:167) ~[tomcat-embed-core-10.1.42.jar:10.1.42]
	at org.apache.catalina.core.StandardContextValve.invoke(StandardContextValve.java:90) ~[tomcat-embed-core-10.1.42.jar:10.1.42]
	at org.apache.catalina.authenticator.AuthenticatorBase.invoke(AuthenticatorBase.java:483) ~[tomcat-embed-core-10.1.42.jar:10.1.42]
	at org.apache.catalina.core.StandardHostValve.invoke(StandardHostValve.java:116) ~[tomcat-embed-core-10.1.42.jar:10.1.42]
	at org.apache.catalina.valves.ErrorReportValve.invoke(ErrorReportValve.java:93) ~[tomcat-embed-core-10.1.42.jar:10.1.42]
	at org.apache.catalina.core.StandardEngineValve.invoke(StandardEngineValve.java:74) ~[tomcat-embed-core-10.1.42.jar:10.1.42]
	at org.apache.catalina.connector.CoyoteAdapter.service(CoyoteAdapter.java:344) ~[tomcat-embed-core-10.1.42.jar:10.1.42]
	at org.apache.coyote.http11.Http11Processor.service(Http11Processor.java:398) ~[tomcat-embed-core-10.1.42.jar:10.1.42]
	at org.apache.coyote.AbstractProcessorLight.process(AbstractProcessorLight.java:63) ~[tomcat-embed-core-10.1.42.jar:10.1.42]
	at org.apache.coyote.AbstractProtocol$ConnectionHandler.process(AbstractProtocol.java:903) ~[tomcat-embed-core-10.1.42.jar:10.1.42]
	at org.apache.tomcat.util.net.NioEndpoint$SocketProcessor.doRun(NioEndpoint.java:1769) ~[tomcat-embed-core-10.1.42.jar:10.1.42]
	at org.apache.tomcat.util.net.SocketProcessorBase.run(SocketProcessorBase.java:52) ~[tomcat-embed-core-10.1.42.jar:10.1.42]
	at org.apache.tomcat.util.threads.ThreadPoolExecutor.runWorker(ThreadPoolExecutor.java:1189) ~[tomcat-embed-core-10.1.42.jar:10.1.42]
	at org.apache.tomcat.util.threads.ThreadPoolExecutor$Worker.run(ThreadPoolExecutor.java:658) ~[tomcat-embed-core-10.1.42.jar:10.1.42]
	at org.apache.tomcat.util.threads.TaskThread$WrappingRunnable.run(TaskThread.java:63) ~[tomcat-embed-core-10.1.42.jar:10.1.42]
	at java.base/java.lang.Thread.run(Thread.java:1516) ~[na:na]

2026-08-12T09:28:30.458+05:30  WARN 21780 --- [shiptrack-backend] [nio-8080-exec-8] com.shiptrack.service.GeocodingService   : Geoapify routing failed, trying OSRM fallback...
2026-08-12T09:28:31.416+05:30  INFO 21780 --- [shiptrack-backend] [nio-8080-exec-8] com.shiptrack.service.GeocodingService   : OSRM route found: 4.8 km, 7 min
Hibernate: 
    select
        s1_0.id 
    from
        shipments s1_0 
    where
        s1_0.tracking_number=? 
    fetch
        first ? rows only
Hibernate: 
    insert 
    into
        shipments
        (actual_delivery_time, created_at, created_by, delivery_address, destination_latitude, destination_longitude, estimated_delivery_time, estimated_duration, origin_latitude, origin_longitude, receiver_name, route_polyline, sender_address, sender_name, status, total_distance, tracking_number) 
    values
        (?, ?, ?, ?, ?, ?, ?, ?, ?, ?, ?, ?, ?, ?, ?, ?, ?)
Hibernate: 
    insert 
    into
        tracking_events
        (latitude, longitude, recorded_at, shipment_id, status) 
    values
        (?, ?, ?, ?, ?)
2026-08-12T09:28:32.057+05:30 ERROR 21780 --- [shiptrack-backend] [nio-8080-exec-8] com.shiptrack.service.GeocodingService   : Geoapify routing failed

java.lang.ClassCastException: class java.util.ArrayList cannot be cast to class java.lang.Number (java.util.ArrayList and java.lang.Number are in module java.base of loader 'bootstrap')
	at com.shiptrack.service.GeocodingService.lambda$coordsToPolyline$0(GeocodingService.java:240) ~[classes/:na]
	at java.base/java.util.stream.ReferencePipeline$3$1.accept(ReferencePipeline.java:214) ~[na:na]
	at java.base/java.util.ArrayList$ArrayListSpliterator.forEachRemaining(ArrayList.java:1724) ~[na:na]
	at java.base/java.util.stream.AbstractPipeline.copyInto(AbstractPipeline.java:570) ~[na:na]
	at java.base/java.util.stream.AbstractPipeline.wrapAndCopyInto(AbstractPipeline.java:560) ~[na:na]
	at java.base/java.util.stream.AbstractPipeline.evaluate(AbstractPipeline.java:635) ~[na:na]
	at java.base/java.util.stream.AbstractPipeline.evaluateToArrayNode(AbstractPipeline.java:291) ~[na:na]
	at java.base/java.util.stream.ReferencePipeline.toArray(ReferencePipeline.java:652) ~[na:na]
	at java.base/java.util.stream.ReferencePipeline.toArray(ReferencePipeline.java:658) ~[na:na]
	at java.base/java.util.stream.ReferencePipeline.toList(ReferencePipeline.java:663) ~[na:na]
	at com.shiptrack.service.GeocodingService.coordsToPolyline(GeocodingService.java:243) ~[classes/:na]
	at com.shiptrack.service.GeocodingService.routeWithGeoapify(GeocodingService.java:179) ~[classes/:na]
	at com.shiptrack.service.GeocodingService.calculateRoute(GeocodingService.java:142) ~[classes/:na]
	at com.shiptrack.service.ForecastService.generateForecast(ForecastService.java:46) ~[classes/:na]
	at com.shiptrack.service.ShipmentService.createShipment(ShipmentService.java:229) ~[classes/:na]
	at java.base/jdk.internal.reflect.DirectMethodHandleAccessor.invoke(DirectMethodHandleAccessor.java:104) ~[na:na]
	at java.base/java.lang.reflect.Method.invoke(Method.java:565) ~[na:na]
	at org.springframework.aop.support.AopUtils.invokeJoinpointUsingReflection(AopUtils.java:359) ~[spring-aop-6.2.8.jar:6.2.8]
	at org.springframework.aop.framework.ReflectiveMethodInvocation.invokeJoinpoint(ReflectiveMethodInvocation.java:196) ~[spring-aop-6.2.8.jar:6.2.8]
	at org.springframework.aop.framework.ReflectiveMethodInvocation.proceed(ReflectiveMethodInvocation.java:163) ~[spring-aop-6.2.8.jar:6.2.8]
	at org.springframework.transaction.interceptor.TransactionAspectSupport.invokeWithinTransaction(TransactionAspectSupport.java:380) ~[spring-tx-6.2.8.jar:6.2.8]
	at org.springframework.transaction.interceptor.TransactionInterceptor.invoke(TransactionInterceptor.java:119) ~[spring-tx-6.2.8.jar:6.2.8]
	at org.springframework.aop.framework.ReflectiveMethodInvocation.proceed(ReflectiveMethodInvocation.java:184) ~[spring-aop-6.2.8.jar:6.2.8]
	at org.springframework.aop.framework.CglibAopProxy$DynamicAdvisedInterceptor.intercept(CglibAopProxy.java:728) ~[spring-aop-6.2.8.jar:6.2.8]
	at com.shiptrack.service.ShipmentService$$SpringCGLIB$$0.createShipment(<generated>) ~[classes/:na]
	at com.shiptrack.controller.ShipmentController.createShipment(ShipmentController.java:34) ~[classes/:na]
	at java.base/jdk.internal.reflect.DirectMethodHandleAccessor.invoke(DirectMethodHandleAccessor.java:104) ~[na:na]
	at java.base/java.lang.reflect.Method.invoke(Method.java:565) ~[na:na]
	at org.springframework.web.method.support.InvocableHandlerMethod.doInvoke(InvocableHandlerMethod.java:258) ~[spring-web-6.2.8.jar:6.2.8]
	at org.springframework.web.method.support.InvocableHandlerMethod.invokeForRequest(InvocableHandlerMethod.java:191) ~[spring-web-6.2.8.jar:6.2.8]
	at org.springframework.web.servlet.mvc.method.annotation.ServletInvocableHandlerMethod.invokeAndHandle(ServletInvocableHandlerMethod.java:118) ~[spring-webmvc-6.2.8.jar:6.2.8]
	at org.springframework.web.servlet.mvc.method.annotation.RequestMappingHandlerAdapter.invokeHandlerMethod(RequestMappingHandlerAdapter.java:986) ~[spring-webmvc-6.2.8.jar:6.2.8]
	at org.springframework.web.servlet.mvc.method.annotation.RequestMappingHandlerAdapter.handleInternal(RequestMappingHandlerAdapter.java:891) ~[spring-webmvc-6.2.8.jar:6.2.8]
	at org.springframework.web.servlet.mvc.method.AbstractHandlerMethodAdapter.handle(AbstractHandlerMethodAdapter.java:87) ~[spring-webmvc-6.2.8.jar:6.2.8]
	at org.springframework.web.servlet.DispatcherServlet.doDispatch(DispatcherServlet.java:1089) ~[spring-webmvc-6.2.8.jar:6.2.8]
	at org.springframework.web.servlet.DispatcherServlet.doService(DispatcherServlet.java:979) ~[spring-webmvc-6.2.8.jar:6.2.8]
	at org.springframework.web.servlet.FrameworkServlet.processRequest(FrameworkServlet.java:1014) ~[spring-webmvc-6.2.8.jar:6.2.8]
	at org.springframework.web.servlet.FrameworkServlet.doPost(FrameworkServlet.java:914) ~[spring-webmvc-6.2.8.jar:6.2.8]
	at jakarta.servlet.http.HttpServlet.service(HttpServlet.java:590) ~[tomcat-embed-core-10.1.42.jar:6.0]
	at org.springframework.web.servlet.FrameworkServlet.service(FrameworkServlet.java:885) ~[spring-webmvc-6.2.8.jar:6.2.8]
	at jakarta.servlet.http.HttpServlet.service(HttpServlet.java:658) ~[tomcat-embed-core-10.1.42.jar:6.0]
	at org.apache.catalina.core.ApplicationFilterChain.internalDoFilter(ApplicationFilterChain.java:195) ~[tomcat-embed-core-10.1.42.jar:10.1.42]
	at org.apache.catalina.core.ApplicationFilterChain.doFilter(ApplicationFilterChain.java:140) ~[tomcat-embed-core-10.1.42.jar:10.1.42]
	at org.apache.tomcat.websocket.server.WsFilter.doFilter(WsFilter.java:51) ~[tomcat-embed-websocket-10.1.42.jar:10.1.42]
	at org.apache.catalina.core.ApplicationFilterChain.internalDoFilter(ApplicationFilterChain.java:164) ~[tomcat-embed-core-10.1.42.jar:10.1.42]
	at org.apache.catalina.core.ApplicationFilterChain.doFilter(ApplicationFilterChain.java:140) ~[tomcat-embed-core-10.1.42.jar:10.1.42]
	at org.springframework.web.filter.OncePerRequestFilter.doFilter(OncePerRequestFilter.java:110) ~[spring-web-6.2.8.jar:6.2.8]
	at org.apache.catalina.core.ApplicationFilterChain.internalDoFilter(ApplicationFilterChain.java:164) ~[tomcat-embed-core-10.1.42.jar:10.1.42]
	at org.apache.catalina.core.ApplicationFilterChain.doFilter(ApplicationFilterChain.java:140) ~[tomcat-embed-core-10.1.42.jar:10.1.42]
	at org.springframework.web.filter.CompositeFilter$VirtualFilterChain.doFilter(CompositeFilter.java:108) ~[spring-web-6.2.8.jar:6.2.8]
	at org.springframework.web.filter.CompositeFilter$VirtualFilterChain.doFilter(CompositeFilter.java:108) ~[spring-web-6.2.8.jar:6.2.8]
	at org.springframework.security.web.FilterChainProxy.lambda$doFilterInternal$3(FilterChainProxy.java:231) ~[spring-security-web-6.5.1.jar:6.5.1]
	at org.springframework.security.web.FilterChainProxy$VirtualFilterChain.doFilter(FilterChainProxy.java:365) ~[spring-security-web-6.5.1.jar:6.5.1]
	at org.springframework.security.web.access.intercept.AuthorizationFilter.doFilter(AuthorizationFilter.java:101) ~[spring-security-web-6.5.1.jar:6.5.1]
	at org.springframework.security.web.FilterChainProxy$VirtualFilterChain.doFilter(FilterChainProxy.java:374) ~[spring-security-web-6.5.1.jar:6.5.1]
	at org.springframework.security.web.access.ExceptionTranslationFilter.doFilter(ExceptionTranslationFilter.java:125) ~[spring-security-web-6.5.1.jar:6.5.1]
	at org.springframework.security.web.access.ExceptionTranslationFilter.doFilter(ExceptionTranslationFilter.java:119) ~[spring-security-web-6.5.1.jar:6.5.1]
	at org.springframework.security.web.FilterChainProxy$VirtualFilterChain.doFilter(FilterChainProxy.java:374) ~[spring-security-web-6.5.1.jar:6.5.1]
	at org.springframework.security.web.session.SessionManagementFilter.doFilter(SessionManagementFilter.java:131) ~[spring-security-web-6.5.1.jar:6.5.1]
	at org.springframework.security.web.session.SessionManagementFilter.doFilter(SessionManagementFilter.java:85) ~[spring-security-web-6.5.1.jar:6.5.1]
	at org.springframework.security.web.FilterChainProxy$VirtualFilterChain.doFilter(FilterChainProxy.java:374) ~[spring-security-web-6.5.1.jar:6.5.1]
	at org.springframework.security.web.authentication.AnonymousAuthenticationFilter.doFilter(AnonymousAuthenticationFilter.java:100) ~[spring-security-web-6.5.1.jar:6.5.1]
	at org.springframework.security.web.FilterChainProxy$VirtualFilterChain.doFilter(FilterChainProxy.java:374) ~[spring-security-web-6.5.1.jar:6.5.1]
	at org.springframework.security.web.servletapi.SecurityContextHolderAwareRequestFilter.doFilter(SecurityContextHolderAwareRequestFilter.java:179) ~[spring-security-web-6.5.1.jar:6.5.1]
	at org.springframework.security.web.FilterChainProxy$VirtualFilterChain.doFilter(FilterChainProxy.java:374) ~[spring-security-web-6.5.1.jar:6.5.1]
	at org.springframework.security.web.savedrequest.RequestCacheAwareFilter.doFilter(RequestCacheAwareFilter.java:63) ~[spring-security-web-6.5.1.jar:6.5.1]
	at org.springframework.security.web.FilterChainProxy$VirtualFilterChain.doFilter(FilterChainProxy.java:374) ~[spring-security-web-6.5.1.jar:6.5.1]
	at com.shiptrack.security.JwtAuthenticationFilter.doFilterInternal(JwtAuthenticationFilter.java:67) ~[classes/:na]
	at org.springframework.web.filter.OncePerRequestFilter.doFilter(OncePerRequestFilter.java:116) ~[spring-web-6.2.8.jar:6.2.8]
	at org.springframework.security.web.FilterChainProxy$VirtualFilterChain.doFilter(FilterChainProxy.java:374) ~[spring-security-web-6.5.1.jar:6.5.1]
	at org.springframework.security.web.authentication.logout.LogoutFilter.doFilter(LogoutFilter.java:107) ~[spring-security-web-6.5.1.jar:6.5.1]
	at org.springframework.security.web.authentication.logout.LogoutFilter.doFilter(LogoutFilter.java:93) ~[spring-security-web-6.5.1.jar:6.5.1]
	at org.springframework.security.web.FilterChainProxy$VirtualFilterChain.doFilter(FilterChainProxy.java:374) ~[spring-security-web-6.5.1.jar:6.5.1]
	at org.springframework.web.filter.CorsFilter.doFilterInternal(CorsFilter.java:91) ~[spring-web-6.2.8.jar:6.2.8]
	at org.springframework.web.filter.OncePerRequestFilter.doFilter(OncePerRequestFilter.java:116) ~[spring-web-6.2.8.jar:6.2.8]
	at org.springframework.security.web.FilterChainProxy$VirtualFilterChain.doFilter(FilterChainProxy.java:374) ~[spring-security-web-6.5.1.jar:6.5.1]
	at org.springframework.security.web.header.HeaderWriterFilter.doHeadersAfter(HeaderWriterFilter.java:90) ~[spring-security-web-6.5.1.jar:6.5.1]
	at org.springframework.security.web.header.HeaderWriterFilter.doFilterInternal(HeaderWriterFilter.java:75) ~[spring-security-web-6.5.1.jar:6.5.1]
	at org.springframework.web.filter.OncePerRequestFilter.doFilter(OncePerRequestFilter.java:116) ~[spring-web-6.2.8.jar:6.2.8]
	at org.springframework.security.web.FilterChainProxy$VirtualFilterChain.doFilter(FilterChainProxy.java:374) ~[spring-security-web-6.5.1.jar:6.5.1]
	at org.springframework.security.web.context.SecurityContextHolderFilter.doFilter(SecurityContextHolderFilter.java:82) ~[spring-security-web-6.5.1.jar:6.5.1]
	at org.springframework.security.web.context.SecurityContextHolderFilter.doFilter(SecurityContextHolderFilter.java:69) ~[spring-security-web-6.5.1.jar:6.5.1]
	at org.springframework.security.web.FilterChainProxy$VirtualFilterChain.doFilter(FilterChainProxy.java:374) ~[spring-security-web-6.5.1.jar:6.5.1]
	at org.springframework.security.web.context.request.async.WebAsyncManagerIntegrationFilter.doFilterInternal(WebAsyncManagerIntegrationFilter.java:62) ~[spring-security-web-6.5.1.jar:6.5.1]
	at org.springframework.web.filter.OncePerRequestFilter.doFilter(OncePerRequestFilter.java:116) ~[spring-web-6.2.8.jar:6.2.8]
	at org.springframework.security.web.FilterChainProxy$VirtualFilterChain.doFilter(FilterChainProxy.java:374) ~[spring-security-web-6.5.1.jar:6.5.1]
	at org.springframework.security.web.session.DisableEncodeUrlFilter.doFilterInternal(DisableEncodeUrlFilter.java:42) ~[spring-security-web-6.5.1.jar:6.5.1]
	at org.springframework.web.filter.OncePerRequestFilter.doFilter(OncePerRequestFilter.java:116) ~[spring-web-6.2.8.jar:6.2.8]
	at org.springframework.security.web.FilterChainProxy$VirtualFilterChain.doFilter(FilterChainProxy.java:374) ~[spring-security-web-6.5.1.jar:6.5.1]
	at org.springframework.security.web.FilterChainProxy.doFilterInternal(FilterChainProxy.java:233) ~[spring-security-web-6.5.1.jar:6.5.1]
	at org.springframework.security.web.FilterChainProxy.doFilter(FilterChainProxy.java:191) ~[spring-security-web-6.5.1.jar:6.5.1]
	at org.springframework.web.filter.CompositeFilter$VirtualFilterChain.doFilter(CompositeFilter.java:113) ~[spring-web-6.2.8.jar:6.2.8]
	at org.springframework.web.filter.ServletRequestPathFilter.doFilter(ServletRequestPathFilter.java:52) ~[spring-web-6.2.8.jar:6.2.8]
	at org.springframework.web.filter.CompositeFilter$VirtualFilterChain.doFilter(CompositeFilter.java:113) ~[spring-web-6.2.8.jar:6.2.8]
	at org.springframework.web.filter.CompositeFilter.doFilter(CompositeFilter.java:74) ~[spring-web-6.2.8.jar:6.2.8]
	at org.springframework.security.config.annotation.web.configuration.WebSecurityConfiguration$CompositeFilterChainProxy.doFilter(WebSecurityConfiguration.java:319) ~[spring-security-config-6.5.1.jar:6.5.1]
	at org.springframework.web.filter.CompositeFilter$VirtualFilterChain.doFilter(CompositeFilter.java:113) ~[spring-web-6.2.8.jar:6.2.8]
	at org.springframework.web.servlet.handler.HandlerMappingIntrospector.lambda$createCacheFilter$4(HandlerMappingIntrospector.java:267) ~[spring-webmvc-6.2.8.jar:6.2.8]
	at org.springframework.web.filter.CompositeFilter$VirtualFilterChain.doFilter(CompositeFilter.java:113) ~[spring-web-6.2.8.jar:6.2.8]
	at org.springframework.web.filter.CompositeFilter.doFilter(CompositeFilter.java:74) ~[spring-web-6.2.8.jar:6.2.8]
	at org.springframework.security.config.annotation.web.configuration.WebMvcSecurityConfiguration$CompositeFilterChainProxy.doFilter(WebMvcSecurityConfiguration.java:240) ~[spring-security-config-6.5.1.jar:6.5.1]
	at org.springframework.web.filter.DelegatingFilterProxy.invokeDelegate(DelegatingFilterProxy.java:362) ~[spring-web-6.2.8.jar:6.2.8]
	at org.springframework.web.filter.DelegatingFilterProxy.doFilter(DelegatingFilterProxy.java:278) ~[spring-web-6.2.8.jar:6.2.8]
	at org.apache.catalina.core.ApplicationFilterChain.internalDoFilter(ApplicationFilterChain.java:164) ~[tomcat-embed-core-10.1.42.jar:10.1.42]
	at org.apache.catalina.core.ApplicationFilterChain.doFilter(ApplicationFilterChain.java:140) ~[tomcat-embed-core-10.1.42.jar:10.1.42]
	at org.springframework.web.filter.RequestContextFilter.doFilterInternal(RequestContextFilter.java:100) ~[spring-web-6.2.8.jar:6.2.8]
	at org.springframework.web.filter.OncePerRequestFilter.doFilter(OncePerRequestFilter.java:116) ~[spring-web-6.2.8.jar:6.2.8]
	at org.apache.catalina.core.ApplicationFilterChain.internalDoFilter(ApplicationFilterChain.java:164) ~[tomcat-embed-core-10.1.42.jar:10.1.42]
	at org.apache.catalina.core.ApplicationFilterChain.doFilter(ApplicationFilterChain.java:140) ~[tomcat-embed-core-10.1.42.jar:10.1.42]
	at org.springframework.web.filter.FormContentFilter.doFilterInternal(FormContentFilter.java:93) ~[spring-web-6.2.8.jar:6.2.8]
	at org.springframework.web.filter.OncePerRequestFilter.doFilter(OncePerRequestFilter.java:116) ~[spring-web-6.2.8.jar:6.2.8]
	at org.apache.catalina.core.ApplicationFilterChain.internalDoFilter(ApplicationFilterChain.java:164) ~[tomcat-embed-core-10.1.42.jar:10.1.42]
	at org.apache.catalina.core.ApplicationFilterChain.doFilter(ApplicationFilterChain.java:140) ~[tomcat-embed-core-10.1.42.jar:10.1.42]
	at org.springframework.web.filter.CharacterEncodingFilter.doFilterInternal(CharacterEncodingFilter.java:201) ~[spring-web-6.2.8.jar:6.2.8]
	at org.springframework.web.filter.OncePerRequestFilter.doFilter(OncePerRequestFilter.java:116) ~[spring-web-6.2.8.jar:6.2.8]
	at org.apache.catalina.core.ApplicationFilterChain.internalDoFilter(ApplicationFilterChain.java:164) ~[tomcat-embed-core-10.1.42.jar:10.1.42]
	at org.apache.catalina.core.ApplicationFilterChain.doFilter(ApplicationFilterChain.java:140) ~[tomcat-embed-core-10.1.42.jar:10.1.42]
	at org.apache.catalina.core.StandardWrapperValve.invoke(StandardWrapperValve.java:167) ~[tomcat-embed-core-10.1.42.jar:10.1.42]
	at org.apache.catalina.core.StandardContextValve.invoke(StandardContextValve.java:90) ~[tomcat-embed-core-10.1.42.jar:10.1.42]
	at org.apache.catalina.authenticator.AuthenticatorBase.invoke(AuthenticatorBase.java:483) ~[tomcat-embed-core-10.1.42.jar:10.1.42]
	at org.apache.catalina.core.StandardHostValve.invoke(StandardHostValve.java:116) ~[tomcat-embed-core-10.1.42.jar:10.1.42]
	at org.apache.catalina.valves.ErrorReportValve.invoke(ErrorReportValve.java:93) ~[tomcat-embed-core-10.1.42.jar:10.1.42]
	at org.apache.catalina.core.StandardEngineValve.invoke(StandardEngineValve.java:74) ~[tomcat-embed-core-10.1.42.jar:10.1.42]
	at org.apache.catalina.connector.CoyoteAdapter.service(CoyoteAdapter.java:344) ~[tomcat-embed-core-10.1.42.jar:10.1.42]
	at org.apache.coyote.http11.Http11Processor.service(Http11Processor.java:398) ~[tomcat-embed-core-10.1.42.jar:10.1.42]
	at org.apache.coyote.AbstractProcessorLight.process(AbstractProcessorLight.java:63) ~[tomcat-embed-core-10.1.42.jar:10.1.42]
	at org.apache.coyote.AbstractProtocol$ConnectionHandler.process(AbstractProtocol.java:903) ~[tomcat-embed-core-10.1.42.jar:10.1.42]
	at org.apache.tomcat.util.net.NioEndpoint$SocketProcessor.doRun(NioEndpoint.java:1769) ~[tomcat-embed-core-10.1.42.jar:10.1.42]
	at org.apache.tomcat.util.net.SocketProcessorBase.run(SocketProcessorBase.java:52) ~[tomcat-embed-core-10.1.42.jar:10.1.42]
	at org.apache.tomcat.util.threads.ThreadPoolExecutor.runWorker(ThreadPoolExecutor.java:1189) ~[tomcat-embed-core-10.1.42.jar:10.1.42]
	at org.apache.tomcat.util.threads.ThreadPoolExecutor$Worker.run(ThreadPoolExecutor.java:658) ~[tomcat-embed-core-10.1.42.jar:10.1.42]
	at org.apache.tomcat.util.threads.TaskThread$WrappingRunnable.run(TaskThread.java:63) ~[tomcat-embed-core-10.1.42.jar:10.1.42]
	at java.base/java.lang.Thread.run(Thread.java:1516) ~[na:na]

2026-08-12T09:28:32.059+05:30  WARN 21780 --- [shiptrack-backend] [nio-8080-exec-8] com.shiptrack.service.GeocodingService   : Geoapify routing failed, trying OSRM fallback...
2026-08-12T09:28:32.866+05:30  INFO 21780 --- [shiptrack-backend] [nio-8080-exec-8] com.shiptrack.service.GeocodingService   : OSRM route found: 4.8 km, 7 min
Hibernate: 
    insert 
    into
        delivery_predictions
        (confidence_score, predicted_delivery_time, prediction_generated_at, route_distance, route_duration, shipment_id, traffic_condition) 
    values
        (?, ?, ?, ?, ?, ?, ?)
2026-08-12T09:28:32.874+05:30  INFO 21780 --- [shiptrack-backend] [nio-8080-exec-8] com.shiptrack.service.ForecastService    : Forecast generated for shipment 49: delivery at 2026-08-12T09:37:32.868992800 (0.75% confidence)
2026-08-12T09:28:32.876+05:30  INFO 21780 --- [shiptrack-backend] [nio-8080-exec-8] c.shiptrack.service.LiveTrackingService  : New shipment alert broadcast: TRK574185 (49)
Hibernate: 
    select
        te1_0.id,
        te1_0.latitude,
        te1_0.longitude,
        te1_0.recorded_at,
        te1_0.shipment_id,
        te1_0.status 
    from
        tracking_events te1_0 
    left join
        shipments s1_0 
            on s1_0.id=te1_0.shipment_id 
    where
        s1_0.id=? 
    order by
        te1_0.recorded_at
Hibernate: 
    select
        s1_0.id,
        s1_0.actual_delivery_time,
        s1_0.created_at,
        s1_0.created_by,
        s1_0.delivery_address,
        s1_0.destination_latitude,
        s1_0.destination_longitude,
        s1_0.estimated_delivery_time,
        s1_0.estimated_duration,
        s1_0.origin_latitude,
        s1_0.origin_longitude,
        s1_0.receiver_name,
        s1_0.route_polyline,
        s1_0.sender_address,
        s1_0.sender_name,
        s1_0.status,
        s1_0.total_distance,
        s1_0.tracking_number 
    from
        shipments s1_0 
    where
        s1_0.tracking_number=?
Hibernate: 
    select
        te1_0.id,
        te1_0.latitude,
        te1_0.longitude,
        te1_0.recorded_at,
        te1_0.shipment_id,
        te1_0.status 
    from
        tracking_events te1_0 
    left join
        shipments s1_0 
            on s1_0.id=te1_0.shipment_id 
    where
        s1_0.id=? 
    order by
        te1_0.recorded_at
Hibernate: 
    select
        u1_0.id,
        u1_0.created_at,
        u1_0.email,
        u1_0.name,
        u1_0.password,
        u1_0.phone,
        u1_0.role 
    from
        users u1_0 
    where
        u1_0.id=?
Hibernate: 
    select
        u1_0.id,
        u1_0.created_at,
        u1_0.email,
        u1_0.name,
        u1_0.password,
        u1_0.phone,
        u1_0.role 
    from
        users u1_0 
    where
        u1_0.email=?
Hibernate: 
    select
        u1_0.id,
        u1_0.created_at,
        u1_0.email,
        u1_0.name,
        u1_0.password,
        u1_0.phone,
        u1_0.role 
    from
        users u1_0 
    where
        u1_0.email=?
Hibernate: 
    select
        s1_0.id,
        s1_0.actual_delivery_time,
        s1_0.created_at,
        s1_0.created_by,
        s1_0.delivery_address,
        s1_0.destination_latitude,
        s1_0.destination_longitude,
        s1_0.estimated_delivery_time,
        s1_0.estimated_duration,
        s1_0.origin_latitude,
        s1_0.origin_longitude,
        s1_0.receiver_name,
        s1_0.route_polyline,
        s1_0.sender_address,
        s1_0.sender_name,
        s1_0.status,
        s1_0.total_distance,
        s1_0.tracking_number 
    from
        shipments s1_0 
    where
        s1_0.id=?
2026-08-12T09:28:32.922+05:30  INFO 21780 --- [shiptrack-backend] [io-8080-exec-10] com.shiptrack.service.ShipmentService    : updateStatus: shipment 49 status 'CREATED' -> 'IN_TRANSIT'
Hibernate: 
    insert 
    into
        tracking_events
        (latitude, longitude, recorded_at, shipment_id, status) 
    values
        (?, ?, ?, ?, ?)
Hibernate: 
    insert 
    into
        route_history_points
        (latitude, longitude, progress, recorded_at, shipment_id, speed) 
    values
        (?, ?, ?, ?, ?, ?)
2026-08-12T09:28:32.926+05:30  INFO 21780 --- [shiptrack-backend] [io-8080-exec-10] c.shiptrack.service.LiveTrackingService  : Broadcast location update for shipment 49: 28.6459,77.2087
2026-08-12T09:28:32.927+05:30  INFO 21780 --- [shiptrack-backend] [io-8080-exec-10] .s.a.AnnotationAsyncExecutionInterceptor : More than one TaskExecutor bean found within the context, and none is named 'taskExecutor'. Mark one of them as primary or name it 'taskExecutor' (possibly as an alias) in order to use it for async processing: [clientInboundChannelExecutor, clientOutboundChannelExecutor, brokerChannelExecutor, messageBrokerTaskScheduler]
Hibernate: 
    select
        s1_0.id,
        s1_0.actual_delivery_time,
        s1_0.created_at,
        s1_0.created_by,
        s1_0.delivery_address,
        s1_0.destination_latitude,
        s1_0.destination_longitude,
        s1_0.estimated_delivery_time,
        s1_0.estimated_duration,
        s1_0.origin_latitude,
        s1_0.origin_longitude,
        s1_0.receiver_name,
        s1_0.route_polyline,
        s1_0.sender_address,
        s1_0.sender_name,
        s1_0.status,
        s1_0.total_distance,
        s1_0.tracking_number 
    from
        shipments s1_0 
    where
        s1_0.id=?
Hibernate: 
    update
        shipments 
    set
        actual_delivery_time=?,
        created_at=?,
        created_by=?,
        delivery_address=?,
        destination_latitude=?,
        destination_longitude=?,
        estimated_delivery_time=?,
        estimated_duration=?,
        origin_latitude=?,
        origin_longitude=?,
        receiver_name=?,
        route_polyline=?,
        sender_address=?,
        sender_name=?,
        status=?,
        total_distance=?,
        tracking_number=? 
    where
        id=?
Hibernate: 
    select
        te1_0.id,
        te1_0.latitude,
        te1_0.longitude,
        te1_0.recorded_at,
        te1_0.shipment_id,
        te1_0.status 
    from
        tracking_events te1_0 
    left join
        shipments s1_0 
            on s1_0.id=te1_0.shipment_id 
    where
        s1_0.id=? 
    order by
        te1_0.recorded_at
Hibernate: 
    select
        te1_0.id,
        te1_0.latitude,
        te1_0.longitude,
        te1_0.recorded_at,
        te1_0.shipment_id,
        te1_0.status 
    from
        tracking_events te1_0 
    left join
        shipments s1_0 
            on s1_0.id=te1_0.shipment_id 
    where
        s1_0.id=? 
    order by
        te1_0.recorded_at
Hibernate: 
    select
        u1_0.id,
        u1_0.created_at,
        u1_0.email,
        u1_0.name,
        u1_0.password,
        u1_0.phone,
        u1_0.role 
    from
        users u1_0 
    where
        u1_0.id=?
2026-08-12T09:28:32.931+05:30  INFO 21780 --- [shiptrack-backend] [io-8080-exec-10] com.shiptrack.service.ShipmentService    : updateStatus: shipment 49 completed successfully. New status: IN_TRANSIT
Hibernate: 
    select
        rhp1_0.id,
        rhp1_0.latitude,
        rhp1_0.longitude,
        rhp1_0.progress,
        rhp1_0.recorded_at,
        rhp1_0.shipment_id,
        rhp1_0.speed 
    from
        route_history_points rhp1_0 
    left join
        shipments s1_0 
            on s1_0.id=rhp1_0.shipment_id 
    where
        s1_0.id=? 
    order by
        rhp1_0.recorded_at desc 
    fetch
        first ? rows only
Hibernate: 
    select
        s1_0.id,
        s1_0.actual_delivery_time,
        s1_0.created_at,
        s1_0.created_by,
        s1_0.delivery_address,
        s1_0.destination_latitude,
        s1_0.destination_longitude,
        s1_0.estimated_delivery_time,
        s1_0.estimated_duration,
        s1_0.origin_latitude,
        s1_0.origin_longitude,
        s1_0.receiver_name,
        s1_0.route_polyline,
        s1_0.sender_address,
        s1_0.sender_name,
        s1_0.status,
        s1_0.total_distance,
        s1_0.tracking_number 
    from
        shipments s1_0 
    where
        s1_0.id=?
Hibernate: 
    select
        te1_0.id,
        te1_0.latitude,
        te1_0.longitude,
        te1_0.recorded_at,
        te1_0.shipment_id,
        te1_0.status 
    from
        tracking_events te1_0 
    left join
        shipments s1_0 
            on s1_0.id=te1_0.shipment_id 
    where
        s1_0.id=? 
    order by
        te1_0.recorded_at
Hibernate: 
    select
        rhp1_0.id,
        rhp1_0.latitude,
        rhp1_0.longitude,
        rhp1_0.progress,
        rhp1_0.recorded_at,
        rhp1_0.shipment_id,
        rhp1_0.speed 
    from
        route_history_points rhp1_0 
    left join
        shipments s1_0 
            on s1_0.id=rhp1_0.shipment_id 
    where
        s1_0.id=? 
    order by
        rhp1_0.recorded_at desc 
    fetch
        first ? rows only
Hibernate: 
    select
        count(*) 
    from
        shipments s1_0 
    where
        s1_0.id=?
Hibernate: 
    select
        rhp1_0.id,
        rhp1_0.latitude,
        rhp1_0.longitude,
        rhp1_0.progress,
        rhp1_0.recorded_at,
        rhp1_0.shipment_id,
        rhp1_0.speed 
    from
        route_history_points rhp1_0 
    left join
        shipments s1_0 
            on s1_0.id=rhp1_0.shipment_id 
    where
        s1_0.id=? 
    order by
        rhp1_0.recorded_at
Hibernate: 
    select
        s1_0.id,
        s1_0.actual_delivery_time,
        s1_0.created_at,
        s1_0.created_by,
        s1_0.delivery_address,
        s1_0.destination_latitude,
        s1_0.destination_longitude,
        s1_0.estimated_delivery_time,
        s1_0.estimated_duration,
        s1_0.origin_latitude,
        s1_0.origin_longitude,
        s1_0.receiver_name,
        s1_0.route_polyline,
        s1_0.sender_address,
        s1_0.sender_name,
        s1_0.status,
        s1_0.total_distance,
        s1_0.tracking_number 
    from
        shipments s1_0 
    where
        s1_0.id=?
Hibernate: 
    select
        te1_0.id,
        te1_0.latitude,
        te1_0.longitude,
        te1_0.recorded_at,
        te1_0.shipment_id,
        te1_0.status 
    from
        tracking_events te1_0 
    left join
        shipments s1_0 
            on s1_0.id=te1_0.shipment_id 
    where
        s1_0.id=? 
    order by
        te1_0.recorded_at
Hibernate: 
    select
        rhp1_0.id,
        rhp1_0.latitude,
        rhp1_0.longitude,
        rhp1_0.progress,
        rhp1_0.recorded_at,
        rhp1_0.shipment_id,
        rhp1_0.speed 
    from
        route_history_points rhp1_0 
    left join
        shipments s1_0 
            on s1_0.id=rhp1_0.shipment_id 
    where
        s1_0.id=? 
    order by
        rhp1_0.recorded_at desc 
    fetch
        first ? rows only
2026-08-12T09:28:33.504+05:30 ERROR 21780 --- [shiptrack-backend] [cTaskExecutor-1] com.shiptrack.service.GeocodingService   : Geoapify routing failed

java.lang.ClassCastException: class java.util.ArrayList cannot be cast to class java.lang.Number (java.util.ArrayList and java.lang.Number are in module java.base of loader 'bootstrap')
	at com.shiptrack.service.GeocodingService.lambda$coordsToPolyline$0(GeocodingService.java:240) ~[classes/:na]
	at java.base/java.util.stream.ReferencePipeline$3$1.accept(ReferencePipeline.java:214) ~[na:na]
	at java.base/java.util.ArrayList$ArrayListSpliterator.forEachRemaining(ArrayList.java:1724) ~[na:na]
	at java.base/java.util.stream.AbstractPipeline.copyInto(AbstractPipeline.java:570) ~[na:na]
	at java.base/java.util.stream.AbstractPipeline.wrapAndCopyInto(AbstractPipeline.java:560) ~[na:na]
	at java.base/java.util.stream.AbstractPipeline.evaluate(AbstractPipeline.java:635) ~[na:na]
	at java.base/java.util.stream.AbstractPipeline.evaluateToArrayNode(AbstractPipeline.java:291) ~[na:na]
	at java.base/java.util.stream.ReferencePipeline.toArray(ReferencePipeline.java:652) ~[na:na]
	at java.base/java.util.stream.ReferencePipeline.toArray(ReferencePipeline.java:658) ~[na:na]
	at java.base/java.util.stream.ReferencePipeline.toList(ReferencePipeline.java:663) ~[na:na]
	at com.shiptrack.service.GeocodingService.coordsToPolyline(GeocodingService.java:243) ~[classes/:na]
	at com.shiptrack.service.GeocodingService.routeWithGeoapify(GeocodingService.java:179) ~[classes/:na]
	at com.shiptrack.service.GeocodingService.calculateRoute(GeocodingService.java:142) ~[classes/:na]
	at com.shiptrack.service.GeocodingService.calculateDuration(GeocodingService.java:247) ~[classes/:na]
	at com.shiptrack.service.EtaService.calculateEta(EtaService.java:95) ~[classes/:na]
	at com.shiptrack.service.EtaService.calculateEtaAsync(EtaService.java:120) ~[classes/:na]
	at java.base/jdk.internal.reflect.DirectMethodHandleAccessor.invoke(DirectMethodHandleAccessor.java:104) ~[na:na]
	at java.base/java.lang.reflect.Method.invoke(Method.java:565) ~[na:na]
	at org.springframework.aop.support.AopUtils.invokeJoinpointUsingReflection(AopUtils.java:359) ~[spring-aop-6.2.8.jar:6.2.8]
	at org.springframework.aop.framework.ReflectiveMethodInvocation.invokeJoinpoint(ReflectiveMethodInvocation.java:196) ~[spring-aop-6.2.8.jar:6.2.8]
	at org.springframework.aop.framework.ReflectiveMethodInvocation.proceed(ReflectiveMethodInvocation.java:163) ~[spring-aop-6.2.8.jar:6.2.8]
	at org.springframework.aop.interceptor.AsyncExecutionInterceptor.lambda$invoke$0(AsyncExecutionInterceptor.java:114) ~[spring-aop-6.2.8.jar:6.2.8]
	at java.base/java.util.concurrent.FutureTask.run(FutureTask.java:330) ~[na:na]
	at java.base/java.lang.Thread.run(Thread.java:1516) ~[na:na]

2026-08-12T09:28:33.505+05:30  WARN 21780 --- [shiptrack-backend] [cTaskExecutor-1] com.shiptrack.service.GeocodingService   : Geoapify routing failed, trying OSRM fallback...
2026-08-12T09:28:33.505+05:30 ERROR 21780 --- [shiptrack-backend] [nio-8080-exec-4] com.shiptrack.service.GeocodingService   : Geoapify routing failed

java.lang.ClassCastException: class java.util.ArrayList cannot be cast to class java.lang.Number (java.util.ArrayList and java.lang.Number are in module java.base of loader 'bootstrap')
	at com.shiptrack.service.GeocodingService.lambda$coordsToPolyline$0(GeocodingService.java:240) ~[classes/:na]
	at java.base/java.util.stream.ReferencePipeline$3$1.accept(ReferencePipeline.java:214) ~[na:na]
	at java.base/java.util.ArrayList$ArrayListSpliterator.forEachRemaining(ArrayList.java:1724) ~[na:na]
	at java.base/java.util.stream.AbstractPipeline.copyInto(AbstractPipeline.java:570) ~[na:na]
	at java.base/java.util.stream.AbstractPipeline.wrapAndCopyInto(AbstractPipeline.java:560) ~[na:na]
	at java.base/java.util.stream.AbstractPipeline.evaluate(AbstractPipeline.java:635) ~[na:na]
	at java.base/java.util.stream.AbstractPipeline.evaluateToArrayNode(AbstractPipeline.java:291) ~[na:na]
	at java.base/java.util.stream.ReferencePipeline.toArray(ReferencePipeline.java:652) ~[na:na]
	at java.base/java.util.stream.ReferencePipeline.toArray(ReferencePipeline.java:658) ~[na:na]
	at java.base/java.util.stream.ReferencePipeline.toList(ReferencePipeline.java:663) ~[na:na]
	at com.shiptrack.service.GeocodingService.coordsToPolyline(GeocodingService.java:243) ~[classes/:na]
	at com.shiptrack.service.GeocodingService.routeWithGeoapify(GeocodingService.java:179) ~[classes/:na]
	at com.shiptrack.service.GeocodingService.calculateRoute(GeocodingService.java:142) ~[classes/:na]
	at com.shiptrack.service.GeocodingService.calculateDuration(GeocodingService.java:247) ~[classes/:na]
	at com.shiptrack.service.EtaService.calculateEta(EtaService.java:95) ~[classes/:na]
	at java.base/jdk.internal.reflect.DirectMethodHandleAccessor.invoke(DirectMethodHandleAccessor.java:104) ~[na:na]
	at java.base/java.lang.reflect.Method.invoke(Method.java:565) ~[na:na]
	at org.springframework.aop.support.AopUtils.invokeJoinpointUsingReflection(AopUtils.java:359) ~[spring-aop-6.2.8.jar:6.2.8]
	at org.springframework.aop.framework.ReflectiveMethodInvocation.invokeJoinpoint(ReflectiveMethodInvocation.java:196) ~[spring-aop-6.2.8.jar:6.2.8]
	at org.springframework.aop.framework.ReflectiveMethodInvocation.proceed(ReflectiveMethodInvocation.java:163) ~[spring-aop-6.2.8.jar:6.2.8]
	at org.springframework.transaction.interceptor.TransactionAspectSupport.invokeWithinTransaction(TransactionAspectSupport.java:380) ~[spring-tx-6.2.8.jar:6.2.8]
	at org.springframework.transaction.interceptor.TransactionInterceptor.invoke(TransactionInterceptor.java:119) ~[spring-tx-6.2.8.jar:6.2.8]
	at org.springframework.aop.framework.ReflectiveMethodInvocation.proceed(ReflectiveMethodInvocation.java:184) ~[spring-aop-6.2.8.jar:6.2.8]
	at org.springframework.aop.framework.CglibAopProxy$DynamicAdvisedInterceptor.intercept(CglibAopProxy.java:728) ~[spring-aop-6.2.8.jar:6.2.8]
	at com.shiptrack.service.EtaService$$SpringCGLIB$$0.calculateEta(<generated>) ~[classes/:na]
	at com.shiptrack.controller.ShipmentController.getEta(ShipmentController.java:96) ~[classes/:na]
	at java.base/jdk.internal.reflect.DirectMethodHandleAccessor.invoke(DirectMethodHandleAccessor.java:104) ~[na:na]
	at java.base/java.lang.reflect.Method.invoke(Method.java:565) ~[na:na]
	at org.springframework.web.method.support.InvocableHandlerMethod.doInvoke(InvocableHandlerMethod.java:258) ~[spring-web-6.2.8.jar:6.2.8]
	at org.springframework.web.method.support.InvocableHandlerMethod.invokeForRequest(InvocableHandlerMethod.java:191) ~[spring-web-6.2.8.jar:6.2.8]
	at org.springframework.web.servlet.mvc.method.annotation.ServletInvocableHandlerMethod.invokeAndHandle(ServletInvocableHandlerMethod.java:118) ~[spring-webmvc-6.2.8.jar:6.2.8]
	at org.springframework.web.servlet.mvc.method.annotation.RequestMappingHandlerAdapter.invokeHandlerMethod(RequestMappingHandlerAdapter.java:986) ~[spring-webmvc-6.2.8.jar:6.2.8]
	at org.springframework.web.servlet.mvc.method.annotation.RequestMappingHandlerAdapter.handleInternal(RequestMappingHandlerAdapter.java:891) ~[spring-webmvc-6.2.8.jar:6.2.8]
	at org.springframework.web.servlet.mvc.method.AbstractHandlerMethodAdapter.handle(AbstractHandlerMethodAdapter.java:87) ~[spring-webmvc-6.2.8.jar:6.2.8]
	at org.springframework.web.servlet.DispatcherServlet.doDispatch(DispatcherServlet.java:1089) ~[spring-webmvc-6.2.8.jar:6.2.8]
	at org.springframework.web.servlet.DispatcherServlet.doService(DispatcherServlet.java:979) ~[spring-webmvc-6.2.8.jar:6.2.8]
	at org.springframework.web.servlet.FrameworkServlet.processRequest(FrameworkServlet.java:1014) ~[spring-webmvc-6.2.8.jar:6.2.8]
	at org.springframework.web.servlet.FrameworkServlet.doGet(FrameworkServlet.java:903) ~[spring-webmvc-6.2.8.jar:6.2.8]
	at jakarta.servlet.http.HttpServlet.service(HttpServlet.java:564) ~[tomcat-embed-core-10.1.42.jar:6.0]
	at org.springframework.web.servlet.FrameworkServlet.service(FrameworkServlet.java:885) ~[spring-webmvc-6.2.8.jar:6.2.8]
	at jakarta.servlet.http.HttpServlet.service(HttpServlet.java:658) ~[tomcat-embed-core-10.1.42.jar:6.0]
	at org.apache.catalina.core.ApplicationFilterChain.internalDoFilter(ApplicationFilterChain.java:195) ~[tomcat-embed-core-10.1.42.jar:10.1.42]
	at org.apache.catalina.core.ApplicationFilterChain.doFilter(ApplicationFilterChain.java:140) ~[tomcat-embed-core-10.1.42.jar:10.1.42]
	at org.apache.tomcat.websocket.server.WsFilter.doFilter(WsFilter.java:51) ~[tomcat-embed-websocket-10.1.42.jar:10.1.42]
	at org.apache.catalina.core.ApplicationFilterChain.internalDoFilter(ApplicationFilterChain.java:164) ~[tomcat-embed-core-10.1.42.jar:10.1.42]
	at org.apache.catalina.core.ApplicationFilterChain.doFilter(ApplicationFilterChain.java:140) ~[tomcat-embed-core-10.1.42.jar:10.1.42]
	at org.springframework.web.filter.OncePerRequestFilter.doFilter(OncePerRequestFilter.java:110) ~[spring-web-6.2.8.jar:6.2.8]
	at org.apache.catalina.core.ApplicationFilterChain.internalDoFilter(ApplicationFilterChain.java:164) ~[tomcat-embed-core-10.1.42.jar:10.1.42]
	at org.apache.catalina.core.ApplicationFilterChain.doFilter(ApplicationFilterChain.java:140) ~[tomcat-embed-core-10.1.42.jar:10.1.42]
	at org.springframework.web.filter.CompositeFilter$VirtualFilterChain.doFilter(CompositeFilter.java:108) ~[spring-web-6.2.8.jar:6.2.8]
	at org.springframework.web.filter.CompositeFilter$VirtualFilterChain.doFilter(CompositeFilter.java:108) ~[spring-web-6.2.8.jar:6.2.8]
	at org.springframework.security.web.FilterChainProxy.lambda$doFilterInternal$3(FilterChainProxy.java:231) ~[spring-security-web-6.5.1.jar:6.5.1]
	at org.springframework.security.web.FilterChainProxy$VirtualFilterChain.doFilter(FilterChainProxy.java:365) ~[spring-security-web-6.5.1.jar:6.5.1]
	at org.springframework.security.web.access.intercept.AuthorizationFilter.doFilter(AuthorizationFilter.java:101) ~[spring-security-web-6.5.1.jar:6.5.1]
	at org.springframework.security.web.FilterChainProxy$VirtualFilterChain.doFilter(FilterChainProxy.java:374) ~[spring-security-web-6.5.1.jar:6.5.1]
	at org.springframework.security.web.access.ExceptionTranslationFilter.doFilter(ExceptionTranslationFilter.java:125) ~[spring-security-web-6.5.1.jar:6.5.1]
	at org.springframework.security.web.access.ExceptionTranslationFilter.doFilter(ExceptionTranslationFilter.java:119) ~[spring-security-web-6.5.1.jar:6.5.1]
	at org.springframework.security.web.FilterChainProxy$VirtualFilterChain.doFilter(FilterChainProxy.java:374) ~[spring-security-web-6.5.1.jar:6.5.1]
	at org.springframework.security.web.session.SessionManagementFilter.doFilter(SessionManagementFilter.java:131) ~[spring-security-web-6.5.1.jar:6.5.1]
	at org.springframework.security.web.session.SessionManagementFilter.doFilter(SessionManagementFilter.java:85) ~[spring-security-web-6.5.1.jar:6.5.1]
	at org.springframework.security.web.FilterChainProxy$VirtualFilterChain.doFilter(FilterChainProxy.java:374) ~[spring-security-web-6.5.1.jar:6.5.1]
	at org.springframework.security.web.authentication.AnonymousAuthenticationFilter.doFilter(AnonymousAuthenticationFilter.java:100) ~[spring-security-web-6.5.1.jar:6.5.1]
	at org.springframework.security.web.FilterChainProxy$VirtualFilterChain.doFilter(FilterChainProxy.java:374) ~[spring-security-web-6.5.1.jar:6.5.1]
	at org.springframework.security.web.servletapi.SecurityContextHolderAwareRequestFilter.doFilter(SecurityContextHolderAwareRequestFilter.java:179) ~[spring-security-web-6.5.1.jar:6.5.1]
	at org.springframework.security.web.FilterChainProxy$VirtualFilterChain.doFilter(FilterChainProxy.java:374) ~[spring-security-web-6.5.1.jar:6.5.1]
	at org.springframework.security.web.savedrequest.RequestCacheAwareFilter.doFilter(RequestCacheAwareFilter.java:63) ~[spring-security-web-6.5.1.jar:6.5.1]
	at org.springframework.security.web.FilterChainProxy$VirtualFilterChain.doFilter(FilterChainProxy.java:374) ~[spring-security-web-6.5.1.jar:6.5.1]
	at com.shiptrack.security.JwtAuthenticationFilter.doFilterInternal(JwtAuthenticationFilter.java:37) ~[classes/:na]
	at org.springframework.web.filter.OncePerRequestFilter.doFilter(OncePerRequestFilter.java:116) ~[spring-web-6.2.8.jar:6.2.8]
	at org.springframework.security.web.FilterChainProxy$VirtualFilterChain.doFilter(FilterChainProxy.java:374) ~[spring-security-web-6.5.1.jar:6.5.1]
	at org.springframework.security.web.authentication.logout.LogoutFilter.doFilter(LogoutFilter.java:107) ~[spring-security-web-6.5.1.jar:6.5.1]
	at org.springframework.security.web.authentication.logout.LogoutFilter.doFilter(LogoutFilter.java:93) ~[spring-security-web-6.5.1.jar:6.5.1]
	at org.springframework.security.web.FilterChainProxy$VirtualFilterChain.doFilter(FilterChainProxy.java:374) ~[spring-security-web-6.5.1.jar:6.5.1]
	at org.springframework.web.filter.CorsFilter.doFilterInternal(CorsFilter.java:91) ~[spring-web-6.2.8.jar:6.2.8]
	at org.springframework.web.filter.OncePerRequestFilter.doFilter(OncePerRequestFilter.java:116) ~[spring-web-6.2.8.jar:6.2.8]
	at org.springframework.security.web.FilterChainProxy$VirtualFilterChain.doFilter(FilterChainProxy.java:374) ~[spring-security-web-6.5.1.jar:6.5.1]
	at org.springframework.security.web.header.HeaderWriterFilter.doHeadersAfter(HeaderWriterFilter.java:90) ~[spring-security-web-6.5.1.jar:6.5.1]
	at org.springframework.security.web.header.HeaderWriterFilter.doFilterInternal(HeaderWriterFilter.java:75) ~[spring-security-web-6.5.1.jar:6.5.1]
	at org.springframework.web.filter.OncePerRequestFilter.doFilter(OncePerRequestFilter.java:116) ~[spring-web-6.2.8.jar:6.2.8]
	at org.springframework.security.web.FilterChainProxy$VirtualFilterChain.doFilter(FilterChainProxy.java:374) ~[spring-security-web-6.5.1.jar:6.5.1]
	at org.springframework.security.web.context.SecurityContextHolderFilter.doFilter(SecurityContextHolderFilter.java:82) ~[spring-security-web-6.5.1.jar:6.5.1]
	at org.springframework.security.web.context.SecurityContextHolderFilter.doFilter(SecurityContextHolderFilter.java:69) ~[spring-security-web-6.5.1.jar:6.5.1]
	at org.springframework.security.web.FilterChainProxy$VirtualFilterChain.doFilter(FilterChainProxy.java:374) ~[spring-security-web-6.5.1.jar:6.5.1]
	at org.springframework.security.web.context.request.async.WebAsyncManagerIntegrationFilter.doFilterInternal(WebAsyncManagerIntegrationFilter.java:62) ~[spring-security-web-6.5.1.jar:6.5.1]
	at org.springframework.web.filter.OncePerRequestFilter.doFilter(OncePerRequestFilter.java:116) ~[spring-web-6.2.8.jar:6.2.8]
	at org.springframework.security.web.FilterChainProxy$VirtualFilterChain.doFilter(FilterChainProxy.java:374) ~[spring-security-web-6.5.1.jar:6.5.1]
	at org.springframework.security.web.session.DisableEncodeUrlFilter.doFilterInternal(DisableEncodeUrlFilter.java:42) ~[spring-security-web-6.5.1.jar:6.5.1]
	at org.springframework.web.filter.OncePerRequestFilter.doFilter(OncePerRequestFilter.java:116) ~[spring-web-6.2.8.jar:6.2.8]
	at org.springframework.security.web.FilterChainProxy$VirtualFilterChain.doFilter(FilterChainProxy.java:374) ~[spring-security-web-6.5.1.jar:6.5.1]
	at org.springframework.security.web.FilterChainProxy.doFilterInternal(FilterChainProxy.java:233) ~[spring-security-web-6.5.1.jar:6.5.1]
	at org.springframework.security.web.FilterChainProxy.doFilter(FilterChainProxy.java:191) ~[spring-security-web-6.5.1.jar:6.5.1]
	at org.springframework.web.filter.CompositeFilter$VirtualFilterChain.doFilter(CompositeFilter.java:113) ~[spring-web-6.2.8.jar:6.2.8]
	at org.springframework.web.filter.ServletRequestPathFilter.doFilter(ServletRequestPathFilter.java:52) ~[spring-web-6.2.8.jar:6.2.8]
	at org.springframework.web.filter.CompositeFilter$VirtualFilterChain.doFilter(CompositeFilter.java:113) ~[spring-web-6.2.8.jar:6.2.8]
	at org.springframework.web.filter.CompositeFilter.doFilter(CompositeFilter.java:74) ~[spring-web-6.2.8.jar:6.2.8]
	at org.springframework.security.config.annotation.web.configuration.WebSecurityConfiguration$CompositeFilterChainProxy.doFilter(WebSecurityConfiguration.java:319) ~[spring-security-config-6.5.1.jar:6.5.1]
	at org.springframework.web.filter.CompositeFilter$VirtualFilterChain.doFilter(CompositeFilter.java:113) ~[spring-web-6.2.8.jar:6.2.8]
	at org.springframework.web.servlet.handler.HandlerMappingIntrospector.lambda$createCacheFilter$4(HandlerMappingIntrospector.java:267) ~[spring-webmvc-6.2.8.jar:6.2.8]
	at org.springframework.web.filter.CompositeFilter$VirtualFilterChain.doFilter(CompositeFilter.java:113) ~[spring-web-6.2.8.jar:6.2.8]
	at org.springframework.web.filter.CompositeFilter.doFilter(CompositeFilter.java:74) ~[spring-web-6.2.8.jar:6.2.8]
	at org.springframework.security.config.annotation.web.configuration.WebMvcSecurityConfiguration$CompositeFilterChainProxy.doFilter(WebMvcSecurityConfiguration.java:240) ~[spring-security-config-6.5.1.jar:6.5.1]
	at org.springframework.web.filter.DelegatingFilterProxy.invokeDelegate(DelegatingFilterProxy.java:362) ~[spring-web-6.2.8.jar:6.2.8]
	at org.springframework.web.filter.DelegatingFilterProxy.doFilter(DelegatingFilterProxy.java:278) ~[spring-web-6.2.8.jar:6.2.8]
	at org.apache.catalina.core.ApplicationFilterChain.internalDoFilter(ApplicationFilterChain.java:164) ~[tomcat-embed-core-10.1.42.jar:10.1.42]
	at org.apache.catalina.core.ApplicationFilterChain.doFilter(ApplicationFilterChain.java:140) ~[tomcat-embed-core-10.1.42.jar:10.1.42]
	at org.springframework.web.filter.RequestContextFilter.doFilterInternal(RequestContextFilter.java:100) ~[spring-web-6.2.8.jar:6.2.8]
	at org.springframework.web.filter.OncePerRequestFilter.doFilter(OncePerRequestFilter.java:116) ~[spring-web-6.2.8.jar:6.2.8]
	at org.apache.catalina.core.ApplicationFilterChain.internalDoFilter(ApplicationFilterChain.java:164) ~[tomcat-embed-core-10.1.42.jar:10.1.42]
	at org.apache.catalina.core.ApplicationFilterChain.doFilter(ApplicationFilterChain.java:140) ~[tomcat-embed-core-10.1.42.jar:10.1.42]
	at org.springframework.web.filter.FormContentFilter.doFilterInternal(FormContentFilter.java:93) ~[spring-web-6.2.8.jar:6.2.8]
	at org.springframework.web.filter.OncePerRequestFilter.doFilter(OncePerRequestFilter.java:116) ~[spring-web-6.2.8.jar:6.2.8]
	at org.apache.catalina.core.ApplicationFilterChain.internalDoFilter(ApplicationFilterChain.java:164) ~[tomcat-embed-core-10.1.42.jar:10.1.42]
	at org.apache.catalina.core.ApplicationFilterChain.doFilter(ApplicationFilterChain.java:140) ~[tomcat-embed-core-10.1.42.jar:10.1.42]
	at org.springframework.web.filter.CharacterEncodingFilter.doFilterInternal(CharacterEncodingFilter.java:201) ~[spring-web-6.2.8.jar:6.2.8]
	at org.springframework.web.filter.OncePerRequestFilter.doFilter(OncePerRequestFilter.java:116) ~[spring-web-6.2.8.jar:6.2.8]
	at org.apache.catalina.core.ApplicationFilterChain.internalDoFilter(ApplicationFilterChain.java:164) ~[tomcat-embed-core-10.1.42.jar:10.1.42]
	at org.apache.catalina.core.ApplicationFilterChain.doFilter(ApplicationFilterChain.java:140) ~[tomcat-embed-core-10.1.42.jar:10.1.42]
	at org.apache.catalina.core.StandardWrapperValve.invoke(StandardWrapperValve.java:167) ~[tomcat-embed-core-10.1.42.jar:10.1.42]
	at org.apache.catalina.core.StandardContextValve.invoke(StandardContextValve.java:90) ~[tomcat-embed-core-10.1.42.jar:10.1.42]
	at org.apache.catalina.authenticator.AuthenticatorBase.invoke(AuthenticatorBase.java:483) ~[tomcat-embed-core-10.1.42.jar:10.1.42]
	at org.apache.catalina.core.StandardHostValve.invoke(StandardHostValve.java:116) ~[tomcat-embed-core-10.1.42.jar:10.1.42]
	at org.apache.catalina.valves.ErrorReportValve.invoke(ErrorReportValve.java:93) ~[tomcat-embed-core-10.1.42.jar:10.1.42]
	at org.apache.catalina.core.StandardEngineValve.invoke(StandardEngineValve.java:74) ~[tomcat-embed-core-10.1.42.jar:10.1.42]
	at org.apache.catalina.connector.CoyoteAdapter.service(CoyoteAdapter.java:344) ~[tomcat-embed-core-10.1.42.jar:10.1.42]
	at org.apache.coyote.http11.Http11Processor.service(Http11Processor.java:398) ~[tomcat-embed-core-10.1.42.jar:10.1.42]
	at org.apache.coyote.AbstractProcessorLight.process(AbstractProcessorLight.java:63) ~[tomcat-embed-core-10.1.42.jar:10.1.42]
	at org.apache.coyote.AbstractProtocol$ConnectionHandler.process(AbstractProtocol.java:903) ~[tomcat-embed-core-10.1.42.jar:10.1.42]
	at org.apache.tomcat.util.net.NioEndpoint$SocketProcessor.doRun(NioEndpoint.java:1769) ~[tomcat-embed-core-10.1.42.jar:10.1.42]
	at org.apache.tomcat.util.net.SocketProcessorBase.run(SocketProcessorBase.java:52) ~[tomcat-embed-core-10.1.42.jar:10.1.42]
	at org.apache.tomcat.util.threads.ThreadPoolExecutor.runWorker(ThreadPoolExecutor.java:1189) ~[tomcat-embed-core-10.1.42.jar:10.1.42]
	at org.apache.tomcat.util.threads.ThreadPoolExecutor$Worker.run(ThreadPoolExecutor.java:658) ~[tomcat-embed-core-10.1.42.jar:10.1.42]
	at org.apache.tomcat.util.threads.TaskThread$WrappingRunnable.run(TaskThread.java:63) ~[tomcat-embed-core-10.1.42.jar:10.1.42]
	at java.base/java.lang.Thread.run(Thread.java:1516) ~[na:na]

2026-08-12T09:28:33.506+05:30  WARN 21780 --- [shiptrack-backend] [nio-8080-exec-4] com.shiptrack.service.GeocodingService   : Geoapify routing failed, trying OSRM fallback...
2026-08-12T09:28:34.469+05:30  INFO 21780 --- [shiptrack-backend] [cTaskExecutor-1] com.shiptrack.service.GeocodingService   : OSRM route found: 4.8 km, 7 min
2026-08-12T09:28:34.469+05:30  INFO 21780 --- [shiptrack-backend] [nio-8080-exec-4] com.shiptrack.service.GeocodingService   : OSRM route found: 3.6 km, 5 min
2026-08-12T09:28:34.470+05:30 ERROR 21780 --- [shiptrack-backend] [cTaskExecutor-1] .a.i.SimpleAsyncUncaughtExceptionHandler : Unexpected exception occurred invoking async method: public void com.shiptrack.service.EtaService.calculateEtaAsync(java.lang.Long)

org.springframework.dao.InvalidDataAccessApiUsageException: Executing an update/delete query
	at org.springframework.orm.jpa.EntityManagerFactoryUtils.convertJpaAccessExceptionIfPossible(EntityManagerFactoryUtils.java:400) ~[spring-orm-6.2.8.jar:6.2.8]
	at org.springframework.orm.jpa.vendor.HibernateJpaDialect.translateExceptionIfPossible(HibernateJpaDialect.java:246) ~[spring-orm-6.2.8.jar:6.2.8]
	at org.springframework.orm.jpa.AbstractEntityManagerFactoryBean.translateExceptionIfPossible(AbstractEntityManagerFactoryBean.java:560) ~[spring-orm-6.2.8.jar:6.2.8]
	at org.springframework.dao.support.ChainedPersistenceExceptionTranslator.translateExceptionIfPossible(ChainedPersistenceExceptionTranslator.java:61) ~[spring-tx-6.2.8.jar:6.2.8]
	at org.springframework.dao.support.DataAccessUtils.translateIfNecessary(DataAccessUtils.java:343) ~[spring-tx-6.2.8.jar:6.2.8]
	at org.springframework.dao.support.PersistenceExceptionTranslationInterceptor.invoke(PersistenceExceptionTranslationInterceptor.java:160) ~[spring-tx-6.2.8.jar:6.2.8]
	at org.springframework.aop.framework.ReflectiveMethodInvocation.proceed(ReflectiveMethodInvocation.java:184) ~[spring-aop-6.2.8.jar:6.2.8]
	at org.springframework.data.jpa.repository.support.CrudMethodMetadataPostProcessor$CrudMethodMetadataPopulatingMethodInterceptor.invoke(CrudMethodMetadataPostProcessor.java:136) ~[spring-data-jpa-3.5.1.jar:3.5.1]
	at org.springframework.aop.framework.ReflectiveMethodInvocation.proceed(ReflectiveMethodInvocation.java:184) ~[spring-aop-6.2.8.jar:6.2.8]
	at org.springframework.aop.framework.JdkDynamicAopProxy.invoke(JdkDynamicAopProxy.java:223) ~[spring-aop-6.2.8.jar:6.2.8]
	at jdk.proxy4/jdk.proxy4.$Proxy147.updateEtaFields(Unknown Source) ~[na:na]
	at com.shiptrack.service.EtaService.calculateEta(EtaService.java:103) ~[classes/:na]
	at com.shiptrack.service.EtaService.calculateEtaAsync(EtaService.java:120) ~[classes/:na]
	at java.base/jdk.internal.reflect.DirectMethodHandleAccessor.invoke(DirectMethodHandleAccessor.java:104) ~[na:na]
	at java.base/java.lang.reflect.Method.invoke(Method.java:565) ~[na:na]
	at org.springframework.aop.support.AopUtils.invokeJoinpointUsingReflection(AopUtils.java:359) ~[spring-aop-6.2.8.jar:6.2.8]
	at org.springframework.aop.framework.ReflectiveMethodInvocation.invokeJoinpoint(ReflectiveMethodInvocation.java:196) ~[spring-aop-6.2.8.jar:6.2.8]
	at org.springframework.aop.framework.ReflectiveMethodInvocation.proceed(ReflectiveMethodInvocation.java:163) ~[spring-aop-6.2.8.jar:6.2.8]
	at org.springframework.aop.interceptor.AsyncExecutionInterceptor.lambda$invoke$0(AsyncExecutionInterceptor.java:114) ~[spring-aop-6.2.8.jar:6.2.8]
	at java.base/java.util.concurrent.FutureTask.run(FutureTask.java:330) ~[na:na]
	at java.base/java.lang.Thread.run(Thread.java:1516) ~[na:na]
Caused by: jakarta.persistence.TransactionRequiredException: Executing an update/delete query
	at org.hibernate.internal.AbstractSharedSessionContract.checkTransactionNeededForUpdateOperation(AbstractSharedSessionContract.java:560) ~[hibernate-core-6.6.18.Final.jar:6.6.18.Final]
	at org.hibernate.query.sqm.internal.QuerySqmImpl.executeUpdate(QuerySqmImpl.java:489) ~[hibernate-core-6.6.18.Final.jar:6.6.18.Final]
	at java.base/jdk.internal.reflect.DirectMethodHandleAccessor.invoke(DirectMethodHandleAccessor.java:104) ~[na:na]
	at java.base/java.lang.reflect.Method.invoke(Method.java:565) ~[na:na]
	at org.springframework.orm.jpa.SharedEntityManagerCreator$DeferredQueryInvocationHandler.invoke(SharedEntityManagerCreator.java:419) ~[spring-orm-6.2.8.jar:6.2.8]
	at jdk.proxy4/jdk.proxy4.$Proxy169.executeUpdate(Unknown Source) ~[na:na]
	at org.springframework.data.jpa.repository.query.JpaQueryExecution$ModifyingExecution.doExecute(JpaQueryExecution.java:267) ~[spring-data-jpa-3.5.1.jar:3.5.1]
	at org.springframework.data.jpa.repository.query.JpaQueryExecution.execute(JpaQueryExecution.java:93) ~[spring-data-jpa-3.5.1.jar:3.5.1]
	at org.springframework.data.jpa.repository.query.AbstractJpaQuery.doExecute(AbstractJpaQuery.java:160) ~[spring-data-jpa-3.5.1.jar:3.5.1]
	at org.springframework.data.jpa.repository.query.AbstractJpaQuery.execute(AbstractJpaQuery.java:148) ~[spring-data-jpa-3.5.1.jar:3.5.1]
	at org.springframework.data.repository.core.support.RepositoryMethodInvoker.doInvoke(RepositoryMethodInvoker.java:170) ~[spring-data-commons-3.5.1.jar:3.5.1]
	at org.springframework.data.repository.core.support.RepositoryMethodInvoker.invoke(RepositoryMethodInvoker.java:158) ~[spring-data-commons-3.5.1.jar:3.5.1]
	at org.springframework.data.repository.core.support.QueryExecutorMethodInterceptor.doInvoke(QueryExecutorMethodInterceptor.java:170) ~[spring-data-commons-3.5.1.jar:3.5.1]
	at org.springframework.data.repository.core.support.QueryExecutorMethodInterceptor.invoke(QueryExecutorMethodInterceptor.java:149) ~[spring-data-commons-3.5.1.jar:3.5.1]
	at org.springframework.aop.framework.ReflectiveMethodInvocation.proceed(ReflectiveMethodInvocation.java:184) ~[spring-aop-6.2.8.jar:6.2.8]
	at org.springframework.data.projection.DefaultMethodInvokingMethodInterceptor.invoke(DefaultMethodInvokingMethodInterceptor.java:69) ~[spring-data-commons-3.5.1.jar:3.5.1]
	at org.springframework.aop.framework.ReflectiveMethodInvocation.proceed(ReflectiveMethodInvocation.java:184) ~[spring-aop-6.2.8.jar:6.2.8]
	at org.springframework.transaction.interceptor.TransactionAspectSupport.invokeWithinTransaction(TransactionAspectSupport.java:380) ~[spring-tx-6.2.8.jar:6.2.8]
	at org.springframework.transaction.interceptor.TransactionInterceptor.invoke(TransactionInterceptor.java:119) ~[spring-tx-6.2.8.jar:6.2.8]
	at org.springframework.aop.framework.ReflectiveMethodInvocation.proceed(ReflectiveMethodInvocation.java:184) ~[spring-aop-6.2.8.jar:6.2.8]
	at org.springframework.dao.support.PersistenceExceptionTranslationInterceptor.invoke(PersistenceExceptionTranslationInterceptor.java:138) ~[spring-tx-6.2.8.jar:6.2.8]
	... 15 common frames omitted

Hibernate: 
    update
        shipments s1_0 
    set
        estimated_duration=?,
        estimated_delivery_time=? 
    where
        s1_0.id=?
2026-08-12T09:28:34.477+05:30  INFO 21780 --- [shiptrack-backend] [nio-8080-exec-4] com.shiptrack.service.EtaService         : ETA calculated for shipment 49: 4 min, delivery at 2026-08-12T09:32:34.469134800
Hibernate: 
    select
        u1_0.id,
        u1_0.created_at,
        u1_0.email,
        u1_0.name,
        u1_0.password,
        u1_0.phone,
        u1_0.role 
    from
        users u1_0 
    where
        u1_0.email=?
Hibernate: 
    select
        u1_0.id,
        u1_0.created_at,
        u1_0.email,
        u1_0.name,
        u1_0.password,
        u1_0.phone,
        u1_0.role 
    from
        users u1_0 
    where
        u1_0.email=?
Hibernate: 
    select
        s1_0.id,
        s1_0.actual_delivery_time,
        s1_0.created_at,
        s1_0.created_by,
        s1_0.delivery_address,
        s1_0.destination_latitude,
        s1_0.destination_longitude,
        s1_0.estimated_delivery_time,
        s1_0.estimated_duration,
        s1_0.origin_latitude,
        s1_0.origin_longitude,
        s1_0.receiver_name,
        s1_0.route_polyline,
        s1_0.sender_address,
        s1_0.sender_name,
        s1_0.status,
        s1_0.total_distance,
        s1_0.tracking_number 
    from
        shipments s1_0 
    where
        s1_0.id=?
Hibernate: 
    insert 
    into
        tracking_events
        (latitude, longitude, recorded_at, shipment_id, status) 
    values
        (?, ?, ?, ?, ?)
Hibernate: 
    insert 
    into
        route_history_points
        (latitude, longitude, progress, recorded_at, shipment_id, speed) 
    values
        (?, ?, ?, ?, ?, ?)
2026-08-12T09:28:34.496+05:30  INFO 21780 --- [shiptrack-backend] [nio-8080-exec-3] c.shiptrack.service.LiveTrackingService  : Broadcast location update for shipment 49: 28.65,77.21
Hibernate: 
    select
        count(*) 
    from
        shipments s1_0 
    where
        s1_0.id=?
Hibernate: 
    select
        rhp1_0.id,
        rhp1_0.latitude,
        rhp1_0.longitude,
        rhp1_0.progress,
        rhp1_0.recorded_at,
        rhp1_0.shipment_id,
        rhp1_0.speed 
    from
        route_history_points rhp1_0 
    left join
        shipments s1_0 
            on s1_0.id=rhp1_0.shipment_id 
    where
        s1_0.id=? 
    order by
        rhp1_0.recorded_at
Hibernate: 
    select
        u1_0.id,
        u1_0.created_at,
        u1_0.email,
        u1_0.name,
        u1_0.password,
        u1_0.phone,
        u1_0.role 
    from
        users u1_0 
    where
        u1_0.email=?
Hibernate: 
    select
        u1_0.id,
        u1_0.created_at,
        u1_0.email,
        u1_0.name,
        u1_0.password,
        u1_0.phone,
        u1_0.role 
    from
        users u1_0 
    where
        u1_0.email=?
Hibernate: 
    select
        s1_0.id,
        s1_0.actual_delivery_time,
        s1_0.created_at,
        s1_0.created_by,
        s1_0.delivery_address,
        s1_0.destination_latitude,
        s1_0.destination_longitude,
        s1_0.estimated_delivery_time,
        s1_0.estimated_duration,
        s1_0.origin_latitude,
        s1_0.origin_longitude,
        s1_0.receiver_name,
        s1_0.route_polyline,
        s1_0.sender_address,
        s1_0.sender_name,
        s1_0.status,
        s1_0.total_distance,
        s1_0.tracking_number 
    from
        shipments s1_0 
    where
        s1_0.id=?
Hibernate: 
    select
        pod1_0.id,
        pod1_0.captured_at,
        pod1_0.method,
        pod1_0.notes,
        pod1_0.recipient_name,
        pod1_0.shipment_id,
        pod1_0.signature_data,
        pod1_0.signature_hash,
        pod1_0.verification_notes,
        pod1_0.verification_status,
        pod1_0.verified_at,
        pod1_0.verified_by 
    from
        proof_of_deliveries pod1_0 
    left join
        shipments s1_0 
            on s1_0.id=pod1_0.shipment_id 
    where
        s1_0.id=?
Hibernate: 
    insert 
    into
        proof_of_deliveries
        (captured_at, method, notes, recipient_name, shipment_id, signature_data, signature_hash, verification_notes, verification_status, verified_at, verified_by) 
    values
        (?, ?, ?, ?, ?, ?, ?, ?, ?, ?, ?)
2026-08-12T09:28:34.520+05:30  INFO 21780 --- [shiptrack-backend] [nio-8080-exec-2] c.s.service.ProofOfDeliveryService       : Proof of delivery captured for shipment 49 by raju@gmail.com
Hibernate: 
    insert 
    into
        tracking_events
        (latitude, longitude, recorded_at, shipment_id, status) 
    values
        (?, ?, ?, ?, ?)
2026-08-12T09:28:34.521+05:30  INFO 21780 --- [shiptrack-backend] [nio-8080-exec-2] c.s.service.ProofOfDeliveryService       : Shipment 49 marked DELIVERED upon proof of delivery capture
Hibernate: 
    update
        shipments 
    set
        actual_delivery_time=?,
        created_at=?,
        created_by=?,
        delivery_address=?,
        destination_latitude=?,
        destination_longitude=?,
        estimated_delivery_time=?,
        estimated_duration=?,
        origin_latitude=?,
        origin_longitude=?,
        receiver_name=?,
        route_polyline=?,
        sender_address=?,
        sender_name=?,
        status=?,
        total_distance=?,
        tracking_number=? 
    where
        id=?
Hibernate: 
    select
        u1_0.id,
        u1_0.created_at,
        u1_0.email,
        u1_0.name,
        u1_0.password,
        u1_0.phone,
        u1_0.role 
    from
        users u1_0 
    where
        u1_0.email=?
Hibernate: 
    select
        u1_0.id,
        u1_0.created_at,
        u1_0.email,
        u1_0.name,
        u1_0.password,
        u1_0.phone,
        u1_0.role 
    from
        users u1_0 
    where
        u1_0.email=?
Hibernate: 
    select
        s1_0.id,
        s1_0.actual_delivery_time,
        s1_0.created_at,
        s1_0.created_by,
        s1_0.delivery_address,
        s1_0.destination_latitude,
        s1_0.destination_longitude,
        s1_0.estimated_delivery_time,
        s1_0.estimated_duration,
        s1_0.origin_latitude,
        s1_0.origin_longitude,
        s1_0.receiver_name,
        s1_0.route_polyline,
        s1_0.sender_address,
        s1_0.sender_name,
        s1_0.status,
        s1_0.total_distance,
        s1_0.tracking_number 
    from
        shipments s1_0 
    where
        s1_0.id=?
Hibernate: 
    select
        te1_0.id,
        te1_0.latitude,
        te1_0.longitude,
        te1_0.recorded_at,
        te1_0.shipment_id,
        te1_0.status 
    from
        tracking_events te1_0 
    left join
        shipments s1_0 
            on s1_0.id=te1_0.shipment_id 
    where
        s1_0.id=? 
    order by
        te1_0.recorded_at
Hibernate: 
    select
        u1_0.id,
        u1_0.created_at,
        u1_0.email,
        u1_0.name,
        u1_0.password,
        u1_0.phone,
        u1_0.role 
    from
        users u1_0 
    where
        u1_0.id=?
Hibernate: 
    select
        u1_0.id,
        u1_0.created_at,
        u1_0.email,
        u1_0.name,
        u1_0.password,
        u1_0.phone,
        u1_0.role 
    from
        users u1_0 
    where
        u1_0.email=?
Hibernate: 
    select
        count(*) 
    from
        shipments s1_0 
    where
        s1_0.id=?
Hibernate: 
    select
        te1_0.id,
        te1_0.latitude,
        te1_0.longitude,
        te1_0.recorded_at,
        te1_0.shipment_id,
        te1_0.status 
    from
        tracking_events te1_0 
    left join
        shipments s1_0 
            on s1_0.id=te1_0.shipment_id 
    where
        s1_0.id=? 
    order by
        te1_0.recorded_at
Hibernate: 
    select
        u1_0.id,
        u1_0.created_at,
        u1_0.email,
        u1_0.name,
        u1_0.password,
        u1_0.phone,
        u1_0.role 
    from
        users u1_0 
    where
        u1_0.email=?
Hibernate: 
    select
        u1_0.id,
        u1_0.created_at,
        u1_0.email,
        u1_0.name,
        u1_0.password,
        u1_0.phone,
        u1_0.role 
    from
        users u1_0 
    where
        u1_0.email=?
Hibernate: 
    select
        pod1_0.id,
        pod1_0.captured_at,
        pod1_0.method,
        pod1_0.notes,
        pod1_0.recipient_name,
        pod1_0.shipment_id,
        pod1_0.signature_data,
        pod1_0.signature_hash,
        pod1_0.verification_notes,
        pod1_0.verification_status,
        pod1_0.verified_at,
        pod1_0.verified_by 
    from
        proof_of_deliveries pod1_0 
    left join
        shipments s1_0 
            on s1_0.id=pod1_0.shipment_id 
    where
        s1_0.id=?
Hibernate: 
    select
        s1_0.id,
        s1_0.actual_delivery_time,
        s1_0.created_at,
        s1_0.created_by,
        s1_0.delivery_address,
        s1_0.destination_latitude,
        s1_0.destination_longitude,
        s1_0.estimated_delivery_time,
        s1_0.estimated_duration,
        s1_0.origin_latitude,
        s1_0.origin_longitude,
        s1_0.receiver_name,
        s1_0.route_polyline,
        s1_0.sender_address,
        s1_0.sender_name,
        s1_0.status,
        s1_0.total_distance,
        s1_0.tracking_number 
    from
        shipments s1_0 
    where
        s1_0.id=?
Hibernate: 
    select
        u1_0.id,
        u1_0.created_at,
        u1_0.email,
        u1_0.name,
        u1_0.password,
        u1_0.phone,
        u1_0.role 
    from
        users u1_0 
    where
        u1_0.email=?
Hibernate: 
    select
        u1_0.id,
        u1_0.created_at,
        u1_0.email,
        u1_0.name,
        u1_0.password,
        u1_0.phone,
        u1_0.role 
    from
        users u1_0 
    where
        u1_0.email=?
Hibernate: 
    select
        pod1_0.id,
        pod1_0.captured_at,
        pod1_0.method,
        pod1_0.notes,
        pod1_0.recipient_name,
        pod1_0.shipment_id,
        pod1_0.signature_data,
        pod1_0.signature_hash,
        pod1_0.verification_notes,
        pod1_0.verification_status,
        pod1_0.verified_at,
        pod1_0.verified_by 
    from
        proof_of_deliveries pod1_0 
    left join
        shipments s1_0 
            on s1_0.id=pod1_0.shipment_id 
    where
        s1_0.id=?
Hibernate: 
    select
        s1_0.id,
        s1_0.actual_delivery_time,
        s1_0.created_at,
        s1_0.created_by,
        s1_0.delivery_address,
        s1_0.destination_latitude,
        s1_0.destination_longitude,
        s1_0.estimated_delivery_time,
        s1_0.estimated_duration,
        s1_0.origin_latitude,
        s1_0.origin_longitude,
        s1_0.receiver_name,
        s1_0.route_polyline,
        s1_0.sender_address,
        s1_0.sender_name,
        s1_0.status,
        s1_0.total_distance,
        s1_0.tracking_number 
    from
        shipments s1_0 
    where
        s1_0.id=?
Hibernate: 
    select
        u1_0.id,
        u1_0.created_at,
        u1_0.email,
        u1_0.name,
        u1_0.password,
        u1_0.phone,
        u1_0.role 
    from
        users u1_0 
    where
        u1_0.email=?
Hibernate: 
    select
        u1_0.id,
        u1_0.created_at,
        u1_0.email,
        u1_0.name,
        u1_0.password,
        u1_0.phone,
        u1_0.role 
    from
        users u1_0 
    where
        u1_0.email=?
Hibernate: 
    select
        pod1_0.id,
        pod1_0.captured_at,
        pod1_0.method,
        pod1_0.notes,
        pod1_0.recipient_name,
        pod1_0.shipment_id,
        pod1_0.signature_data,
        pod1_0.signature_hash,
        pod1_0.verification_notes,
        pod1_0.verification_status,
        pod1_0.verified_at,
        pod1_0.verified_by 
    from
        proof_of_deliveries pod1_0 
    where
        pod1_0.id=?
2026-08-12T09:28:34.623+05:30  INFO 21780 --- [shiptrack-backend] [nio-8080-exec-1] c.s.service.ProofOfDeliveryService       : Proof of delivery 13 marked VERIFIED by raju@gmail.com
Hibernate: 
    select
        s1_0.id,
        s1_0.actual_delivery_time,
        s1_0.created_at,
        s1_0.created_by,
        s1_0.delivery_address,
        s1_0.destination_latitude,
        s1_0.destination_longitude,
        s1_0.estimated_delivery_time,
        s1_0.estimated_duration,
        s1_0.origin_latitude,
        s1_0.origin_longitude,
        s1_0.receiver_name,
        s1_0.route_polyline,
        s1_0.sender_address,
        s1_0.sender_name,
        s1_0.status,
        s1_0.total_distance,
        s1_0.tracking_number 
    from
        shipments s1_0 
    where
        s1_0.id=?
Hibernate: 
    update
        proof_of_deliveries 
    set
        captured_at=?,
        method=?,
        notes=?,
        recipient_name=?,
        shipment_id=?,
        signature_data=?,
        signature_hash=?,
        verification_notes=?,
        verification_status=?,
        verified_at=?,
        verified_by=? 
    where
        id=?
Hibernate: 
    select
        u1_0.id,
        u1_0.created_at,
        u1_0.email,
        u1_0.name,
        u1_0.password,
        u1_0.phone,
        u1_0.role 
    from
        users u1_0 
    where
        u1_0.email=?
Hibernate: 
    select
        u1_0.id,
        u1_0.created_at,
        u1_0.email,
        u1_0.name,
        u1_0.password,
        u1_0.phone,
        u1_0.role 
    from
        users u1_0 
    where
        u1_0.email=?
Hibernate: 
    select
        pod1_0.id,
        pod1_0.captured_at,
        pod1_0.method,
        pod1_0.notes,
        pod1_0.recipient_name,
        pod1_0.shipment_id,
        pod1_0.signature_data,
        pod1_0.signature_hash,
        pod1_0.verification_notes,
        pod1_0.verification_status,
        pod1_0.verified_at,
        pod1_0.verified_by 
    from
        proof_of_deliveries pod1_0 
    where
        pod1_0.id=?
2026-08-12T09:28:34.643+05:30  WARN 21780 --- [shiptrack-backend] [nio-8080-exec-6] .m.m.a.ExceptionHandlerExceptionResolver : Resolved [java.lang.IllegalStateException: This proof of delivery is already verified and cannot be re-verified.]
Hibernate: 
    select
        u1_0.id,
        u1_0.created_at,
        u1_0.email,
        u1_0.name,
        u1_0.password,
        u1_0.phone,
        u1_0.role 
    from
        users u1_0 
    where
        u1_0.email=?
Hibernate: 
    select
        u1_0.id,
        u1_0.created_at,
        u1_0.email,
        u1_0.name,
        u1_0.password,
        u1_0.phone,
        u1_0.role 
    from
        users u1_0 
    where
        u1_0.email=?
2026-08-12T09:28:37.817+05:30 ERROR 21780 --- [shiptrack-backend] [nio-8080-exec-4] com.shiptrack.service.GeocodingService   : Geoapify routing failed

java.lang.ClassCastException: class java.util.ArrayList cannot be cast to class java.lang.Number (java.util.ArrayList and java.lang.Number are in module java.base of loader 'bootstrap')
	at com.shiptrack.service.GeocodingService.lambda$coordsToPolyline$0(GeocodingService.java:240) ~[classes/:na]
	at java.base/java.util.stream.ReferencePipeline$3$1.accept(ReferencePipeline.java:214) ~[na:na]
	at java.base/java.util.ArrayList$ArrayListSpliterator.forEachRemaining(ArrayList.java:1724) ~[na:na]
	at java.base/java.util.stream.AbstractPipeline.copyInto(AbstractPipeline.java:570) ~[na:na]
	at java.base/java.util.stream.AbstractPipeline.wrapAndCopyInto(AbstractPipeline.java:560) ~[na:na]
	at java.base/java.util.stream.AbstractPipeline.evaluate(AbstractPipeline.java:635) ~[na:na]
	at java.base/java.util.stream.AbstractPipeline.evaluateToArrayNode(AbstractPipeline.java:291) ~[na:na]
	at java.base/java.util.stream.ReferencePipeline.toArray(ReferencePipeline.java:652) ~[na:na]
	at java.base/java.util.stream.ReferencePipeline.toArray(ReferencePipeline.java:658) ~[na:na]
	at java.base/java.util.stream.ReferencePipeline.toList(ReferencePipeline.java:663) ~[na:na]
	at com.shiptrack.service.GeocodingService.coordsToPolyline(GeocodingService.java:243) ~[classes/:na]
	at com.shiptrack.service.GeocodingService.routeWithGeoapify(GeocodingService.java:179) ~[classes/:na]
	at com.shiptrack.service.GeocodingService.calculateRoute(GeocodingService.java:142) ~[classes/:na]
	at com.shiptrack.service.ShipmentService.createShipment(ShipmentService.java:190) ~[classes/:na]
	at java.base/jdk.internal.reflect.DirectMethodHandleAccessor.invoke(DirectMethodHandleAccessor.java:104) ~[na:na]
	at java.base/java.lang.reflect.Method.invoke(Method.java:565) ~[na:na]
	at org.springframework.aop.support.AopUtils.invokeJoinpointUsingReflection(AopUtils.java:359) ~[spring-aop-6.2.8.jar:6.2.8]
	at org.springframework.aop.framework.ReflectiveMethodInvocation.invokeJoinpoint(ReflectiveMethodInvocation.java:196) ~[spring-aop-6.2.8.jar:6.2.8]
	at org.springframework.aop.framework.ReflectiveMethodInvocation.proceed(ReflectiveMethodInvocation.java:163) ~[spring-aop-6.2.8.jar:6.2.8]
	at org.springframework.transaction.interceptor.TransactionAspectSupport.invokeWithinTransaction(TransactionAspectSupport.java:380) ~[spring-tx-6.2.8.jar:6.2.8]
	at org.springframework.transaction.interceptor.TransactionInterceptor.invoke(TransactionInterceptor.java:119) ~[spring-tx-6.2.8.jar:6.2.8]
	at org.springframework.aop.framework.ReflectiveMethodInvocation.proceed(ReflectiveMethodInvocation.java:184) ~[spring-aop-6.2.8.jar:6.2.8]
	at org.springframework.aop.framework.CglibAopProxy$DynamicAdvisedInterceptor.intercept(CglibAopProxy.java:728) ~[spring-aop-6.2.8.jar:6.2.8]
	at com.shiptrack.service.ShipmentService$$SpringCGLIB$$0.createShipment(<generated>) ~[classes/:na]
	at com.shiptrack.controller.ShipmentController.createShipment(ShipmentController.java:34) ~[classes/:na]
	at java.base/jdk.internal.reflect.DirectMethodHandleAccessor.invoke(DirectMethodHandleAccessor.java:104) ~[na:na]
	at java.base/java.lang.reflect.Method.invoke(Method.java:565) ~[na:na]
	at org.springframework.web.method.support.InvocableHandlerMethod.doInvoke(InvocableHandlerMethod.java:258) ~[spring-web-6.2.8.jar:6.2.8]
	at org.springframework.web.method.support.InvocableHandlerMethod.invokeForRequest(InvocableHandlerMethod.java:191) ~[spring-web-6.2.8.jar:6.2.8]
	at org.springframework.web.servlet.mvc.method.annotation.ServletInvocableHandlerMethod.invokeAndHandle(ServletInvocableHandlerMethod.java:118) ~[spring-webmvc-6.2.8.jar:6.2.8]
	at org.springframework.web.servlet.mvc.method.annotation.RequestMappingHandlerAdapter.invokeHandlerMethod(RequestMappingHandlerAdapter.java:986) ~[spring-webmvc-6.2.8.jar:6.2.8]
	at org.springframework.web.servlet.mvc.method.annotation.RequestMappingHandlerAdapter.handleInternal(RequestMappingHandlerAdapter.java:891) ~[spring-webmvc-6.2.8.jar:6.2.8]
	at org.springframework.web.servlet.mvc.method.AbstractHandlerMethodAdapter.handle(AbstractHandlerMethodAdapter.java:87) ~[spring-webmvc-6.2.8.jar:6.2.8]
	at org.springframework.web.servlet.DispatcherServlet.doDispatch(DispatcherServlet.java:1089) ~[spring-webmvc-6.2.8.jar:6.2.8]
	at org.springframework.web.servlet.DispatcherServlet.doService(DispatcherServlet.java:979) ~[spring-webmvc-6.2.8.jar:6.2.8]
	at org.springframework.web.servlet.FrameworkServlet.processRequest(FrameworkServlet.java:1014) ~[spring-webmvc-6.2.8.jar:6.2.8]
	at org.springframework.web.servlet.FrameworkServlet.doPost(FrameworkServlet.java:914) ~[spring-webmvc-6.2.8.jar:6.2.8]
	at jakarta.servlet.http.HttpServlet.service(HttpServlet.java:590) ~[tomcat-embed-core-10.1.42.jar:6.0]
	at org.springframework.web.servlet.FrameworkServlet.service(FrameworkServlet.java:885) ~[spring-webmvc-6.2.8.jar:6.2.8]
	at jakarta.servlet.http.HttpServlet.service(HttpServlet.java:658) ~[tomcat-embed-core-10.1.42.jar:6.0]
	at org.apache.catalina.core.ApplicationFilterChain.internalDoFilter(ApplicationFilterChain.java:195) ~[tomcat-embed-core-10.1.42.jar:10.1.42]
	at org.apache.catalina.core.ApplicationFilterChain.doFilter(ApplicationFilterChain.java:140) ~[tomcat-embed-core-10.1.42.jar:10.1.42]
	at org.apache.tomcat.websocket.server.WsFilter.doFilter(WsFilter.java:51) ~[tomcat-embed-websocket-10.1.42.jar:10.1.42]
	at org.apache.catalina.core.ApplicationFilterChain.internalDoFilter(ApplicationFilterChain.java:164) ~[tomcat-embed-core-10.1.42.jar:10.1.42]
	at org.apache.catalina.core.ApplicationFilterChain.doFilter(ApplicationFilterChain.java:140) ~[tomcat-embed-core-10.1.42.jar:10.1.42]
	at org.springframework.web.filter.OncePerRequestFilter.doFilter(OncePerRequestFilter.java:110) ~[spring-web-6.2.8.jar:6.2.8]
	at org.apache.catalina.core.ApplicationFilterChain.internalDoFilter(ApplicationFilterChain.java:164) ~[tomcat-embed-core-10.1.42.jar:10.1.42]
	at org.apache.catalina.core.ApplicationFilterChain.doFilter(ApplicationFilterChain.java:140) ~[tomcat-embed-core-10.1.42.jar:10.1.42]
	at org.springframework.web.filter.CompositeFilter$VirtualFilterChain.doFilter(CompositeFilter.java:108) ~[spring-web-6.2.8.jar:6.2.8]
	at org.springframework.web.filter.CompositeFilter$VirtualFilterChain.doFilter(CompositeFilter.java:108) ~[spring-web-6.2.8.jar:6.2.8]
	at org.springframework.security.web.FilterChainProxy.lambda$doFilterInternal$3(FilterChainProxy.java:231) ~[spring-security-web-6.5.1.jar:6.5.1]
	at org.springframework.security.web.FilterChainProxy$VirtualFilterChain.doFilter(FilterChainProxy.java:365) ~[spring-security-web-6.5.1.jar:6.5.1]
	at org.springframework.security.web.access.intercept.AuthorizationFilter.doFilter(AuthorizationFilter.java:101) ~[spring-security-web-6.5.1.jar:6.5.1]
	at org.springframework.security.web.FilterChainProxy$VirtualFilterChain.doFilter(FilterChainProxy.java:374) ~[spring-security-web-6.5.1.jar:6.5.1]
	at org.springframework.security.web.access.ExceptionTranslationFilter.doFilter(ExceptionTranslationFilter.java:125) ~[spring-security-web-6.5.1.jar:6.5.1]
	at org.springframework.security.web.access.ExceptionTranslationFilter.doFilter(ExceptionTranslationFilter.java:119) ~[spring-security-web-6.5.1.jar:6.5.1]
	at org.springframework.security.web.FilterChainProxy$VirtualFilterChain.doFilter(FilterChainProxy.java:374) ~[spring-security-web-6.5.1.jar:6.5.1]
	at org.springframework.security.web.session.SessionManagementFilter.doFilter(SessionManagementFilter.java:131) ~[spring-security-web-6.5.1.jar:6.5.1]
	at org.springframework.security.web.session.SessionManagementFilter.doFilter(SessionManagementFilter.java:85) ~[spring-security-web-6.5.1.jar:6.5.1]
	at org.springframework.security.web.FilterChainProxy$VirtualFilterChain.doFilter(FilterChainProxy.java:374) ~[spring-security-web-6.5.1.jar:6.5.1]
	at org.springframework.security.web.authentication.AnonymousAuthenticationFilter.doFilter(AnonymousAuthenticationFilter.java:100) ~[spring-security-web-6.5.1.jar:6.5.1]
	at org.springframework.security.web.FilterChainProxy$VirtualFilterChain.doFilter(FilterChainProxy.java:374) ~[spring-security-web-6.5.1.jar:6.5.1]
	at org.springframework.security.web.servletapi.SecurityContextHolderAwareRequestFilter.doFilter(SecurityContextHolderAwareRequestFilter.java:179) ~[spring-security-web-6.5.1.jar:6.5.1]
	at org.springframework.security.web.FilterChainProxy$VirtualFilterChain.doFilter(FilterChainProxy.java:374) ~[spring-security-web-6.5.1.jar:6.5.1]
	at org.springframework.security.web.savedrequest.RequestCacheAwareFilter.doFilter(RequestCacheAwareFilter.java:63) ~[spring-security-web-6.5.1.jar:6.5.1]
	at org.springframework.security.web.FilterChainProxy$VirtualFilterChain.doFilter(FilterChainProxy.java:374) ~[spring-security-web-6.5.1.jar:6.5.1]
	at com.shiptrack.security.JwtAuthenticationFilter.doFilterInternal(JwtAuthenticationFilter.java:67) ~[classes/:na]
	at org.springframework.web.filter.OncePerRequestFilter.doFilter(OncePerRequestFilter.java:116) ~[spring-web-6.2.8.jar:6.2.8]
	at org.springframework.security.web.FilterChainProxy$VirtualFilterChain.doFilter(FilterChainProxy.java:374) ~[spring-security-web-6.5.1.jar:6.5.1]
	at org.springframework.security.web.authentication.logout.LogoutFilter.doFilter(LogoutFilter.java:107) ~[spring-security-web-6.5.1.jar:6.5.1]
	at org.springframework.security.web.authentication.logout.LogoutFilter.doFilter(LogoutFilter.java:93) ~[spring-security-web-6.5.1.jar:6.5.1]
	at org.springframework.security.web.FilterChainProxy$VirtualFilterChain.doFilter(FilterChainProxy.java:374) ~[spring-security-web-6.5.1.jar:6.5.1]
	at org.springframework.web.filter.CorsFilter.doFilterInternal(CorsFilter.java:91) ~[spring-web-6.2.8.jar:6.2.8]
	at org.springframework.web.filter.OncePerRequestFilter.doFilter(OncePerRequestFilter.java:116) ~[spring-web-6.2.8.jar:6.2.8]
	at org.springframework.security.web.FilterChainProxy$VirtualFilterChain.doFilter(FilterChainProxy.java:374) ~[spring-security-web-6.5.1.jar:6.5.1]
	at org.springframework.security.web.header.HeaderWriterFilter.doHeadersAfter(HeaderWriterFilter.java:90) ~[spring-security-web-6.5.1.jar:6.5.1]
	at org.springframework.security.web.header.HeaderWriterFilter.doFilterInternal(HeaderWriterFilter.java:75) ~[spring-security-web-6.5.1.jar:6.5.1]
	at org.springframework.web.filter.OncePerRequestFilter.doFilter(OncePerRequestFilter.java:116) ~[spring-web-6.2.8.jar:6.2.8]
	at org.springframework.security.web.FilterChainProxy$VirtualFilterChain.doFilter(FilterChainProxy.java:374) ~[spring-security-web-6.5.1.jar:6.5.1]
	at org.springframework.security.web.context.SecurityContextHolderFilter.doFilter(SecurityContextHolderFilter.java:82) ~[spring-security-web-6.5.1.jar:6.5.1]
	at org.springframework.security.web.context.SecurityContextHolderFilter.doFilter(SecurityContextHolderFilter.java:69) ~[spring-security-web-6.5.1.jar:6.5.1]
	at org.springframework.security.web.FilterChainProxy$VirtualFilterChain.doFilter(FilterChainProxy.java:374) ~[spring-security-web-6.5.1.jar:6.5.1]
	at org.springframework.security.web.context.request.async.WebAsyncManagerIntegrationFilter.doFilterInternal(WebAsyncManagerIntegrationFilter.java:62) ~[spring-security-web-6.5.1.jar:6.5.1]
	at org.springframework.web.filter.OncePerRequestFilter.doFilter(OncePerRequestFilter.java:116) ~[spring-web-6.2.8.jar:6.2.8]
	at org.springframework.security.web.FilterChainProxy$VirtualFilterChain.doFilter(FilterChainProxy.java:374) ~[spring-security-web-6.5.1.jar:6.5.1]
	at org.springframework.security.web.session.DisableEncodeUrlFilter.doFilterInternal(DisableEncodeUrlFilter.java:42) ~[spring-security-web-6.5.1.jar:6.5.1]
	at org.springframework.web.filter.OncePerRequestFilter.doFilter(OncePerRequestFilter.java:116) ~[spring-web-6.2.8.jar:6.2.8]
	at org.springframework.security.web.FilterChainProxy$VirtualFilterChain.doFilter(FilterChainProxy.java:374) ~[spring-security-web-6.5.1.jar:6.5.1]
	at org.springframework.security.web.FilterChainProxy.doFilterInternal(FilterChainProxy.java:233) ~[spring-security-web-6.5.1.jar:6.5.1]
	at org.springframework.security.web.FilterChainProxy.doFilter(FilterChainProxy.java:191) ~[spring-security-web-6.5.1.jar:6.5.1]
	at org.springframework.web.filter.CompositeFilter$VirtualFilterChain.doFilter(CompositeFilter.java:113) ~[spring-web-6.2.8.jar:6.2.8]
	at org.springframework.web.filter.ServletRequestPathFilter.doFilter(ServletRequestPathFilter.java:52) ~[spring-web-6.2.8.jar:6.2.8]
	at org.springframework.web.filter.CompositeFilter$VirtualFilterChain.doFilter(CompositeFilter.java:113) ~[spring-web-6.2.8.jar:6.2.8]
	at org.springframework.web.filter.CompositeFilter.doFilter(CompositeFilter.java:74) ~[spring-web-6.2.8.jar:6.2.8]
	at org.springframework.security.config.annotation.web.configuration.WebSecurityConfiguration$CompositeFilterChainProxy.doFilter(WebSecurityConfiguration.java:319) ~[spring-security-config-6.5.1.jar:6.5.1]
	at org.springframework.web.filter.CompositeFilter$VirtualFilterChain.doFilter(CompositeFilter.java:113) ~[spring-web-6.2.8.jar:6.2.8]
	at org.springframework.web.servlet.handler.HandlerMappingIntrospector.lambda$createCacheFilter$4(HandlerMappingIntrospector.java:267) ~[spring-webmvc-6.2.8.jar:6.2.8]
	at org.springframework.web.filter.CompositeFilter$VirtualFilterChain.doFilter(CompositeFilter.java:113) ~[spring-web-6.2.8.jar:6.2.8]
	at org.springframework.web.filter.CompositeFilter.doFilter(CompositeFilter.java:74) ~[spring-web-6.2.8.jar:6.2.8]
	at org.springframework.security.config.annotation.web.configuration.WebMvcSecurityConfiguration$CompositeFilterChainProxy.doFilter(WebMvcSecurityConfiguration.java:240) ~[spring-security-config-6.5.1.jar:6.5.1]
	at org.springframework.web.filter.DelegatingFilterProxy.invokeDelegate(DelegatingFilterProxy.java:362) ~[spring-web-6.2.8.jar:6.2.8]
	at org.springframework.web.filter.DelegatingFilterProxy.doFilter(DelegatingFilterProxy.java:278) ~[spring-web-6.2.8.jar:6.2.8]
	at org.apache.catalina.core.ApplicationFilterChain.internalDoFilter(ApplicationFilterChain.java:164) ~[tomcat-embed-core-10.1.42.jar:10.1.42]
	at org.apache.catalina.core.ApplicationFilterChain.doFilter(ApplicationFilterChain.java:140) ~[tomcat-embed-core-10.1.42.jar:10.1.42]
	at org.springframework.web.filter.RequestContextFilter.doFilterInternal(RequestContextFilter.java:100) ~[spring-web-6.2.8.jar:6.2.8]
	at org.springframework.web.filter.OncePerRequestFilter.doFilter(OncePerRequestFilter.java:116) ~[spring-web-6.2.8.jar:6.2.8]
	at org.apache.catalina.core.ApplicationFilterChain.internalDoFilter(ApplicationFilterChain.java:164) ~[tomcat-embed-core-10.1.42.jar:10.1.42]
	at org.apache.catalina.core.ApplicationFilterChain.doFilter(ApplicationFilterChain.java:140) ~[tomcat-embed-core-10.1.42.jar:10.1.42]
	at org.springframework.web.filter.FormContentFilter.doFilterInternal(FormContentFilter.java:93) ~[spring-web-6.2.8.jar:6.2.8]
	at org.springframework.web.filter.OncePerRequestFilter.doFilter(OncePerRequestFilter.java:116) ~[spring-web-6.2.8.jar:6.2.8]
	at org.apache.catalina.core.ApplicationFilterChain.internalDoFilter(ApplicationFilterChain.java:164) ~[tomcat-embed-core-10.1.42.jar:10.1.42]
	at org.apache.catalina.core.ApplicationFilterChain.doFilter(ApplicationFilterChain.java:140) ~[tomcat-embed-core-10.1.42.jar:10.1.42]
	at org.springframework.web.filter.CharacterEncodingFilter.doFilterInternal(CharacterEncodingFilter.java:201) ~[spring-web-6.2.8.jar:6.2.8]
	at org.springframework.web.filter.OncePerRequestFilter.doFilter(OncePerRequestFilter.java:116) ~[spring-web-6.2.8.jar:6.2.8]
	at org.apache.catalina.core.ApplicationFilterChain.internalDoFilter(ApplicationFilterChain.java:164) ~[tomcat-embed-core-10.1.42.jar:10.1.42]
	at org.apache.catalina.core.ApplicationFilterChain.doFilter(ApplicationFilterChain.java:140) ~[tomcat-embed-core-10.1.42.jar:10.1.42]
	at org.apache.catalina.core.StandardWrapperValve.invoke(StandardWrapperValve.java:167) ~[tomcat-embed-core-10.1.42.jar:10.1.42]
	at org.apache.catalina.core.StandardContextValve.invoke(StandardContextValve.java:90) ~[tomcat-embed-core-10.1.42.jar:10.1.42]
	at org.apache.catalina.authenticator.AuthenticatorBase.invoke(AuthenticatorBase.java:483) ~[tomcat-embed-core-10.1.42.jar:10.1.42]
	at org.apache.catalina.core.StandardHostValve.invoke(StandardHostValve.java:116) ~[tomcat-embed-core-10.1.42.jar:10.1.42]
	at org.apache.catalina.valves.ErrorReportValve.invoke(ErrorReportValve.java:93) ~[tomcat-embed-core-10.1.42.jar:10.1.42]
	at org.apache.catalina.core.StandardEngineValve.invoke(StandardEngineValve.java:74) ~[tomcat-embed-core-10.1.42.jar:10.1.42]
	at org.apache.catalina.connector.CoyoteAdapter.service(CoyoteAdapter.java:344) ~[tomcat-embed-core-10.1.42.jar:10.1.42]
	at org.apache.coyote.http11.Http11Processor.service(Http11Processor.java:398) ~[tomcat-embed-core-10.1.42.jar:10.1.42]
	at org.apache.coyote.AbstractProcessorLight.process(AbstractProcessorLight.java:63) ~[tomcat-embed-core-10.1.42.jar:10.1.42]
	at org.apache.coyote.AbstractProtocol$ConnectionHandler.process(AbstractProtocol.java:903) ~[tomcat-embed-core-10.1.42.jar:10.1.42]
	at org.apache.tomcat.util.net.NioEndpoint$SocketProcessor.doRun(NioEndpoint.java:1769) ~[tomcat-embed-core-10.1.42.jar:10.1.42]
	at org.apache.tomcat.util.net.SocketProcessorBase.run(SocketProcessorBase.java:52) ~[tomcat-embed-core-10.1.42.jar:10.1.42]
	at org.apache.tomcat.util.threads.ThreadPoolExecutor.runWorker(ThreadPoolExecutor.java:1189) ~[tomcat-embed-core-10.1.42.jar:10.1.42]
	at org.apache.tomcat.util.threads.ThreadPoolExecutor$Worker.run(ThreadPoolExecutor.java:658) ~[tomcat-embed-core-10.1.42.jar:10.1.42]
	at org.apache.tomcat.util.threads.TaskThread$WrappingRunnable.run(TaskThread.java:63) ~[tomcat-embed-core-10.1.42.jar:10.1.42]
	at java.base/java.lang.Thread.run(Thread.java:1516) ~[na:na]

2026-08-12T09:28:37.819+05:30  WARN 21780 --- [shiptrack-backend] [nio-8080-exec-4] com.shiptrack.service.GeocodingService   : Geoapify routing failed, trying OSRM fallback...
2026-08-12T09:28:38.790+05:30  INFO 21780 --- [shiptrack-backend] [nio-8080-exec-4] com.shiptrack.service.GeocodingService   : OSRM route found: 8.6 km, 11 min
Hibernate: 
    select
        s1_0.id 
    from
        shipments s1_0 
    where
        s1_0.tracking_number=? 
    fetch
        first ? rows only
Hibernate: 
    insert 
    into
        shipments
        (actual_delivery_time, created_at, created_by, delivery_address, destination_latitude, destination_longitude, estimated_delivery_time, estimated_duration, origin_latitude, origin_longitude, receiver_name, route_polyline, sender_address, sender_name, status, total_distance, tracking_number) 
    values
        (?, ?, ?, ?, ?, ?, ?, ?, ?, ?, ?, ?, ?, ?, ?, ?, ?)
Hibernate: 
    insert 
    into
        tracking_events
        (latitude, longitude, recorded_at, shipment_id, status) 
    values
        (?, ?, ?, ?, ?)
2026-08-12T09:28:40.792+05:30 ERROR 21780 --- [shiptrack-backend] [nio-8080-exec-4] com.shiptrack.service.GeocodingService   : Geoapify routing failed

java.lang.ClassCastException: class java.util.ArrayList cannot be cast to class java.lang.Number (java.util.ArrayList and java.lang.Number are in module java.base of loader 'bootstrap')
	at com.shiptrack.service.GeocodingService.lambda$coordsToPolyline$0(GeocodingService.java:240) ~[classes/:na]
	at java.base/java.util.stream.ReferencePipeline$3$1.accept(ReferencePipeline.java:214) ~[na:na]
	at java.base/java.util.ArrayList$ArrayListSpliterator.forEachRemaining(ArrayList.java:1724) ~[na:na]
	at java.base/java.util.stream.AbstractPipeline.copyInto(AbstractPipeline.java:570) ~[na:na]
	at java.base/java.util.stream.AbstractPipeline.wrapAndCopyInto(AbstractPipeline.java:560) ~[na:na]
	at java.base/java.util.stream.AbstractPipeline.evaluate(AbstractPipeline.java:635) ~[na:na]
	at java.base/java.util.stream.AbstractPipeline.evaluateToArrayNode(AbstractPipeline.java:291) ~[na:na]
	at java.base/java.util.stream.ReferencePipeline.toArray(ReferencePipeline.java:652) ~[na:na]
	at java.base/java.util.stream.ReferencePipeline.toArray(ReferencePipeline.java:658) ~[na:na]
	at java.base/java.util.stream.ReferencePipeline.toList(ReferencePipeline.java:663) ~[na:na]
	at com.shiptrack.service.GeocodingService.coordsToPolyline(GeocodingService.java:243) ~[classes/:na]
	at com.shiptrack.service.GeocodingService.routeWithGeoapify(GeocodingService.java:179) ~[classes/:na]
	at com.shiptrack.service.GeocodingService.calculateRoute(GeocodingService.java:142) ~[classes/:na]
	at com.shiptrack.service.ForecastService.generateForecast(ForecastService.java:46) ~[classes/:na]
	at com.shiptrack.service.ShipmentService.createShipment(ShipmentService.java:229) ~[classes/:na]
	at java.base/jdk.internal.reflect.DirectMethodHandleAccessor.invoke(DirectMethodHandleAccessor.java:104) ~[na:na]
	at java.base/java.lang.reflect.Method.invoke(Method.java:565) ~[na:na]
	at org.springframework.aop.support.AopUtils.invokeJoinpointUsingReflection(AopUtils.java:359) ~[spring-aop-6.2.8.jar:6.2.8]
	at org.springframework.aop.framework.ReflectiveMethodInvocation.invokeJoinpoint(ReflectiveMethodInvocation.java:196) ~[spring-aop-6.2.8.jar:6.2.8]
	at org.springframework.aop.framework.ReflectiveMethodInvocation.proceed(ReflectiveMethodInvocation.java:163) ~[spring-aop-6.2.8.jar:6.2.8]
	at org.springframework.transaction.interceptor.TransactionAspectSupport.invokeWithinTransaction(TransactionAspectSupport.java:380) ~[spring-tx-6.2.8.jar:6.2.8]
	at org.springframework.transaction.interceptor.TransactionInterceptor.invoke(TransactionInterceptor.java:119) ~[spring-tx-6.2.8.jar:6.2.8]
	at org.springframework.aop.framework.ReflectiveMethodInvocation.proceed(ReflectiveMethodInvocation.java:184) ~[spring-aop-6.2.8.jar:6.2.8]
	at org.springframework.aop.framework.CglibAopProxy$DynamicAdvisedInterceptor.intercept(CglibAopProxy.java:728) ~[spring-aop-6.2.8.jar:6.2.8]
	at com.shiptrack.service.ShipmentService$$SpringCGLIB$$0.createShipment(<generated>) ~[classes/:na]
	at com.shiptrack.controller.ShipmentController.createShipment(ShipmentController.java:34) ~[classes/:na]
	at java.base/jdk.internal.reflect.DirectMethodHandleAccessor.invoke(DirectMethodHandleAccessor.java:104) ~[na:na]
	at java.base/java.lang.reflect.Method.invoke(Method.java:565) ~[na:na]
	at org.springframework.web.method.support.InvocableHandlerMethod.doInvoke(InvocableHandlerMethod.java:258) ~[spring-web-6.2.8.jar:6.2.8]
	at org.springframework.web.method.support.InvocableHandlerMethod.invokeForRequest(InvocableHandlerMethod.java:191) ~[spring-web-6.2.8.jar:6.2.8]
	at org.springframework.web.servlet.mvc.method.annotation.ServletInvocableHandlerMethod.invokeAndHandle(ServletInvocableHandlerMethod.java:118) ~[spring-webmvc-6.2.8.jar:6.2.8]
	at org.springframework.web.servlet.mvc.method.annotation.RequestMappingHandlerAdapter.invokeHandlerMethod(RequestMappingHandlerAdapter.java:986) ~[spring-webmvc-6.2.8.jar:6.2.8]
	at org.springframework.web.servlet.mvc.method.annotation.RequestMappingHandlerAdapter.handleInternal(RequestMappingHandlerAdapter.java:891) ~[spring-webmvc-6.2.8.jar:6.2.8]
	at org.springframework.web.servlet.mvc.method.AbstractHandlerMethodAdapter.handle(AbstractHandlerMethodAdapter.java:87) ~[spring-webmvc-6.2.8.jar:6.2.8]
	at org.springframework.web.servlet.DispatcherServlet.doDispatch(DispatcherServlet.java:1089) ~[spring-webmvc-6.2.8.jar:6.2.8]
	at org.springframework.web.servlet.DispatcherServlet.doService(DispatcherServlet.java:979) ~[spring-webmvc-6.2.8.jar:6.2.8]
	at org.springframework.web.servlet.FrameworkServlet.processRequest(FrameworkServlet.java:1014) ~[spring-webmvc-6.2.8.jar:6.2.8]
	at org.springframework.web.servlet.FrameworkServlet.doPost(FrameworkServlet.java:914) ~[spring-webmvc-6.2.8.jar:6.2.8]
	at jakarta.servlet.http.HttpServlet.service(HttpServlet.java:590) ~[tomcat-embed-core-10.1.42.jar:6.0]
	at org.springframework.web.servlet.FrameworkServlet.service(FrameworkServlet.java:885) ~[spring-webmvc-6.2.8.jar:6.2.8]
	at jakarta.servlet.http.HttpServlet.service(HttpServlet.java:658) ~[tomcat-embed-core-10.1.42.jar:6.0]
	at org.apache.catalina.core.ApplicationFilterChain.internalDoFilter(ApplicationFilterChain.java:195) ~[tomcat-embed-core-10.1.42.jar:10.1.42]
	at org.apache.catalina.core.ApplicationFilterChain.doFilter(ApplicationFilterChain.java:140) ~[tomcat-embed-core-10.1.42.jar:10.1.42]
	at org.apache.tomcat.websocket.server.WsFilter.doFilter(WsFilter.java:51) ~[tomcat-embed-websocket-10.1.42.jar:10.1.42]
	at org.apache.catalina.core.ApplicationFilterChain.internalDoFilter(ApplicationFilterChain.java:164) ~[tomcat-embed-core-10.1.42.jar:10.1.42]
	at org.apache.catalina.core.ApplicationFilterChain.doFilter(ApplicationFilterChain.java:140) ~[tomcat-embed-core-10.1.42.jar:10.1.42]
	at org.springframework.web.filter.OncePerRequestFilter.doFilter(OncePerRequestFilter.java:110) ~[spring-web-6.2.8.jar:6.2.8]
	at org.apache.catalina.core.ApplicationFilterChain.internalDoFilter(ApplicationFilterChain.java:164) ~[tomcat-embed-core-10.1.42.jar:10.1.42]
	at org.apache.catalina.core.ApplicationFilterChain.doFilter(ApplicationFilterChain.java:140) ~[tomcat-embed-core-10.1.42.jar:10.1.42]
	at org.springframework.web.filter.CompositeFilter$VirtualFilterChain.doFilter(CompositeFilter.java:108) ~[spring-web-6.2.8.jar:6.2.8]
	at org.springframework.web.filter.CompositeFilter$VirtualFilterChain.doFilter(CompositeFilter.java:108) ~[spring-web-6.2.8.jar:6.2.8]
	at org.springframework.security.web.FilterChainProxy.lambda$doFilterInternal$3(FilterChainProxy.java:231) ~[spring-security-web-6.5.1.jar:6.5.1]
	at org.springframework.security.web.FilterChainProxy$VirtualFilterChain.doFilter(FilterChainProxy.java:365) ~[spring-security-web-6.5.1.jar:6.5.1]
	at org.springframework.security.web.access.intercept.AuthorizationFilter.doFilter(AuthorizationFilter.java:101) ~[spring-security-web-6.5.1.jar:6.5.1]
	at org.springframework.security.web.FilterChainProxy$VirtualFilterChain.doFilter(FilterChainProxy.java:374) ~[spring-security-web-6.5.1.jar:6.5.1]
	at org.springframework.security.web.access.ExceptionTranslationFilter.doFilter(ExceptionTranslationFilter.java:125) ~[spring-security-web-6.5.1.jar:6.5.1]
	at org.springframework.security.web.access.ExceptionTranslationFilter.doFilter(ExceptionTranslationFilter.java:119) ~[spring-security-web-6.5.1.jar:6.5.1]
	at org.springframework.security.web.FilterChainProxy$VirtualFilterChain.doFilter(FilterChainProxy.java:374) ~[spring-security-web-6.5.1.jar:6.5.1]
	at org.springframework.security.web.session.SessionManagementFilter.doFilter(SessionManagementFilter.java:131) ~[spring-security-web-6.5.1.jar:6.5.1]
	at org.springframework.security.web.session.SessionManagementFilter.doFilter(SessionManagementFilter.java:85) ~[spring-security-web-6.5.1.jar:6.5.1]
	at org.springframework.security.web.FilterChainProxy$VirtualFilterChain.doFilter(FilterChainProxy.java:374) ~[spring-security-web-6.5.1.jar:6.5.1]
	at org.springframework.security.web.authentication.AnonymousAuthenticationFilter.doFilter(AnonymousAuthenticationFilter.java:100) ~[spring-security-web-6.5.1.jar:6.5.1]
	at org.springframework.security.web.FilterChainProxy$VirtualFilterChain.doFilter(FilterChainProxy.java:374) ~[spring-security-web-6.5.1.jar:6.5.1]
	at org.springframework.security.web.servletapi.SecurityContextHolderAwareRequestFilter.doFilter(SecurityContextHolderAwareRequestFilter.java:179) ~[spring-security-web-6.5.1.jar:6.5.1]
	at org.springframework.security.web.FilterChainProxy$VirtualFilterChain.doFilter(FilterChainProxy.java:374) ~[spring-security-web-6.5.1.jar:6.5.1]
	at org.springframework.security.web.savedrequest.RequestCacheAwareFilter.doFilter(RequestCacheAwareFilter.java:63) ~[spring-security-web-6.5.1.jar:6.5.1]
	at org.springframework.security.web.FilterChainProxy$VirtualFilterChain.doFilter(FilterChainProxy.java:374) ~[spring-security-web-6.5.1.jar:6.5.1]
	at com.shiptrack.security.JwtAuthenticationFilter.doFilterInternal(JwtAuthenticationFilter.java:67) ~[classes/:na]
	at org.springframework.web.filter.OncePerRequestFilter.doFilter(OncePerRequestFilter.java:116) ~[spring-web-6.2.8.jar:6.2.8]
	at org.springframework.security.web.FilterChainProxy$VirtualFilterChain.doFilter(FilterChainProxy.java:374) ~[spring-security-web-6.5.1.jar:6.5.1]
	at org.springframework.security.web.authentication.logout.LogoutFilter.doFilter(LogoutFilter.java:107) ~[spring-security-web-6.5.1.jar:6.5.1]
	at org.springframework.security.web.authentication.logout.LogoutFilter.doFilter(LogoutFilter.java:93) ~[spring-security-web-6.5.1.jar:6.5.1]
	at org.springframework.security.web.FilterChainProxy$VirtualFilterChain.doFilter(FilterChainProxy.java:374) ~[spring-security-web-6.5.1.jar:6.5.1]
	at org.springframework.web.filter.CorsFilter.doFilterInternal(CorsFilter.java:91) ~[spring-web-6.2.8.jar:6.2.8]
	at org.springframework.web.filter.OncePerRequestFilter.doFilter(OncePerRequestFilter.java:116) ~[spring-web-6.2.8.jar:6.2.8]
	at org.springframework.security.web.FilterChainProxy$VirtualFilterChain.doFilter(FilterChainProxy.java:374) ~[spring-security-web-6.5.1.jar:6.5.1]
	at org.springframework.security.web.header.HeaderWriterFilter.doHeadersAfter(HeaderWriterFilter.java:90) ~[spring-security-web-6.5.1.jar:6.5.1]
	at org.springframework.security.web.header.HeaderWriterFilter.doFilterInternal(HeaderWriterFilter.java:75) ~[spring-security-web-6.5.1.jar:6.5.1]
	at org.springframework.web.filter.OncePerRequestFilter.doFilter(OncePerRequestFilter.java:116) ~[spring-web-6.2.8.jar:6.2.8]
	at org.springframework.security.web.FilterChainProxy$VirtualFilterChain.doFilter(FilterChainProxy.java:374) ~[spring-security-web-6.5.1.jar:6.5.1]
	at org.springframework.security.web.context.SecurityContextHolderFilter.doFilter(SecurityContextHolderFilter.java:82) ~[spring-security-web-6.5.1.jar:6.5.1]
	at org.springframework.security.web.context.SecurityContextHolderFilter.doFilter(SecurityContextHolderFilter.java:69) ~[spring-security-web-6.5.1.jar:6.5.1]
	at org.springframework.security.web.FilterChainProxy$VirtualFilterChain.doFilter(FilterChainProxy.java:374) ~[spring-security-web-6.5.1.jar:6.5.1]
	at org.springframework.security.web.context.request.async.WebAsyncManagerIntegrationFilter.doFilterInternal(WebAsyncManagerIntegrationFilter.java:62) ~[spring-security-web-6.5.1.jar:6.5.1]
	at org.springframework.web.filter.OncePerRequestFilter.doFilter(OncePerRequestFilter.java:116) ~[spring-web-6.2.8.jar:6.2.8]
	at org.springframework.security.web.FilterChainProxy$VirtualFilterChain.doFilter(FilterChainProxy.java:374) ~[spring-security-web-6.5.1.jar:6.5.1]
	at org.springframework.security.web.session.DisableEncodeUrlFilter.doFilterInternal(DisableEncodeUrlFilter.java:42) ~[spring-security-web-6.5.1.jar:6.5.1]
	at org.springframework.web.filter.OncePerRequestFilter.doFilter(OncePerRequestFilter.java:116) ~[spring-web-6.2.8.jar:6.2.8]
	at org.springframework.security.web.FilterChainProxy$VirtualFilterChain.doFilter(FilterChainProxy.java:374) ~[spring-security-web-6.5.1.jar:6.5.1]
	at org.springframework.security.web.FilterChainProxy.doFilterInternal(FilterChainProxy.java:233) ~[spring-security-web-6.5.1.jar:6.5.1]
	at org.springframework.security.web.FilterChainProxy.doFilter(FilterChainProxy.java:191) ~[spring-security-web-6.5.1.jar:6.5.1]
	at org.springframework.web.filter.CompositeFilter$VirtualFilterChain.doFilter(CompositeFilter.java:113) ~[spring-web-6.2.8.jar:6.2.8]
	at org.springframework.web.filter.ServletRequestPathFilter.doFilter(ServletRequestPathFilter.java:52) ~[spring-web-6.2.8.jar:6.2.8]
	at org.springframework.web.filter.CompositeFilter$VirtualFilterChain.doFilter(CompositeFilter.java:113) ~[spring-web-6.2.8.jar:6.2.8]
	at org.springframework.web.filter.CompositeFilter.doFilter(CompositeFilter.java:74) ~[spring-web-6.2.8.jar:6.2.8]
	at org.springframework.security.config.annotation.web.configuration.WebSecurityConfiguration$CompositeFilterChainProxy.doFilter(WebSecurityConfiguration.java:319) ~[spring-security-config-6.5.1.jar:6.5.1]
	at org.springframework.web.filter.CompositeFilter$VirtualFilterChain.doFilter(CompositeFilter.java:113) ~[spring-web-6.2.8.jar:6.2.8]
	at org.springframework.web.servlet.handler.HandlerMappingIntrospector.lambda$createCacheFilter$4(HandlerMappingIntrospector.java:267) ~[spring-webmvc-6.2.8.jar:6.2.8]
	at org.springframework.web.filter.CompositeFilter$VirtualFilterChain.doFilter(CompositeFilter.java:113) ~[spring-web-6.2.8.jar:6.2.8]
	at org.springframework.web.filter.CompositeFilter.doFilter(CompositeFilter.java:74) ~[spring-web-6.2.8.jar:6.2.8]
	at org.springframework.security.config.annotation.web.configuration.WebMvcSecurityConfiguration$CompositeFilterChainProxy.doFilter(WebMvcSecurityConfiguration.java:240) ~[spring-security-config-6.5.1.jar:6.5.1]
	at org.springframework.web.filter.DelegatingFilterProxy.invokeDelegate(DelegatingFilterProxy.java:362) ~[spring-web-6.2.8.jar:6.2.8]
	at org.springframework.web.filter.DelegatingFilterProxy.doFilter(DelegatingFilterProxy.java:278) ~[spring-web-6.2.8.jar:6.2.8]
	at org.apache.catalina.core.ApplicationFilterChain.internalDoFilter(ApplicationFilterChain.java:164) ~[tomcat-embed-core-10.1.42.jar:10.1.42]
	at org.apache.catalina.core.ApplicationFilterChain.doFilter(ApplicationFilterChain.java:140) ~[tomcat-embed-core-10.1.42.jar:10.1.42]
	at org.springframework.web.filter.RequestContextFilter.doFilterInternal(RequestContextFilter.java:100) ~[spring-web-6.2.8.jar:6.2.8]
	at org.springframework.web.filter.OncePerRequestFilter.doFilter(OncePerRequestFilter.java:116) ~[spring-web-6.2.8.jar:6.2.8]
	at org.apache.catalina.core.ApplicationFilterChain.internalDoFilter(ApplicationFilterChain.java:164) ~[tomcat-embed-core-10.1.42.jar:10.1.42]
	at org.apache.catalina.core.ApplicationFilterChain.doFilter(ApplicationFilterChain.java:140) ~[tomcat-embed-core-10.1.42.jar:10.1.42]
	at org.springframework.web.filter.FormContentFilter.doFilterInternal(FormContentFilter.java:93) ~[spring-web-6.2.8.jar:6.2.8]
	at org.springframework.web.filter.OncePerRequestFilter.doFilter(OncePerRequestFilter.java:116) ~[spring-web-6.2.8.jar:6.2.8]
	at org.apache.catalina.core.ApplicationFilterChain.internalDoFilter(ApplicationFilterChain.java:164) ~[tomcat-embed-core-10.1.42.jar:10.1.42]
	at org.apache.catalina.core.ApplicationFilterChain.doFilter(ApplicationFilterChain.java:140) ~[tomcat-embed-core-10.1.42.jar:10.1.42]
	at org.springframework.web.filter.CharacterEncodingFilter.doFilterInternal(CharacterEncodingFilter.java:201) ~[spring-web-6.2.8.jar:6.2.8]
	at org.springframework.web.filter.OncePerRequestFilter.doFilter(OncePerRequestFilter.java:116) ~[spring-web-6.2.8.jar:6.2.8]
	at org.apache.catalina.core.ApplicationFilterChain.internalDoFilter(ApplicationFilterChain.java:164) ~[tomcat-embed-core-10.1.42.jar:10.1.42]
	at org.apache.catalina.core.ApplicationFilterChain.doFilter(ApplicationFilterChain.java:140) ~[tomcat-embed-core-10.1.42.jar:10.1.42]
	at org.apache.catalina.core.StandardWrapperValve.invoke(StandardWrapperValve.java:167) ~[tomcat-embed-core-10.1.42.jar:10.1.42]
	at org.apache.catalina.core.StandardContextValve.invoke(StandardContextValve.java:90) ~[tomcat-embed-core-10.1.42.jar:10.1.42]
	at org.apache.catalina.authenticator.AuthenticatorBase.invoke(AuthenticatorBase.java:483) ~[tomcat-embed-core-10.1.42.jar:10.1.42]
	at org.apache.catalina.core.StandardHostValve.invoke(StandardHostValve.java:116) ~[tomcat-embed-core-10.1.42.jar:10.1.42]
	at org.apache.catalina.valves.ErrorReportValve.invoke(ErrorReportValve.java:93) ~[tomcat-embed-core-10.1.42.jar:10.1.42]
	at org.apache.catalina.core.StandardEngineValve.invoke(StandardEngineValve.java:74) ~[tomcat-embed-core-10.1.42.jar:10.1.42]
	at org.apache.catalina.connector.CoyoteAdapter.service(CoyoteAdapter.java:344) ~[tomcat-embed-core-10.1.42.jar:10.1.42]
	at org.apache.coyote.http11.Http11Processor.service(Http11Processor.java:398) ~[tomcat-embed-core-10.1.42.jar:10.1.42]
	at org.apache.coyote.AbstractProcessorLight.process(AbstractProcessorLight.java:63) ~[tomcat-embed-core-10.1.42.jar:10.1.42]
	at org.apache.coyote.AbstractProtocol$ConnectionHandler.process(AbstractProtocol.java:903) ~[tomcat-embed-core-10.1.42.jar:10.1.42]
	at org.apache.tomcat.util.net.NioEndpoint$SocketProcessor.doRun(NioEndpoint.java:1769) ~[tomcat-embed-core-10.1.42.jar:10.1.42]
	at org.apache.tomcat.util.net.SocketProcessorBase.run(SocketProcessorBase.java:52) ~[tomcat-embed-core-10.1.42.jar:10.1.42]
	at org.apache.tomcat.util.threads.ThreadPoolExecutor.runWorker(ThreadPoolExecutor.java:1189) ~[tomcat-embed-core-10.1.42.jar:10.1.42]
	at org.apache.tomcat.util.threads.ThreadPoolExecutor$Worker.run(ThreadPoolExecutor.java:658) ~[tomcat-embed-core-10.1.42.jar:10.1.42]
	at org.apache.tomcat.util.threads.TaskThread$WrappingRunnable.run(TaskThread.java:63) ~[tomcat-embed-core-10.1.42.jar:10.1.42]
	at java.base/java.lang.Thread.run(Thread.java:1516) ~[na:na]

2026-08-12T09:28:40.794+05:30  WARN 21780 --- [shiptrack-backend] [nio-8080-exec-4] com.shiptrack.service.GeocodingService   : Geoapify routing failed, trying OSRM fallback...
2026-08-12T09:28:41.655+05:30  INFO 21780 --- [shiptrack-backend] [nio-8080-exec-4] com.shiptrack.service.GeocodingService   : OSRM route found: 8.6 km, 11 min
Hibernate: 
    insert 
    into
        delivery_predictions
        (confidence_score, predicted_delivery_time, prediction_generated_at, route_distance, route_duration, shipment_id, traffic_condition) 
    values
        (?, ?, ?, ?, ?, ?, ?)
2026-08-12T09:28:41.657+05:30  INFO 21780 --- [shiptrack-backend] [nio-8080-exec-4] com.shiptrack.service.ForecastService    : Forecast generated for shipment 50: delivery at 2026-08-12T09:42:41.655685500 (0.75% confidence)
2026-08-12T09:28:41.657+05:30  INFO 21780 --- [shiptrack-backend] [nio-8080-exec-4] c.shiptrack.service.LiveTrackingService  : New shipment alert broadcast: TRK958721 (50)
Hibernate: 
    select
        te1_0.id,
        te1_0.latitude,
        te1_0.longitude,
        te1_0.recorded_at,
        te1_0.shipment_id,
        te1_0.status 
    from
        tracking_events te1_0 
    left join
        shipments s1_0 
            on s1_0.id=te1_0.shipment_id 
    where
        s1_0.id=? 
    order by
        te1_0.recorded_at
Hibernate: 
    select
        u1_0.id,
        u1_0.created_at,
        u1_0.email,
        u1_0.name,
        u1_0.password,
        u1_0.phone,
        u1_0.role 
    from
        users u1_0 
    where
        u1_0.email=?
Hibernate: 
    select
        u1_0.id,
        u1_0.created_at,
        u1_0.email,
        u1_0.name,
        u1_0.password,
        u1_0.phone,
        u1_0.role 
    from
        users u1_0 
    where
        u1_0.email=?
Hibernate: 
    select
        s1_0.id,
        s1_0.actual_delivery_time,
        s1_0.created_at,
        s1_0.created_by,
        s1_0.delivery_address,
        s1_0.destination_latitude,
        s1_0.destination_longitude,
        s1_0.estimated_delivery_time,
        s1_0.estimated_duration,
        s1_0.origin_latitude,
        s1_0.origin_longitude,
        s1_0.receiver_name,
        s1_0.route_polyline,
        s1_0.sender_address,
        s1_0.sender_name,
        s1_0.status,
        s1_0.total_distance,
        s1_0.tracking_number 
    from
        shipments s1_0 
    where
        s1_0.id=?
Hibernate: 
    select
        pod1_0.id,
        pod1_0.captured_at,
        pod1_0.method,
        pod1_0.notes,
        pod1_0.recipient_name,
        pod1_0.shipment_id,
        pod1_0.signature_data,
        pod1_0.signature_hash,
        pod1_0.verification_notes,
        pod1_0.verification_status,
        pod1_0.verified_at,
        pod1_0.verified_by 
    from
        proof_of_deliveries pod1_0 
    left join
        shipments s1_0 
            on s1_0.id=pod1_0.shipment_id 
    where
        s1_0.id=?
Hibernate: 
    insert 
    into
        proof_of_deliveries
        (captured_at, method, notes, recipient_name, shipment_id, signature_data, signature_hash, verification_notes, verification_status, verified_at, verified_by) 
    values
        (?, ?, ?, ?, ?, ?, ?, ?, ?, ?, ?)
2026-08-12T09:28:41.675+05:30  INFO 21780 --- [shiptrack-backend] [nio-8080-exec-3] c.s.service.ProofOfDeliveryService       : Proof of delivery captured for shipment 50 by raju@gmail.com
Hibernate: 
    insert 
    into
        tracking_events
        (latitude, longitude, recorded_at, shipment_id, status) 
    values
        (?, ?, ?, ?, ?)
2026-08-12T09:28:41.676+05:30  INFO 21780 --- [shiptrack-backend] [nio-8080-exec-3] c.s.service.ProofOfDeliveryService       : Shipment 50 marked DELIVERED upon proof of delivery capture
Hibernate: 
    update
        shipments 
    set
        actual_delivery_time=?,
        created_at=?,
        created_by=?,
        delivery_address=?,
        destination_latitude=?,
        destination_longitude=?,
        estimated_delivery_time=?,
        estimated_duration=?,
        origin_latitude=?,
        origin_longitude=?,
        receiver_name=?,
        route_polyline=?,
        sender_address=?,
        sender_name=?,
        status=?,
        total_distance=?,
        tracking_number=? 
    where
        id=?
Hibernate: 
    select
        u1_0.id,
        u1_0.created_at,
        u1_0.email,
        u1_0.name,
        u1_0.password,
        u1_0.phone,
        u1_0.role 
    from
        users u1_0 
    where
        u1_0.email=?
Hibernate: 
    select
        u1_0.id,
        u1_0.created_at,
        u1_0.email,
        u1_0.name,
        u1_0.password,
        u1_0.phone,
        u1_0.role 
    from
        users u1_0 
    where
        u1_0.email=?
Hibernate: 
    select
        pod1_0.id,
        pod1_0.captured_at,
        pod1_0.method,
        pod1_0.notes,
        pod1_0.recipient_name,
        pod1_0.shipment_id,
        pod1_0.signature_data,
        pod1_0.signature_hash,
        pod1_0.verification_notes,
        pod1_0.verification_status,
        pod1_0.verified_at,
        pod1_0.verified_by 
    from
        proof_of_deliveries pod1_0 
    where
        pod1_0.id=?
2026-08-12T09:28:41.952+05:30  WARN 21780 --- [shiptrack-backend] [nio-8080-exec-5] .m.m.a.ExceptionHandlerExceptionResolver : Resolved [java.lang.IllegalStateException: Cannot verify this proof of delivery: the captured signature failed its integrity check.]
Hibernate: 
    select
        u1_0.id,
        u1_0.created_at,
        u1_0.email,
        u1_0.name,
        u1_0.password,
        u1_0.phone,
        u1_0.role 
    from
        users u1_0 
    where
        u1_0.email=?
Hibernate: 
    select
        u1_0.id,
        u1_0.created_at,
        u1_0.email,
        u1_0.name,
        u1_0.password,
        u1_0.phone,
        u1_0.role 
    from
        users u1_0 
    where
        u1_0.email=?
Hibernate: 
    select
        count(s1_0.id) 
    from
        shipments s1_0 
    where
        s1_0.status=?
Hibernate: 
    select
        count(s1_0.id) 
    from
        shipments s1_0 
    where
        s1_0.status=?
Hibernate: 
    select
        count(s1_0.id) 
    from
        shipments s1_0 
    where
        s1_0.status=?
Hibernate: 
    select
        count(s1_0.id) 
    from
        shipments s1_0 
    where
        s1_0.status=?
Hibernate: 
    select
        count(s1_0.id) 
    from
        shipments s1_0 
    where
        s1_0.status=?
Hibernate: 
    select
        count(s1_0.id) 
    from
        shipments s1_0 
    where
        s1_0.status=?
Hibernate: 
    select
        count(s1_0.id) 
    from
        shipments s1_0 
    where
        s1_0.status=?
Hibernate: 
    select
        count(s1_0.id) 
    from
        shipments s1_0 
    where
        s1_0.status=?
Hibernate: 
    select
        s1_0.id,
        s1_0.actual_delivery_time,
        s1_0.created_at,
        s1_0.created_by,
        s1_0.delivery_address,
        s1_0.destination_latitude,
        s1_0.destination_longitude,
        s1_0.estimated_delivery_time,
        s1_0.estimated_duration,
        s1_0.origin_latitude,
        s1_0.origin_longitude,
        s1_0.receiver_name,
        s1_0.route_polyline,
        s1_0.sender_address,
        s1_0.sender_name,
        s1_0.status,
        s1_0.total_distance,
        s1_0.tracking_number 
    from
        shipments s1_0 
    where
        s1_0.status=?
Hibernate: 
    select
        s1_0.id,
        s1_0.actual_delivery_time,
        s1_0.created_at,
        s1_0.created_by,
        s1_0.delivery_address,
        s1_0.destination_latitude,
        s1_0.destination_longitude,
        s1_0.estimated_delivery_time,
        s1_0.estimated_duration,
        s1_0.origin_latitude,
        s1_0.origin_longitude,
        s1_0.receiver_name,
        s1_0.route_polyline,
        s1_0.sender_address,
        s1_0.sender_name,
        s1_0.status,
        s1_0.total_distance,
        s1_0.tracking_number 
    from
        shipments s1_0
Hibernate: 
    select
        u1_0.id,
        u1_0.created_at,
        u1_0.email,
        u1_0.name,
        u1_0.password,
        u1_0.phone,
        u1_0.role 
    from
        users u1_0 
    where
        u1_0.email=?
Hibernate: 
    select
        u1_0.id,
        u1_0.created_at,
        u1_0.email,
        u1_0.name,
        u1_0.password,
        u1_0.phone,
        u1_0.role 
    from
        users u1_0 
    where
        u1_0.email=?
Hibernate: 
    select
        s1_0.id,
        s1_0.actual_delivery_time,
        s1_0.created_at,
        s1_0.created_by,
        s1_0.delivery_address,
        s1_0.destination_latitude,
        s1_0.destination_longitude,
        s1_0.estimated_delivery_time,
        s1_0.estimated_duration,
        s1_0.origin_latitude,
        s1_0.origin_longitude,
        s1_0.receiver_name,
        s1_0.route_polyline,
        s1_0.sender_address,
        s1_0.sender_name,
        s1_0.status,
        s1_0.total_distance,
        s1_0.tracking_number 
    from
        shipments s1_0 
    where
        s1_0.created_at>?
Hibernate: 
    select
        s1_0.id,
        s1_0.actual_delivery_time,
        s1_0.created_at,
        s1_0.created_by,
        s1_0.delivery_address,
        s1_0.destination_latitude,
        s1_0.destination_longitude,
        s1_0.estimated_delivery_time,
        s1_0.estimated_duration,
        s1_0.origin_latitude,
        s1_0.origin_longitude,
        s1_0.receiver_name,
        s1_0.route_polyline,
        s1_0.sender_address,
        s1_0.sender_name,
        s1_0.status,
        s1_0.total_distance,
        s1_0.tracking_number 
    from
        shipments s1_0 
    where
        s1_0.actual_delivery_time>?
Hibernate: 
    select
        u1_0.id,
        u1_0.created_at,
        u1_0.email,
        u1_0.name,
        u1_0.password,
        u1_0.phone,
        u1_0.role 
    from
        users u1_0 
    where
        u1_0.email=?
Hibernate: 
    select
        u1_0.id,
        u1_0.created_at,
        u1_0.email,
        u1_0.name,
        u1_0.password,
        u1_0.phone,
        u1_0.role 
    from
        users u1_0 
    where
        u1_0.email=?
Hibernate: 
    select
        s1_0.id,
        s1_0.actual_delivery_time,
        s1_0.created_at,
        s1_0.created_by,
        s1_0.delivery_address,
        s1_0.destination_latitude,
        s1_0.destination_longitude,
        s1_0.estimated_delivery_time,
        s1_0.estimated_duration,
        s1_0.origin_latitude,
        s1_0.origin_longitude,
        s1_0.receiver_name,
        s1_0.route_polyline,
        s1_0.sender_address,
        s1_0.sender_name,
        s1_0.status,
        s1_0.total_distance,
        s1_0.tracking_number 
    from
        shipments s1_0 
    where
        s1_0.created_at>?
Hibernate: 
    select
        u1_0.id,
        u1_0.created_at,
        u1_0.email,
        u1_0.name,
        u1_0.password,
        u1_0.phone,
        u1_0.role 
    from
        users u1_0 
    where
        u1_0.email=?
Hibernate: 
    select
        u1_0.id,
        u1_0.created_at,
        u1_0.email,
        u1_0.name,
        u1_0.password,
        u1_0.phone,
        u1_0.role 
    from
        users u1_0 
    where
        u1_0.email=?
Hibernate: 
    select
        s1_0.id,
        s1_0.actual_delivery_time,
        s1_0.created_at,
        s1_0.created_by,
        s1_0.delivery_address,
        s1_0.destination_latitude,
        s1_0.destination_longitude,
        s1_0.estimated_delivery_time,
        s1_0.estimated_duration,
        s1_0.origin_latitude,
        s1_0.origin_longitude,
        s1_0.receiver_name,
        s1_0.route_polyline,
        s1_0.sender_address,
        s1_0.sender_name,
        s1_0.status,
        s1_0.total_distance,
        s1_0.tracking_number 
    from
        shipments s1_0 
    where
        s1_0.created_at>?
Hibernate: 
    select
        s1_0.id,
        s1_0.actual_delivery_time,
        s1_0.created_at,
        s1_0.created_by,
        s1_0.delivery_address,
        s1_0.destination_latitude,
        s1_0.destination_longitude,
        s1_0.estimated_delivery_time,
        s1_0.estimated_duration,
        s1_0.origin_latitude,
        s1_0.origin_longitude,
        s1_0.receiver_name,
        s1_0.route_polyline,
        s1_0.sender_address,
        s1_0.sender_name,
        s1_0.status,
        s1_0.total_distance,
        s1_0.tracking_number 
    from
        shipments s1_0 
    where
        s1_0.status in (?, ?)
2026-08-12T09:29:19.527+05:30  INFO 21780 --- [shiptrack-backend] [MessageBroker-2] o.s.w.s.c.WebSocketMessageBrokerStats    : WebSocketSession[0 current WS(0)-HttpStream(0)-HttpPoll(0), 0 total, 0 closed abnormally (0 connect failure, 0 send limit, 0 transport error)], stompSubProtocol[processed CONNECT(0)-CONNECTED(0)-DISCONNECT(0)], stompBrokerRelay[null], inboundChannel[pool size = 0, active threads = 0, queued tasks = 0, completed tasks = 0], outboundChannel[pool size = 0, active threads = 0, queued tasks = 0, completed tasks = 0], sockJsScheduler[pool size = 8, active threads = 1, queued tasks = 3, completed tasks = 4]
Hibernate: 
    select
        s1_0.id,
        s1_0.actual_delivery_time,
        s1_0.created_at,
        s1_0.created_by,
        s1_0.delivery_address,
        s1_0.destination_latitude,
        s1_0.destination_longitude,
        s1_0.estimated_delivery_time,
        s1_0.estimated_duration,
        s1_0.origin_latitude,
        s1_0.origin_longitude,
        s1_0.receiver_name,
        s1_0.route_polyline,
        s1_0.sender_address,
        s1_0.sender_name,
        s1_0.status,
        s1_0.total_distance,
        s1_0.tracking_number 
    from
        shipments s1_0 
    where
        s1_0.status in (?, ?)
Hibernate: 
    select
        s1_0.id,
        s1_0.actual_delivery_time,
        s1_0.created_at,
        s1_0.created_by,
        s1_0.delivery_address,
        s1_0.destination_latitude,
        s1_0.destination_longitude,
        s1_0.estimated_delivery_time,
        s1_0.estimated_duration,
        s1_0.origin_latitude,
        s1_0.origin_longitude,
        s1_0.receiver_name,
        s1_0.route_polyline,
        s1_0.sender_address,
        s1_0.sender_name,
        s1_0.status,
        s1_0.total_distance,
        s1_0.tracking_number 
    from
        shipments s1_0 
    where
        s1_0.status in (?, ?)
Hibernate: 
    select
        s1_0.id,
        s1_0.actual_delivery_time,
        s1_0.created_at,
        s1_0.created_by,
        s1_0.delivery_address,
        s1_0.destination_latitude,
        s1_0.destination_longitude,
        s1_0.estimated_delivery_time,
        s1_0.estimated_duration,
        s1_0.origin_latitude,
        s1_0.origin_longitude,
        s1_0.receiver_name,
        s1_0.route_polyline,
        s1_0.sender_address,
        s1_0.sender_name,
        s1_0.status,
        s1_0.total_distance,
        s1_0.tracking_number 
    from
        shipments s1_0 
    where
        s1_0.id=?
Hibernate: 
    select
        te1_0.id,
        te1_0.latitude,
        te1_0.longitude,
        te1_0.recorded_at,
        te1_0.shipment_id,
        te1_0.status 
    from
        tracking_events te1_0 
    left join
        shipments s1_0 
            on s1_0.id=te1_0.shipment_id 
    where
        s1_0.id=? 
    order by
        te1_0.recorded_at
Hibernate: 
    select
        rhp1_0.id,
        rhp1_0.latitude,
        rhp1_0.longitude,
        rhp1_0.progress,
        rhp1_0.recorded_at,
        rhp1_0.shipment_id,
        rhp1_0.speed 
    from
        route_history_points rhp1_0 
    left join
        shipments s1_0 
            on s1_0.id=rhp1_0.shipment_id 
    where
        s1_0.id=? 
    order by
        rhp1_0.recorded_at desc 
    fetch
        first ? rows only
Hibernate: 
    select
        dp1_0.id,
        dp1_0.delay_minutes,
        dp1_0.delay_reason,
        dp1_0.detected_at,
        dp1_0.is_active,
        dp1_0.probability,
        dp1_0.shipment_id 
    from
        delay_predictions dp1_0 
    where
        dp1_0.shipment_id=? 
        and dp1_0.is_active 
    order by
        dp1_0.detected_at desc 
    fetch
        first ? rows only
Hibernate: 
    select
        dp1_0.id,
        dp1_0.delay_minutes,
        dp1_0.delay_reason,
        dp1_0.detected_at,
        dp1_0.is_active,
        dp1_0.probability,
        dp1_0.shipment_id 
    from
        delay_predictions dp1_0 
    where
        dp1_0.shipment_id=? 
        and dp1_0.is_active
Hibernate: 
    select
        dp1_0.id,
        dp1_0.delay_minutes,
        dp1_0.delay_reason,
        dp1_0.detected_at,
        dp1_0.is_active,
        dp1_0.probability,
        dp1_0.shipment_id 
    from
        delay_predictions dp1_0 
    where
        dp1_0.id=?
Hibernate: 
    update
        delay_predictions 
    set
        delay_minutes=?,
        delay_reason=?,
        detected_at=?,
        is_active=?,
        probability=?,
        shipment_id=? 
    where
        id=?
2026-08-12T09:29:19.556+05:30  INFO 21780 --- [shiptrack-backend] [MessageBroker-5] c.s.service.DelayPredictionService       : Superseded 1 stale delay prediction(s) for shipment 31
Hibernate: 
    insert 
    into
        delay_predictions
        (delay_minutes, delay_reason, detected_at, is_active, probability, shipment_id) 
    values
        (?, ?, ?, ?, ?, ?)
2026-08-12T09:29:19.558+05:30  WARN 21780 --- [shiptrack-backend] [MessageBroker-5] c.shiptrack.service.LiveTrackingService  : Delay alert for shipment 31: No location update for 20960 minutes (120 min, 0.9% probability)
2026-08-12T09:29:19.559+05:30  WARN 21780 --- [shiptrack-backend] [MessageBroker-5] c.s.service.DelayPredictionService       : Delay detected for shipment 31: No location update for 20960 minutes (120 min)
Hibernate: 
    select
        s1_0.id,
        s1_0.actual_delivery_time,
        s1_0.created_at,
        s1_0.created_by,
        s1_0.delivery_address,
        s1_0.destination_latitude,
        s1_0.destination_longitude,
        s1_0.estimated_delivery_time,
        s1_0.estimated_duration,
        s1_0.origin_latitude,
        s1_0.origin_longitude,
        s1_0.receiver_name,
        s1_0.route_polyline,
        s1_0.sender_address,
        s1_0.sender_name,
        s1_0.status,
        s1_0.total_distance,
        s1_0.tracking_number 
    from
        shipments s1_0 
    where
        s1_0.id=?
Hibernate: 
    select
        te1_0.id,
        te1_0.latitude,
        te1_0.longitude,
        te1_0.recorded_at,
        te1_0.shipment_id,
        te1_0.status 
    from
        tracking_events te1_0 
    left join
        shipments s1_0 
            on s1_0.id=te1_0.shipment_id 
    where
        s1_0.id=? 
    order by
        te1_0.recorded_at
Hibernate: 
    select
        rhp1_0.id,
        rhp1_0.latitude,
        rhp1_0.longitude,
        rhp1_0.progress,
        rhp1_0.recorded_at,
        rhp1_0.shipment_id,
        rhp1_0.speed 
    from
        route_history_points rhp1_0 
    left join
        shipments s1_0 
            on s1_0.id=rhp1_0.shipment_id 
    where
        s1_0.id=? 
    order by
        rhp1_0.recorded_at desc 
    fetch
        first ? rows only
Hibernate: 
    select
        dp1_0.id,
        dp1_0.delay_minutes,
        dp1_0.delay_reason,
        dp1_0.detected_at,
        dp1_0.is_active,
        dp1_0.probability,
        dp1_0.shipment_id 
    from
        delay_predictions dp1_0 
    where
        dp1_0.shipment_id=? 
        and dp1_0.is_active 
    order by
        dp1_0.detected_at desc 
    fetch
        first ? rows only
Hibernate: 
    select
        dp1_0.id,
        dp1_0.delay_minutes,
        dp1_0.delay_reason,
        dp1_0.detected_at,
        dp1_0.is_active,
        dp1_0.probability,
        dp1_0.shipment_id 
    from
        delay_predictions dp1_0 
    where
        dp1_0.shipment_id=? 
        and dp1_0.is_active
Hibernate: 
    select
        dp1_0.id,
        dp1_0.delay_minutes,
        dp1_0.delay_reason,
        dp1_0.detected_at,
        dp1_0.is_active,
        dp1_0.probability,
        dp1_0.shipment_id 
    from
        delay_predictions dp1_0 
    where
        dp1_0.id=?
Hibernate: 
    update
        delay_predictions 
    set
        delay_minutes=?,
        delay_reason=?,
        detected_at=?,
        is_active=?,
        probability=?,
        shipment_id=? 
    where
        id=?
2026-08-12T09:29:19.566+05:30  INFO 21780 --- [shiptrack-backend] [MessageBroker-5] c.s.service.DelayPredictionService       : Superseded 1 stale delay prediction(s) for shipment 22
Hibernate: 
    insert 
    into
        delay_predictions
        (delay_minutes, delay_reason, detected_at, is_active, probability, shipment_id) 
    values
        (?, ?, ?, ?, ?, ?)
2026-08-12T09:29:19.568+05:30  WARN 21780 --- [shiptrack-backend] [MessageBroker-5] c.shiptrack.service.LiveTrackingService  : Delay alert for shipment 22: No location update for 19627 minutes (120 min, 0.9% probability)
2026-08-12T09:29:19.568+05:30  WARN 21780 --- [shiptrack-backend] [MessageBroker-5] c.s.service.DelayPredictionService       : Delay detected for shipment 22: No location update for 19627 minutes (120 min)
Hibernate: 
    select
        s1_0.id,
        s1_0.actual_delivery_time,
        s1_0.created_at,
        s1_0.created_by,
        s1_0.delivery_address,
        s1_0.destination_latitude,
        s1_0.destination_longitude,
        s1_0.estimated_delivery_time,
        s1_0.estimated_duration,
        s1_0.origin_latitude,
        s1_0.origin_longitude,
        s1_0.receiver_name,
        s1_0.route_polyline,
        s1_0.sender_address,
        s1_0.sender_name,
        s1_0.status,
        s1_0.total_distance,
        s1_0.tracking_number 
    from
        shipments s1_0 
    where
        s1_0.status in (?, ?)
Hibernate: 
    select
        u1_0.id,
        u1_0.created_at,
        u1_0.email,
        u1_0.name,
        u1_0.password,
        u1_0.phone,
        u1_0.role 
    from
        users u1_0 
    where
        u1_0.email=?
Hibernate: 
    select
        u1_0.id,
        u1_0.created_at,
        u1_0.email,
        u1_0.name,
        u1_0.password,
        u1_0.phone,
        u1_0.role 
    from
        users u1_0 
    where
        u1_0.email=?
Hibernate: 
    select
        count(*) 
    from
        shipments s1_0
Hibernate: 
    select
        count(s1_0.id) 
    from
        shipments s1_0 
    where
        s1_0.status=?
Hibernate: 
    select
        count(s1_0.id) 
    from
        shipments s1_0 
    where
        s1_0.status=?
Hibernate: 
    select
        count(s1_0.id) 
    from
        shipments s1_0 
    where
        s1_0.status=?
Hibernate: 
    select
        count(s1_0.id) 
    from
        shipments s1_0 
    where
        s1_0.status=?
Hibernate: 
    select
        count(s1_0.id) 
    from
        shipments s1_0 
    where
        s1_0.status=?
Hibernate: 
    select
        u1_0.id,
        u1_0.created_at,
        u1_0.email,
        u1_0.name,
        u1_0.password,
        u1_0.phone,
        u1_0.role 
    from
        users u1_0 
    where
        u1_0.email=?
Hibernate: 
    select
        u1_0.id,
        u1_0.created_at,
        u1_0.email,
        u1_0.name,
        u1_0.password,
        u1_0.phone,
        u1_0.role 
    from
        users u1_0 
    where
        u1_0.email=?
Hibernate: 
    select
        s1_0.id,
        s1_0.actual_delivery_time,
        s1_0.created_at,
        s1_0.created_by,
        s1_0.delivery_address,
        s1_0.destination_latitude,
        s1_0.destination_longitude,
        s1_0.estimated_delivery_time,
        s1_0.estimated_duration,
        s1_0.origin_latitude,
        s1_0.origin_longitude,
        s1_0.receiver_name,
        s1_0.route_polyline,
        s1_0.sender_address,
        s1_0.sender_name,
        s1_0.status,
        s1_0.total_distance,
        s1_0.tracking_number 
    from
        shipments s1_0 
    where
        s1_0.created_by=? 
    order by
        s1_0.created_at desc
Hibernate: 
    select
        te1_0.id,
        te1_0.latitude,
        te1_0.longitude,
        te1_0.recorded_at,
        te1_0.shipment_id,
        te1_0.status 
    from
        tracking_events te1_0 
    left join
        shipments s1_0 
            on s1_0.id=te1_0.shipment_id 
    where
        s1_0.id=? 
    order by
        te1_0.recorded_at
Hibernate: 
    select
        te1_0.id,
        te1_0.latitude,
        te1_0.longitude,
        te1_0.recorded_at,
        te1_0.shipment_id,
        te1_0.status 
    from
        tracking_events te1_0 
    left join
        shipments s1_0 
            on s1_0.id=te1_0.shipment_id 
    where
        s1_0.id=? 
    order by
        te1_0.recorded_at
Hibernate: 
    select
        u1_0.id,
        u1_0.created_at,
        u1_0.email,
        u1_0.name,
        u1_0.password,
        u1_0.phone,
        u1_0.role 
    from
        users u1_0 
    where
        u1_0.email=?
Hibernate: 
    select
        u1_0.id,
        u1_0.created_at,
        u1_0.email,
        u1_0.name,
        u1_0.password,
        u1_0.phone,
        u1_0.role 
    from
        users u1_0 
    where
        u1_0.email=?
2026-08-12T09:29:53.088+05:30  WARN 21780 --- [shiptrack-backend] [nio-8080-exec-4] .m.m.a.ExceptionHandlerExceptionResolver : Resolved [com.shiptrack.exception.ForbiddenException: Access denied. Admins or Support only.]
Hibernate: 
    select
        s1_0.id,
        s1_0.actual_delivery_time,
        s1_0.created_at,
        s1_0.created_by,
        s1_0.delivery_address,
        s1_0.destination_latitude,
        s1_0.destination_longitude,
        s1_0.estimated_delivery_time,
        s1_0.estimated_duration,
        s1_0.origin_latitude,
        s1_0.origin_longitude,
        s1_0.receiver_name,
        s1_0.route_polyline,
        s1_0.sender_address,
        s1_0.sender_name,
        s1_0.status,
        s1_0.total_distance,
        s1_0.tracking_number 
    from
        shipments s1_0 
    where
        s1_0.status in (?, ?)
Hibernate: 
    select
        s1_0.id,
        s1_0.actual_delivery_time,
        s1_0.created_at,
        s1_0.created_by,
        s1_0.delivery_address,
        s1_0.destination_latitude,
        s1_0.destination_longitude,
        s1_0.estimated_delivery_time,
        s1_0.estimated_duration,
        s1_0.origin_latitude,
        s1_0.origin_longitude,
        s1_0.receiver_name,
        s1_0.route_polyline,
        s1_0.sender_address,
        s1_0.sender_name,
        s1_0.status,
        s1_0.total_distance,
        s1_0.tracking_number 
    from
        shipments s1_0 
    where
        s1_0.status in (?, ?)
Hibernate: 
    select
        s1_0.id,
        s1_0.actual_delivery_time,
        s1_0.created_at,
        s1_0.created_by,
        s1_0.delivery_address,
        s1_0.destination_latitude,
        s1_0.destination_longitude,
        s1_0.estimated_delivery_time,
        s1_0.estimated_duration,
        s1_0.origin_latitude,
        s1_0.origin_longitude,
        s1_0.receiver_name,
        s1_0.route_polyline,
        s1_0.sender_address,
        s1_0.sender_name,
        s1_0.status,
        s1_0.total_distance,
        s1_0.tracking_number 
    from
        shipments s1_0 
    where
        s1_0.status in (?, ?)
Hibernate: 
    select
        s1_0.id,
        s1_0.actual_delivery_time,
        s1_0.created_at,
        s1_0.created_by,
        s1_0.delivery_address,
        s1_0.destination_latitude,
        s1_0.destination_longitude,
        s1_0.estimated_delivery_time,
        s1_0.estimated_duration,
        s1_0.origin_latitude,
        s1_0.origin_longitude,
        s1_0.receiver_name,
        s1_0.route_polyline,
        s1_0.sender_address,
        s1_0.sender_name,
        s1_0.status,
        s1_0.total_distance,
        s1_0.tracking_number 
    from
        shipments s1_0 
    where
        s1_0.id=?
Hibernate: 
    select
        s1_0.id,
        s1_0.actual_delivery_time,
        s1_0.created_at,
        s1_0.created_by,
        s1_0.delivery_address,
        s1_0.destination_latitude,
        s1_0.destination_longitude,
        s1_0.estimated_delivery_time,
        s1_0.estimated_duration,
        s1_0.origin_latitude,
        s1_0.origin_longitude,
        s1_0.receiver_name,
        s1_0.route_polyline,
        s1_0.sender_address,
        s1_0.sender_name,
        s1_0.status,
        s1_0.total_distance,
        s1_0.tracking_number 
    from
        shipments s1_0 
    where
        s1_0.id=?
Hibernate: 
    select
        te1_0.id,
        te1_0.latitude,
        te1_0.longitude,
        te1_0.recorded_at,
        te1_0.shipment_id,
        te1_0.status 
    from
        tracking_events te1_0 
    left join
        shipments s1_0 
            on s1_0.id=te1_0.shipment_id 
    where
        s1_0.id=? 
    order by
        te1_0.recorded_at
Hibernate: 
    select
        te1_0.id,
        te1_0.latitude,
        te1_0.longitude,
        te1_0.recorded_at,
        te1_0.shipment_id,
        te1_0.status 
    from
        tracking_events te1_0 
    left join
        shipments s1_0 
            on s1_0.id=te1_0.shipment_id 
    where
        s1_0.id=? 
    order by
        te1_0.recorded_at
Hibernate: 
    select
        rhp1_0.id,
        rhp1_0.latitude,
        rhp1_0.longitude,
        rhp1_0.progress,
        rhp1_0.recorded_at,
        rhp1_0.shipment_id,
        rhp1_0.speed 
    from
        route_history_points rhp1_0 
    left join
        shipments s1_0 
            on s1_0.id=rhp1_0.shipment_id 
    where
        s1_0.id=? 
    order by
        rhp1_0.recorded_at desc 
    fetch
        first ? rows only
Hibernate: 
    select
        rhp1_0.id,
        rhp1_0.latitude,
        rhp1_0.longitude,
        rhp1_0.progress,
        rhp1_0.recorded_at,
        rhp1_0.shipment_id,
        rhp1_0.speed 
    from
        route_history_points rhp1_0 
    left join
        shipments s1_0 
            on s1_0.id=rhp1_0.shipment_id 
    where
        s1_0.id=? 
    order by
        rhp1_0.recorded_at desc 
    fetch
        first ? rows only
Hibernate: 
    select
        dp1_0.id,
        dp1_0.delay_minutes,
        dp1_0.delay_reason,
        dp1_0.detected_at,
        dp1_0.is_active,
        dp1_0.probability,
        dp1_0.shipment_id 
    from
        delay_predictions dp1_0 
    where
        dp1_0.shipment_id=? 
        and dp1_0.is_active 
    order by
        dp1_0.detected_at desc 
    fetch
        first ? rows only
Hibernate: 
    select
        dp1_0.id,
        dp1_0.delay_minutes,
        dp1_0.delay_reason,
        dp1_0.detected_at,
        dp1_0.is_active,
        dp1_0.probability,
        dp1_0.shipment_id 
    from
        delay_predictions dp1_0 
    where
        dp1_0.shipment_id=? 
        and dp1_0.is_active
Hibernate: 
    select
        dp1_0.id,
        dp1_0.delay_minutes,
        dp1_0.delay_reason,
        dp1_0.detected_at,
        dp1_0.is_active,
        dp1_0.probability,
        dp1_0.shipment_id 
    from
        delay_predictions dp1_0 
    where
        dp1_0.id=?
Hibernate: 
    update
        delay_predictions 
    set
        delay_minutes=?,
        delay_reason=?,
        detected_at=?,
        is_active=?,
        probability=?,
        shipment_id=? 
    where
        id=?
2026-08-12T09:30:19.569+05:30  INFO 21780 --- [shiptrack-backend] [MessageBroker-7] c.s.service.DelayPredictionService       : Superseded 1 stale delay prediction(s) for shipment 31
Hibernate: 
    insert 
    into
        delay_predictions
        (delay_minutes, delay_reason, detected_at, is_active, probability, shipment_id) 
    values
        (?, ?, ?, ?, ?, ?)
2026-08-12T09:30:19.572+05:30  WARN 21780 --- [shiptrack-backend] [MessageBroker-7] c.shiptrack.service.LiveTrackingService  : Delay alert for shipment 31: No location update for 20961 minutes (120 min, 0.9% probability)
2026-08-12T09:30:19.572+05:30  WARN 21780 --- [shiptrack-backend] [MessageBroker-7] c.s.service.DelayPredictionService       : Delay detected for shipment 31: No location update for 20961 minutes (120 min)
Hibernate: 
    select
        s1_0.id,
        s1_0.actual_delivery_time,
        s1_0.created_at,
        s1_0.created_by,
        s1_0.delivery_address,
        s1_0.destination_latitude,
        s1_0.destination_longitude,
        s1_0.estimated_delivery_time,
        s1_0.estimated_duration,
        s1_0.origin_latitude,
        s1_0.origin_longitude,
        s1_0.receiver_name,
        s1_0.route_polyline,
        s1_0.sender_address,
        s1_0.sender_name,
        s1_0.status,
        s1_0.total_distance,
        s1_0.tracking_number 
    from
        shipments s1_0 
    where
        s1_0.id=?
Hibernate: 
    select
        te1_0.id,
        te1_0.latitude,
        te1_0.longitude,
        te1_0.recorded_at,
        te1_0.shipment_id,
        te1_0.status 
    from
        tracking_events te1_0 
    left join
        shipments s1_0 
            on s1_0.id=te1_0.shipment_id 
    where
        s1_0.id=? 
    order by
        te1_0.recorded_at
Hibernate: 
    select
        rhp1_0.id,
        rhp1_0.latitude,
        rhp1_0.longitude,
        rhp1_0.progress,
        rhp1_0.recorded_at,
        rhp1_0.shipment_id,
        rhp1_0.speed 
    from
        route_history_points rhp1_0 
    left join
        shipments s1_0 
            on s1_0.id=rhp1_0.shipment_id 
    where
        s1_0.id=? 
    order by
        rhp1_0.recorded_at desc 
    fetch
        first ? rows only
Hibernate: 
    select
        dp1_0.id,
        dp1_0.delay_minutes,
        dp1_0.delay_reason,
        dp1_0.detected_at,
        dp1_0.is_active,
        dp1_0.probability,
        dp1_0.shipment_id 
    from
        delay_predictions dp1_0 
    where
        dp1_0.shipment_id=? 
        and dp1_0.is_active 
    order by
        dp1_0.detected_at desc 
    fetch
        first ? rows only
Hibernate: 
    select
        dp1_0.id,
        dp1_0.delay_minutes,
        dp1_0.delay_reason,
        dp1_0.detected_at,
        dp1_0.is_active,
        dp1_0.probability,
        dp1_0.shipment_id 
    from
        delay_predictions dp1_0 
    where
        dp1_0.shipment_id=? 
        and dp1_0.is_active
Hibernate: 
    select
        dp1_0.id,
        dp1_0.delay_minutes,
        dp1_0.delay_reason,
        dp1_0.detected_at,
        dp1_0.is_active,
        dp1_0.probability,
        dp1_0.shipment_id 
    from
        delay_predictions dp1_0 
    where
        dp1_0.id=?
Hibernate: 
    update
        delay_predictions 
    set
        delay_minutes=?,
        delay_reason=?,
        detected_at=?,
        is_active=?,
        probability=?,
        shipment_id=? 
    where
        id=?
2026-08-12T09:30:19.581+05:30  INFO 21780 --- [shiptrack-backend] [MessageBroker-7] c.s.service.DelayPredictionService       : Superseded 1 stale delay prediction(s) for shipment 22
Hibernate: 
    insert 
    into
        delay_predictions
        (delay_minutes, delay_reason, detected_at, is_active, probability, shipment_id) 
    values
        (?, ?, ?, ?, ?, ?)
2026-08-12T09:30:19.582+05:30  WARN 21780 --- [shiptrack-backend] [MessageBroker-7] c.shiptrack.service.LiveTrackingService  : Delay alert for shipment 22: No location update for 19628 minutes (120 min, 0.9% probability)
2026-08-12T09:30:19.582+05:30  WARN 21780 --- [shiptrack-backend] [MessageBroker-7] c.s.service.DelayPredictionService       : Delay detected for shipment 22: No location update for 19628 minutes (120 min)
2026-08-12T09:30:21.789+05:30 ERROR 21780 --- [shiptrack-backend] [MessageBroker-6] com.shiptrack.service.GeocodingService   : Geoapify routing failed

java.lang.ClassCastException: class java.util.ArrayList cannot be cast to class java.lang.Number (java.util.ArrayList and java.lang.Number are in module java.base of loader 'bootstrap')
	at com.shiptrack.service.GeocodingService.lambda$coordsToPolyline$0(GeocodingService.java:240) ~[classes/:na]
	at java.base/java.util.stream.ReferencePipeline$3$1.accept(ReferencePipeline.java:214) ~[na:na]
	at java.base/java.util.ArrayList$ArrayListSpliterator.forEachRemaining(ArrayList.java:1724) ~[na:na]
	at java.base/java.util.stream.AbstractPipeline.copyInto(AbstractPipeline.java:570) ~[na:na]
	at java.base/java.util.stream.AbstractPipeline.wrapAndCopyInto(AbstractPipeline.java:560) ~[na:na]
	at java.base/java.util.stream.AbstractPipeline.evaluate(AbstractPipeline.java:635) ~[na:na]
	at java.base/java.util.stream.AbstractPipeline.evaluateToArrayNode(AbstractPipeline.java:291) ~[na:na]
	at java.base/java.util.stream.ReferencePipeline.toArray(ReferencePipeline.java:652) ~[na:na]
	at java.base/java.util.stream.ReferencePipeline.toArray(ReferencePipeline.java:658) ~[na:na]
	at java.base/java.util.stream.ReferencePipeline.toList(ReferencePipeline.java:663) ~[na:na]
	at com.shiptrack.service.GeocodingService.coordsToPolyline(GeocodingService.java:243) ~[classes/:na]
	at com.shiptrack.service.GeocodingService.routeWithGeoapify(GeocodingService.java:179) ~[classes/:na]
	at com.shiptrack.service.GeocodingService.calculateRoute(GeocodingService.java:142) ~[classes/:na]
	at com.shiptrack.service.GeocodingService.calculateDuration(GeocodingService.java:247) ~[classes/:na]
	at com.shiptrack.service.EtaService.calculateEta(EtaService.java:95) ~[classes/:na]
	at com.shiptrack.service.EtaService.recalculateActiveEtas(EtaService.java:130) ~[classes/:na]
	at java.base/jdk.internal.reflect.DirectMethodHandleAccessor.invoke(DirectMethodHandleAccessor.java:104) ~[na:na]
	at java.base/java.lang.reflect.Method.invoke(Method.java:565) ~[na:na]
	at org.springframework.aop.support.AopUtils.invokeJoinpointUsingReflection(AopUtils.java:359) ~[spring-aop-6.2.8.jar:6.2.8]
	at org.springframework.aop.framework.CglibAopProxy$DynamicAdvisedInterceptor.intercept(CglibAopProxy.java:724) ~[spring-aop-6.2.8.jar:6.2.8]
	at com.shiptrack.service.EtaService$$SpringCGLIB$$0.recalculateActiveEtas(<generated>) ~[classes/:na]
	at java.base/jdk.internal.reflect.DirectMethodHandleAccessor.invoke(DirectMethodHandleAccessor.java:104) ~[na:na]
	at java.base/java.lang.reflect.Method.invoke(Method.java:565) ~[na:na]
	at org.springframework.scheduling.support.ScheduledMethodRunnable.runInternal(ScheduledMethodRunnable.java:130) ~[spring-context-6.2.8.jar:6.2.8]
	at org.springframework.scheduling.support.ScheduledMethodRunnable.lambda$run$2(ScheduledMethodRunnable.java:124) ~[spring-context-6.2.8.jar:6.2.8]
	at io.micrometer.observation.Observation.observe(Observation.java:498) ~[micrometer-observation-1.15.1.jar:1.15.1]
	at org.springframework.scheduling.support.ScheduledMethodRunnable.run(ScheduledMethodRunnable.java:124) ~[spring-context-6.2.8.jar:6.2.8]
	at org.springframework.scheduling.config.Task$OutcomeTrackingRunnable.run(Task.java:85) ~[spring-context-6.2.8.jar:6.2.8]
	at org.springframework.scheduling.support.DelegatingErrorHandlingRunnable.run(DelegatingErrorHandlingRunnable.java:54) ~[spring-context-6.2.8.jar:6.2.8]
	at java.base/java.util.concurrent.Executors$RunnableAdapter.call(Executors.java:545) ~[na:na]
	at java.base/java.util.concurrent.FutureTask.runAndReset(FutureTask.java:371) ~[na:na]
	at java.base/java.util.concurrent.ScheduledThreadPoolExecutor$ScheduledFutureTask.run(ScheduledThreadPoolExecutor.java:310) ~[na:na]
	at java.base/java.util.concurrent.ThreadPoolExecutor.runWorker(ThreadPoolExecutor.java:1090) ~[na:na]
	at java.base/java.util.concurrent.ThreadPoolExecutor$Worker.run(ThreadPoolExecutor.java:614) ~[na:na]
	at java.base/java.lang.Thread.run(Thread.java:1516) ~[na:na]

2026-08-12T09:30:21.790+05:30  WARN 21780 --- [shiptrack-backend] [MessageBroker-6] com.shiptrack.service.GeocodingService   : Geoapify routing failed, trying OSRM fallback...
2026-08-12T09:30:24.308+05:30  INFO 21780 --- [shiptrack-backend] [MessageBroker-6] com.shiptrack.service.GeocodingService   : OSRM route found: 1896.0 km, 1325 min
2026-08-12T09:30:24.309+05:30  WARN 21780 --- [shiptrack-backend] [MessageBroker-6] com.shiptrack.service.EtaService         : Failed to recalculate ETA for shipment 31

org.springframework.dao.InvalidDataAccessApiUsageException: Executing an update/delete query
	at org.springframework.orm.jpa.EntityManagerFactoryUtils.convertJpaAccessExceptionIfPossible(EntityManagerFactoryUtils.java:400) ~[spring-orm-6.2.8.jar:6.2.8]
	at org.springframework.orm.jpa.vendor.HibernateJpaDialect.translateExceptionIfPossible(HibernateJpaDialect.java:246) ~[spring-orm-6.2.8.jar:6.2.8]
	at org.springframework.orm.jpa.AbstractEntityManagerFactoryBean.translateExceptionIfPossible(AbstractEntityManagerFactoryBean.java:560) ~[spring-orm-6.2.8.jar:6.2.8]
	at org.springframework.dao.support.ChainedPersistenceExceptionTranslator.translateExceptionIfPossible(ChainedPersistenceExceptionTranslator.java:61) ~[spring-tx-6.2.8.jar:6.2.8]
	at org.springframework.dao.support.DataAccessUtils.translateIfNecessary(DataAccessUtils.java:343) ~[spring-tx-6.2.8.jar:6.2.8]
	at org.springframework.dao.support.PersistenceExceptionTranslationInterceptor.invoke(PersistenceExceptionTranslationInterceptor.java:160) ~[spring-tx-6.2.8.jar:6.2.8]
	at org.springframework.aop.framework.ReflectiveMethodInvocation.proceed(ReflectiveMethodInvocation.java:184) ~[spring-aop-6.2.8.jar:6.2.8]
	at org.springframework.data.jpa.repository.support.CrudMethodMetadataPostProcessor$CrudMethodMetadataPopulatingMethodInterceptor.invoke(CrudMethodMetadataPostProcessor.java:136) ~[spring-data-jpa-3.5.1.jar:3.5.1]
	at org.springframework.aop.framework.ReflectiveMethodInvocation.proceed(ReflectiveMethodInvocation.java:184) ~[spring-aop-6.2.8.jar:6.2.8]
	at org.springframework.aop.framework.JdkDynamicAopProxy.invoke(JdkDynamicAopProxy.java:223) ~[spring-aop-6.2.8.jar:6.2.8]
	at jdk.proxy4/jdk.proxy4.$Proxy147.updateEtaFields(Unknown Source) ~[na:na]
	at com.shiptrack.service.EtaService.calculateEta(EtaService.java:103) ~[classes/:na]
	at com.shiptrack.service.EtaService.recalculateActiveEtas(EtaService.java:130) ~[classes/:na]
	at java.base/jdk.internal.reflect.DirectMethodHandleAccessor.invoke(DirectMethodHandleAccessor.java:104) ~[na:na]
	at java.base/java.lang.reflect.Method.invoke(Method.java:565) ~[na:na]
	at org.springframework.aop.support.AopUtils.invokeJoinpointUsingReflection(AopUtils.java:359) ~[spring-aop-6.2.8.jar:6.2.8]
	at org.springframework.aop.framework.CglibAopProxy$DynamicAdvisedInterceptor.intercept(CglibAopProxy.java:724) ~[spring-aop-6.2.8.jar:6.2.8]
	at com.shiptrack.service.EtaService$$SpringCGLIB$$0.recalculateActiveEtas(<generated>) ~[classes/:na]
	at java.base/jdk.internal.reflect.DirectMethodHandleAccessor.invoke(DirectMethodHandleAccessor.java:104) ~[na:na]
	at java.base/java.lang.reflect.Method.invoke(Method.java:565) ~[na:na]
	at org.springframework.scheduling.support.ScheduledMethodRunnable.runInternal(ScheduledMethodRunnable.java:130) ~[spring-context-6.2.8.jar:6.2.8]
	at org.springframework.scheduling.support.ScheduledMethodRunnable.lambda$run$2(ScheduledMethodRunnable.java:124) ~[spring-context-6.2.8.jar:6.2.8]
	at io.micrometer.observation.Observation.observe(Observation.java:498) ~[micrometer-observation-1.15.1.jar:1.15.1]
	at org.springframework.scheduling.support.ScheduledMethodRunnable.run(ScheduledMethodRunnable.java:124) ~[spring-context-6.2.8.jar:6.2.8]
	at org.springframework.scheduling.config.Task$OutcomeTrackingRunnable.run(Task.java:85) ~[spring-context-6.2.8.jar:6.2.8]
	at org.springframework.scheduling.support.DelegatingErrorHandlingRunnable.run(DelegatingErrorHandlingRunnable.java:54) ~[spring-context-6.2.8.jar:6.2.8]
	at java.base/java.util.concurrent.Executors$RunnableAdapter.call(Executors.java:545) ~[na:na]
	at java.base/java.util.concurrent.FutureTask.runAndReset(FutureTask.java:371) ~[na:na]
	at java.base/java.util.concurrent.ScheduledThreadPoolExecutor$ScheduledFutureTask.run(ScheduledThreadPoolExecutor.java:310) ~[na:na]
	at java.base/java.util.concurrent.ThreadPoolExecutor.runWorker(ThreadPoolExecutor.java:1090) ~[na:na]
	at java.base/java.util.concurrent.ThreadPoolExecutor$Worker.run(ThreadPoolExecutor.java:614) ~[na:na]
	at java.base/java.lang.Thread.run(Thread.java:1516) ~[na:na]
Caused by: jakarta.persistence.TransactionRequiredException: Executing an update/delete query
	at org.hibernate.internal.AbstractSharedSessionContract.checkTransactionNeededForUpdateOperation(AbstractSharedSessionContract.java:560) ~[hibernate-core-6.6.18.Final.jar:6.6.18.Final]
	at org.hibernate.query.sqm.internal.QuerySqmImpl.executeUpdate(QuerySqmImpl.java:489) ~[hibernate-core-6.6.18.Final.jar:6.6.18.Final]
	at java.base/jdk.internal.reflect.DirectMethodHandleAccessor.invoke(DirectMethodHandleAccessor.java:104) ~[na:na]
	at java.base/java.lang.reflect.Method.invoke(Method.java:565) ~[na:na]
	at org.springframework.orm.jpa.SharedEntityManagerCreator$DeferredQueryInvocationHandler.invoke(SharedEntityManagerCreator.java:419) ~[spring-orm-6.2.8.jar:6.2.8]
	at jdk.proxy4/jdk.proxy4.$Proxy169.executeUpdate(Unknown Source) ~[na:na]
	at org.springframework.data.jpa.repository.query.JpaQueryExecution$ModifyingExecution.doExecute(JpaQueryExecution.java:267) ~[spring-data-jpa-3.5.1.jar:3.5.1]
	at org.springframework.data.jpa.repository.query.JpaQueryExecution.execute(JpaQueryExecution.java:93) ~[spring-data-jpa-3.5.1.jar:3.5.1]
	at org.springframework.data.jpa.repository.query.AbstractJpaQuery.doExecute(AbstractJpaQuery.java:160) ~[spring-data-jpa-3.5.1.jar:3.5.1]
	at org.springframework.data.jpa.repository.query.AbstractJpaQuery.execute(AbstractJpaQuery.java:148) ~[spring-data-jpa-3.5.1.jar:3.5.1]
	at org.springframework.data.repository.core.support.RepositoryMethodInvoker.doInvoke(RepositoryMethodInvoker.java:170) ~[spring-data-commons-3.5.1.jar:3.5.1]
	at org.springframework.data.repository.core.support.RepositoryMethodInvoker.invoke(RepositoryMethodInvoker.java:158) ~[spring-data-commons-3.5.1.jar:3.5.1]
	at org.springframework.data.repository.core.support.QueryExecutorMethodInterceptor.doInvoke(QueryExecutorMethodInterceptor.java:170) ~[spring-data-commons-3.5.1.jar:3.5.1]
	at org.springframework.data.repository.core.support.QueryExecutorMethodInterceptor.invoke(QueryExecutorMethodInterceptor.java:149) ~[spring-data-commons-3.5.1.jar:3.5.1]
	at org.springframework.aop.framework.ReflectiveMethodInvocation.proceed(ReflectiveMethodInvocation.java:184) ~[spring-aop-6.2.8.jar:6.2.8]
	at org.springframework.data.projection.DefaultMethodInvokingMethodInterceptor.invoke(DefaultMethodInvokingMethodInterceptor.java:69) ~[spring-data-commons-3.5.1.jar:3.5.1]
	at org.springframework.aop.framework.ReflectiveMethodInvocation.proceed(ReflectiveMethodInvocation.java:184) ~[spring-aop-6.2.8.jar:6.2.8]
	at org.springframework.transaction.interceptor.TransactionAspectSupport.invokeWithinTransaction(TransactionAspectSupport.java:380) ~[spring-tx-6.2.8.jar:6.2.8]
	at org.springframework.transaction.interceptor.TransactionInterceptor.invoke(TransactionInterceptor.java:119) ~[spring-tx-6.2.8.jar:6.2.8]
	at org.springframework.aop.framework.ReflectiveMethodInvocation.proceed(ReflectiveMethodInvocation.java:184) ~[spring-aop-6.2.8.jar:6.2.8]
	at org.springframework.dao.support.PersistenceExceptionTranslationInterceptor.invoke(PersistenceExceptionTranslationInterceptor.java:138) ~[spring-tx-6.2.8.jar:6.2.8]
	... 26 common frames omitted

Hibernate: 
    select
        s1_0.id,
        s1_0.actual_delivery_time,
        s1_0.created_at,
        s1_0.created_by,
        s1_0.delivery_address,
        s1_0.destination_latitude,
        s1_0.destination_longitude,
        s1_0.estimated_delivery_time,
        s1_0.estimated_duration,
        s1_0.origin_latitude,
        s1_0.origin_longitude,
        s1_0.receiver_name,
        s1_0.route_polyline,
        s1_0.sender_address,
        s1_0.sender_name,
        s1_0.status,
        s1_0.total_distance,
        s1_0.tracking_number 
    from
        shipments s1_0 
    where
        s1_0.id=?
Hibernate: 
    select
        te1_0.id,
        te1_0.latitude,
        te1_0.longitude,
        te1_0.recorded_at,
        te1_0.shipment_id,
        te1_0.status 
    from
        tracking_events te1_0 
    left join
        shipments s1_0 
            on s1_0.id=te1_0.shipment_id 
    where
        s1_0.id=? 
    order by
        te1_0.recorded_at
Hibernate: 
    select
        rhp1_0.id,
        rhp1_0.latitude,
        rhp1_0.longitude,
        rhp1_0.progress,
        rhp1_0.recorded_at,
        rhp1_0.shipment_id,
        rhp1_0.speed 
    from
        route_history_points rhp1_0 
    left join
        shipments s1_0 
            on s1_0.id=rhp1_0.shipment_id 
    where
        s1_0.id=? 
    order by
        rhp1_0.recorded_at desc 
    fetch
        first ? rows only
2026-08-12T09:30:25.383+05:30 ERROR 21780 --- [shiptrack-backend] [MessageBroker-6] com.shiptrack.service.GeocodingService   : Geoapify routing failed

java.lang.ClassCastException: class java.util.ArrayList cannot be cast to class java.lang.Number (java.util.ArrayList and java.lang.Number are in module java.base of loader 'bootstrap')
	at com.shiptrack.service.GeocodingService.lambda$coordsToPolyline$0(GeocodingService.java:240) ~[classes/:na]
	at java.base/java.util.stream.ReferencePipeline$3$1.accept(ReferencePipeline.java:214) ~[na:na]
	at java.base/java.util.ArrayList$ArrayListSpliterator.forEachRemaining(ArrayList.java:1724) ~[na:na]
	at java.base/java.util.stream.AbstractPipeline.copyInto(AbstractPipeline.java:570) ~[na:na]
	at java.base/java.util.stream.AbstractPipeline.wrapAndCopyInto(AbstractPipeline.java:560) ~[na:na]
	at java.base/java.util.stream.AbstractPipeline.evaluate(AbstractPipeline.java:635) ~[na:na]
	at java.base/java.util.stream.AbstractPipeline.evaluateToArrayNode(AbstractPipeline.java:291) ~[na:na]
	at java.base/java.util.stream.ReferencePipeline.toArray(ReferencePipeline.java:652) ~[na:na]
	at java.base/java.util.stream.ReferencePipeline.toArray(ReferencePipeline.java:658) ~[na:na]
	at java.base/java.util.stream.ReferencePipeline.toList(ReferencePipeline.java:663) ~[na:na]
	at com.shiptrack.service.GeocodingService.coordsToPolyline(GeocodingService.java:243) ~[classes/:na]
	at com.shiptrack.service.GeocodingService.routeWithGeoapify(GeocodingService.java:179) ~[classes/:na]
	at com.shiptrack.service.GeocodingService.calculateRoute(GeocodingService.java:142) ~[classes/:na]
	at com.shiptrack.service.GeocodingService.calculateDuration(GeocodingService.java:247) ~[classes/:na]
	at com.shiptrack.service.EtaService.calculateEta(EtaService.java:95) ~[classes/:na]
	at com.shiptrack.service.EtaService.recalculateActiveEtas(EtaService.java:130) ~[classes/:na]
	at java.base/jdk.internal.reflect.DirectMethodHandleAccessor.invoke(DirectMethodHandleAccessor.java:104) ~[na:na]
	at java.base/java.lang.reflect.Method.invoke(Method.java:565) ~[na:na]
	at org.springframework.aop.support.AopUtils.invokeJoinpointUsingReflection(AopUtils.java:359) ~[spring-aop-6.2.8.jar:6.2.8]
	at org.springframework.aop.framework.CglibAopProxy$DynamicAdvisedInterceptor.intercept(CglibAopProxy.java:724) ~[spring-aop-6.2.8.jar:6.2.8]
	at com.shiptrack.service.EtaService$$SpringCGLIB$$0.recalculateActiveEtas(<generated>) ~[classes/:na]
	at java.base/jdk.internal.reflect.DirectMethodHandleAccessor.invoke(DirectMethodHandleAccessor.java:104) ~[na:na]
	at java.base/java.lang.reflect.Method.invoke(Method.java:565) ~[na:na]
	at org.springframework.scheduling.support.ScheduledMethodRunnable.runInternal(ScheduledMethodRunnable.java:130) ~[spring-context-6.2.8.jar:6.2.8]
	at org.springframework.scheduling.support.ScheduledMethodRunnable.lambda$run$2(ScheduledMethodRunnable.java:124) ~[spring-context-6.2.8.jar:6.2.8]
	at io.micrometer.observation.Observation.observe(Observation.java:498) ~[micrometer-observation-1.15.1.jar:1.15.1]
	at org.springframework.scheduling.support.ScheduledMethodRunnable.run(ScheduledMethodRunnable.java:124) ~[spring-context-6.2.8.jar:6.2.8]
	at org.springframework.scheduling.config.Task$OutcomeTrackingRunnable.run(Task.java:85) ~[spring-context-6.2.8.jar:6.2.8]
	at org.springframework.scheduling.support.DelegatingErrorHandlingRunnable.run(DelegatingErrorHandlingRunnable.java:54) ~[spring-context-6.2.8.jar:6.2.8]
	at java.base/java.util.concurrent.Executors$RunnableAdapter.call(Executors.java:545) ~[na:na]
	at java.base/java.util.concurrent.FutureTask.runAndReset(FutureTask.java:371) ~[na:na]
	at java.base/java.util.concurrent.ScheduledThreadPoolExecutor$ScheduledFutureTask.run(ScheduledThreadPoolExecutor.java:310) ~[na:na]
	at java.base/java.util.concurrent.ThreadPoolExecutor.runWorker(ThreadPoolExecutor.java:1090) ~[na:na]
	at java.base/java.util.concurrent.ThreadPoolExecutor$Worker.run(ThreadPoolExecutor.java:614) ~[na:na]
	at java.base/java.lang.Thread.run(Thread.java:1516) ~[na:na]

2026-08-12T09:30:25.384+05:30  WARN 21780 --- [shiptrack-backend] [MessageBroker-6] com.shiptrack.service.GeocodingService   : Geoapify routing failed, trying OSRM fallback...
2026-08-12T09:30:26.927+05:30  INFO 21780 --- [shiptrack-backend] [MessageBroker-6] com.shiptrack.service.GeocodingService   : OSRM route found: 542.2 km, 420 min
2026-08-12T09:30:26.927+05:30  WARN 21780 --- [shiptrack-backend] [MessageBroker-6] com.shiptrack.service.EtaService         : Failed to recalculate ETA for shipment 22

org.springframework.dao.InvalidDataAccessApiUsageException: Executing an update/delete query
	at org.springframework.orm.jpa.EntityManagerFactoryUtils.convertJpaAccessExceptionIfPossible(EntityManagerFactoryUtils.java:400) ~[spring-orm-6.2.8.jar:6.2.8]
	at org.springframework.orm.jpa.vendor.HibernateJpaDialect.translateExceptionIfPossible(HibernateJpaDialect.java:246) ~[spring-orm-6.2.8.jar:6.2.8]
	at org.springframework.orm.jpa.AbstractEntityManagerFactoryBean.translateExceptionIfPossible(AbstractEntityManagerFactoryBean.java:560) ~[spring-orm-6.2.8.jar:6.2.8]
	at org.springframework.dao.support.ChainedPersistenceExceptionTranslator.translateExceptionIfPossible(ChainedPersistenceExceptionTranslator.java:61) ~[spring-tx-6.2.8.jar:6.2.8]
	at org.springframework.dao.support.DataAccessUtils.translateIfNecessary(DataAccessUtils.java:343) ~[spring-tx-6.2.8.jar:6.2.8]
	at org.springframework.dao.support.PersistenceExceptionTranslationInterceptor.invoke(PersistenceExceptionTranslationInterceptor.java:160) ~[spring-tx-6.2.8.jar:6.2.8]
	at org.springframework.aop.framework.ReflectiveMethodInvocation.proceed(ReflectiveMethodInvocation.java:184) ~[spring-aop-6.2.8.jar:6.2.8]
	at org.springframework.data.jpa.repository.support.CrudMethodMetadataPostProcessor$CrudMethodMetadataPopulatingMethodInterceptor.invoke(CrudMethodMetadataPostProcessor.java:136) ~[spring-data-jpa-3.5.1.jar:3.5.1]
	at org.springframework.aop.framework.ReflectiveMethodInvocation.proceed(ReflectiveMethodInvocation.java:184) ~[spring-aop-6.2.8.jar:6.2.8]
	at org.springframework.aop.framework.JdkDynamicAopProxy.invoke(JdkDynamicAopProxy.java:223) ~[spring-aop-6.2.8.jar:6.2.8]
	at jdk.proxy4/jdk.proxy4.$Proxy147.updateEtaFields(Unknown Source) ~[na:na]
	at com.shiptrack.service.EtaService.calculateEta(EtaService.java:103) ~[classes/:na]
	at com.shiptrack.service.EtaService.recalculateActiveEtas(EtaService.java:130) ~[classes/:na]
	at java.base/jdk.internal.reflect.DirectMethodHandleAccessor.invoke(DirectMethodHandleAccessor.java:104) ~[na:na]
	at java.base/java.lang.reflect.Method.invoke(Method.java:565) ~[na:na]
	at org.springframework.aop.support.AopUtils.invokeJoinpointUsingReflection(AopUtils.java:359) ~[spring-aop-6.2.8.jar:6.2.8]
	at org.springframework.aop.framework.CglibAopProxy$DynamicAdvisedInterceptor.intercept(CglibAopProxy.java:724) ~[spring-aop-6.2.8.jar:6.2.8]
	at com.shiptrack.service.EtaService$$SpringCGLIB$$0.recalculateActiveEtas(<generated>) ~[classes/:na]
	at java.base/jdk.internal.reflect.DirectMethodHandleAccessor.invoke(DirectMethodHandleAccessor.java:104) ~[na:na]
	at java.base/java.lang.reflect.Method.invoke(Method.java:565) ~[na:na]
	at org.springframework.scheduling.support.ScheduledMethodRunnable.runInternal(ScheduledMethodRunnable.java:130) ~[spring-context-6.2.8.jar:6.2.8]
	at org.springframework.scheduling.support.ScheduledMethodRunnable.lambda$run$2(ScheduledMethodRunnable.java:124) ~[spring-context-6.2.8.jar:6.2.8]
	at io.micrometer.observation.Observation.observe(Observation.java:498) ~[micrometer-observation-1.15.1.jar:1.15.1]
	at org.springframework.scheduling.support.ScheduledMethodRunnable.run(ScheduledMethodRunnable.java:124) ~[spring-context-6.2.8.jar:6.2.8]
	at org.springframework.scheduling.config.Task$OutcomeTrackingRunnable.run(Task.java:85) ~[spring-context-6.2.8.jar:6.2.8]
	at org.springframework.scheduling.support.DelegatingErrorHandlingRunnable.run(DelegatingErrorHandlingRunnable.java:54) ~[spring-context-6.2.8.jar:6.2.8]
	at java.base/java.util.concurrent.Executors$RunnableAdapter.call(Executors.java:545) ~[na:na]
	at java.base/java.util.concurrent.FutureTask.runAndReset(FutureTask.java:371) ~[na:na]
	at java.base/java.util.concurrent.ScheduledThreadPoolExecutor$ScheduledFutureTask.run(ScheduledThreadPoolExecutor.java:310) ~[na:na]
	at java.base/java.util.concurrent.ThreadPoolExecutor.runWorker(ThreadPoolExecutor.java:1090) ~[na:na]
	at java.base/java.util.concurrent.ThreadPoolExecutor$Worker.run(ThreadPoolExecutor.java:614) ~[na:na]
	at java.base/java.lang.Thread.run(Thread.java:1516) ~[na:na]
Caused by: jakarta.persistence.TransactionRequiredException: Executing an update/delete query
	at org.hibernate.internal.AbstractSharedSessionContract.checkTransactionNeededForUpdateOperation(AbstractSharedSessionContract.java:560) ~[hibernate-core-6.6.18.Final.jar:6.6.18.Final]
	at org.hibernate.query.sqm.internal.QuerySqmImpl.executeUpdate(QuerySqmImpl.java:489) ~[hibernate-core-6.6.18.Final.jar:6.6.18.Final]
	at java.base/jdk.internal.reflect.DirectMethodHandleAccessor.invoke(DirectMethodHandleAccessor.java:104) ~[na:na]
	at java.base/java.lang.reflect.Method.invoke(Method.java:565) ~[na:na]
	at org.springframework.orm.jpa.SharedEntityManagerCreator$DeferredQueryInvocationHandler.invoke(SharedEntityManagerCreator.java:419) ~[spring-orm-6.2.8.jar:6.2.8]
	at jdk.proxy4/jdk.proxy4.$Proxy169.executeUpdate(Unknown Source) ~[na:na]
	at org.springframework.data.jpa.repository.query.JpaQueryExecution$ModifyingExecution.doExecute(JpaQueryExecution.java:267) ~[spring-data-jpa-3.5.1.jar:3.5.1]
	at org.springframework.data.jpa.repository.query.JpaQueryExecution.execute(JpaQueryExecution.java:93) ~[spring-data-jpa-3.5.1.jar:3.5.1]
	at org.springframework.data.jpa.repository.query.AbstractJpaQuery.doExecute(AbstractJpaQuery.java:160) ~[spring-data-jpa-3.5.1.jar:3.5.1]
	at org.springframework.data.jpa.repository.query.AbstractJpaQuery.execute(AbstractJpaQuery.java:148) ~[spring-data-jpa-3.5.1.jar:3.5.1]
	at org.springframework.data.repository.core.support.RepositoryMethodInvoker.doInvoke(RepositoryMethodInvoker.java:170) ~[spring-data-commons-3.5.1.jar:3.5.1]
	at org.springframework.data.repository.core.support.RepositoryMethodInvoker.invoke(RepositoryMethodInvoker.java:158) ~[spring-data-commons-3.5.1.jar:3.5.1]
	at org.springframework.data.repository.core.support.QueryExecutorMethodInterceptor.doInvoke(QueryExecutorMethodInterceptor.java:170) ~[spring-data-commons-3.5.1.jar:3.5.1]
	at org.springframework.data.repository.core.support.QueryExecutorMethodInterceptor.invoke(QueryExecutorMethodInterceptor.java:149) ~[spring-data-commons-3.5.1.jar:3.5.1]
	at org.springframework.aop.framework.ReflectiveMethodInvocation.proceed(ReflectiveMethodInvocation.java:184) ~[spring-aop-6.2.8.jar:6.2.8]
	at org.springframework.data.projection.DefaultMethodInvokingMethodInterceptor.invoke(DefaultMethodInvokingMethodInterceptor.java:69) ~[spring-data-commons-3.5.1.jar:3.5.1]
	at org.springframework.aop.framework.ReflectiveMethodInvocation.proceed(ReflectiveMethodInvocation.java:184) ~[spring-aop-6.2.8.jar:6.2.8]
	at org.springframework.transaction.interceptor.TransactionAspectSupport.invokeWithinTransaction(TransactionAspectSupport.java:380) ~[spring-tx-6.2.8.jar:6.2.8]
	at org.springframework.transaction.interceptor.TransactionInterceptor.invoke(TransactionInterceptor.java:119) ~[spring-tx-6.2.8.jar:6.2.8]
	at org.springframework.aop.framework.ReflectiveMethodInvocation.proceed(ReflectiveMethodInvocation.java:184) ~[spring-aop-6.2.8.jar:6.2.8]
	at org.springframework.dao.support.PersistenceExceptionTranslationInterceptor.invoke(PersistenceExceptionTranslationInterceptor.java:138) ~[spring-tx-6.2.8.jar:6.2.8]
	... 26 common frames omitted

Hibernate: 
    select
        s1_0.id,
        s1_0.actual_delivery_time,
        s1_0.created_at,
        s1_0.created_by,
        s1_0.delivery_address,
        s1_0.destination_latitude,
        s1_0.destination_longitude,
        s1_0.estimated_delivery_time,
        s1_0.estimated_duration,
        s1_0.origin_latitude,
        s1_0.origin_longitude,
        s1_0.receiver_name,
        s1_0.route_polyline,
        s1_0.sender_address,
        s1_0.sender_name,
        s1_0.status,
        s1_0.total_distance,
        s1_0.tracking_number 
    from
        shipments s1_0 
    where
        s1_0.status in (?, ?)
Hibernate: 
    select
        s1_0.id,
        s1_0.actual_delivery_time,
        s1_0.created_at,
        s1_0.created_by,
        s1_0.delivery_address,
        s1_0.destination_latitude,
        s1_0.destination_longitude,
        s1_0.estimated_delivery_time,
        s1_0.estimated_duration,
        s1_0.origin_latitude,
        s1_0.origin_longitude,
        s1_0.receiver_name,
        s1_0.route_polyline,
        s1_0.sender_address,
        s1_0.sender_name,
        s1_0.status,
        s1_0.total_distance,
        s1_0.tracking_number 
    from
        shipments s1_0 
    where
        s1_0.status in (?, ?)
Hibernate: 
    select
        s1_0.id,
        s1_0.actual_delivery_time,
        s1_0.created_at,
        s1_0.created_by,
        s1_0.delivery_address,
        s1_0.destination_latitude,
        s1_0.destination_longitude,
        s1_0.estimated_delivery_time,
        s1_0.estimated_duration,
        s1_0.origin_latitude,
        s1_0.origin_longitude,
        s1_0.receiver_name,
        s1_0.route_polyline,
        s1_0.sender_address,
        s1_0.sender_name,
        s1_0.status,
        s1_0.total_distance,
        s1_0.tracking_number 
    from
        shipments s1_0 
    where
        s1_0.status in (?, ?)
Hibernate: 
    select
        s1_0.id,
        s1_0.actual_delivery_time,
        s1_0.created_at,
        s1_0.created_by,
        s1_0.delivery_address,
        s1_0.destination_latitude,
        s1_0.destination_longitude,
        s1_0.estimated_delivery_time,
        s1_0.estimated_duration,
        s1_0.origin_latitude,
        s1_0.origin_longitude,
        s1_0.receiver_name,
        s1_0.route_polyline,
        s1_0.sender_address,
        s1_0.sender_name,
        s1_0.status,
        s1_0.total_distance,
        s1_0.tracking_number 
    from
        shipments s1_0 
    where
        s1_0.id=?
Hibernate: 
    select
        te1_0.id,
        te1_0.latitude,
        te1_0.longitude,
        te1_0.recorded_at,
        te1_0.shipment_id,
        te1_0.status 
    from
        tracking_events te1_0 
    left join
        shipments s1_0 
            on s1_0.id=te1_0.shipment_id 
    where
        s1_0.id=? 
    order by
        te1_0.recorded_at
Hibernate: 
    select
        rhp1_0.id,
        rhp1_0.latitude,
        rhp1_0.longitude,
        rhp1_0.progress,
        rhp1_0.recorded_at,
        rhp1_0.shipment_id,
        rhp1_0.speed 
    from
        route_history_points rhp1_0 
    left join
        shipments s1_0 
            on s1_0.id=rhp1_0.shipment_id 
    where
        s1_0.id=? 
    order by
        rhp1_0.recorded_at desc 
    fetch
        first ? rows only
Hibernate: 
    select
        dp1_0.id,
        dp1_0.delay_minutes,
        dp1_0.delay_reason,
        dp1_0.detected_at,
        dp1_0.is_active,
        dp1_0.probability,
        dp1_0.shipment_id 
    from
        delay_predictions dp1_0 
    where
        dp1_0.shipment_id=? 
        and dp1_0.is_active 
    order by
        dp1_0.detected_at desc 
    fetch
        first ? rows only
Hibernate: 
    select
        dp1_0.id,
        dp1_0.delay_minutes,
        dp1_0.delay_reason,
        dp1_0.detected_at,
        dp1_0.is_active,
        dp1_0.probability,
        dp1_0.shipment_id 
    from
        delay_predictions dp1_0 
    where
        dp1_0.shipment_id=? 
        and dp1_0.is_active
Hibernate: 
    select
        dp1_0.id,
        dp1_0.delay_minutes,
        dp1_0.delay_reason,
        dp1_0.detected_at,
        dp1_0.is_active,
        dp1_0.probability,
        dp1_0.shipment_id 
    from
        delay_predictions dp1_0 
    where
        dp1_0.id=?
Hibernate: 
    update
        delay_predictions 
    set
        delay_minutes=?,
        delay_reason=?,
        detected_at=?,
        is_active=?,
        probability=?,
        shipment_id=? 
    where
        id=?
2026-08-12T09:31:19.557+05:30  INFO 21780 --- [shiptrack-backend] [MessageBroker-9] c.s.service.DelayPredictionService       : Superseded 1 stale delay prediction(s) for shipment 31
Hibernate: 
    insert 
    into
        delay_predictions
        (delay_minutes, delay_reason, detected_at, is_active, probability, shipment_id) 
    values
        (?, ?, ?, ?, ?, ?)
2026-08-12T09:31:19.559+05:30  WARN 21780 --- [shiptrack-backend] [MessageBroker-9] c.shiptrack.service.LiveTrackingService  : Delay alert for shipment 31: No location update for 20962 minutes (120 min, 0.9% probability)
2026-08-12T09:31:19.559+05:30  WARN 21780 --- [shiptrack-backend] [MessageBroker-9] c.s.service.DelayPredictionService       : Delay detected for shipment 31: No location update for 20962 minutes (120 min)
Hibernate: 
    select
        s1_0.id,
        s1_0.actual_delivery_time,
        s1_0.created_at,
        s1_0.created_by,
        s1_0.delivery_address,
        s1_0.destination_latitude,
        s1_0.destination_longitude,
        s1_0.estimated_delivery_time,
        s1_0.estimated_duration,
        s1_0.origin_latitude,
        s1_0.origin_longitude,
        s1_0.receiver_name,
        s1_0.route_polyline,
        s1_0.sender_address,
        s1_0.sender_name,
        s1_0.status,
        s1_0.total_distance,
        s1_0.tracking_number 
    from
        shipments s1_0 
    where
        s1_0.id=?
Hibernate: 
    select
        te1_0.id,
        te1_0.latitude,
        te1_0.longitude,
        te1_0.recorded_at,
        te1_0.shipment_id,
        te1_0.status 
    from
        tracking_events te1_0 
    left join
        shipments s1_0 
            on s1_0.id=te1_0.shipment_id 
    where
        s1_0.id=? 
    order by
        te1_0.recorded_at
Hibernate: 
    select
        rhp1_0.id,
        rhp1_0.latitude,
        rhp1_0.longitude,
        rhp1_0.progress,
        rhp1_0.recorded_at,
        rhp1_0.shipment_id,
        rhp1_0.speed 
    from
        route_history_points rhp1_0 
    left join
        shipments s1_0 
            on s1_0.id=rhp1_0.shipment_id 
    where
        s1_0.id=? 
    order by
        rhp1_0.recorded_at desc 
    fetch
        first ? rows only
Hibernate: 
    select
        dp1_0.id,
        dp1_0.delay_minutes,
        dp1_0.delay_reason,
        dp1_0.detected_at,
        dp1_0.is_active,
        dp1_0.probability,
        dp1_0.shipment_id 
    from
        delay_predictions dp1_0 
    where
        dp1_0.shipment_id=? 
        and dp1_0.is_active 
    order by
        dp1_0.detected_at desc 
    fetch
        first ? rows only
Hibernate: 
    select
        dp1_0.id,
        dp1_0.delay_minutes,
        dp1_0.delay_reason,
        dp1_0.detected_at,
        dp1_0.is_active,
        dp1_0.probability,
        dp1_0.shipment_id 
    from
        delay_predictions dp1_0 
    where
        dp1_0.shipment_id=? 
        and dp1_0.is_active
Hibernate: 
    select
        dp1_0.id,
        dp1_0.delay_minutes,
        dp1_0.delay_reason,
        dp1_0.detected_at,
        dp1_0.is_active,
        dp1_0.probability,
        dp1_0.shipment_id 
    from
        delay_predictions dp1_0 
    where
        dp1_0.id=?
Hibernate: 
    update
        delay_predictions 
    set
        delay_minutes=?,
        delay_reason=?,
        detected_at=?,
        is_active=?,
        probability=?,
        shipment_id=? 
    where
        id=?
2026-08-12T09:31:19.566+05:30  INFO 21780 --- [shiptrack-backend] [MessageBroker-9] c.s.service.DelayPredictionService       : Superseded 1 stale delay prediction(s) for shipment 22
Hibernate: 
    insert 
    into
        delay_predictions
        (delay_minutes, delay_reason, detected_at, is_active, probability, shipment_id) 
    values
        (?, ?, ?, ?, ?, ?)
2026-08-12T09:31:19.568+05:30  WARN 21780 --- [shiptrack-backend] [MessageBroker-9] c.shiptrack.service.LiveTrackingService  : Delay alert for shipment 22: No location update for 19629 minutes (120 min, 0.9% probability)
2026-08-12T09:31:19.568+05:30  WARN 21780 --- [shiptrack-backend] [MessageBroker-9] c.s.service.DelayPredictionService       : Delay detected for shipment 22: No location update for 19629 minutes (120 min)
Hibernate: 
    select
        s1_0.id,
        s1_0.actual_delivery_time,
        s1_0.created_at,
        s1_0.created_by,
        s1_0.delivery_address,
        s1_0.destination_latitude,
        s1_0.destination_longitude,
        s1_0.estimated_delivery_time,
        s1_0.estimated_duration,
        s1_0.origin_latitude,
        s1_0.origin_longitude,
        s1_0.receiver_name,
        s1_0.route_polyline,
        s1_0.sender_address,
        s1_0.sender_name,
        s1_0.status,
        s1_0.total_distance,
        s1_0.tracking_number 
    from
        shipments s1_0 
    where
        s1_0.status in (?, ?)
Hibernate: 
    select
        s1_0.id,
        s1_0.actual_delivery_time,
        s1_0.created_at,
        s1_0.created_by,
        s1_0.delivery_address,
        s1_0.destination_latitude,
        s1_0.destination_longitude,
        s1_0.estimated_delivery_time,
        s1_0.estimated_duration,
        s1_0.origin_latitude,
        s1_0.origin_longitude,
        s1_0.receiver_name,
        s1_0.route_polyline,
        s1_0.sender_address,
        s1_0.sender_name,
        s1_0.status,
        s1_0.total_distance,
        s1_0.tracking_number 
    from
        shipments s1_0 
    where
        s1_0.status in (?, ?)
Hibernate: 
    select
        s1_0.id,
        s1_0.actual_delivery_time,
        s1_0.created_at,
        s1_0.created_by,
        s1_0.delivery_address,
        s1_0.destination_latitude,
        s1_0.destination_longitude,
        s1_0.estimated_delivery_time,
        s1_0.estimated_duration,
        s1_0.origin_latitude,
        s1_0.origin_longitude,
        s1_0.receiver_name,
        s1_0.route_polyline,
        s1_0.sender_address,
        s1_0.sender_name,
        s1_0.status,
        s1_0.total_distance,
        s1_0.tracking_number 
    from
        shipments s1_0 
    where
        s1_0.status in (?, ?)
Hibernate: 
    select
        s1_0.id,
        s1_0.actual_delivery_time,
        s1_0.created_at,
        s1_0.created_by,
        s1_0.delivery_address,
        s1_0.destination_latitude,
        s1_0.destination_longitude,
        s1_0.estimated_delivery_time,
        s1_0.estimated_duration,
        s1_0.origin_latitude,
        s1_0.origin_longitude,
        s1_0.receiver_name,
        s1_0.route_polyline,
        s1_0.sender_address,
        s1_0.sender_name,
        s1_0.status,
        s1_0.total_distance,
        s1_0.tracking_number 
    from
        shipments s1_0 
    where
        s1_0.status in (?, ?)
Hibernate: 
    select
        s1_0.id,
        s1_0.actual_delivery_time,
        s1_0.created_at,
        s1_0.created_by,
        s1_0.delivery_address,
        s1_0.destination_latitude,
        s1_0.destination_longitude,
        s1_0.estimated_delivery_time,
        s1_0.estimated_duration,
        s1_0.origin_latitude,
        s1_0.origin_longitude,
        s1_0.receiver_name,
        s1_0.route_polyline,
        s1_0.sender_address,
        s1_0.sender_name,
        s1_0.status,
        s1_0.total_distance,
        s1_0.tracking_number 
    from
        shipments s1_0 
    where
        s1_0.id=?
Hibernate: 
    select
        s1_0.id,
        s1_0.actual_delivery_time,
        s1_0.created_at,
        s1_0.created_by,
        s1_0.delivery_address,
        s1_0.destination_latitude,
        s1_0.destination_longitude,
        s1_0.estimated_delivery_time,
        s1_0.estimated_duration,
        s1_0.origin_latitude,
        s1_0.origin_longitude,
        s1_0.receiver_name,
        s1_0.route_polyline,
        s1_0.sender_address,
        s1_0.sender_name,
        s1_0.status,
        s1_0.total_distance,
        s1_0.tracking_number 
    from
        shipments s1_0 
    where
        s1_0.id=?
Hibernate: 
    select
        te1_0.id,
        te1_0.latitude,
        te1_0.longitude,
        te1_0.recorded_at,
        te1_0.shipment_id,
        te1_0.status 
    from
        tracking_events te1_0 
    left join
        shipments s1_0 
            on s1_0.id=te1_0.shipment_id 
    where
        s1_0.id=? 
    order by
        te1_0.recorded_at
Hibernate: 
    select
        te1_0.id,
        te1_0.latitude,
        te1_0.longitude,
        te1_0.recorded_at,
        te1_0.shipment_id,
        te1_0.status 
    from
        tracking_events te1_0 
    left join
        shipments s1_0 
            on s1_0.id=te1_0.shipment_id 
    where
        s1_0.id=? 
    order by
        te1_0.recorded_at
Hibernate: 
    select
        rhp1_0.id,
        rhp1_0.latitude,
        rhp1_0.longitude,
        rhp1_0.progress,
        rhp1_0.recorded_at,
        rhp1_0.shipment_id,
        rhp1_0.speed 
    from
        route_history_points rhp1_0 
    left join
        shipments s1_0 
            on s1_0.id=rhp1_0.shipment_id 
    where
        s1_0.id=? 
    order by
        rhp1_0.recorded_at desc 
    fetch
        first ? rows only
Hibernate: 
    select
        rhp1_0.id,
        rhp1_0.latitude,
        rhp1_0.longitude,
        rhp1_0.progress,
        rhp1_0.recorded_at,
        rhp1_0.shipment_id,
        rhp1_0.speed 
    from
        route_history_points rhp1_0 
    left join
        shipments s1_0 
            on s1_0.id=rhp1_0.shipment_id 
    where
        s1_0.id=? 
    order by
        rhp1_0.recorded_at desc 
    fetch
        first ? rows only
Hibernate: 
    select
        dp1_0.id,
        dp1_0.delay_minutes,
        dp1_0.delay_reason,
        dp1_0.detected_at,
        dp1_0.is_active,
        dp1_0.probability,
        dp1_0.shipment_id 
    from
        delay_predictions dp1_0 
    where
        dp1_0.shipment_id=? 
        and dp1_0.is_active 
    order by
        dp1_0.detected_at desc 
    fetch
        first ? rows only
Hibernate: 
    select
        dp1_0.id,
        dp1_0.delay_minutes,
        dp1_0.delay_reason,
        dp1_0.detected_at,
        dp1_0.is_active,
        dp1_0.probability,
        dp1_0.shipment_id 
    from
        delay_predictions dp1_0 
    where
        dp1_0.shipment_id=? 
        and dp1_0.is_active
Hibernate: 
    select
        dp1_0.id,
        dp1_0.delay_minutes,
        dp1_0.delay_reason,
        dp1_0.detected_at,
        dp1_0.is_active,
        dp1_0.probability,
        dp1_0.shipment_id 
    from
        delay_predictions dp1_0 
    where
        dp1_0.id=?
Hibernate: 
    update
        delay_predictions 
    set
        delay_minutes=?,
        delay_reason=?,
        detected_at=?,
        is_active=?,
        probability=?,
        shipment_id=? 
    where
        id=?
2026-08-12T09:32:19.567+05:30  INFO 21780 --- [shiptrack-backend] [essageBroker-11] c.s.service.DelayPredictionService       : Superseded 1 stale delay prediction(s) for shipment 31
Hibernate: 
    insert 
    into
        delay_predictions
        (delay_minutes, delay_reason, detected_at, is_active, probability, shipment_id) 
    values
        (?, ?, ?, ?, ?, ?)
2026-08-12T09:32:19.570+05:30  WARN 21780 --- [shiptrack-backend] [essageBroker-11] c.shiptrack.service.LiveTrackingService  : Delay alert for shipment 31: No location update for 20963 minutes (120 min, 0.9% probability)
2026-08-12T09:32:19.570+05:30  WARN 21780 --- [shiptrack-backend] [essageBroker-11] c.s.service.DelayPredictionService       : Delay detected for shipment 31: No location update for 20963 minutes (120 min)
Hibernate: 
    select
        s1_0.id,
        s1_0.actual_delivery_time,
        s1_0.created_at,
        s1_0.created_by,
        s1_0.delivery_address,
        s1_0.destination_latitude,
        s1_0.destination_longitude,
        s1_0.estimated_delivery_time,
        s1_0.estimated_duration,
        s1_0.origin_latitude,
        s1_0.origin_longitude,
        s1_0.receiver_name,
        s1_0.route_polyline,
        s1_0.sender_address,
        s1_0.sender_name,
        s1_0.status,
        s1_0.total_distance,
        s1_0.tracking_number 
    from
        shipments s1_0 
    where
        s1_0.id=?
Hibernate: 
    select
        te1_0.id,
        te1_0.latitude,
        te1_0.longitude,
        te1_0.recorded_at,
        te1_0.shipment_id,
        te1_0.status 
    from
        tracking_events te1_0 
    left join
        shipments s1_0 
            on s1_0.id=te1_0.shipment_id 
    where
        s1_0.id=? 
    order by
        te1_0.recorded_at
Hibernate: 
    select
        rhp1_0.id,
        rhp1_0.latitude,
        rhp1_0.longitude,
        rhp1_0.progress,
        rhp1_0.recorded_at,
        rhp1_0.shipment_id,
        rhp1_0.speed 
    from
        route_history_points rhp1_0 
    left join
        shipments s1_0 
            on s1_0.id=rhp1_0.shipment_id 
    where
        s1_0.id=? 
    order by
        rhp1_0.recorded_at desc 
    fetch
        first ? rows only
Hibernate: 
    select
        dp1_0.id,
        dp1_0.delay_minutes,
        dp1_0.delay_reason,
        dp1_0.detected_at,
        dp1_0.is_active,
        dp1_0.probability,
        dp1_0.shipment_id 
    from
        delay_predictions dp1_0 
    where
        dp1_0.shipment_id=? 
        and dp1_0.is_active 
    order by
        dp1_0.detected_at desc 
    fetch
        first ? rows only
Hibernate: 
    select
        dp1_0.id,
        dp1_0.delay_minutes,
        dp1_0.delay_reason,
        dp1_0.detected_at,
        dp1_0.is_active,
        dp1_0.probability,
        dp1_0.shipment_id 
    from
        delay_predictions dp1_0 
    where
        dp1_0.shipment_id=? 
        and dp1_0.is_active
Hibernate: 
    select
        dp1_0.id,
        dp1_0.delay_minutes,
        dp1_0.delay_reason,
        dp1_0.detected_at,
        dp1_0.is_active,
        dp1_0.probability,
        dp1_0.shipment_id 
    from
        delay_predictions dp1_0 
    where
        dp1_0.id=?
Hibernate: 
    update
        delay_predictions 
    set
        delay_minutes=?,
        delay_reason=?,
        detected_at=?,
        is_active=?,
        probability=?,
        shipment_id=? 
    where
        id=?
2026-08-12T09:32:19.583+05:30  INFO 21780 --- [shiptrack-backend] [essageBroker-11] c.s.service.DelayPredictionService       : Superseded 1 stale delay prediction(s) for shipment 22
Hibernate: 
    insert 
    into
        delay_predictions
        (delay_minutes, delay_reason, detected_at, is_active, probability, shipment_id) 
    values
        (?, ?, ?, ?, ?, ?)
2026-08-12T09:32:19.584+05:30  WARN 21780 --- [shiptrack-backend] [essageBroker-11] c.shiptrack.service.LiveTrackingService  : Delay alert for shipment 22: No location update for 19630 minutes (120 min, 0.9% probability)
2026-08-12T09:32:19.584+05:30  WARN 21780 --- [shiptrack-backend] [essageBroker-11] c.s.service.DelayPredictionService       : Delay detected for shipment 22: No location update for 19630 minutes (120 min)
2026-08-12T09:32:21.468+05:30 ERROR 21780 --- [shiptrack-backend] [essageBroker-10] com.shiptrack.service.GeocodingService   : Geoapify routing failed

java.lang.ClassCastException: class java.util.ArrayList cannot be cast to class java.lang.Number (java.util.ArrayList and java.lang.Number are in module java.base of loader 'bootstrap')
	at com.shiptrack.service.GeocodingService.lambda$coordsToPolyline$0(GeocodingService.java:240) ~[classes/:na]
	at java.base/java.util.stream.ReferencePipeline$3$1.accept(ReferencePipeline.java:214) ~[na:na]
	at java.base/java.util.ArrayList$ArrayListSpliterator.forEachRemaining(ArrayList.java:1724) ~[na:na]
	at java.base/java.util.stream.AbstractPipeline.copyInto(AbstractPipeline.java:570) ~[na:na]
	at java.base/java.util.stream.AbstractPipeline.wrapAndCopyInto(AbstractPipeline.java:560) ~[na:na]
	at java.base/java.util.stream.AbstractPipeline.evaluate(AbstractPipeline.java:635) ~[na:na]
	at java.base/java.util.stream.AbstractPipeline.evaluateToArrayNode(AbstractPipeline.java:291) ~[na:na]
	at java.base/java.util.stream.ReferencePipeline.toArray(ReferencePipeline.java:652) ~[na:na]
	at java.base/java.util.stream.ReferencePipeline.toArray(ReferencePipeline.java:658) ~[na:na]
	at java.base/java.util.stream.ReferencePipeline.toList(ReferencePipeline.java:663) ~[na:na]
	at com.shiptrack.service.GeocodingService.coordsToPolyline(GeocodingService.java:243) ~[classes/:na]
	at com.shiptrack.service.GeocodingService.routeWithGeoapify(GeocodingService.java:179) ~[classes/:na]
	at com.shiptrack.service.GeocodingService.calculateRoute(GeocodingService.java:142) ~[classes/:na]
	at com.shiptrack.service.GeocodingService.calculateDuration(GeocodingService.java:247) ~[classes/:na]
	at com.shiptrack.service.EtaService.calculateEta(EtaService.java:95) ~[classes/:na]
	at com.shiptrack.service.EtaService.recalculateActiveEtas(EtaService.java:130) ~[classes/:na]
	at java.base/jdk.internal.reflect.DirectMethodHandleAccessor.invoke(DirectMethodHandleAccessor.java:104) ~[na:na]
	at java.base/java.lang.reflect.Method.invoke(Method.java:565) ~[na:na]
	at org.springframework.aop.support.AopUtils.invokeJoinpointUsingReflection(AopUtils.java:359) ~[spring-aop-6.2.8.jar:6.2.8]
	at org.springframework.aop.framework.CglibAopProxy$DynamicAdvisedInterceptor.intercept(CglibAopProxy.java:724) ~[spring-aop-6.2.8.jar:6.2.8]
	at com.shiptrack.service.EtaService$$SpringCGLIB$$0.recalculateActiveEtas(<generated>) ~[classes/:na]
	at java.base/jdk.internal.reflect.DirectMethodHandleAccessor.invoke(DirectMethodHandleAccessor.java:104) ~[na:na]
	at java.base/java.lang.reflect.Method.invoke(Method.java:565) ~[na:na]
	at org.springframework.scheduling.support.ScheduledMethodRunnable.runInternal(ScheduledMethodRunnable.java:130) ~[spring-context-6.2.8.jar:6.2.8]
	at org.springframework.scheduling.support.ScheduledMethodRunnable.lambda$run$2(ScheduledMethodRunnable.java:124) ~[spring-context-6.2.8.jar:6.2.8]
	at io.micrometer.observation.Observation.observe(Observation.java:498) ~[micrometer-observation-1.15.1.jar:1.15.1]
	at org.springframework.scheduling.support.ScheduledMethodRunnable.run(ScheduledMethodRunnable.java:124) ~[spring-context-6.2.8.jar:6.2.8]
	at org.springframework.scheduling.config.Task$OutcomeTrackingRunnable.run(Task.java:85) ~[spring-context-6.2.8.jar:6.2.8]
	at org.springframework.scheduling.support.DelegatingErrorHandlingRunnable.run(DelegatingErrorHandlingRunnable.java:54) ~[spring-context-6.2.8.jar:6.2.8]
	at java.base/java.util.concurrent.Executors$RunnableAdapter.call(Executors.java:545) ~[na:na]
	at java.base/java.util.concurrent.FutureTask.runAndReset(FutureTask.java:371) ~[na:na]
	at java.base/java.util.concurrent.ScheduledThreadPoolExecutor$ScheduledFutureTask.run(ScheduledThreadPoolExecutor.java:310) ~[na:na]
	at java.base/java.util.concurrent.ThreadPoolExecutor.runWorker(ThreadPoolExecutor.java:1090) ~[na:na]
	at java.base/java.util.concurrent.ThreadPoolExecutor$Worker.run(ThreadPoolExecutor.java:614) ~[na:na]
	at java.base/java.lang.Thread.run(Thread.java:1516) ~[na:na]

2026-08-12T09:32:21.469+05:30  WARN 21780 --- [shiptrack-backend] [essageBroker-10] com.shiptrack.service.GeocodingService   : Geoapify routing failed, trying OSRM fallback...
2026-08-12T09:32:23.284+05:30  INFO 21780 --- [shiptrack-backend] [essageBroker-10] com.shiptrack.service.GeocodingService   : OSRM route found: 1896.0 km, 1325 min
2026-08-12T09:32:23.284+05:30  WARN 21780 --- [shiptrack-backend] [essageBroker-10] com.shiptrack.service.EtaService         : Failed to recalculate ETA for shipment 31

org.springframework.dao.InvalidDataAccessApiUsageException: Executing an update/delete query
	at org.springframework.orm.jpa.EntityManagerFactoryUtils.convertJpaAccessExceptionIfPossible(EntityManagerFactoryUtils.java:400) ~[spring-orm-6.2.8.jar:6.2.8]
	at org.springframework.orm.jpa.vendor.HibernateJpaDialect.translateExceptionIfPossible(HibernateJpaDialect.java:246) ~[spring-orm-6.2.8.jar:6.2.8]
	at org.springframework.orm.jpa.AbstractEntityManagerFactoryBean.translateExceptionIfPossible(AbstractEntityManagerFactoryBean.java:560) ~[spring-orm-6.2.8.jar:6.2.8]
	at org.springframework.dao.support.ChainedPersistenceExceptionTranslator.translateExceptionIfPossible(ChainedPersistenceExceptionTranslator.java:61) ~[spring-tx-6.2.8.jar:6.2.8]
	at org.springframework.dao.support.DataAccessUtils.translateIfNecessary(DataAccessUtils.java:343) ~[spring-tx-6.2.8.jar:6.2.8]
	at org.springframework.dao.support.PersistenceExceptionTranslationInterceptor.invoke(PersistenceExceptionTranslationInterceptor.java:160) ~[spring-tx-6.2.8.jar:6.2.8]
	at org.springframework.aop.framework.ReflectiveMethodInvocation.proceed(ReflectiveMethodInvocation.java:184) ~[spring-aop-6.2.8.jar:6.2.8]
	at org.springframework.data.jpa.repository.support.CrudMethodMetadataPostProcessor$CrudMethodMetadataPopulatingMethodInterceptor.invoke(CrudMethodMetadataPostProcessor.java:136) ~[spring-data-jpa-3.5.1.jar:3.5.1]
	at org.springframework.aop.framework.ReflectiveMethodInvocation.proceed(ReflectiveMethodInvocation.java:184) ~[spring-aop-6.2.8.jar:6.2.8]
	at org.springframework.aop.framework.JdkDynamicAopProxy.invoke(JdkDynamicAopProxy.java:223) ~[spring-aop-6.2.8.jar:6.2.8]
	at jdk.proxy4/jdk.proxy4.$Proxy147.updateEtaFields(Unknown Source) ~[na:na]
	at com.shiptrack.service.EtaService.calculateEta(EtaService.java:103) ~[classes/:na]
	at com.shiptrack.service.EtaService.recalculateActiveEtas(EtaService.java:130) ~[classes/:na]
	at java.base/jdk.internal.reflect.DirectMethodHandleAccessor.invoke(DirectMethodHandleAccessor.java:104) ~[na:na]
	at java.base/java.lang.reflect.Method.invoke(Method.java:565) ~[na:na]
	at org.springframework.aop.support.AopUtils.invokeJoinpointUsingReflection(AopUtils.java:359) ~[spring-aop-6.2.8.jar:6.2.8]
	at org.springframework.aop.framework.CglibAopProxy$DynamicAdvisedInterceptor.intercept(CglibAopProxy.java:724) ~[spring-aop-6.2.8.jar:6.2.8]
	at com.shiptrack.service.EtaService$$SpringCGLIB$$0.recalculateActiveEtas(<generated>) ~[classes/:na]
	at java.base/jdk.internal.reflect.DirectMethodHandleAccessor.invoke(DirectMethodHandleAccessor.java:104) ~[na:na]
	at java.base/java.lang.reflect.Method.invoke(Method.java:565) ~[na:na]
	at org.springframework.scheduling.support.ScheduledMethodRunnable.runInternal(ScheduledMethodRunnable.java:130) ~[spring-context-6.2.8.jar:6.2.8]
	at org.springframework.scheduling.support.ScheduledMethodRunnable.lambda$run$2(ScheduledMethodRunnable.java:124) ~[spring-context-6.2.8.jar:6.2.8]
	at io.micrometer.observation.Observation.observe(Observation.java:498) ~[micrometer-observation-1.15.1.jar:1.15.1]
	at org.springframework.scheduling.support.ScheduledMethodRunnable.run(ScheduledMethodRunnable.java:124) ~[spring-context-6.2.8.jar:6.2.8]
	at org.springframework.scheduling.config.Task$OutcomeTrackingRunnable.run(Task.java:85) ~[spring-context-6.2.8.jar:6.2.8]
	at org.springframework.scheduling.support.DelegatingErrorHandlingRunnable.run(DelegatingErrorHandlingRunnable.java:54) ~[spring-context-6.2.8.jar:6.2.8]
	at java.base/java.util.concurrent.Executors$RunnableAdapter.call(Executors.java:545) ~[na:na]
	at java.base/java.util.concurrent.FutureTask.runAndReset(FutureTask.java:371) ~[na:na]
	at java.base/java.util.concurrent.ScheduledThreadPoolExecutor$ScheduledFutureTask.run(ScheduledThreadPoolExecutor.java:310) ~[na:na]
	at java.base/java.util.concurrent.ThreadPoolExecutor.runWorker(ThreadPoolExecutor.java:1090) ~[na:na]
	at java.base/java.util.concurrent.ThreadPoolExecutor$Worker.run(ThreadPoolExecutor.java:614) ~[na:na]
	at java.base/java.lang.Thread.run(Thread.java:1516) ~[na:na]
Caused by: jakarta.persistence.TransactionRequiredException: Executing an update/delete query
	at org.hibernate.internal.AbstractSharedSessionContract.checkTransactionNeededForUpdateOperation(AbstractSharedSessionContract.java:560) ~[hibernate-core-6.6.18.Final.jar:6.6.18.Final]
	at org.hibernate.query.sqm.internal.QuerySqmImpl.executeUpdate(QuerySqmImpl.java:489) ~[hibernate-core-6.6.18.Final.jar:6.6.18.Final]
	at java.base/jdk.internal.reflect.DirectMethodHandleAccessor.invoke(DirectMethodHandleAccessor.java:104) ~[na:na]
	at java.base/java.lang.reflect.Method.invoke(Method.java:565) ~[na:na]
	at org.springframework.orm.jpa.SharedEntityManagerCreator$DeferredQueryInvocationHandler.invoke(SharedEntityManagerCreator.java:419) ~[spring-orm-6.2.8.jar:6.2.8]
	at jdk.proxy4/jdk.proxy4.$Proxy169.executeUpdate(Unknown Source) ~[na:na]
	at org.springframework.data.jpa.repository.query.JpaQueryExecution$ModifyingExecution.doExecute(JpaQueryExecution.java:267) ~[spring-data-jpa-3.5.1.jar:3.5.1]
	at org.springframework.data.jpa.repository.query.JpaQueryExecution.execute(JpaQueryExecution.java:93) ~[spring-data-jpa-3.5.1.jar:3.5.1]
	at org.springframework.data.jpa.repository.query.AbstractJpaQuery.doExecute(AbstractJpaQuery.java:160) ~[spring-data-jpa-3.5.1.jar:3.5.1]
	at org.springframework.data.jpa.repository.query.AbstractJpaQuery.execute(AbstractJpaQuery.java:148) ~[spring-data-jpa-3.5.1.jar:3.5.1]
	at org.springframework.data.repository.core.support.RepositoryMethodInvoker.doInvoke(RepositoryMethodInvoker.java:170) ~[spring-data-commons-3.5.1.jar:3.5.1]
	at org.springframework.data.repository.core.support.RepositoryMethodInvoker.invoke(RepositoryMethodInvoker.java:158) ~[spring-data-commons-3.5.1.jar:3.5.1]
	at org.springframework.data.repository.core.support.QueryExecutorMethodInterceptor.doInvoke(QueryExecutorMethodInterceptor.java:170) ~[spring-data-commons-3.5.1.jar:3.5.1]
	at org.springframework.data.repository.core.support.QueryExecutorMethodInterceptor.invoke(QueryExecutorMethodInterceptor.java:149) ~[spring-data-commons-3.5.1.jar:3.5.1]
	at org.springframework.aop.framework.ReflectiveMethodInvocation.proceed(ReflectiveMethodInvocation.java:184) ~[spring-aop-6.2.8.jar:6.2.8]
	at org.springframework.data.projection.DefaultMethodInvokingMethodInterceptor.invoke(DefaultMethodInvokingMethodInterceptor.java:69) ~[spring-data-commons-3.5.1.jar:3.5.1]
	at org.springframework.aop.framework.ReflectiveMethodInvocation.proceed(ReflectiveMethodInvocation.java:184) ~[spring-aop-6.2.8.jar:6.2.8]
	at org.springframework.transaction.interceptor.TransactionAspectSupport.invokeWithinTransaction(TransactionAspectSupport.java:380) ~[spring-tx-6.2.8.jar:6.2.8]
	at org.springframework.transaction.interceptor.TransactionInterceptor.invoke(TransactionInterceptor.java:119) ~[spring-tx-6.2.8.jar:6.2.8]
	at org.springframework.aop.framework.ReflectiveMethodInvocation.proceed(ReflectiveMethodInvocation.java:184) ~[spring-aop-6.2.8.jar:6.2.8]
	at org.springframework.dao.support.PersistenceExceptionTranslationInterceptor.invoke(PersistenceExceptionTranslationInterceptor.java:138) ~[spring-tx-6.2.8.jar:6.2.8]
	... 26 common frames omitted

Hibernate: 
    select
        s1_0.id,
        s1_0.actual_delivery_time,
        s1_0.created_at,
        s1_0.created_by,
        s1_0.delivery_address,
        s1_0.destination_latitude,
        s1_0.destination_longitude,
        s1_0.estimated_delivery_time,
        s1_0.estimated_duration,
        s1_0.origin_latitude,
        s1_0.origin_longitude,
        s1_0.receiver_name,
        s1_0.route_polyline,
        s1_0.sender_address,
        s1_0.sender_name,
        s1_0.status,
        s1_0.total_distance,
        s1_0.tracking_number 
    from
        shipments s1_0 
    where
        s1_0.id=?
Hibernate: 
    select
        te1_0.id,
        te1_0.latitude,
        te1_0.longitude,
        te1_0.recorded_at,
        te1_0.shipment_id,
        te1_0.status 
    from
        tracking_events te1_0 
    left join
        shipments s1_0 
            on s1_0.id=te1_0.shipment_id 
    where
        s1_0.id=? 
    order by
        te1_0.recorded_at
Hibernate: 
    select
        rhp1_0.id,
        rhp1_0.latitude,
        rhp1_0.longitude,
        rhp1_0.progress,
        rhp1_0.recorded_at,
        rhp1_0.shipment_id,
        rhp1_0.speed 
    from
        route_history_points rhp1_0 
    left join
        shipments s1_0 
            on s1_0.id=rhp1_0.shipment_id 
    where
        s1_0.id=? 
    order by
        rhp1_0.recorded_at desc 
    fetch
        first ? rows only
2026-08-12T09:32:24.389+05:30 ERROR 21780 --- [shiptrack-backend] [essageBroker-10] com.shiptrack.service.GeocodingService   : Geoapify routing failed

java.lang.ClassCastException: class java.util.ArrayList cannot be cast to class java.lang.Number (java.util.ArrayList and java.lang.Number are in module java.base of loader 'bootstrap')
	at com.shiptrack.service.GeocodingService.lambda$coordsToPolyline$0(GeocodingService.java:240) ~[classes/:na]
	at java.base/java.util.stream.ReferencePipeline$3$1.accept(ReferencePipeline.java:214) ~[na:na]
	at java.base/java.util.ArrayList$ArrayListSpliterator.forEachRemaining(ArrayList.java:1724) ~[na:na]
	at java.base/java.util.stream.AbstractPipeline.copyInto(AbstractPipeline.java:570) ~[na:na]
	at java.base/java.util.stream.AbstractPipeline.wrapAndCopyInto(AbstractPipeline.java:560) ~[na:na]
	at java.base/java.util.stream.AbstractPipeline.evaluate(AbstractPipeline.java:635) ~[na:na]
	at java.base/java.util.stream.AbstractPipeline.evaluateToArrayNode(AbstractPipeline.java:291) ~[na:na]
	at java.base/java.util.stream.ReferencePipeline.toArray(ReferencePipeline.java:652) ~[na:na]
	at java.base/java.util.stream.ReferencePipeline.toArray(ReferencePipeline.java:658) ~[na:na]
	at java.base/java.util.stream.ReferencePipeline.toList(ReferencePipeline.java:663) ~[na:na]
	at com.shiptrack.service.GeocodingService.coordsToPolyline(GeocodingService.java:243) ~[classes/:na]
	at com.shiptrack.service.GeocodingService.routeWithGeoapify(GeocodingService.java:179) ~[classes/:na]
	at com.shiptrack.service.GeocodingService.calculateRoute(GeocodingService.java:142) ~[classes/:na]
	at com.shiptrack.service.GeocodingService.calculateDuration(GeocodingService.java:247) ~[classes/:na]
	at com.shiptrack.service.EtaService.calculateEta(EtaService.java:95) ~[classes/:na]
	at com.shiptrack.service.EtaService.recalculateActiveEtas(EtaService.java:130) ~[classes/:na]
	at java.base/jdk.internal.reflect.DirectMethodHandleAccessor.invoke(DirectMethodHandleAccessor.java:104) ~[na:na]
	at java.base/java.lang.reflect.Method.invoke(Method.java:565) ~[na:na]
	at org.springframework.aop.support.AopUtils.invokeJoinpointUsingReflection(AopUtils.java:359) ~[spring-aop-6.2.8.jar:6.2.8]
	at org.springframework.aop.framework.CglibAopProxy$DynamicAdvisedInterceptor.intercept(CglibAopProxy.java:724) ~[spring-aop-6.2.8.jar:6.2.8]
	at com.shiptrack.service.EtaService$$SpringCGLIB$$0.recalculateActiveEtas(<generated>) ~[classes/:na]
	at java.base/jdk.internal.reflect.DirectMethodHandleAccessor.invoke(DirectMethodHandleAccessor.java:104) ~[na:na]
	at java.base/java.lang.reflect.Method.invoke(Method.java:565) ~[na:na]
	at org.springframework.scheduling.support.ScheduledMethodRunnable.runInternal(ScheduledMethodRunnable.java:130) ~[spring-context-6.2.8.jar:6.2.8]
	at org.springframework.scheduling.support.ScheduledMethodRunnable.lambda$run$2(ScheduledMethodRunnable.java:124) ~[spring-context-6.2.8.jar:6.2.8]
	at io.micrometer.observation.Observation.observe(Observation.java:498) ~[micrometer-observation-1.15.1.jar:1.15.1]
	at org.springframework.scheduling.support.ScheduledMethodRunnable.run(ScheduledMethodRunnable.java:124) ~[spring-context-6.2.8.jar:6.2.8]
	at org.springframework.scheduling.config.Task$OutcomeTrackingRunnable.run(Task.java:85) ~[spring-context-6.2.8.jar:6.2.8]
	at org.springframework.scheduling.support.DelegatingErrorHandlingRunnable.run(DelegatingErrorHandlingRunnable.java:54) ~[spring-context-6.2.8.jar:6.2.8]
	at java.base/java.util.concurrent.Executors$RunnableAdapter.call(Executors.java:545) ~[na:na]
	at java.base/java.util.concurrent.FutureTask.runAndReset(FutureTask.java:371) ~[na:na]
	at java.base/java.util.concurrent.ScheduledThreadPoolExecutor$ScheduledFutureTask.run(ScheduledThreadPoolExecutor.java:310) ~[na:na]
	at java.base/java.util.concurrent.ThreadPoolExecutor.runWorker(ThreadPoolExecutor.java:1090) ~[na:na]
	at java.base/java.util.concurrent.ThreadPoolExecutor$Worker.run(ThreadPoolExecutor.java:614) ~[na:na]
	at java.base/java.lang.Thread.run(Thread.java:1516) ~[na:na]

2026-08-12T09:32:24.390+05:30  WARN 21780 --- [shiptrack-backend] [essageBroker-10] com.shiptrack.service.GeocodingService   : Geoapify routing failed, trying OSRM fallback...
2026-08-12T09:32:25.658+05:30  INFO 21780 --- [shiptrack-backend] [essageBroker-10] com.shiptrack.service.GeocodingService   : OSRM route found: 542.2 km, 420 min
2026-08-12T09:32:25.659+05:30  WARN 21780 --- [shiptrack-backend] [essageBroker-10] com.shiptrack.service.EtaService         : Failed to recalculate ETA for shipment 22

org.springframework.dao.InvalidDataAccessApiUsageException: Executing an update/delete query
	at org.springframework.orm.jpa.EntityManagerFactoryUtils.convertJpaAccessExceptionIfPossible(EntityManagerFactoryUtils.java:400) ~[spring-orm-6.2.8.jar:6.2.8]
	at org.springframework.orm.jpa.vendor.HibernateJpaDialect.translateExceptionIfPossible(HibernateJpaDialect.java:246) ~[spring-orm-6.2.8.jar:6.2.8]
	at org.springframework.orm.jpa.AbstractEntityManagerFactoryBean.translateExceptionIfPossible(AbstractEntityManagerFactoryBean.java:560) ~[spring-orm-6.2.8.jar:6.2.8]
	at org.springframework.dao.support.ChainedPersistenceExceptionTranslator.translateExceptionIfPossible(ChainedPersistenceExceptionTranslator.java:61) ~[spring-tx-6.2.8.jar:6.2.8]
	at org.springframework.dao.support.DataAccessUtils.translateIfNecessary(DataAccessUtils.java:343) ~[spring-tx-6.2.8.jar:6.2.8]
	at org.springframework.dao.support.PersistenceExceptionTranslationInterceptor.invoke(PersistenceExceptionTranslationInterceptor.java:160) ~[spring-tx-6.2.8.jar:6.2.8]
	at org.springframework.aop.framework.ReflectiveMethodInvocation.proceed(ReflectiveMethodInvocation.java:184) ~[spring-aop-6.2.8.jar:6.2.8]
	at org.springframework.data.jpa.repository.support.CrudMethodMetadataPostProcessor$CrudMethodMetadataPopulatingMethodInterceptor.invoke(CrudMethodMetadataPostProcessor.java:136) ~[spring-data-jpa-3.5.1.jar:3.5.1]
	at org.springframework.aop.framework.ReflectiveMethodInvocation.proceed(ReflectiveMethodInvocation.java:184) ~[spring-aop-6.2.8.jar:6.2.8]
	at org.springframework.aop.framework.JdkDynamicAopProxy.invoke(JdkDynamicAopProxy.java:223) ~[spring-aop-6.2.8.jar:6.2.8]
	at jdk.proxy4/jdk.proxy4.$Proxy147.updateEtaFields(Unknown Source) ~[na:na]
	at com.shiptrack.service.EtaService.calculateEta(EtaService.java:103) ~[classes/:na]
	at com.shiptrack.service.EtaService.recalculateActiveEtas(EtaService.java:130) ~[classes/:na]
	at java.base/jdk.internal.reflect.DirectMethodHandleAccessor.invoke(DirectMethodHandleAccessor.java:104) ~[na:na]
	at java.base/java.lang.reflect.Method.invoke(Method.java:565) ~[na:na]
	at org.springframework.aop.support.AopUtils.invokeJoinpointUsingReflection(AopUtils.java:359) ~[spring-aop-6.2.8.jar:6.2.8]
	at org.springframework.aop.framework.CglibAopProxy$DynamicAdvisedInterceptor.intercept(CglibAopProxy.java:724) ~[spring-aop-6.2.8.jar:6.2.8]
	at com.shiptrack.service.EtaService$$SpringCGLIB$$0.recalculateActiveEtas(<generated>) ~[classes/:na]
	at java.base/jdk.internal.reflect.DirectMethodHandleAccessor.invoke(DirectMethodHandleAccessor.java:104) ~[na:na]
	at java.base/java.lang.reflect.Method.invoke(Method.java:565) ~[na:na]
	at org.springframework.scheduling.support.ScheduledMethodRunnable.runInternal(ScheduledMethodRunnable.java:130) ~[spring-context-6.2.8.jar:6.2.8]
	at org.springframework.scheduling.support.ScheduledMethodRunnable.lambda$run$2(ScheduledMethodRunnable.java:124) ~[spring-context-6.2.8.jar:6.2.8]
	at io.micrometer.observation.Observation.observe(Observation.java:498) ~[micrometer-observation-1.15.1.jar:1.15.1]
	at org.springframework.scheduling.support.ScheduledMethodRunnable.run(ScheduledMethodRunnable.java:124) ~[spring-context-6.2.8.jar:6.2.8]
	at org.springframework.scheduling.config.Task$OutcomeTrackingRunnable.run(Task.java:85) ~[spring-context-6.2.8.jar:6.2.8]
	at org.springframework.scheduling.support.DelegatingErrorHandlingRunnable.run(DelegatingErrorHandlingRunnable.java:54) ~[spring-context-6.2.8.jar:6.2.8]
	at java.base/java.util.concurrent.Executors$RunnableAdapter.call(Executors.java:545) ~[na:na]
	at java.base/java.util.concurrent.FutureTask.runAndReset(FutureTask.java:371) ~[na:na]
	at java.base/java.util.concurrent.ScheduledThreadPoolExecutor$ScheduledFutureTask.run(ScheduledThreadPoolExecutor.java:310) ~[na:na]
	at java.base/java.util.concurrent.ThreadPoolExecutor.runWorker(ThreadPoolExecutor.java:1090) ~[na:na]
	at java.base/java.util.concurrent.ThreadPoolExecutor$Worker.run(ThreadPoolExecutor.java:614) ~[na:na]
	at java.base/java.lang.Thread.run(Thread.java:1516) ~[na:na]
Caused by: jakarta.persistence.TransactionRequiredException: Executing an update/delete query
	at org.hibernate.internal.AbstractSharedSessionContract.checkTransactionNeededForUpdateOperation(AbstractSharedSessionContract.java:560) ~[hibernate-core-6.6.18.Final.jar:6.6.18.Final]
	at org.hibernate.query.sqm.internal.QuerySqmImpl.executeUpdate(QuerySqmImpl.java:489) ~[hibernate-core-6.6.18.Final.jar:6.6.18.Final]
	at java.base/jdk.internal.reflect.DirectMethodHandleAccessor.invoke(DirectMethodHandleAccessor.java:104) ~[na:na]
	at java.base/java.lang.reflect.Method.invoke(Method.java:565) ~[na:na]
	at org.springframework.orm.jpa.SharedEntityManagerCreator$DeferredQueryInvocationHandler.invoke(SharedEntityManagerCreator.java:419) ~[spring-orm-6.2.8.jar:6.2.8]
	at jdk.proxy4/jdk.proxy4.$Proxy169.executeUpdate(Unknown Source) ~[na:na]
	at org.springframework.data.jpa.repository.query.JpaQueryExecution$ModifyingExecution.doExecute(JpaQueryExecution.java:267) ~[spring-data-jpa-3.5.1.jar:3.5.1]
	at org.springframework.data.jpa.repository.query.JpaQueryExecution.execute(JpaQueryExecution.java:93) ~[spring-data-jpa-3.5.1.jar:3.5.1]
	at org.springframework.data.jpa.repository.query.AbstractJpaQuery.doExecute(AbstractJpaQuery.java:160) ~[spring-data-jpa-3.5.1.jar:3.5.1]
	at org.springframework.data.jpa.repository.query.AbstractJpaQuery.execute(AbstractJpaQuery.java:148) ~[spring-data-jpa-3.5.1.jar:3.5.1]
	at org.springframework.data.repository.core.support.RepositoryMethodInvoker.doInvoke(RepositoryMethodInvoker.java:170) ~[spring-data-commons-3.5.1.jar:3.5.1]
	at org.springframework.data.repository.core.support.RepositoryMethodInvoker.invoke(RepositoryMethodInvoker.java:158) ~[spring-data-commons-3.5.1.jar:3.5.1]
	at org.springframework.data.repository.core.support.QueryExecutorMethodInterceptor.doInvoke(QueryExecutorMethodInterceptor.java:170) ~[spring-data-commons-3.5.1.jar:3.5.1]
	at org.springframework.data.repository.core.support.QueryExecutorMethodInterceptor.invoke(QueryExecutorMethodInterceptor.java:149) ~[spring-data-commons-3.5.1.jar:3.5.1]
	at org.springframework.aop.framework.ReflectiveMethodInvocation.proceed(ReflectiveMethodInvocation.java:184) ~[spring-aop-6.2.8.jar:6.2.8]
	at org.springframework.data.projection.DefaultMethodInvokingMethodInterceptor.invoke(DefaultMethodInvokingMethodInterceptor.java:69) ~[spring-data-commons-3.5.1.jar:3.5.1]
	at org.springframework.aop.framework.ReflectiveMethodInvocation.proceed(ReflectiveMethodInvocation.java:184) ~[spring-aop-6.2.8.jar:6.2.8]
	at org.springframework.transaction.interceptor.TransactionAspectSupport.invokeWithinTransaction(TransactionAspectSupport.java:380) ~[spring-tx-6.2.8.jar:6.2.8]
	at org.springframework.transaction.interceptor.TransactionInterceptor.invoke(TransactionInterceptor.java:119) ~[spring-tx-6.2.8.jar:6.2.8]
	at org.springframework.aop.framework.ReflectiveMethodInvocation.proceed(ReflectiveMethodInvocation.java:184) ~[spring-aop-6.2.8.jar:6.2.8]
	at org.springframework.dao.support.PersistenceExceptionTranslationInterceptor.invoke(PersistenceExceptionTranslationInterceptor.java:138) ~[spring-tx-6.2.8.jar:6.2.8]
	... 26 common frames omitted

Hibernate: 
    select
        s1_0.id,
        s1_0.actual_delivery_time,
        s1_0.created_at,
        s1_0.created_by,
        s1_0.delivery_address,
        s1_0.destination_latitude,
        s1_0.destination_longitude,
        s1_0.estimated_delivery_time,
        s1_0.estimated_duration,
        s1_0.origin_latitude,
        s1_0.origin_longitude,
        s1_0.receiver_name,
        s1_0.route_polyline,
        s1_0.sender_address,
        s1_0.sender_name,
        s1_0.status,
        s1_0.total_distance,
        s1_0.tracking_number 
    from
        shipments s1_0 
    where
        s1_0.status in (?, ?)
Hibernate: 
    select
        s1_0.id,
        s1_0.actual_delivery_time,
        s1_0.created_at,
        s1_0.created_by,
        s1_0.delivery_address,
        s1_0.destination_latitude,
        s1_0.destination_longitude,
        s1_0.estimated_delivery_time,
        s1_0.estimated_duration,
        s1_0.origin_latitude,
        s1_0.origin_longitude,
        s1_0.receiver_name,
        s1_0.route_polyline,
        s1_0.sender_address,
        s1_0.sender_name,
        s1_0.status,
        s1_0.total_distance,
        s1_0.tracking_number 
    from
        shipments s1_0 
    where
        s1_0.status in (?, ?)
Hibernate: 
    select
        s1_0.id,
        s1_0.actual_delivery_time,
        s1_0.created_at,
        s1_0.created_by,
        s1_0.delivery_address,
        s1_0.destination_latitude,
        s1_0.destination_longitude,
        s1_0.estimated_delivery_time,
        s1_0.estimated_duration,
        s1_0.origin_latitude,
        s1_0.origin_longitude,
        s1_0.receiver_name,
        s1_0.route_polyline,
        s1_0.sender_address,
        s1_0.sender_name,
        s1_0.status,
        s1_0.total_distance,
        s1_0.tracking_number 
    from
        shipments s1_0 
    where
        s1_0.status in (?, ?)
Hibernate: 
    select
        s1_0.id,
        s1_0.actual_delivery_time,
        s1_0.created_at,
        s1_0.created_by,
        s1_0.delivery_address,
        s1_0.destination_latitude,
        s1_0.destination_longitude,
        s1_0.estimated_delivery_time,
        s1_0.estimated_duration,
        s1_0.origin_latitude,
        s1_0.origin_longitude,
        s1_0.receiver_name,
        s1_0.route_polyline,
        s1_0.sender_address,
        s1_0.sender_name,
        s1_0.status,
        s1_0.total_distance,
        s1_0.tracking_number 
    from
        shipments s1_0 
    where
        s1_0.id=?
Hibernate: 
    select
        te1_0.id,
        te1_0.latitude,
        te1_0.longitude,
        te1_0.recorded_at,
        te1_0.shipment_id,
        te1_0.status 
    from
        tracking_events te1_0 
    left join
        shipments s1_0 
            on s1_0.id=te1_0.shipment_id 
    where
        s1_0.id=? 
    order by
        te1_0.recorded_at
Hibernate: 
    select
        rhp1_0.id,
        rhp1_0.latitude,
        rhp1_0.longitude,
        rhp1_0.progress,
        rhp1_0.recorded_at,
        rhp1_0.shipment_id,
        rhp1_0.speed 
    from
        route_history_points rhp1_0 
    left join
        shipments s1_0 
            on s1_0.id=rhp1_0.shipment_id 
    where
        s1_0.id=? 
    order by
        rhp1_0.recorded_at desc 
    fetch
        first ? rows only
Hibernate: 
    select
        dp1_0.id,
        dp1_0.delay_minutes,
        dp1_0.delay_reason,
        dp1_0.detected_at,
        dp1_0.is_active,
        dp1_0.probability,
        dp1_0.shipment_id 
    from
        delay_predictions dp1_0 
    where
        dp1_0.shipment_id=? 
        and dp1_0.is_active 
    order by
        dp1_0.detected_at desc 
    fetch
        first ? rows only
Hibernate: 
    select
        dp1_0.id,
        dp1_0.delay_minutes,
        dp1_0.delay_reason,
        dp1_0.detected_at,
        dp1_0.is_active,
        dp1_0.probability,
        dp1_0.shipment_id 
    from
        delay_predictions dp1_0 
    where
        dp1_0.shipment_id=? 
        and dp1_0.is_active
Hibernate: 
    select
        dp1_0.id,
        dp1_0.delay_minutes,
        dp1_0.delay_reason,
        dp1_0.detected_at,
        dp1_0.is_active,
        dp1_0.probability,
        dp1_0.shipment_id 
    from
        delay_predictions dp1_0 
    where
        dp1_0.id=?
Hibernate: 
    update
        delay_predictions 
    set
        delay_minutes=?,
        delay_reason=?,
        detected_at=?,
        is_active=?,
        probability=?,
        shipment_id=? 
    where
        id=?
2026-08-12T09:33:19.560+05:30  INFO 21780 --- [shiptrack-backend] [MessageBroker-4] c.s.service.DelayPredictionService       : Superseded 1 stale delay prediction(s) for shipment 31
Hibernate: 
    insert 
    into
        delay_predictions
        (delay_minutes, delay_reason, detected_at, is_active, probability, shipment_id) 
    values
        (?, ?, ?, ?, ?, ?)
2026-08-12T09:33:19.563+05:30  WARN 21780 --- [shiptrack-backend] [MessageBroker-4] c.shiptrack.service.LiveTrackingService  : Delay alert for shipment 31: No location update for 20964 minutes (120 min, 0.9% probability)
2026-08-12T09:33:19.563+05:30  WARN 21780 --- [shiptrack-backend] [MessageBroker-4] c.s.service.DelayPredictionService       : Delay detected for shipment 31: No location update for 20964 minutes (120 min)
Hibernate: 
    select
        s1_0.id,
        s1_0.actual_delivery_time,
        s1_0.created_at,
        s1_0.created_by,
        s1_0.delivery_address,
        s1_0.destination_latitude,
        s1_0.destination_longitude,
        s1_0.estimated_delivery_time,
        s1_0.estimated_duration,
        s1_0.origin_latitude,
        s1_0.origin_longitude,
        s1_0.receiver_name,
        s1_0.route_polyline,
        s1_0.sender_address,
        s1_0.sender_name,
        s1_0.status,
        s1_0.total_distance,
        s1_0.tracking_number 
    from
        shipments s1_0 
    where
        s1_0.id=?
Hibernate: 
    select
        te1_0.id,
        te1_0.latitude,
        te1_0.longitude,
        te1_0.recorded_at,
        te1_0.shipment_id,
        te1_0.status 
    from
        tracking_events te1_0 
    left join
        shipments s1_0 
            on s1_0.id=te1_0.shipment_id 
    where
        s1_0.id=? 
    order by
        te1_0.recorded_at
Hibernate: 
    select
        rhp1_0.id,
        rhp1_0.latitude,
        rhp1_0.longitude,
        rhp1_0.progress,
        rhp1_0.recorded_at,
        rhp1_0.shipment_id,
        rhp1_0.speed 
    from
        route_history_points rhp1_0 
    left join
        shipments s1_0 
            on s1_0.id=rhp1_0.shipment_id 
    where
        s1_0.id=? 
    order by
        rhp1_0.recorded_at desc 
    fetch
        first ? rows only
Hibernate: 
    select
        dp1_0.id,
        dp1_0.delay_minutes,
        dp1_0.delay_reason,
        dp1_0.detected_at,
        dp1_0.is_active,
        dp1_0.probability,
        dp1_0.shipment_id 
    from
        delay_predictions dp1_0 
    where
        dp1_0.shipment_id=? 
        and dp1_0.is_active 
    order by
        dp1_0.detected_at desc 
    fetch
        first ? rows only
Hibernate: 
    select
        dp1_0.id,
        dp1_0.delay_minutes,
        dp1_0.delay_reason,
        dp1_0.detected_at,
        dp1_0.is_active,
        dp1_0.probability,
        dp1_0.shipment_id 
    from
        delay_predictions dp1_0 
    where
        dp1_0.shipment_id=? 
        and dp1_0.is_active
Hibernate: 
    select
        dp1_0.id,
        dp1_0.delay_minutes,
        dp1_0.delay_reason,
        dp1_0.detected_at,
        dp1_0.is_active,
        dp1_0.probability,
        dp1_0.shipment_id 
    from
        delay_predictions dp1_0 
    where
        dp1_0.id=?
Hibernate: 
    update
        delay_predictions 
    set
        delay_minutes=?,
        delay_reason=?,
        detected_at=?,
        is_active=?,
        probability=?,
        shipment_id=? 
    where
        id=?
2026-08-12T09:33:19.571+05:30  INFO 21780 --- [shiptrack-backend] [MessageBroker-4] c.s.service.DelayPredictionService       : Superseded 1 stale delay prediction(s) for shipment 22
Hibernate: 
    insert 
    into
        delay_predictions
        (delay_minutes, delay_reason, detected_at, is_active, probability, shipment_id) 
    values
        (?, ?, ?, ?, ?, ?)
2026-08-12T09:33:19.572+05:30  WARN 21780 --- [shiptrack-backend] [MessageBroker-4] c.shiptrack.service.LiveTrackingService  : Delay alert for shipment 22: No location update for 19631 minutes (120 min, 0.9% probability)
2026-08-12T09:33:19.572+05:30  WARN 21780 --- [shiptrack-backend] [MessageBroker-4] c.s.service.DelayPredictionService       : Delay detected for shipment 22: No location update for 19631 minutes (120 min)
Hibernate: 
    select
        s1_0.id,
        s1_0.actual_delivery_time,
        s1_0.created_at,
        s1_0.created_by,
        s1_0.delivery_address,
        s1_0.destination_latitude,
        s1_0.destination_longitude,
        s1_0.estimated_delivery_time,
        s1_0.estimated_duration,
        s1_0.origin_latitude,
        s1_0.origin_longitude,
        s1_0.receiver_name,
        s1_0.route_polyline,
        s1_0.sender_address,
        s1_0.sender_name,
        s1_0.status,
        s1_0.total_distance,
        s1_0.tracking_number 
    from
        shipments s1_0 
    where
        s1_0.status in (?, ?)
Hibernate: 
    select
        s1_0.id,
        s1_0.actual_delivery_time,
        s1_0.created_at,
        s1_0.created_by,
        s1_0.delivery_address,
        s1_0.destination_latitude,
        s1_0.destination_longitude,
        s1_0.estimated_delivery_time,
        s1_0.estimated_duration,
        s1_0.origin_latitude,
        s1_0.origin_longitude,
        s1_0.receiver_name,
        s1_0.route_polyline,
        s1_0.sender_address,
        s1_0.sender_name,
        s1_0.status,
        s1_0.total_distance,
        s1_0.tracking_number 
    from
        shipments s1_0 
    where
        s1_0.status in (?, ?)
Hibernate: 
    select
        s1_0.id,
        s1_0.actual_delivery_time,
        s1_0.created_at,
        s1_0.created_by,
        s1_0.delivery_address,
        s1_0.destination_latitude,
        s1_0.destination_longitude,
        s1_0.estimated_delivery_time,
        s1_0.estimated_duration,
        s1_0.origin_latitude,
        s1_0.origin_longitude,
        s1_0.receiver_name,
        s1_0.route_polyline,
        s1_0.sender_address,
        s1_0.sender_name,
        s1_0.status,
        s1_0.total_distance,
        s1_0.tracking_number 
    from
        shipments s1_0 
    where
        s1_0.status in (?, ?)
Hibernate: 
    select
        s1_0.id,
        s1_0.actual_delivery_time,
        s1_0.created_at,
        s1_0.created_by,
        s1_0.delivery_address,
        s1_0.destination_latitude,
        s1_0.destination_longitude,
        s1_0.estimated_delivery_time,
        s1_0.estimated_duration,
        s1_0.origin_latitude,
        s1_0.origin_longitude,
        s1_0.receiver_name,
        s1_0.route_polyline,
        s1_0.sender_address,
        s1_0.sender_name,
        s1_0.status,
        s1_0.total_distance,
        s1_0.tracking_number 
    from
        shipments s1_0 
    where
        s1_0.status in (?, ?)
Hibernate: 
    select
        s1_0.id,
        s1_0.actual_delivery_time,
        s1_0.created_at,
        s1_0.created_by,
        s1_0.delivery_address,
        s1_0.destination_latitude,
        s1_0.destination_longitude,
        s1_0.estimated_delivery_time,
        s1_0.estimated_duration,
        s1_0.origin_latitude,
        s1_0.origin_longitude,
        s1_0.receiver_name,
        s1_0.route_polyline,
        s1_0.sender_address,
        s1_0.sender_name,
        s1_0.status,
        s1_0.total_distance,
        s1_0.tracking_number 
    from
        shipments s1_0 
    where
        s1_0.id=?
Hibernate: 
    select
        s1_0.id,
        s1_0.actual_delivery_time,
        s1_0.created_at,
        s1_0.created_by,
        s1_0.delivery_address,
        s1_0.destination_latitude,
        s1_0.destination_longitude,
        s1_0.estimated_delivery_time,
        s1_0.estimated_duration,
        s1_0.origin_latitude,
        s1_0.origin_longitude,
        s1_0.receiver_name,
        s1_0.route_polyline,
        s1_0.sender_address,
        s1_0.sender_name,
        s1_0.status,
        s1_0.total_distance,
        s1_0.tracking_number 
    from
        shipments s1_0 
    where
        s1_0.id=?
Hibernate: 
    select
        te1_0.id,
        te1_0.latitude,
        te1_0.longitude,
        te1_0.recorded_at,
        te1_0.shipment_id,
        te1_0.status 
    from
        tracking_events te1_0 
    left join
        shipments s1_0 
            on s1_0.id=te1_0.shipment_id 
    where
        s1_0.id=? 
    order by
        te1_0.recorded_at
Hibernate: 
    select
        te1_0.id,
        te1_0.latitude,
        te1_0.longitude,
        te1_0.recorded_at,
        te1_0.shipment_id,
        te1_0.status 
    from
        tracking_events te1_0 
    left join
        shipments s1_0 
            on s1_0.id=te1_0.shipment_id 
    where
        s1_0.id=? 
    order by
        te1_0.recorded_at
Hibernate: 
    select
        rhp1_0.id,
        rhp1_0.latitude,
        rhp1_0.longitude,
        rhp1_0.progress,
        rhp1_0.recorded_at,
        rhp1_0.shipment_id,
        rhp1_0.speed 
    from
        route_history_points rhp1_0 
    left join
        shipments s1_0 
            on s1_0.id=rhp1_0.shipment_id 
    where
        s1_0.id=? 
    order by
        rhp1_0.recorded_at desc 
    fetch
        first ? rows only
Hibernate: 
    select
        rhp1_0.id,
        rhp1_0.latitude,
        rhp1_0.longitude,
        rhp1_0.progress,
        rhp1_0.recorded_at,
        rhp1_0.shipment_id,
        rhp1_0.speed 
    from
        route_history_points rhp1_0 
    left join
        shipments s1_0 
            on s1_0.id=rhp1_0.shipment_id 
    where
        s1_0.id=? 
    order by
        rhp1_0.recorded_at desc 
    fetch
        first ? rows only
Hibernate: 
    select
        dp1_0.id,
        dp1_0.delay_minutes,
        dp1_0.delay_reason,
        dp1_0.detected_at,
        dp1_0.is_active,
        dp1_0.probability,
        dp1_0.shipment_id 
    from
        delay_predictions dp1_0 
    where
        dp1_0.shipment_id=? 
        and dp1_0.is_active 
    order by
        dp1_0.detected_at desc 
    fetch
        first ? rows only
Hibernate: 
    select
        dp1_0.id,
        dp1_0.delay_minutes,
        dp1_0.delay_reason,
        dp1_0.detected_at,
        dp1_0.is_active,
        dp1_0.probability,
        dp1_0.shipment_id 
    from
        delay_predictions dp1_0 
    where
        dp1_0.shipment_id=? 
        and dp1_0.is_active
Hibernate: 
    select
        dp1_0.id,
        dp1_0.delay_minutes,
        dp1_0.delay_reason,
        dp1_0.detected_at,
        dp1_0.is_active,
        dp1_0.probability,
        dp1_0.shipment_id 
    from
        delay_predictions dp1_0 
    where
        dp1_0.id=?
Hibernate: 
    update
        delay_predictions 
    set
        delay_minutes=?,
        delay_reason=?,
        detected_at=?,
        is_active=?,
        probability=?,
        shipment_id=? 
    where
        id=?
2026-08-12T09:34:19.581+05:30  INFO 21780 --- [shiptrack-backend] [MessageBroker-6] c.s.service.DelayPredictionService       : Superseded 1 stale delay prediction(s) for shipment 31
Hibernate: 
    insert 
    into
        delay_predictions
        (delay_minutes, delay_reason, detected_at, is_active, probability, shipment_id) 
    values
        (?, ?, ?, ?, ?, ?)
2026-08-12T09:34:19.588+05:30  WARN 21780 --- [shiptrack-backend] [MessageBroker-6] c.shiptrack.service.LiveTrackingService  : Delay alert for shipment 31: No location update for 20965 minutes (120 min, 0.9% probability)
2026-08-12T09:34:19.588+05:30  WARN 21780 --- [shiptrack-backend] [MessageBroker-6] c.s.service.DelayPredictionService       : Delay detected for shipment 31: No location update for 20965 minutes (120 min)
Hibernate: 
    select
        s1_0.id,
        s1_0.actual_delivery_time,
        s1_0.created_at,
        s1_0.created_by,
        s1_0.delivery_address,
        s1_0.destination_latitude,
        s1_0.destination_longitude,
        s1_0.estimated_delivery_time,
        s1_0.estimated_duration,
        s1_0.origin_latitude,
        s1_0.origin_longitude,
        s1_0.receiver_name,
        s1_0.route_polyline,
        s1_0.sender_address,
        s1_0.sender_name,
        s1_0.status,
        s1_0.total_distance,
        s1_0.tracking_number 
    from
        shipments s1_0 
    where
        s1_0.id=?
Hibernate: 
    select
        te1_0.id,
        te1_0.latitude,
        te1_0.longitude,
        te1_0.recorded_at,
        te1_0.shipment_id,
        te1_0.status 
    from
        tracking_events te1_0 
    left join
        shipments s1_0 
            on s1_0.id=te1_0.shipment_id 
    where
        s1_0.id=? 
    order by
        te1_0.recorded_at
Hibernate: 
    select
        rhp1_0.id,
        rhp1_0.latitude,
        rhp1_0.longitude,
        rhp1_0.progress,
        rhp1_0.recorded_at,
        rhp1_0.shipment_id,
        rhp1_0.speed 
    from
        route_history_points rhp1_0 
    left join
        shipments s1_0 
            on s1_0.id=rhp1_0.shipment_id 
    where
        s1_0.id=? 
    order by
        rhp1_0.recorded_at desc 
    fetch
        first ? rows only
Hibernate: 
    select
        dp1_0.id,
        dp1_0.delay_minutes,
        dp1_0.delay_reason,
        dp1_0.detected_at,
        dp1_0.is_active,
        dp1_0.probability,
        dp1_0.shipment_id 
    from
        delay_predictions dp1_0 
    where
        dp1_0.shipment_id=? 
        and dp1_0.is_active 
    order by
        dp1_0.detected_at desc 
    fetch
        first ? rows only
Hibernate: 
    select
        dp1_0.id,
        dp1_0.delay_minutes,
        dp1_0.delay_reason,
        dp1_0.detected_at,
        dp1_0.is_active,
        dp1_0.probability,
        dp1_0.shipment_id 
    from
        delay_predictions dp1_0 
    where
        dp1_0.shipment_id=? 
        and dp1_0.is_active
Hibernate: 
    select
        dp1_0.id,
        dp1_0.delay_minutes,
        dp1_0.delay_reason,
        dp1_0.detected_at,
        dp1_0.is_active,
        dp1_0.probability,
        dp1_0.shipment_id 
    from
        delay_predictions dp1_0 
    where
        dp1_0.id=?
Hibernate: 
    update
        delay_predictions 
    set
        delay_minutes=?,
        delay_reason=?,
        detected_at=?,
        is_active=?,
        probability=?,
        shipment_id=? 
    where
        id=?
2026-08-12T09:34:19.603+05:30  INFO 21780 --- [shiptrack-backend] [MessageBroker-6] c.s.service.DelayPredictionService       : Superseded 1 stale delay prediction(s) for shipment 22
Hibernate: 
    insert 
    into
        delay_predictions
        (delay_minutes, delay_reason, detected_at, is_active, probability, shipment_id) 
    values
        (?, ?, ?, ?, ?, ?)
2026-08-12T09:34:19.606+05:30  WARN 21780 --- [shiptrack-backend] [MessageBroker-6] c.shiptrack.service.LiveTrackingService  : Delay alert for shipment 22: No location update for 19632 minutes (120 min, 0.9% probability)
2026-08-12T09:34:19.606+05:30  WARN 21780 --- [shiptrack-backend] [MessageBroker-6] c.s.service.DelayPredictionService       : Delay detected for shipment 22: No location update for 19632 minutes (120 min)
2026-08-12T09:34:21.762+05:30 ERROR 21780 --- [shiptrack-backend] [MessageBroker-7] com.shiptrack.service.GeocodingService   : Geoapify routing failed

java.lang.ClassCastException: class java.util.ArrayList cannot be cast to class java.lang.Number (java.util.ArrayList and java.lang.Number are in module java.base of loader 'bootstrap')
	at com.shiptrack.service.GeocodingService.lambda$coordsToPolyline$0(GeocodingService.java:240) ~[classes/:na]
	at java.base/java.util.stream.ReferencePipeline$3$1.accept(ReferencePipeline.java:214) ~[na:na]
	at java.base/java.util.ArrayList$ArrayListSpliterator.forEachRemaining(ArrayList.java:1724) ~[na:na]
	at java.base/java.util.stream.AbstractPipeline.copyInto(AbstractPipeline.java:570) ~[na:na]
	at java.base/java.util.stream.AbstractPipeline.wrapAndCopyInto(AbstractPipeline.java:560) ~[na:na]
	at java.base/java.util.stream.AbstractPipeline.evaluate(AbstractPipeline.java:635) ~[na:na]
	at java.base/java.util.stream.AbstractPipeline.evaluateToArrayNode(AbstractPipeline.java:291) ~[na:na]
	at java.base/java.util.stream.ReferencePipeline.toArray(ReferencePipeline.java:652) ~[na:na]
	at java.base/java.util.stream.ReferencePipeline.toArray(ReferencePipeline.java:658) ~[na:na]
	at java.base/java.util.stream.ReferencePipeline.toList(ReferencePipeline.java:663) ~[na:na]
	at com.shiptrack.service.GeocodingService.coordsToPolyline(GeocodingService.java:243) ~[classes/:na]
	at com.shiptrack.service.GeocodingService.routeWithGeoapify(GeocodingService.java:179) ~[classes/:na]
	at com.shiptrack.service.GeocodingService.calculateRoute(GeocodingService.java:142) ~[classes/:na]
	at com.shiptrack.service.GeocodingService.calculateDuration(GeocodingService.java:247) ~[classes/:na]
	at com.shiptrack.service.EtaService.calculateEta(EtaService.java:95) ~[classes/:na]
	at com.shiptrack.service.EtaService.recalculateActiveEtas(EtaService.java:130) ~[classes/:na]
	at java.base/jdk.internal.reflect.DirectMethodHandleAccessor.invoke(DirectMethodHandleAccessor.java:104) ~[na:na]
	at java.base/java.lang.reflect.Method.invoke(Method.java:565) ~[na:na]
	at org.springframework.aop.support.AopUtils.invokeJoinpointUsingReflection(AopUtils.java:359) ~[spring-aop-6.2.8.jar:6.2.8]
	at org.springframework.aop.framework.CglibAopProxy$DynamicAdvisedInterceptor.intercept(CglibAopProxy.java:724) ~[spring-aop-6.2.8.jar:6.2.8]
	at com.shiptrack.service.EtaService$$SpringCGLIB$$0.recalculateActiveEtas(<generated>) ~[classes/:na]
	at java.base/jdk.internal.reflect.DirectMethodHandleAccessor.invoke(DirectMethodHandleAccessor.java:104) ~[na:na]
	at java.base/java.lang.reflect.Method.invoke(Method.java:565) ~[na:na]
	at org.springframework.scheduling.support.ScheduledMethodRunnable.runInternal(ScheduledMethodRunnable.java:130) ~[spring-context-6.2.8.jar:6.2.8]
	at org.springframework.scheduling.support.ScheduledMethodRunnable.lambda$run$2(ScheduledMethodRunnable.java:124) ~[spring-context-6.2.8.jar:6.2.8]
	at io.micrometer.observation.Observation.observe(Observation.java:498) ~[micrometer-observation-1.15.1.jar:1.15.1]
	at org.springframework.scheduling.support.ScheduledMethodRunnable.run(ScheduledMethodRunnable.java:124) ~[spring-context-6.2.8.jar:6.2.8]
	at org.springframework.scheduling.config.Task$OutcomeTrackingRunnable.run(Task.java:85) ~[spring-context-6.2.8.jar:6.2.8]
	at org.springframework.scheduling.support.DelegatingErrorHandlingRunnable.run(DelegatingErrorHandlingRunnable.java:54) ~[spring-context-6.2.8.jar:6.2.8]
	at java.base/java.util.concurrent.Executors$RunnableAdapter.call(Executors.java:545) ~[na:na]
	at java.base/java.util.concurrent.FutureTask.runAndReset(FutureTask.java:371) ~[na:na]
	at java.base/java.util.concurrent.ScheduledThreadPoolExecutor$ScheduledFutureTask.run(ScheduledThreadPoolExecutor.java:310) ~[na:na]
	at java.base/java.util.concurrent.ThreadPoolExecutor.runWorker(ThreadPoolExecutor.java:1090) ~[na:na]
	at java.base/java.util.concurrent.ThreadPoolExecutor$Worker.run(ThreadPoolExecutor.java:614) ~[na:na]
	at java.base/java.lang.Thread.run(Thread.java:1516) ~[na:na]

2026-08-12T09:34:21.763+05:30  WARN 21780 --- [shiptrack-backend] [MessageBroker-7] com.shiptrack.service.GeocodingService   : Geoapify routing failed, trying OSRM fallback...
2026-08-12T09:34:23.405+05:30  INFO 21780 --- [shiptrack-backend] [MessageBroker-7] com.shiptrack.service.GeocodingService   : OSRM route found: 1896.0 km, 1325 min
2026-08-12T09:34:23.406+05:30  WARN 21780 --- [shiptrack-backend] [MessageBroker-7] com.shiptrack.service.EtaService         : Failed to recalculate ETA for shipment 31

org.springframework.dao.InvalidDataAccessApiUsageException: Executing an update/delete query
	at org.springframework.orm.jpa.EntityManagerFactoryUtils.convertJpaAccessExceptionIfPossible(EntityManagerFactoryUtils.java:400) ~[spring-orm-6.2.8.jar:6.2.8]
	at org.springframework.orm.jpa.vendor.HibernateJpaDialect.translateExceptionIfPossible(HibernateJpaDialect.java:246) ~[spring-orm-6.2.8.jar:6.2.8]
	at org.springframework.orm.jpa.AbstractEntityManagerFactoryBean.translateExceptionIfPossible(AbstractEntityManagerFactoryBean.java:560) ~[spring-orm-6.2.8.jar:6.2.8]
	at org.springframework.dao.support.ChainedPersistenceExceptionTranslator.translateExceptionIfPossible(ChainedPersistenceExceptionTranslator.java:61) ~[spring-tx-6.2.8.jar:6.2.8]
	at org.springframework.dao.support.DataAccessUtils.translateIfNecessary(DataAccessUtils.java:343) ~[spring-tx-6.2.8.jar:6.2.8]
	at org.springframework.dao.support.PersistenceExceptionTranslationInterceptor.invoke(PersistenceExceptionTranslationInterceptor.java:160) ~[spring-tx-6.2.8.jar:6.2.8]
	at org.springframework.aop.framework.ReflectiveMethodInvocation.proceed(ReflectiveMethodInvocation.java:184) ~[spring-aop-6.2.8.jar:6.2.8]
	at org.springframework.data.jpa.repository.support.CrudMethodMetadataPostProcessor$CrudMethodMetadataPopulatingMethodInterceptor.invoke(CrudMethodMetadataPostProcessor.java:136) ~[spring-data-jpa-3.5.1.jar:3.5.1]
	at org.springframework.aop.framework.ReflectiveMethodInvocation.proceed(ReflectiveMethodInvocation.java:184) ~[spring-aop-6.2.8.jar:6.2.8]
	at org.springframework.aop.framework.JdkDynamicAopProxy.invoke(JdkDynamicAopProxy.java:223) ~[spring-aop-6.2.8.jar:6.2.8]
	at jdk.proxy4/jdk.proxy4.$Proxy147.updateEtaFields(Unknown Source) ~[na:na]
	at com.shiptrack.service.EtaService.calculateEta(EtaService.java:103) ~[classes/:na]
	at com.shiptrack.service.EtaService.recalculateActiveEtas(EtaService.java:130) ~[classes/:na]
	at java.base/jdk.internal.reflect.DirectMethodHandleAccessor.invoke(DirectMethodHandleAccessor.java:104) ~[na:na]
	at java.base/java.lang.reflect.Method.invoke(Method.java:565) ~[na:na]
	at org.springframework.aop.support.AopUtils.invokeJoinpointUsingReflection(AopUtils.java:359) ~[spring-aop-6.2.8.jar:6.2.8]
	at org.springframework.aop.framework.CglibAopProxy$DynamicAdvisedInterceptor.intercept(CglibAopProxy.java:724) ~[spring-aop-6.2.8.jar:6.2.8]
	at com.shiptrack.service.EtaService$$SpringCGLIB$$0.recalculateActiveEtas(<generated>) ~[classes/:na]
	at java.base/jdk.internal.reflect.DirectMethodHandleAccessor.invoke(DirectMethodHandleAccessor.java:104) ~[na:na]
	at java.base/java.lang.reflect.Method.invoke(Method.java:565) ~[na:na]
	at org.springframework.scheduling.support.ScheduledMethodRunnable.runInternal(ScheduledMethodRunnable.java:130) ~[spring-context-6.2.8.jar:6.2.8]
	at org.springframework.scheduling.support.ScheduledMethodRunnable.lambda$run$2(ScheduledMethodRunnable.java:124) ~[spring-context-6.2.8.jar:6.2.8]
	at io.micrometer.observation.Observation.observe(Observation.java:498) ~[micrometer-observation-1.15.1.jar:1.15.1]
	at org.springframework.scheduling.support.ScheduledMethodRunnable.run(ScheduledMethodRunnable.java:124) ~[spring-context-6.2.8.jar:6.2.8]
	at org.springframework.scheduling.config.Task$OutcomeTrackingRunnable.run(Task.java:85) ~[spring-context-6.2.8.jar:6.2.8]
	at org.springframework.scheduling.support.DelegatingErrorHandlingRunnable.run(DelegatingErrorHandlingRunnable.java:54) ~[spring-context-6.2.8.jar:6.2.8]
	at java.base/java.util.concurrent.Executors$RunnableAdapter.call(Executors.java:545) ~[na:na]
	at java.base/java.util.concurrent.FutureTask.runAndReset(FutureTask.java:371) ~[na:na]
	at java.base/java.util.concurrent.ScheduledThreadPoolExecutor$ScheduledFutureTask.run(ScheduledThreadPoolExecutor.java:310) ~[na:na]
	at java.base/java.util.concurrent.ThreadPoolExecutor.runWorker(ThreadPoolExecutor.java:1090) ~[na:na]
	at java.base/java.util.concurrent.ThreadPoolExecutor$Worker.run(ThreadPoolExecutor.java:614) ~[na:na]
	at java.base/java.lang.Thread.run(Thread.java:1516) ~[na:na]
Caused by: jakarta.persistence.TransactionRequiredException: Executing an update/delete query
	at org.hibernate.internal.AbstractSharedSessionContract.checkTransactionNeededForUpdateOperation(AbstractSharedSessionContract.java:560) ~[hibernate-core-6.6.18.Final.jar:6.6.18.Final]
	at org.hibernate.query.sqm.internal.QuerySqmImpl.executeUpdate(QuerySqmImpl.java:489) ~[hibernate-core-6.6.18.Final.jar:6.6.18.Final]
	at java.base/jdk.internal.reflect.DirectMethodHandleAccessor.invoke(DirectMethodHandleAccessor.java:104) ~[na:na]
	at java.base/java.lang.reflect.Method.invoke(Method.java:565) ~[na:na]
	at org.springframework.orm.jpa.SharedEntityManagerCreator$DeferredQueryInvocationHandler.invoke(SharedEntityManagerCreator.java:419) ~[spring-orm-6.2.8.jar:6.2.8]
	at jdk.proxy4/jdk.proxy4.$Proxy169.executeUpdate(Unknown Source) ~[na:na]
	at org.springframework.data.jpa.repository.query.JpaQueryExecution$ModifyingExecution.doExecute(JpaQueryExecution.java:267) ~[spring-data-jpa-3.5.1.jar:3.5.1]
	at org.springframework.data.jpa.repository.query.JpaQueryExecution.execute(JpaQueryExecution.java:93) ~[spring-data-jpa-3.5.1.jar:3.5.1]
	at org.springframework.data.jpa.repository.query.AbstractJpaQuery.doExecute(AbstractJpaQuery.java:160) ~[spring-data-jpa-3.5.1.jar:3.5.1]
	at org.springframework.data.jpa.repository.query.AbstractJpaQuery.execute(AbstractJpaQuery.java:148) ~[spring-data-jpa-3.5.1.jar:3.5.1]
	at org.springframework.data.repository.core.support.RepositoryMethodInvoker.doInvoke(RepositoryMethodInvoker.java:170) ~[spring-data-commons-3.5.1.jar:3.5.1]
	at org.springframework.data.repository.core.support.RepositoryMethodInvoker.invoke(RepositoryMethodInvoker.java:158) ~[spring-data-commons-3.5.1.jar:3.5.1]
	at org.springframework.data.repository.core.support.QueryExecutorMethodInterceptor.doInvoke(QueryExecutorMethodInterceptor.java:170) ~[spring-data-commons-3.5.1.jar:3.5.1]
	at org.springframework.data.repository.core.support.QueryExecutorMethodInterceptor.invoke(QueryExecutorMethodInterceptor.java:149) ~[spring-data-commons-3.5.1.jar:3.5.1]
	at org.springframework.aop.framework.ReflectiveMethodInvocation.proceed(ReflectiveMethodInvocation.java:184) ~[spring-aop-6.2.8.jar:6.2.8]
	at org.springframework.data.projection.DefaultMethodInvokingMethodInterceptor.invoke(DefaultMethodInvokingMethodInterceptor.java:69) ~[spring-data-commons-3.5.1.jar:3.5.1]
	at org.springframework.aop.framework.ReflectiveMethodInvocation.proceed(ReflectiveMethodInvocation.java:184) ~[spring-aop-6.2.8.jar:6.2.8]
	at org.springframework.transaction.interceptor.TransactionAspectSupport.invokeWithinTransaction(TransactionAspectSupport.java:380) ~[spring-tx-6.2.8.jar:6.2.8]
	at org.springframework.transaction.interceptor.TransactionInterceptor.invoke(TransactionInterceptor.java:119) ~[spring-tx-6.2.8.jar:6.2.8]
	at org.springframework.aop.framework.ReflectiveMethodInvocation.proceed(ReflectiveMethodInvocation.java:184) ~[spring-aop-6.2.8.jar:6.2.8]
	at org.springframework.dao.support.PersistenceExceptionTranslationInterceptor.invoke(PersistenceExceptionTranslationInterceptor.java:138) ~[spring-tx-6.2.8.jar:6.2.8]
	... 26 common frames omitted

Hibernate: 
    select
        s1_0.id,
        s1_0.actual_delivery_time,
        s1_0.created_at,
        s1_0.created_by,
        s1_0.delivery_address,
        s1_0.destination_latitude,
        s1_0.destination_longitude,
        s1_0.estimated_delivery_time,
        s1_0.estimated_duration,
        s1_0.origin_latitude,
        s1_0.origin_longitude,
        s1_0.receiver_name,
        s1_0.route_polyline,
        s1_0.sender_address,
        s1_0.sender_name,
        s1_0.status,
        s1_0.total_distance,
        s1_0.tracking_number 
    from
        shipments s1_0 
    where
        s1_0.id=?
Hibernate: 
    select
        te1_0.id,
        te1_0.latitude,
        te1_0.longitude,
        te1_0.recorded_at,
        te1_0.shipment_id,
        te1_0.status 
    from
        tracking_events te1_0 
    left join
        shipments s1_0 
            on s1_0.id=te1_0.shipment_id 
    where
        s1_0.id=? 
    order by
        te1_0.recorded_at
Hibernate: 
    select
        rhp1_0.id,
        rhp1_0.latitude,
        rhp1_0.longitude,
        rhp1_0.progress,
        rhp1_0.recorded_at,
        rhp1_0.shipment_id,
        rhp1_0.speed 
    from
        route_history_points rhp1_0 
    left join
        shipments s1_0 
            on s1_0.id=rhp1_0.shipment_id 
    where
        s1_0.id=? 
    order by
        rhp1_0.recorded_at desc 
    fetch
        first ? rows only
2026-08-12T09:34:24.635+05:30 ERROR 21780 --- [shiptrack-backend] [MessageBroker-7] com.shiptrack.service.GeocodingService   : Geoapify routing failed

java.lang.ClassCastException: class java.util.ArrayList cannot be cast to class java.lang.Number (java.util.ArrayList and java.lang.Number are in module java.base of loader 'bootstrap')
	at com.shiptrack.service.GeocodingService.lambda$coordsToPolyline$0(GeocodingService.java:240) ~[classes/:na]
	at java.base/java.util.stream.ReferencePipeline$3$1.accept(ReferencePipeline.java:214) ~[na:na]
	at java.base/java.util.ArrayList$ArrayListSpliterator.forEachRemaining(ArrayList.java:1724) ~[na:na]
	at java.base/java.util.stream.AbstractPipeline.copyInto(AbstractPipeline.java:570) ~[na:na]
	at java.base/java.util.stream.AbstractPipeline.wrapAndCopyInto(AbstractPipeline.java:560) ~[na:na]
	at java.base/java.util.stream.AbstractPipeline.evaluate(AbstractPipeline.java:635) ~[na:na]
	at java.base/java.util.stream.AbstractPipeline.evaluateToArrayNode(AbstractPipeline.java:291) ~[na:na]
	at java.base/java.util.stream.ReferencePipeline.toArray(ReferencePipeline.java:652) ~[na:na]
	at java.base/java.util.stream.ReferencePipeline.toArray(ReferencePipeline.java:658) ~[na:na]
	at java.base/java.util.stream.ReferencePipeline.toList(ReferencePipeline.java:663) ~[na:na]
	at com.shiptrack.service.GeocodingService.coordsToPolyline(GeocodingService.java:243) ~[classes/:na]
	at com.shiptrack.service.GeocodingService.routeWithGeoapify(GeocodingService.java:179) ~[classes/:na]
	at com.shiptrack.service.GeocodingService.calculateRoute(GeocodingService.java:142) ~[classes/:na]
	at com.shiptrack.service.GeocodingService.calculateDuration(GeocodingService.java:247) ~[classes/:na]
	at com.shiptrack.service.EtaService.calculateEta(EtaService.java:95) ~[classes/:na]
	at com.shiptrack.service.EtaService.recalculateActiveEtas(EtaService.java:130) ~[classes/:na]
	at java.base/jdk.internal.reflect.DirectMethodHandleAccessor.invoke(DirectMethodHandleAccessor.java:104) ~[na:na]
	at java.base/java.lang.reflect.Method.invoke(Method.java:565) ~[na:na]
	at org.springframework.aop.support.AopUtils.invokeJoinpointUsingReflection(AopUtils.java:359) ~[spring-aop-6.2.8.jar:6.2.8]
	at org.springframework.aop.framework.CglibAopProxy$DynamicAdvisedInterceptor.intercept(CglibAopProxy.java:724) ~[spring-aop-6.2.8.jar:6.2.8]
	at com.shiptrack.service.EtaService$$SpringCGLIB$$0.recalculateActiveEtas(<generated>) ~[classes/:na]
	at java.base/jdk.internal.reflect.DirectMethodHandleAccessor.invoke(DirectMethodHandleAccessor.java:104) ~[na:na]
	at java.base/java.lang.reflect.Method.invoke(Method.java:565) ~[na:na]
	at org.springframework.scheduling.support.ScheduledMethodRunnable.runInternal(ScheduledMethodRunnable.java:130) ~[spring-context-6.2.8.jar:6.2.8]
	at org.springframework.scheduling.support.ScheduledMethodRunnable.lambda$run$2(ScheduledMethodRunnable.java:124) ~[spring-context-6.2.8.jar:6.2.8]
	at io.micrometer.observation.Observation.observe(Observation.java:498) ~[micrometer-observation-1.15.1.jar:1.15.1]
	at org.springframework.scheduling.support.ScheduledMethodRunnable.run(ScheduledMethodRunnable.java:124) ~[spring-context-6.2.8.jar:6.2.8]
	at org.springframework.scheduling.config.Task$OutcomeTrackingRunnable.run(Task.java:85) ~[spring-context-6.2.8.jar:6.2.8]
	at org.springframework.scheduling.support.DelegatingErrorHandlingRunnable.run(DelegatingErrorHandlingRunnable.java:54) ~[spring-context-6.2.8.jar:6.2.8]
	at java.base/java.util.concurrent.Executors$RunnableAdapter.call(Executors.java:545) ~[na:na]
	at java.base/java.util.concurrent.FutureTask.runAndReset(FutureTask.java:371) ~[na:na]
	at java.base/java.util.concurrent.ScheduledThreadPoolExecutor$ScheduledFutureTask.run(ScheduledThreadPoolExecutor.java:310) ~[na:na]
	at java.base/java.util.concurrent.ThreadPoolExecutor.runWorker(ThreadPoolExecutor.java:1090) ~[na:na]
	at java.base/java.util.concurrent.ThreadPoolExecutor$Worker.run(ThreadPoolExecutor.java:614) ~[na:na]
	at java.base/java.lang.Thread.run(Thread.java:1516) ~[na:na]

2026-08-12T09:34:24.636+05:30  WARN 21780 --- [shiptrack-backend] [MessageBroker-7] com.shiptrack.service.GeocodingService   : Geoapify routing failed, trying OSRM fallback...
2026-08-12T09:34:25.982+05:30  INFO 21780 --- [shiptrack-backend] [MessageBroker-7] com.shiptrack.service.GeocodingService   : OSRM route found: 542.2 km, 420 min
2026-08-12T09:34:25.983+05:30  WARN 21780 --- [shiptrack-backend] [MessageBroker-7] com.shiptrack.service.EtaService         : Failed to recalculate ETA for shipment 22

org.springframework.dao.InvalidDataAccessApiUsageException: Executing an update/delete query
	at org.springframework.orm.jpa.EntityManagerFactoryUtils.convertJpaAccessExceptionIfPossible(EntityManagerFactoryUtils.java:400) ~[spring-orm-6.2.8.jar:6.2.8]
	at org.springframework.orm.jpa.vendor.HibernateJpaDialect.translateExceptionIfPossible(HibernateJpaDialect.java:246) ~[spring-orm-6.2.8.jar:6.2.8]
	at org.springframework.orm.jpa.AbstractEntityManagerFactoryBean.translateExceptionIfPossible(AbstractEntityManagerFactoryBean.java:560) ~[spring-orm-6.2.8.jar:6.2.8]
	at org.springframework.dao.support.ChainedPersistenceExceptionTranslator.translateExceptionIfPossible(ChainedPersistenceExceptionTranslator.java:61) ~[spring-tx-6.2.8.jar:6.2.8]
	at org.springframework.dao.support.DataAccessUtils.translateIfNecessary(DataAccessUtils.java:343) ~[spring-tx-6.2.8.jar:6.2.8]
	at org.springframework.dao.support.PersistenceExceptionTranslationInterceptor.invoke(PersistenceExceptionTranslationInterceptor.java:160) ~[spring-tx-6.2.8.jar:6.2.8]
	at org.springframework.aop.framework.ReflectiveMethodInvocation.proceed(ReflectiveMethodInvocation.java:184) ~[spring-aop-6.2.8.jar:6.2.8]
	at org.springframework.data.jpa.repository.support.CrudMethodMetadataPostProcessor$CrudMethodMetadataPopulatingMethodInterceptor.invoke(CrudMethodMetadataPostProcessor.java:136) ~[spring-data-jpa-3.5.1.jar:3.5.1]
	at org.springframework.aop.framework.ReflectiveMethodInvocation.proceed(ReflectiveMethodInvocation.java:184) ~[spring-aop-6.2.8.jar:6.2.8]
	at org.springframework.aop.framework.JdkDynamicAopProxy.invoke(JdkDynamicAopProxy.java:223) ~[spring-aop-6.2.8.jar:6.2.8]
	at jdk.proxy4/jdk.proxy4.$Proxy147.updateEtaFields(Unknown Source) ~[na:na]
	at com.shiptrack.service.EtaService.calculateEta(EtaService.java:103) ~[classes/:na]
	at com.shiptrack.service.EtaService.recalculateActiveEtas(EtaService.java:130) ~[classes/:na]
	at java.base/jdk.internal.reflect.DirectMethodHandleAccessor.invoke(DirectMethodHandleAccessor.java:104) ~[na:na]
	at java.base/java.lang.reflect.Method.invoke(Method.java:565) ~[na:na]
	at org.springframework.aop.support.AopUtils.invokeJoinpointUsingReflection(AopUtils.java:359) ~[spring-aop-6.2.8.jar:6.2.8]
	at org.springframework.aop.framework.CglibAopProxy$DynamicAdvisedInterceptor.intercept(CglibAopProxy.java:724) ~[spring-aop-6.2.8.jar:6.2.8]
	at com.shiptrack.service.EtaService$$SpringCGLIB$$0.recalculateActiveEtas(<generated>) ~[classes/:na]
	at java.base/jdk.internal.reflect.DirectMethodHandleAccessor.invoke(DirectMethodHandleAccessor.java:104) ~[na:na]
	at java.base/java.lang.reflect.Method.invoke(Method.java:565) ~[na:na]
	at org.springframework.scheduling.support.ScheduledMethodRunnable.runInternal(ScheduledMethodRunnable.java:130) ~[spring-context-6.2.8.jar:6.2.8]
	at org.springframework.scheduling.support.ScheduledMethodRunnable.lambda$run$2(ScheduledMethodRunnable.java:124) ~[spring-context-6.2.8.jar:6.2.8]
	at io.micrometer.observation.Observation.observe(Observation.java:498) ~[micrometer-observation-1.15.1.jar:1.15.1]
	at org.springframework.scheduling.support.ScheduledMethodRunnable.run(ScheduledMethodRunnable.java:124) ~[spring-context-6.2.8.jar:6.2.8]
	at org.springframework.scheduling.config.Task$OutcomeTrackingRunnable.run(Task.java:85) ~[spring-context-6.2.8.jar:6.2.8]
	at org.springframework.scheduling.support.DelegatingErrorHandlingRunnable.run(DelegatingErrorHandlingRunnable.java:54) ~[spring-context-6.2.8.jar:6.2.8]
	at java.base/java.util.concurrent.Executors$RunnableAdapter.call(Executors.java:545) ~[na:na]
	at java.base/java.util.concurrent.FutureTask.runAndReset(FutureTask.java:371) ~[na:na]
	at java.base/java.util.concurrent.ScheduledThreadPoolExecutor$ScheduledFutureTask.run(ScheduledThreadPoolExecutor.java:310) ~[na:na]
	at java.base/java.util.concurrent.ThreadPoolExecutor.runWorker(ThreadPoolExecutor.java:1090) ~[na:na]
	at java.base/java.util.concurrent.ThreadPoolExecutor$Worker.run(ThreadPoolExecutor.java:614) ~[na:na]
	at java.base/java.lang.Thread.run(Thread.java:1516) ~[na:na]
Caused by: jakarta.persistence.TransactionRequiredException: Executing an update/delete query
	at org.hibernate.internal.AbstractSharedSessionContract.checkTransactionNeededForUpdateOperation(AbstractSharedSessionContract.java:560) ~[hibernate-core-6.6.18.Final.jar:6.6.18.Final]
	at org.hibernate.query.sqm.internal.QuerySqmImpl.executeUpdate(QuerySqmImpl.java:489) ~[hibernate-core-6.6.18.Final.jar:6.6.18.Final]
	at java.base/jdk.internal.reflect.DirectMethodHandleAccessor.invoke(DirectMethodHandleAccessor.java:104) ~[na:na]
	at java.base/java.lang.reflect.Method.invoke(Method.java:565) ~[na:na]
	at org.springframework.orm.jpa.SharedEntityManagerCreator$DeferredQueryInvocationHandler.invoke(SharedEntityManagerCreator.java:419) ~[spring-orm-6.2.8.jar:6.2.8]
	at jdk.proxy4/jdk.proxy4.$Proxy169.executeUpdate(Unknown Source) ~[na:na]
	at org.springframework.data.jpa.repository.query.JpaQueryExecution$ModifyingExecution.doExecute(JpaQueryExecution.java:267) ~[spring-data-jpa-3.5.1.jar:3.5.1]
	at org.springframework.data.jpa.repository.query.JpaQueryExecution.execute(JpaQueryExecution.java:93) ~[spring-data-jpa-3.5.1.jar:3.5.1]
	at org.springframework.data.jpa.repository.query.AbstractJpaQuery.doExecute(AbstractJpaQuery.java:160) ~[spring-data-jpa-3.5.1.jar:3.5.1]
	at org.springframework.data.jpa.repository.query.AbstractJpaQuery.execute(AbstractJpaQuery.java:148) ~[spring-data-jpa-3.5.1.jar:3.5.1]
	at org.springframework.data.repository.core.support.RepositoryMethodInvoker.doInvoke(RepositoryMethodInvoker.java:170) ~[spring-data-commons-3.5.1.jar:3.5.1]
	at org.springframework.data.repository.core.support.RepositoryMethodInvoker.invoke(RepositoryMethodInvoker.java:158) ~[spring-data-commons-3.5.1.jar:3.5.1]
	at org.springframework.data.repository.core.support.QueryExecutorMethodInterceptor.doInvoke(QueryExecutorMethodInterceptor.java:170) ~[spring-data-commons-3.5.1.jar:3.5.1]
	at org.springframework.data.repository.core.support.QueryExecutorMethodInterceptor.invoke(QueryExecutorMethodInterceptor.java:149) ~[spring-data-commons-3.5.1.jar:3.5.1]
	at org.springframework.aop.framework.ReflectiveMethodInvocation.proceed(ReflectiveMethodInvocation.java:184) ~[spring-aop-6.2.8.jar:6.2.8]
	at org.springframework.data.projection.DefaultMethodInvokingMethodInterceptor.invoke(DefaultMethodInvokingMethodInterceptor.java:69) ~[spring-data-commons-3.5.1.jar:3.5.1]
	at org.springframework.aop.framework.ReflectiveMethodInvocation.proceed(ReflectiveMethodInvocation.java:184) ~[spring-aop-6.2.8.jar:6.2.8]
	at org.springframework.transaction.interceptor.TransactionAspectSupport.invokeWithinTransaction(TransactionAspectSupport.java:380) ~[spring-tx-6.2.8.jar:6.2.8]
	at org.springframework.transaction.interceptor.TransactionInterceptor.invoke(TransactionInterceptor.java:119) ~[spring-tx-6.2.8.jar:6.2.8]
	at org.springframework.aop.framework.ReflectiveMethodInvocation.proceed(ReflectiveMethodInvocation.java:184) ~[spring-aop-6.2.8.jar:6.2.8]
	at org.springframework.dao.support.PersistenceExceptionTranslationInterceptor.invoke(PersistenceExceptionTranslationInterceptor.java:138) ~[spring-tx-6.2.8.jar:6.2.8]
	... 26 common frames omitted

Hibernate: 
    select
        s1_0.id,
        s1_0.actual_delivery_time,
        s1_0.created_at,
        s1_0.created_by,
        s1_0.delivery_address,
        s1_0.destination_latitude,
        s1_0.destination_longitude,
        s1_0.estimated_delivery_time,
        s1_0.estimated_duration,
        s1_0.origin_latitude,
        s1_0.origin_longitude,
        s1_0.receiver_name,
        s1_0.route_polyline,
        s1_0.sender_address,
        s1_0.sender_name,
        s1_0.status,
        s1_0.total_distance,
        s1_0.tracking_number 
    from
        shipments s1_0 
    where
        s1_0.status in (?, ?)
Hibernate: 
    select
        s1_0.id,
        s1_0.actual_delivery_time,
        s1_0.created_at,
        s1_0.created_by,
        s1_0.delivery_address,
        s1_0.destination_latitude,
        s1_0.destination_longitude,
        s1_0.estimated_delivery_time,
        s1_0.estimated_duration,
        s1_0.origin_latitude,
        s1_0.origin_longitude,
        s1_0.receiver_name,
        s1_0.route_polyline,
        s1_0.sender_address,
        s1_0.sender_name,
        s1_0.status,
        s1_0.total_distance,
        s1_0.tracking_number 
    from
        shipments s1_0 
    where
        s1_0.status in (?, ?)
Hibernate: 
    select
        s1_0.id,
        s1_0.actual_delivery_time,
        s1_0.created_at,
        s1_0.created_by,
        s1_0.delivery_address,
        s1_0.destination_latitude,
        s1_0.destination_longitude,
        s1_0.estimated_delivery_time,
        s1_0.estimated_duration,
        s1_0.origin_latitude,
        s1_0.origin_longitude,
        s1_0.receiver_name,
        s1_0.route_polyline,
        s1_0.sender_address,
        s1_0.sender_name,
        s1_0.status,
        s1_0.total_distance,
        s1_0.tracking_number 
    from
        shipments s1_0 
    where
        s1_0.status in (?, ?)
Hibernate: 
    select
        s1_0.id,
        s1_0.actual_delivery_time,
        s1_0.created_at,
        s1_0.created_by,
        s1_0.delivery_address,
        s1_0.destination_latitude,
        s1_0.destination_longitude,
        s1_0.estimated_delivery_time,
        s1_0.estimated_duration,
        s1_0.origin_latitude,
        s1_0.origin_longitude,
        s1_0.receiver_name,
        s1_0.route_polyline,
        s1_0.sender_address,
        s1_0.sender_name,
        s1_0.status,
        s1_0.total_distance,
        s1_0.tracking_number 
    from
        shipments s1_0 
    where
        s1_0.id=?
Hibernate: 
    select
        te1_0.id,
        te1_0.latitude,
        te1_0.longitude,
        te1_0.recorded_at,
        te1_0.shipment_id,
        te1_0.status 
    from
        tracking_events te1_0 
    left join
        shipments s1_0 
            on s1_0.id=te1_0.shipment_id 
    where
        s1_0.id=? 
    order by
        te1_0.recorded_at
Hibernate: 
    select
        rhp1_0.id,
        rhp1_0.latitude,
        rhp1_0.longitude,
        rhp1_0.progress,
        rhp1_0.recorded_at,
        rhp1_0.shipment_id,
        rhp1_0.speed 
    from
        route_history_points rhp1_0 
    left join
        shipments s1_0 
            on s1_0.id=rhp1_0.shipment_id 
    where
        s1_0.id=? 
    order by
        rhp1_0.recorded_at desc 
    fetch
        first ? rows only
Hibernate: 
    select
        dp1_0.id,
        dp1_0.delay_minutes,
        dp1_0.delay_reason,
        dp1_0.detected_at,
        dp1_0.is_active,
        dp1_0.probability,
        dp1_0.shipment_id 
    from
        delay_predictions dp1_0 
    where
        dp1_0.shipment_id=? 
        and dp1_0.is_active 
    order by
        dp1_0.detected_at desc 
    fetch
        first ? rows only
Hibernate: 
    select
        dp1_0.id,
        dp1_0.delay_minutes,
        dp1_0.delay_reason,
        dp1_0.detected_at,
        dp1_0.is_active,
        dp1_0.probability,
        dp1_0.shipment_id 
    from
        delay_predictions dp1_0 
    where
        dp1_0.shipment_id=? 
        and dp1_0.is_active
Hibernate: 
    select
        dp1_0.id,
        dp1_0.delay_minutes,
        dp1_0.delay_reason,
        dp1_0.detected_at,
        dp1_0.is_active,
        dp1_0.probability,
        dp1_0.shipment_id 
    from
        delay_predictions dp1_0 
    where
        dp1_0.id=?
Hibernate: 
    update
        delay_predictions 
    set
        delay_minutes=?,
        delay_reason=?,
        detected_at=?,
        is_active=?,
        probability=?,
        shipment_id=? 
    where
        id=?
2026-08-12T09:35:19.561+05:30  INFO 21780 --- [shiptrack-backend] [MessageBroker-5] c.s.service.DelayPredictionService       : Superseded 1 stale delay prediction(s) for shipment 31
Hibernate: 
    insert 
    into
        delay_predictions
        (delay_minutes, delay_reason, detected_at, is_active, probability, shipment_id) 
    values
        (?, ?, ?, ?, ?, ?)
2026-08-12T09:35:19.563+05:30  WARN 21780 --- [shiptrack-backend] [MessageBroker-5] c.shiptrack.service.LiveTrackingService  : Delay alert for shipment 31: No location update for 20966 minutes (120 min, 0.9% probability)
2026-08-12T09:35:19.563+05:30  WARN 21780 --- [shiptrack-backend] [MessageBroker-5] c.s.service.DelayPredictionService       : Delay detected for shipment 31: No location update for 20966 minutes (120 min)
Hibernate: 
    select
        s1_0.id,
        s1_0.actual_delivery_time,
        s1_0.created_at,
        s1_0.created_by,
        s1_0.delivery_address,
        s1_0.destination_latitude,
        s1_0.destination_longitude,
        s1_0.estimated_delivery_time,
        s1_0.estimated_duration,
        s1_0.origin_latitude,
        s1_0.origin_longitude,
        s1_0.receiver_name,
        s1_0.route_polyline,
        s1_0.sender_address,
        s1_0.sender_name,
        s1_0.status,
        s1_0.total_distance,
        s1_0.tracking_number 
    from
        shipments s1_0 
    where
        s1_0.id=?
Hibernate: 
    select
        te1_0.id,
        te1_0.latitude,
        te1_0.longitude,
        te1_0.recorded_at,
        te1_0.shipment_id,
        te1_0.status 
    from
        tracking_events te1_0 
    left join
        shipments s1_0 
            on s1_0.id=te1_0.shipment_id 
    where
        s1_0.id=? 
    order by
        te1_0.recorded_at
Hibernate: 
    select
        rhp1_0.id,
        rhp1_0.latitude,
        rhp1_0.longitude,
        rhp1_0.progress,
        rhp1_0.recorded_at,
        rhp1_0.shipment_id,
        rhp1_0.speed 
    from
        route_history_points rhp1_0 
    left join
        shipments s1_0 
            on s1_0.id=rhp1_0.shipment_id 
    where
        s1_0.id=? 
    order by
        rhp1_0.recorded_at desc 
    fetch
        first ? rows only
Hibernate: 
    select
        dp1_0.id,
        dp1_0.delay_minutes,
        dp1_0.delay_reason,
        dp1_0.detected_at,
        dp1_0.is_active,
        dp1_0.probability,
        dp1_0.shipment_id 
    from
        delay_predictions dp1_0 
    where
        dp1_0.shipment_id=? 
        and dp1_0.is_active 
    order by
        dp1_0.detected_at desc 
    fetch
        first ? rows only
Hibernate: 
    select
        dp1_0.id,
        dp1_0.delay_minutes,
        dp1_0.delay_reason,
        dp1_0.detected_at,
        dp1_0.is_active,
        dp1_0.probability,
        dp1_0.shipment_id 
    from
        delay_predictions dp1_0 
    where
        dp1_0.shipment_id=? 
        and dp1_0.is_active
Hibernate: 
    select
        dp1_0.id,
        dp1_0.delay_minutes,
        dp1_0.delay_reason,
        dp1_0.detected_at,
        dp1_0.is_active,
        dp1_0.probability,
        dp1_0.shipment_id 
    from
        delay_predictions dp1_0 
    where
        dp1_0.id=?
Hibernate: 
    update
        delay_predictions 
    set
        delay_minutes=?,
        delay_reason=?,
        detected_at=?,
        is_active=?,
        probability=?,
        shipment_id=? 
    where
        id=?
2026-08-12T09:35:19.576+05:30  INFO 21780 --- [shiptrack-backend] [MessageBroker-5] c.s.service.DelayPredictionService       : Superseded 1 stale delay prediction(s) for shipment 22
Hibernate: 
    insert 
    into
        delay_predictions
        (delay_minutes, delay_reason, detected_at, is_active, probability, shipment_id) 
    values
        (?, ?, ?, ?, ?, ?)
2026-08-12T09:35:19.581+05:30  WARN 21780 --- [shiptrack-backend] [MessageBroker-5] c.shiptrack.service.LiveTrackingService  : Delay alert for shipment 22: No location update for 19633 minutes (120 min, 0.9% probability)
2026-08-12T09:35:19.581+05:30  WARN 21780 --- [shiptrack-backend] [MessageBroker-5] c.s.service.DelayPredictionService       : Delay detected for shipment 22: No location update for 19633 minutes (120 min)
Hibernate: 
    select
        s1_0.id,
        s1_0.actual_delivery_time,
        s1_0.created_at,
        s1_0.created_by,
        s1_0.delivery_address,
        s1_0.destination_latitude,
        s1_0.destination_longitude,
        s1_0.estimated_delivery_time,
        s1_0.estimated_duration,
        s1_0.origin_latitude,
        s1_0.origin_longitude,
        s1_0.receiver_name,
        s1_0.route_polyline,
        s1_0.sender_address,
        s1_0.sender_name,
        s1_0.status,
        s1_0.total_distance,
        s1_0.tracking_number 
    from
        shipments s1_0 
    where
        s1_0.status in (?, ?)
Hibernate: 
    select
        s1_0.id,
        s1_0.actual_delivery_time,
        s1_0.created_at,
        s1_0.created_by,
        s1_0.delivery_address,
        s1_0.destination_latitude,
        s1_0.destination_longitude,
        s1_0.estimated_delivery_time,
        s1_0.estimated_duration,
        s1_0.origin_latitude,
        s1_0.origin_longitude,
        s1_0.receiver_name,
        s1_0.route_polyline,
        s1_0.sender_address,
        s1_0.sender_name,
        s1_0.status,
        s1_0.total_distance,
        s1_0.tracking_number 
    from
        shipments s1_0 
    where
        s1_0.status in (?, ?)
Hibernate: 
    select
        s1_0.id,
        s1_0.actual_delivery_time,
        s1_0.created_at,
        s1_0.created_by,
        s1_0.delivery_address,
        s1_0.destination_latitude,
        s1_0.destination_longitude,
        s1_0.estimated_delivery_time,
        s1_0.estimated_duration,
        s1_0.origin_latitude,
        s1_0.origin_longitude,
        s1_0.receiver_name,
        s1_0.route_polyline,
        s1_0.sender_address,
        s1_0.sender_name,
        s1_0.status,
        s1_0.total_distance,
        s1_0.tracking_number 
    from
        shipments s1_0 
    where
        s1_0.status in (?, ?)
Hibernate: 
    select
        s1_0.id,
        s1_0.actual_delivery_time,
        s1_0.created_at,
        s1_0.created_by,
        s1_0.delivery_address,
        s1_0.destination_latitude,
        s1_0.destination_longitude,
        s1_0.estimated_delivery_time,
        s1_0.estimated_duration,
        s1_0.origin_latitude,
        s1_0.origin_longitude,
        s1_0.receiver_name,
        s1_0.route_polyline,
        s1_0.sender_address,
        s1_0.sender_name,
        s1_0.status,
        s1_0.total_distance,
        s1_0.tracking_number 
    from
        shipments s1_0 
    where
        s1_0.status in (?, ?)
Hibernate: 
    select
        s1_0.id,
        s1_0.actual_delivery_time,
        s1_0.created_at,
        s1_0.created_by,
        s1_0.delivery_address,
        s1_0.destination_latitude,
        s1_0.destination_longitude,
        s1_0.estimated_delivery_time,
        s1_0.estimated_duration,
        s1_0.origin_latitude,
        s1_0.origin_longitude,
        s1_0.receiver_name,
        s1_0.route_polyline,
        s1_0.sender_address,
        s1_0.sender_name,
        s1_0.status,
        s1_0.total_distance,
        s1_0.tracking_number 
    from
        shipments s1_0 
    where
        s1_0.id=?
Hibernate: 
    select
        s1_0.id,
        s1_0.actual_delivery_time,
        s1_0.created_at,
        s1_0.created_by,
        s1_0.delivery_address,
        s1_0.destination_latitude,
        s1_0.destination_longitude,
        s1_0.estimated_delivery_time,
        s1_0.estimated_duration,
        s1_0.origin_latitude,
        s1_0.origin_longitude,
        s1_0.receiver_name,
        s1_0.route_polyline,
        s1_0.sender_address,
        s1_0.sender_name,
        s1_0.status,
        s1_0.total_distance,
        s1_0.tracking_number 
    from
        shipments s1_0 
    where
        s1_0.id=?
Hibernate: 
    select
        te1_0.id,
        te1_0.latitude,
        te1_0.longitude,
        te1_0.recorded_at,
        te1_0.shipment_id,
        te1_0.status 
    from
        tracking_events te1_0 
    left join
        shipments s1_0 
            on s1_0.id=te1_0.shipment_id 
    where
        s1_0.id=? 
    order by
        te1_0.recorded_at
Hibernate: 
    select
        te1_0.id,
        te1_0.latitude,
        te1_0.longitude,
        te1_0.recorded_at,
        te1_0.shipment_id,
        te1_0.status 
    from
        tracking_events te1_0 
    left join
        shipments s1_0 
            on s1_0.id=te1_0.shipment_id 
    where
        s1_0.id=? 
    order by
        te1_0.recorded_at
Hibernate: 
    select
        rhp1_0.id,
        rhp1_0.latitude,
        rhp1_0.longitude,
        rhp1_0.progress,
        rhp1_0.recorded_at,
        rhp1_0.shipment_id,
        rhp1_0.speed 
    from
        route_history_points rhp1_0 
    left join
        shipments s1_0 
            on s1_0.id=rhp1_0.shipment_id 
    where
        s1_0.id=? 
    order by
        rhp1_0.recorded_at desc 
    fetch
        first ? rows only
Hibernate: 
    select
        rhp1_0.id,
        rhp1_0.latitude,
        rhp1_0.longitude,
        rhp1_0.progress,
        rhp1_0.recorded_at,
        rhp1_0.shipment_id,
        rhp1_0.speed 
    from
        route_history_points rhp1_0 
    left join
        shipments s1_0 
            on s1_0.id=rhp1_0.shipment_id 
    where
        s1_0.id=? 
    order by
        rhp1_0.recorded_at desc 
    fetch
        first ? rows only
Hibernate: 
    select
        dp1_0.id,
        dp1_0.delay_minutes,
        dp1_0.delay_reason,
        dp1_0.detected_at,
        dp1_0.is_active,
        dp1_0.probability,
        dp1_0.shipment_id 
    from
        delay_predictions dp1_0 
    where
        dp1_0.shipment_id=? 
        and dp1_0.is_active 
    order by
        dp1_0.detected_at desc 
    fetch
        first ? rows only
Hibernate: 
    select
        dp1_0.id,
        dp1_0.delay_minutes,
        dp1_0.delay_reason,
        dp1_0.detected_at,
        dp1_0.is_active,
        dp1_0.probability,
        dp1_0.shipment_id 
    from
        delay_predictions dp1_0 
    where
        dp1_0.shipment_id=? 
        and dp1_0.is_active
Hibernate: 
    select
        dp1_0.id,
        dp1_0.delay_minutes,
        dp1_0.delay_reason,
        dp1_0.detected_at,
        dp1_0.is_active,
        dp1_0.probability,
        dp1_0.shipment_id 
    from
        delay_predictions dp1_0 
    where
        dp1_0.id=?
Hibernate: 
    update
        delay_predictions 
    set
        delay_minutes=?,
        delay_reason=?,
        detected_at=?,
        is_active=?,
        probability=?,
        shipment_id=? 
    where
        id=?
2026-08-12T09:36:19.554+05:30  INFO 21780 --- [shiptrack-backend] [MessageBroker-8] c.s.service.DelayPredictionService       : Superseded 1 stale delay prediction(s) for shipment 31
Hibernate: 
    insert 
    into
        delay_predictions
        (delay_minutes, delay_reason, detected_at, is_active, probability, shipment_id) 
    values
        (?, ?, ?, ?, ?, ?)
2026-08-12T09:36:19.557+05:30  WARN 21780 --- [shiptrack-backend] [MessageBroker-8] c.shiptrack.service.LiveTrackingService  : Delay alert for shipment 31: No location update for 20967 minutes (120 min, 0.9% probability)
2026-08-12T09:36:19.557+05:30  WARN 21780 --- [shiptrack-backend] [MessageBroker-8] c.s.service.DelayPredictionService       : Delay detected for shipment 31: No location update for 20967 minutes (120 min)
Hibernate: 
    select
        s1_0.id,
        s1_0.actual_delivery_time,
        s1_0.created_at,
        s1_0.created_by,
        s1_0.delivery_address,
        s1_0.destination_latitude,
        s1_0.destination_longitude,
        s1_0.estimated_delivery_time,
        s1_0.estimated_duration,
        s1_0.origin_latitude,
        s1_0.origin_longitude,
        s1_0.receiver_name,
        s1_0.route_polyline,
        s1_0.sender_address,
        s1_0.sender_name,
        s1_0.status,
        s1_0.total_distance,
        s1_0.tracking_number 
    from
        shipments s1_0 
    where
        s1_0.id=?
Hibernate: 
    select
        te1_0.id,
        te1_0.latitude,
        te1_0.longitude,
        te1_0.recorded_at,
        te1_0.shipment_id,
        te1_0.status 
    from
        tracking_events te1_0 
    left join
        shipments s1_0 
            on s1_0.id=te1_0.shipment_id 
    where
        s1_0.id=? 
    order by
        te1_0.recorded_at
Hibernate: 
    select
        rhp1_0.id,
        rhp1_0.latitude,
        rhp1_0.longitude,
        rhp1_0.progress,
        rhp1_0.recorded_at,
        rhp1_0.shipment_id,
        rhp1_0.speed 
    from
        route_history_points rhp1_0 
    left join
        shipments s1_0 
            on s1_0.id=rhp1_0.shipment_id 
    where
        s1_0.id=? 
    order by
        rhp1_0.recorded_at desc 
    fetch
        first ? rows only
Hibernate: 
    select
        dp1_0.id,
        dp1_0.delay_minutes,
        dp1_0.delay_reason,
        dp1_0.detected_at,
        dp1_0.is_active,
        dp1_0.probability,
        dp1_0.shipment_id 
    from
        delay_predictions dp1_0 
    where
        dp1_0.shipment_id=? 
        and dp1_0.is_active 
    order by
        dp1_0.detected_at desc 
    fetch
        first ? rows only
Hibernate: 
    select
        dp1_0.id,
        dp1_0.delay_minutes,
        dp1_0.delay_reason,
        dp1_0.detected_at,
        dp1_0.is_active,
        dp1_0.probability,
        dp1_0.shipment_id 
    from
        delay_predictions dp1_0 
    where
        dp1_0.shipment_id=? 
        and dp1_0.is_active
Hibernate: 
    select
        dp1_0.id,
        dp1_0.delay_minutes,
        dp1_0.delay_reason,
        dp1_0.detected_at,
        dp1_0.is_active,
        dp1_0.probability,
        dp1_0.shipment_id 
    from
        delay_predictions dp1_0 
    where
        dp1_0.id=?
Hibernate: 
    update
        delay_predictions 
    set
        delay_minutes=?,
        delay_reason=?,
        detected_at=?,
        is_active=?,
        probability=?,
        shipment_id=? 
    where
        id=?
2026-08-12T09:36:19.563+05:30  INFO 21780 --- [shiptrack-backend] [MessageBroker-8] c.s.service.DelayPredictionService       : Superseded 1 stale delay prediction(s) for shipment 22
Hibernate: 
    insert 
    into
        delay_predictions
        (delay_minutes, delay_reason, detected_at, is_active, probability, shipment_id) 
    values
        (?, ?, ?, ?, ?, ?)
2026-08-12T09:36:19.565+05:30  WARN 21780 --- [shiptrack-backend] [MessageBroker-8] c.shiptrack.service.LiveTrackingService  : Delay alert for shipment 22: No location update for 19634 minutes (120 min, 0.9% probability)
2026-08-12T09:36:19.565+05:30  WARN 21780 --- [shiptrack-backend] [MessageBroker-8] c.s.service.DelayPredictionService       : Delay detected for shipment 22: No location update for 19634 minutes (120 min)
2026-08-12T09:36:21.686+05:30 ERROR 21780 --- [shiptrack-backend] [MessageBroker-3] com.shiptrack.service.GeocodingService   : Geoapify routing failed

java.lang.ClassCastException: class java.util.ArrayList cannot be cast to class java.lang.Number (java.util.ArrayList and java.lang.Number are in module java.base of loader 'bootstrap')
	at com.shiptrack.service.GeocodingService.lambda$coordsToPolyline$0(GeocodingService.java:240) ~[classes/:na]
	at java.base/java.util.stream.ReferencePipeline$3$1.accept(ReferencePipeline.java:214) ~[na:na]
	at java.base/java.util.ArrayList$ArrayListSpliterator.forEachRemaining(ArrayList.java:1724) ~[na:na]
	at java.base/java.util.stream.AbstractPipeline.copyInto(AbstractPipeline.java:570) ~[na:na]
	at java.base/java.util.stream.AbstractPipeline.wrapAndCopyInto(AbstractPipeline.java:560) ~[na:na]
	at java.base/java.util.stream.AbstractPipeline.evaluate(AbstractPipeline.java:635) ~[na:na]
	at java.base/java.util.stream.AbstractPipeline.evaluateToArrayNode(AbstractPipeline.java:291) ~[na:na]
	at java.base/java.util.stream.ReferencePipeline.toArray(ReferencePipeline.java:652) ~[na:na]
	at java.base/java.util.stream.ReferencePipeline.toArray(ReferencePipeline.java:658) ~[na:na]
	at java.base/java.util.stream.ReferencePipeline.toList(ReferencePipeline.java:663) ~[na:na]
	at com.shiptrack.service.GeocodingService.coordsToPolyline(GeocodingService.java:243) ~[classes/:na]
	at com.shiptrack.service.GeocodingService.routeWithGeoapify(GeocodingService.java:179) ~[classes/:na]
	at com.shiptrack.service.GeocodingService.calculateRoute(GeocodingService.java:142) ~[classes/:na]
	at com.shiptrack.service.GeocodingService.calculateDuration(GeocodingService.java:247) ~[classes/:na]
	at com.shiptrack.service.EtaService.calculateEta(EtaService.java:95) ~[classes/:na]
	at com.shiptrack.service.EtaService.recalculateActiveEtas(EtaService.java:130) ~[classes/:na]
	at java.base/jdk.internal.reflect.DirectMethodHandleAccessor.invoke(DirectMethodHandleAccessor.java:104) ~[na:na]
	at java.base/java.lang.reflect.Method.invoke(Method.java:565) ~[na:na]
	at org.springframework.aop.support.AopUtils.invokeJoinpointUsingReflection(AopUtils.java:359) ~[spring-aop-6.2.8.jar:6.2.8]
	at org.springframework.aop.framework.CglibAopProxy$DynamicAdvisedInterceptor.intercept(CglibAopProxy.java:724) ~[spring-aop-6.2.8.jar:6.2.8]
	at com.shiptrack.service.EtaService$$SpringCGLIB$$0.recalculateActiveEtas(<generated>) ~[classes/:na]
	at java.base/jdk.internal.reflect.DirectMethodHandleAccessor.invoke(DirectMethodHandleAccessor.java:104) ~[na:na]
	at java.base/java.lang.reflect.Method.invoke(Method.java:565) ~[na:na]
	at org.springframework.scheduling.support.ScheduledMethodRunnable.runInternal(ScheduledMethodRunnable.java:130) ~[spring-context-6.2.8.jar:6.2.8]
	at org.springframework.scheduling.support.ScheduledMethodRunnable.lambda$run$2(ScheduledMethodRunnable.java:124) ~[spring-context-6.2.8.jar:6.2.8]
	at io.micrometer.observation.Observation.observe(Observation.java:498) ~[micrometer-observation-1.15.1.jar:1.15.1]
	at org.springframework.scheduling.support.ScheduledMethodRunnable.run(ScheduledMethodRunnable.java:124) ~[spring-context-6.2.8.jar:6.2.8]
	at org.springframework.scheduling.config.Task$OutcomeTrackingRunnable.run(Task.java:85) ~[spring-context-6.2.8.jar:6.2.8]
	at org.springframework.scheduling.support.DelegatingErrorHandlingRunnable.run(DelegatingErrorHandlingRunnable.java:54) ~[spring-context-6.2.8.jar:6.2.8]
	at java.base/java.util.concurrent.Executors$RunnableAdapter.call(Executors.java:545) ~[na:na]
	at java.base/java.util.concurrent.FutureTask.runAndReset(FutureTask.java:371) ~[na:na]
	at java.base/java.util.concurrent.ScheduledThreadPoolExecutor$ScheduledFutureTask.run(ScheduledThreadPoolExecutor.java:310) ~[na:na]
	at java.base/java.util.concurrent.ThreadPoolExecutor.runWorker(ThreadPoolExecutor.java:1090) ~[na:na]
	at java.base/java.util.concurrent.ThreadPoolExecutor$Worker.run(ThreadPoolExecutor.java:614) ~[na:na]
	at java.base/java.lang.Thread.run(Thread.java:1516) ~[na:na]

2026-08-12T09:36:21.686+05:30  WARN 21780 --- [shiptrack-backend] [MessageBroker-3] com.shiptrack.service.GeocodingService   : Geoapify routing failed, trying OSRM fallback...
2026-08-12T09:36:24.111+05:30  INFO 21780 --- [shiptrack-backend] [MessageBroker-3] com.shiptrack.service.GeocodingService   : OSRM route found: 1896.0 km, 1325 min
2026-08-12T09:36:24.112+05:30  WARN 21780 --- [shiptrack-backend] [MessageBroker-3] com.shiptrack.service.EtaService         : Failed to recalculate ETA for shipment 31

org.springframework.dao.InvalidDataAccessApiUsageException: Executing an update/delete query
	at org.springframework.orm.jpa.EntityManagerFactoryUtils.convertJpaAccessExceptionIfPossible(EntityManagerFactoryUtils.java:400) ~[spring-orm-6.2.8.jar:6.2.8]
	at org.springframework.orm.jpa.vendor.HibernateJpaDialect.translateExceptionIfPossible(HibernateJpaDialect.java:246) ~[spring-orm-6.2.8.jar:6.2.8]
	at org.springframework.orm.jpa.AbstractEntityManagerFactoryBean.translateExceptionIfPossible(AbstractEntityManagerFactoryBean.java:560) ~[spring-orm-6.2.8.jar:6.2.8]
	at org.springframework.dao.support.ChainedPersistenceExceptionTranslator.translateExceptionIfPossible(ChainedPersistenceExceptionTranslator.java:61) ~[spring-tx-6.2.8.jar:6.2.8]
	at org.springframework.dao.support.DataAccessUtils.translateIfNecessary(DataAccessUtils.java:343) ~[spring-tx-6.2.8.jar:6.2.8]
	at org.springframework.dao.support.PersistenceExceptionTranslationInterceptor.invoke(PersistenceExceptionTranslationInterceptor.java:160) ~[spring-tx-6.2.8.jar:6.2.8]
	at org.springframework.aop.framework.ReflectiveMethodInvocation.proceed(ReflectiveMethodInvocation.java:184) ~[spring-aop-6.2.8.jar:6.2.8]
	at org.springframework.data.jpa.repository.support.CrudMethodMetadataPostProcessor$CrudMethodMetadataPopulatingMethodInterceptor.invoke(CrudMethodMetadataPostProcessor.java:136) ~[spring-data-jpa-3.5.1.jar:3.5.1]
	at org.springframework.aop.framework.ReflectiveMethodInvocation.proceed(ReflectiveMethodInvocation.java:184) ~[spring-aop-6.2.8.jar:6.2.8]
	at org.springframework.aop.framework.JdkDynamicAopProxy.invoke(JdkDynamicAopProxy.java:223) ~[spring-aop-6.2.8.jar:6.2.8]
	at jdk.proxy4/jdk.proxy4.$Proxy147.updateEtaFields(Unknown Source) ~[na:na]
	at com.shiptrack.service.EtaService.calculateEta(EtaService.java:103) ~[classes/:na]
	at com.shiptrack.service.EtaService.recalculateActiveEtas(EtaService.java:130) ~[classes/:na]
	at java.base/jdk.internal.reflect.DirectMethodHandleAccessor.invoke(DirectMethodHandleAccessor.java:104) ~[na:na]
	at java.base/java.lang.reflect.Method.invoke(Method.java:565) ~[na:na]
	at org.springframework.aop.support.AopUtils.invokeJoinpointUsingReflection(AopUtils.java:359) ~[spring-aop-6.2.8.jar:6.2.8]
	at org.springframework.aop.framework.CglibAopProxy$DynamicAdvisedInterceptor.intercept(CglibAopProxy.java:724) ~[spring-aop-6.2.8.jar:6.2.8]
	at com.shiptrack.service.EtaService$$SpringCGLIB$$0.recalculateActiveEtas(<generated>) ~[classes/:na]
	at java.base/jdk.internal.reflect.DirectMethodHandleAccessor.invoke(DirectMethodHandleAccessor.java:104) ~[na:na]
	at java.base/java.lang.reflect.Method.invoke(Method.java:565) ~[na:na]
	at org.springframework.scheduling.support.ScheduledMethodRunnable.runInternal(ScheduledMethodRunnable.java:130) ~[spring-context-6.2.8.jar:6.2.8]
	at org.springframework.scheduling.support.ScheduledMethodRunnable.lambda$run$2(ScheduledMethodRunnable.java:124) ~[spring-context-6.2.8.jar:6.2.8]
	at io.micrometer.observation.Observation.observe(Observation.java:498) ~[micrometer-observation-1.15.1.jar:1.15.1]
	at org.springframework.scheduling.support.ScheduledMethodRunnable.run(ScheduledMethodRunnable.java:124) ~[spring-context-6.2.8.jar:6.2.8]
	at org.springframework.scheduling.config.Task$OutcomeTrackingRunnable.run(Task.java:85) ~[spring-context-6.2.8.jar:6.2.8]
	at org.springframework.scheduling.support.DelegatingErrorHandlingRunnable.run(DelegatingErrorHandlingRunnable.java:54) ~[spring-context-6.2.8.jar:6.2.8]
	at java.base/java.util.concurrent.Executors$RunnableAdapter.call(Executors.java:545) ~[na:na]
	at java.base/java.util.concurrent.FutureTask.runAndReset(FutureTask.java:371) ~[na:na]
	at java.base/java.util.concurrent.ScheduledThreadPoolExecutor$ScheduledFutureTask.run(ScheduledThreadPoolExecutor.java:310) ~[na:na]
	at java.base/java.util.concurrent.ThreadPoolExecutor.runWorker(ThreadPoolExecutor.java:1090) ~[na:na]
	at java.base/java.util.concurrent.ThreadPoolExecutor$Worker.run(ThreadPoolExecutor.java:614) ~[na:na]
	at java.base/java.lang.Thread.run(Thread.java:1516) ~[na:na]
Caused by: jakarta.persistence.TransactionRequiredException: Executing an update/delete query
	at org.hibernate.internal.AbstractSharedSessionContract.checkTransactionNeededForUpdateOperation(AbstractSharedSessionContract.java:560) ~[hibernate-core-6.6.18.Final.jar:6.6.18.Final]
	at org.hibernate.query.sqm.internal.QuerySqmImpl.executeUpdate(QuerySqmImpl.java:489) ~[hibernate-core-6.6.18.Final.jar:6.6.18.Final]
	at java.base/jdk.internal.reflect.DirectMethodHandleAccessor.invoke(DirectMethodHandleAccessor.java:104) ~[na:na]
	at java.base/java.lang.reflect.Method.invoke(Method.java:565) ~[na:na]
	at org.springframework.orm.jpa.SharedEntityManagerCreator$DeferredQueryInvocationHandler.invoke(SharedEntityManagerCreator.java:419) ~[spring-orm-6.2.8.jar:6.2.8]
	at jdk.proxy4/jdk.proxy4.$Proxy169.executeUpdate(Unknown Source) ~[na:na]
	at org.springframework.data.jpa.repository.query.JpaQueryExecution$ModifyingExecution.doExecute(JpaQueryExecution.java:267) ~[spring-data-jpa-3.5.1.jar:3.5.1]
	at org.springframework.data.jpa.repository.query.JpaQueryExecution.execute(JpaQueryExecution.java:93) ~[spring-data-jpa-3.5.1.jar:3.5.1]
	at org.springframework.data.jpa.repository.query.AbstractJpaQuery.doExecute(AbstractJpaQuery.java:160) ~[spring-data-jpa-3.5.1.jar:3.5.1]
	at org.springframework.data.jpa.repository.query.AbstractJpaQuery.execute(AbstractJpaQuery.java:148) ~[spring-data-jpa-3.5.1.jar:3.5.1]
	at org.springframework.data.repository.core.support.RepositoryMethodInvoker.doInvoke(RepositoryMethodInvoker.java:170) ~[spring-data-commons-3.5.1.jar:3.5.1]
	at org.springframework.data.repository.core.support.RepositoryMethodInvoker.invoke(RepositoryMethodInvoker.java:158) ~[spring-data-commons-3.5.1.jar:3.5.1]
	at org.springframework.data.repository.core.support.QueryExecutorMethodInterceptor.doInvoke(QueryExecutorMethodInterceptor.java:170) ~[spring-data-commons-3.5.1.jar:3.5.1]
	at org.springframework.data.repository.core.support.QueryExecutorMethodInterceptor.invoke(QueryExecutorMethodInterceptor.java:149) ~[spring-data-commons-3.5.1.jar:3.5.1]
	at org.springframework.aop.framework.ReflectiveMethodInvocation.proceed(ReflectiveMethodInvocation.java:184) ~[spring-aop-6.2.8.jar:6.2.8]
	at org.springframework.data.projection.DefaultMethodInvokingMethodInterceptor.invoke(DefaultMethodInvokingMethodInterceptor.java:69) ~[spring-data-commons-3.5.1.jar:3.5.1]
	at org.springframework.aop.framework.ReflectiveMethodInvocation.proceed(ReflectiveMethodInvocation.java:184) ~[spring-aop-6.2.8.jar:6.2.8]
	at org.springframework.transaction.interceptor.TransactionAspectSupport.invokeWithinTransaction(TransactionAspectSupport.java:380) ~[spring-tx-6.2.8.jar:6.2.8]
	at org.springframework.transaction.interceptor.TransactionInterceptor.invoke(TransactionInterceptor.java:119) ~[spring-tx-6.2.8.jar:6.2.8]
	at org.springframework.aop.framework.ReflectiveMethodInvocation.proceed(ReflectiveMethodInvocation.java:184) ~[spring-aop-6.2.8.jar:6.2.8]
	at org.springframework.dao.support.PersistenceExceptionTranslationInterceptor.invoke(PersistenceExceptionTranslationInterceptor.java:138) ~[spring-tx-6.2.8.jar:6.2.8]
	... 26 common frames omitted

Hibernate: 
    select
        s1_0.id,
        s1_0.actual_delivery_time,
        s1_0.created_at,
        s1_0.created_by,
        s1_0.delivery_address,
        s1_0.destination_latitude,
        s1_0.destination_longitude,
        s1_0.estimated_delivery_time,
        s1_0.estimated_duration,
        s1_0.origin_latitude,
        s1_0.origin_longitude,
        s1_0.receiver_name,
        s1_0.route_polyline,
        s1_0.sender_address,
        s1_0.sender_name,
        s1_0.status,
        s1_0.total_distance,
        s1_0.tracking_number 
    from
        shipments s1_0 
    where
        s1_0.id=?
Hibernate: 
    select
        te1_0.id,
        te1_0.latitude,
        te1_0.longitude,
        te1_0.recorded_at,
        te1_0.shipment_id,
        te1_0.status 
    from
        tracking_events te1_0 
    left join
        shipments s1_0 
            on s1_0.id=te1_0.shipment_id 
    where
        s1_0.id=? 
    order by
        te1_0.recorded_at
Hibernate: 
    select
        rhp1_0.id,
        rhp1_0.latitude,
        rhp1_0.longitude,
        rhp1_0.progress,
        rhp1_0.recorded_at,
        rhp1_0.shipment_id,
        rhp1_0.speed 
    from
        route_history_points rhp1_0 
    left join
        shipments s1_0 
            on s1_0.id=rhp1_0.shipment_id 
    where
        s1_0.id=? 
    order by
        rhp1_0.recorded_at desc 
    fetch
        first ? rows only
2026-08-12T09:36:25.344+05:30 ERROR 21780 --- [shiptrack-backend] [MessageBroker-3] com.shiptrack.service.GeocodingService   : Geoapify routing failed

java.lang.ClassCastException: class java.util.ArrayList cannot be cast to class java.lang.Number (java.util.ArrayList and java.lang.Number are in module java.base of loader 'bootstrap')
	at com.shiptrack.service.GeocodingService.lambda$coordsToPolyline$0(GeocodingService.java:240) ~[classes/:na]
	at java.base/java.util.stream.ReferencePipeline$3$1.accept(ReferencePipeline.java:214) ~[na:na]
	at java.base/java.util.ArrayList$ArrayListSpliterator.forEachRemaining(ArrayList.java:1724) ~[na:na]
	at java.base/java.util.stream.AbstractPipeline.copyInto(AbstractPipeline.java:570) ~[na:na]
	at java.base/java.util.stream.AbstractPipeline.wrapAndCopyInto(AbstractPipeline.java:560) ~[na:na]
	at java.base/java.util.stream.AbstractPipeline.evaluate(AbstractPipeline.java:635) ~[na:na]
	at java.base/java.util.stream.AbstractPipeline.evaluateToArrayNode(AbstractPipeline.java:291) ~[na:na]
	at java.base/java.util.stream.ReferencePipeline.toArray(ReferencePipeline.java:652) ~[na:na]
	at java.base/java.util.stream.ReferencePipeline.toArray(ReferencePipeline.java:658) ~[na:na]
	at java.base/java.util.stream.ReferencePipeline.toList(ReferencePipeline.java:663) ~[na:na]
	at com.shiptrack.service.GeocodingService.coordsToPolyline(GeocodingService.java:243) ~[classes/:na]
	at com.shiptrack.service.GeocodingService.routeWithGeoapify(GeocodingService.java:179) ~[classes/:na]
	at com.shiptrack.service.GeocodingService.calculateRoute(GeocodingService.java:142) ~[classes/:na]
	at com.shiptrack.service.GeocodingService.calculateDuration(GeocodingService.java:247) ~[classes/:na]
	at com.shiptrack.service.EtaService.calculateEta(EtaService.java:95) ~[classes/:na]
	at com.shiptrack.service.EtaService.recalculateActiveEtas(EtaService.java:130) ~[classes/:na]
	at java.base/jdk.internal.reflect.DirectMethodHandleAccessor.invoke(DirectMethodHandleAccessor.java:104) ~[na:na]
	at java.base/java.lang.reflect.Method.invoke(Method.java:565) ~[na:na]
	at org.springframework.aop.support.AopUtils.invokeJoinpointUsingReflection(AopUtils.java:359) ~[spring-aop-6.2.8.jar:6.2.8]
	at org.springframework.aop.framework.CglibAopProxy$DynamicAdvisedInterceptor.intercept(CglibAopProxy.java:724) ~[spring-aop-6.2.8.jar:6.2.8]
	at com.shiptrack.service.EtaService$$SpringCGLIB$$0.recalculateActiveEtas(<generated>) ~[classes/:na]
	at java.base/jdk.internal.reflect.DirectMethodHandleAccessor.invoke(DirectMethodHandleAccessor.java:104) ~[na:na]
	at java.base/java.lang.reflect.Method.invoke(Method.java:565) ~[na:na]
	at org.springframework.scheduling.support.ScheduledMethodRunnable.runInternal(ScheduledMethodRunnable.java:130) ~[spring-context-6.2.8.jar:6.2.8]
	at org.springframework.scheduling.support.ScheduledMethodRunnable.lambda$run$2(ScheduledMethodRunnable.java:124) ~[spring-context-6.2.8.jar:6.2.8]
	at io.micrometer.observation.Observation.observe(Observation.java:498) ~[micrometer-observation-1.15.1.jar:1.15.1]
	at org.springframework.scheduling.support.ScheduledMethodRunnable.run(ScheduledMethodRunnable.java:124) ~[spring-context-6.2.8.jar:6.2.8]
	at org.springframework.scheduling.config.Task$OutcomeTrackingRunnable.run(Task.java:85) ~[spring-context-6.2.8.jar:6.2.8]
	at org.springframework.scheduling.support.DelegatingErrorHandlingRunnable.run(DelegatingErrorHandlingRunnable.java:54) ~[spring-context-6.2.8.jar:6.2.8]
	at java.base/java.util.concurrent.Executors$RunnableAdapter.call(Executors.java:545) ~[na:na]
	at java.base/java.util.concurrent.FutureTask.runAndReset(FutureTask.java:371) ~[na:na]
	at java.base/java.util.concurrent.ScheduledThreadPoolExecutor$ScheduledFutureTask.run(ScheduledThreadPoolExecutor.java:310) ~[na:na]
	at java.base/java.util.concurrent.ThreadPoolExecutor.runWorker(ThreadPoolExecutor.java:1090) ~[na:na]
	at java.base/java.util.concurrent.ThreadPoolExecutor$Worker.run(ThreadPoolExecutor.java:614) ~[na:na]
	at java.base/java.lang.Thread.run(Thread.java:1516) ~[na:na]

2026-08-12T09:36:25.344+05:30  WARN 21780 --- [shiptrack-backend] [MessageBroker-3] com.shiptrack.service.GeocodingService   : Geoapify routing failed, trying OSRM fallback...
2026-08-12T09:36:26.552+05:30  INFO 21780 --- [shiptrack-backend] [MessageBroker-3] com.shiptrack.service.GeocodingService   : OSRM route found: 542.2 km, 420 min
2026-08-12T09:36:26.553+05:30  WARN 21780 --- [shiptrack-backend] [MessageBroker-3] com.shiptrack.service.EtaService         : Failed to recalculate ETA for shipment 22

org.springframework.dao.InvalidDataAccessApiUsageException: Executing an update/delete query
	at org.springframework.orm.jpa.EntityManagerFactoryUtils.convertJpaAccessExceptionIfPossible(EntityManagerFactoryUtils.java:400) ~[spring-orm-6.2.8.jar:6.2.8]
	at org.springframework.orm.jpa.vendor.HibernateJpaDialect.translateExceptionIfPossible(HibernateJpaDialect.java:246) ~[spring-orm-6.2.8.jar:6.2.8]
	at org.springframework.orm.jpa.AbstractEntityManagerFactoryBean.translateExceptionIfPossible(AbstractEntityManagerFactoryBean.java:560) ~[spring-orm-6.2.8.jar:6.2.8]
	at org.springframework.dao.support.ChainedPersistenceExceptionTranslator.translateExceptionIfPossible(ChainedPersistenceExceptionTranslator.java:61) ~[spring-tx-6.2.8.jar:6.2.8]
	at org.springframework.dao.support.DataAccessUtils.translateIfNecessary(DataAccessUtils.java:343) ~[spring-tx-6.2.8.jar:6.2.8]
	at org.springframework.dao.support.PersistenceExceptionTranslationInterceptor.invoke(PersistenceExceptionTranslationInterceptor.java:160) ~[spring-tx-6.2.8.jar:6.2.8]
	at org.springframework.aop.framework.ReflectiveMethodInvocation.proceed(ReflectiveMethodInvocation.java:184) ~[spring-aop-6.2.8.jar:6.2.8]
	at org.springframework.data.jpa.repository.support.CrudMethodMetadataPostProcessor$CrudMethodMetadataPopulatingMethodInterceptor.invoke(CrudMethodMetadataPostProcessor.java:136) ~[spring-data-jpa-3.5.1.jar:3.5.1]
	at org.springframework.aop.framework.ReflectiveMethodInvocation.proceed(ReflectiveMethodInvocation.java:184) ~[spring-aop-6.2.8.jar:6.2.8]
	at org.springframework.aop.framework.JdkDynamicAopProxy.invoke(JdkDynamicAopProxy.java:223) ~[spring-aop-6.2.8.jar:6.2.8]
	at jdk.proxy4/jdk.proxy4.$Proxy147.updateEtaFields(Unknown Source) ~[na:na]
	at com.shiptrack.service.EtaService.calculateEta(EtaService.java:103) ~[classes/:na]
	at com.shiptrack.service.EtaService.recalculateActiveEtas(EtaService.java:130) ~[classes/:na]
	at java.base/jdk.internal.reflect.DirectMethodHandleAccessor.invoke(DirectMethodHandleAccessor.java:104) ~[na:na]
	at java.base/java.lang.reflect.Method.invoke(Method.java:565) ~[na:na]
	at org.springframework.aop.support.AopUtils.invokeJoinpointUsingReflection(AopUtils.java:359) ~[spring-aop-6.2.8.jar:6.2.8]
	at org.springframework.aop.framework.CglibAopProxy$DynamicAdvisedInterceptor.intercept(CglibAopProxy.java:724) ~[spring-aop-6.2.8.jar:6.2.8]
	at com.shiptrack.service.EtaService$$SpringCGLIB$$0.recalculateActiveEtas(<generated>) ~[classes/:na]
	at java.base/jdk.internal.reflect.DirectMethodHandleAccessor.invoke(DirectMethodHandleAccessor.java:104) ~[na:na]
	at java.base/java.lang.reflect.Method.invoke(Method.java:565) ~[na:na]
	at org.springframework.scheduling.support.ScheduledMethodRunnable.runInternal(ScheduledMethodRunnable.java:130) ~[spring-context-6.2.8.jar:6.2.8]
	at org.springframework.scheduling.support.ScheduledMethodRunnable.lambda$run$2(ScheduledMethodRunnable.java:124) ~[spring-context-6.2.8.jar:6.2.8]
	at io.micrometer.observation.Observation.observe(Observation.java:498) ~[micrometer-observation-1.15.1.jar:1.15.1]
	at org.springframework.scheduling.support.ScheduledMethodRunnable.run(ScheduledMethodRunnable.java:124) ~[spring-context-6.2.8.jar:6.2.8]
	at org.springframework.scheduling.config.Task$OutcomeTrackingRunnable.run(Task.java:85) ~[spring-context-6.2.8.jar:6.2.8]
	at org.springframework.scheduling.support.DelegatingErrorHandlingRunnable.run(DelegatingErrorHandlingRunnable.java:54) ~[spring-context-6.2.8.jar:6.2.8]
	at java.base/java.util.concurrent.Executors$RunnableAdapter.call(Executors.java:545) ~[na:na]
	at java.base/java.util.concurrent.FutureTask.runAndReset(FutureTask.java:371) ~[na:na]
	at java.base/java.util.concurrent.ScheduledThreadPoolExecutor$ScheduledFutureTask.run(ScheduledThreadPoolExecutor.java:310) ~[na:na]
	at java.base/java.util.concurrent.ThreadPoolExecutor.runWorker(ThreadPoolExecutor.java:1090) ~[na:na]
	at java.base/java.util.concurrent.ThreadPoolExecutor$Worker.run(ThreadPoolExecutor.java:614) ~[na:na]
	at java.base/java.lang.Thread.run(Thread.java:1516) ~[na:na]
Caused by: jakarta.persistence.TransactionRequiredException: Executing an update/delete query
	at org.hibernate.internal.AbstractSharedSessionContract.checkTransactionNeededForUpdateOperation(AbstractSharedSessionContract.java:560) ~[hibernate-core-6.6.18.Final.jar:6.6.18.Final]
	at org.hibernate.query.sqm.internal.QuerySqmImpl.executeUpdate(QuerySqmImpl.java:489) ~[hibernate-core-6.6.18.Final.jar:6.6.18.Final]
	at java.base/jdk.internal.reflect.DirectMethodHandleAccessor.invoke(DirectMethodHandleAccessor.java:104) ~[na:na]
	at java.base/java.lang.reflect.Method.invoke(Method.java:565) ~[na:na]
	at org.springframework.orm.jpa.SharedEntityManagerCreator$DeferredQueryInvocationHandler.invoke(SharedEntityManagerCreator.java:419) ~[spring-orm-6.2.8.jar:6.2.8]
	at jdk.proxy4/jdk.proxy4.$Proxy169.executeUpdate(Unknown Source) ~[na:na]
	at org.springframework.data.jpa.repository.query.JpaQueryExecution$ModifyingExecution.doExecute(JpaQueryExecution.java:267) ~[spring-data-jpa-3.5.1.jar:3.5.1]
	at org.springframework.data.jpa.repository.query.JpaQueryExecution.execute(JpaQueryExecution.java:93) ~[spring-data-jpa-3.5.1.jar:3.5.1]
	at org.springframework.data.jpa.repository.query.AbstractJpaQuery.doExecute(AbstractJpaQuery.java:160) ~[spring-data-jpa-3.5.1.jar:3.5.1]
	at org.springframework.data.jpa.repository.query.AbstractJpaQuery.execute(AbstractJpaQuery.java:148) ~[spring-data-jpa-3.5.1.jar:3.5.1]
	at org.springframework.data.repository.core.support.RepositoryMethodInvoker.doInvoke(RepositoryMethodInvoker.java:170) ~[spring-data-commons-3.5.1.jar:3.5.1]
	at org.springframework.data.repository.core.support.RepositoryMethodInvoker.invoke(RepositoryMethodInvoker.java:158) ~[spring-data-commons-3.5.1.jar:3.5.1]
	at org.springframework.data.repository.core.support.QueryExecutorMethodInterceptor.doInvoke(QueryExecutorMethodInterceptor.java:170) ~[spring-data-commons-3.5.1.jar:3.5.1]
	at org.springframework.data.repository.core.support.QueryExecutorMethodInterceptor.invoke(QueryExecutorMethodInterceptor.java:149) ~[spring-data-commons-3.5.1.jar:3.5.1]
	at org.springframework.aop.framework.ReflectiveMethodInvocation.proceed(ReflectiveMethodInvocation.java:184) ~[spring-aop-6.2.8.jar:6.2.8]
	at org.springframework.data.projection.DefaultMethodInvokingMethodInterceptor.invoke(DefaultMethodInvokingMethodInterceptor.java:69) ~[spring-data-commons-3.5.1.jar:3.5.1]
	at org.springframework.aop.framework.ReflectiveMethodInvocation.proceed(ReflectiveMethodInvocation.java:184) ~[spring-aop-6.2.8.jar:6.2.8]
	at org.springframework.transaction.interceptor.TransactionAspectSupport.invokeWithinTransaction(TransactionAspectSupport.java:380) ~[spring-tx-6.2.8.jar:6.2.8]
	at org.springframework.transaction.interceptor.TransactionInterceptor.invoke(TransactionInterceptor.java:119) ~[spring-tx-6.2.8.jar:6.2.8]
	at org.springframework.aop.framework.ReflectiveMethodInvocation.proceed(ReflectiveMethodInvocation.java:184) ~[spring-aop-6.2.8.jar:6.2.8]
	at org.springframework.dao.support.PersistenceExceptionTranslationInterceptor.invoke(PersistenceExceptionTranslationInterceptor.java:138) ~[spring-tx-6.2.8.jar:6.2.8]
	... 26 common frames omitted

Hibernate: 
    select
        s1_0.id,
        s1_0.actual_delivery_time,
        s1_0.created_at,
        s1_0.created_by,
        s1_0.delivery_address,
        s1_0.destination_latitude,
        s1_0.destination_longitude,
        s1_0.estimated_delivery_time,
        s1_0.estimated_duration,
        s1_0.origin_latitude,
        s1_0.origin_longitude,
        s1_0.receiver_name,
        s1_0.route_polyline,
        s1_0.sender_address,
        s1_0.sender_name,
        s1_0.status,
        s1_0.total_distance,
        s1_0.tracking_number 
    from
        shipments s1_0 
    where
        s1_0.status in (?, ?)
Hibernate: 
    select
        s1_0.id,
        s1_0.actual_delivery_time,
        s1_0.created_at,
        s1_0.created_by,
        s1_0.delivery_address,
        s1_0.destination_latitude,
        s1_0.destination_longitude,
        s1_0.estimated_delivery_time,
        s1_0.estimated_duration,
        s1_0.origin_latitude,
        s1_0.origin_longitude,
        s1_0.receiver_name,
        s1_0.route_polyline,
        s1_0.sender_address,
        s1_0.sender_name,
        s1_0.status,
        s1_0.total_distance,
        s1_0.tracking_number 
    from
        shipments s1_0 
    where
        s1_0.status in (?, ?)
Hibernate: 
    select
        s1_0.id,
        s1_0.actual_delivery_time,
        s1_0.created_at,
        s1_0.created_by,
        s1_0.delivery_address,
        s1_0.destination_latitude,
        s1_0.destination_longitude,
        s1_0.estimated_delivery_time,
        s1_0.estimated_duration,
        s1_0.origin_latitude,
        s1_0.origin_longitude,
        s1_0.receiver_name,
        s1_0.route_polyline,
        s1_0.sender_address,
        s1_0.sender_name,
        s1_0.status,
        s1_0.total_distance,
        s1_0.tracking_number 
    from
        shipments s1_0 
    where
        s1_0.status in (?, ?)
Hibernate: 
    select
        s1_0.id,
        s1_0.actual_delivery_time,
        s1_0.created_at,
        s1_0.created_by,
        s1_0.delivery_address,
        s1_0.destination_latitude,
        s1_0.destination_longitude,
        s1_0.estimated_delivery_time,
        s1_0.estimated_duration,
        s1_0.origin_latitude,
        s1_0.origin_longitude,
        s1_0.receiver_name,
        s1_0.route_polyline,
        s1_0.sender_address,
        s1_0.sender_name,
        s1_0.status,
        s1_0.total_distance,
        s1_0.tracking_number 
    from
        shipments s1_0 
    where
        s1_0.id=?
Hibernate: 
    select
        te1_0.id,
        te1_0.latitude,
        te1_0.longitude,
        te1_0.recorded_at,
        te1_0.shipment_id,
        te1_0.status 
    from
        tracking_events te1_0 
    left join
        shipments s1_0 
            on s1_0.id=te1_0.shipment_id 
    where
        s1_0.id=? 
    order by
        te1_0.recorded_at
Hibernate: 
    select
        rhp1_0.id,
        rhp1_0.latitude,
        rhp1_0.longitude,
        rhp1_0.progress,
        rhp1_0.recorded_at,
        rhp1_0.shipment_id,
        rhp1_0.speed 
    from
        route_history_points rhp1_0 
    left join
        shipments s1_0 
            on s1_0.id=rhp1_0.shipment_id 
    where
        s1_0.id=? 
    order by
        rhp1_0.recorded_at desc 
    fetch
        first ? rows only
Hibernate: 
    select
        dp1_0.id,
        dp1_0.delay_minutes,
        dp1_0.delay_reason,
        dp1_0.detected_at,
        dp1_0.is_active,
        dp1_0.probability,
        dp1_0.shipment_id 
    from
        delay_predictions dp1_0 
    where
        dp1_0.shipment_id=? 
        and dp1_0.is_active 
    order by
        dp1_0.detected_at desc 
    fetch
        first ? rows only
Hibernate: 
    select
        dp1_0.id,
        dp1_0.delay_minutes,
        dp1_0.delay_reason,
        dp1_0.detected_at,
        dp1_0.is_active,
        dp1_0.probability,
        dp1_0.shipment_id 
    from
        delay_predictions dp1_0 
    where
        dp1_0.shipment_id=? 
        and dp1_0.is_active
Hibernate: 
    select
        dp1_0.id,
        dp1_0.delay_minutes,
        dp1_0.delay_reason,
        dp1_0.detected_at,
        dp1_0.is_active,
        dp1_0.probability,
        dp1_0.shipment_id 
    from
        delay_predictions dp1_0 
    where
        dp1_0.id=?
Hibernate: 
    update
        delay_predictions 
    set
        delay_minutes=?,
        delay_reason=?,
        detected_at=?,
        is_active=?,
        probability=?,
        shipment_id=? 
    where
        id=?
2026-08-12T09:37:19.570+05:30  INFO 21780 --- [shiptrack-backend] [essageBroker-14] c.s.service.DelayPredictionService       : Superseded 1 stale delay prediction(s) for shipment 31
Hibernate: 
    insert 
    into
        delay_predictions
        (delay_minutes, delay_reason, detected_at, is_active, probability, shipment_id) 
    values
        (?, ?, ?, ?, ?, ?)
2026-08-12T09:37:19.574+05:30  WARN 21780 --- [shiptrack-backend] [essageBroker-14] c.shiptrack.service.LiveTrackingService  : Delay alert for shipment 31: No location update for 20968 minutes (120 min, 0.9% probability)
2026-08-12T09:37:19.574+05:30  WARN 21780 --- [shiptrack-backend] [essageBroker-14] c.s.service.DelayPredictionService       : Delay detected for shipment 31: No location update for 20968 minutes (120 min)
Hibernate: 
    select
        s1_0.id,
        s1_0.actual_delivery_time,
        s1_0.created_at,
        s1_0.created_by,
        s1_0.delivery_address,
        s1_0.destination_latitude,
        s1_0.destination_longitude,
        s1_0.estimated_delivery_time,
        s1_0.estimated_duration,
        s1_0.origin_latitude,
        s1_0.origin_longitude,
        s1_0.receiver_name,
        s1_0.route_polyline,
        s1_0.sender_address,
        s1_0.sender_name,
        s1_0.status,
        s1_0.total_distance,
        s1_0.tracking_number 
    from
        shipments s1_0 
    where
        s1_0.id=?
Hibernate: 
    select
        te1_0.id,
        te1_0.latitude,
        te1_0.longitude,
        te1_0.recorded_at,
        te1_0.shipment_id,
        te1_0.status 
    from
        tracking_events te1_0 
    left join
        shipments s1_0 
            on s1_0.id=te1_0.shipment_id 
    where
        s1_0.id=? 
    order by
        te1_0.recorded_at
Hibernate: 
    select
        rhp1_0.id,
        rhp1_0.latitude,
        rhp1_0.longitude,
        rhp1_0.progress,
        rhp1_0.recorded_at,
        rhp1_0.shipment_id,
        rhp1_0.speed 
    from
        route_history_points rhp1_0 
    left join
        shipments s1_0 
            on s1_0.id=rhp1_0.shipment_id 
    where
        s1_0.id=? 
    order by
        rhp1_0.recorded_at desc 
    fetch
        first ? rows only
Hibernate: 
    select
        dp1_0.id,
        dp1_0.delay_minutes,
        dp1_0.delay_reason,
        dp1_0.detected_at,
        dp1_0.is_active,
        dp1_0.probability,
        dp1_0.shipment_id 
    from
        delay_predictions dp1_0 
    where
        dp1_0.shipment_id=? 
        and dp1_0.is_active 
    order by
        dp1_0.detected_at desc 
    fetch
        first ? rows only
Hibernate: 
    select
        dp1_0.id,
        dp1_0.delay_minutes,
        dp1_0.delay_reason,
        dp1_0.detected_at,
        dp1_0.is_active,
        dp1_0.probability,
        dp1_0.shipment_id 
    from
        delay_predictions dp1_0 
    where
        dp1_0.shipment_id=? 
        and dp1_0.is_active
Hibernate: 
    select
        dp1_0.id,
        dp1_0.delay_minutes,
        dp1_0.delay_reason,
        dp1_0.detected_at,
        dp1_0.is_active,
        dp1_0.probability,
        dp1_0.shipment_id 
    from
        delay_predictions dp1_0 
    where
        dp1_0.id=?
Hibernate: 
    update
        delay_predictions 
    set
        delay_minutes=?,
        delay_reason=?,
        detected_at=?,
        is_active=?,
        probability=?,
        shipment_id=? 
    where
        id=?
2026-08-12T09:37:19.590+05:30  INFO 21780 --- [shiptrack-backend] [essageBroker-14] c.s.service.DelayPredictionService       : Superseded 1 stale delay prediction(s) for shipment 22
Hibernate: 
    insert 
    into
        delay_predictions
        (delay_minutes, delay_reason, detected_at, is_active, probability, shipment_id) 
    values
        (?, ?, ?, ?, ?, ?)
2026-08-12T09:37:19.592+05:30  WARN 21780 --- [shiptrack-backend] [essageBroker-14] c.shiptrack.service.LiveTrackingService  : Delay alert for shipment 22: No location update for 19635 minutes (120 min, 0.9% probability)
2026-08-12T09:37:19.592+05:30  WARN 21780 --- [shiptrack-backend] [essageBroker-14] c.s.service.DelayPredictionService       : Delay detected for shipment 22: No location update for 19635 minutes (120 min)
Hibernate: 
    select
        s1_0.id,
        s1_0.actual_delivery_time,
        s1_0.created_at,
        s1_0.created_by,
        s1_0.delivery_address,
        s1_0.destination_latitude,
        s1_0.destination_longitude,
        s1_0.estimated_delivery_time,
        s1_0.estimated_duration,
        s1_0.origin_latitude,
        s1_0.origin_longitude,
        s1_0.receiver_name,
        s1_0.route_polyline,
        s1_0.sender_address,
        s1_0.sender_name,
        s1_0.status,
        s1_0.total_distance,
        s1_0.tracking_number 
    from
        shipments s1_0 
    where
        s1_0.status in (?, ?)
Hibernate: 
    select
        s1_0.id,
        s1_0.actual_delivery_time,
        s1_0.created_at,
        s1_0.created_by,
        s1_0.delivery_address,
        s1_0.destination_latitude,
        s1_0.destination_longitude,
        s1_0.estimated_delivery_time,
        s1_0.estimated_duration,
        s1_0.origin_latitude,
        s1_0.origin_longitude,
        s1_0.receiver_name,
        s1_0.route_polyline,
        s1_0.sender_address,
        s1_0.sender_name,
        s1_0.status,
        s1_0.total_distance,
        s1_0.tracking_number 
    from
        shipments s1_0 
    where
        s1_0.status in (?, ?)
Hibernate: 
    select
        s1_0.id,
        s1_0.actual_delivery_time,
        s1_0.created_at,
        s1_0.created_by,
        s1_0.delivery_address,
        s1_0.destination_latitude,
        s1_0.destination_longitude,
        s1_0.estimated_delivery_time,
        s1_0.estimated_duration,
        s1_0.origin_latitude,
        s1_0.origin_longitude,
        s1_0.receiver_name,
        s1_0.route_polyline,
        s1_0.sender_address,
        s1_0.sender_name,
        s1_0.status,
        s1_0.total_distance,
        s1_0.tracking_number 
    from
        shipments s1_0 
    where
        s1_0.status in (?, ?)
Hibernate: 
    select
        s1_0.id,
        s1_0.actual_delivery_time,
        s1_0.created_at,
        s1_0.created_by,
        s1_0.delivery_address,
        s1_0.destination_latitude,
        s1_0.destination_longitude,
        s1_0.estimated_delivery_time,
        s1_0.estimated_duration,
        s1_0.origin_latitude,
        s1_0.origin_longitude,
        s1_0.receiver_name,
        s1_0.route_polyline,
        s1_0.sender_address,
        s1_0.sender_name,
        s1_0.status,
        s1_0.total_distance,
        s1_0.tracking_number 
    from
        shipments s1_0 
    where
        s1_0.status in (?, ?)
Hibernate: 
    select
        s1_0.id,
        s1_0.actual_delivery_time,
        s1_0.created_at,
        s1_0.created_by,
        s1_0.delivery_address,
        s1_0.destination_latitude,
        s1_0.destination_longitude,
        s1_0.estimated_delivery_time,
        s1_0.estimated_duration,
        s1_0.origin_latitude,
        s1_0.origin_longitude,
        s1_0.receiver_name,
        s1_0.route_polyline,
        s1_0.sender_address,
        s1_0.sender_name,
        s1_0.status,
        s1_0.total_distance,
        s1_0.tracking_number 
    from
        shipments s1_0 
    where
        s1_0.id=?
Hibernate: 
    select
        s1_0.id,
        s1_0.actual_delivery_time,
        s1_0.created_at,
        s1_0.created_by,
        s1_0.delivery_address,
        s1_0.destination_latitude,
        s1_0.destination_longitude,
        s1_0.estimated_delivery_time,
        s1_0.estimated_duration,
        s1_0.origin_latitude,
        s1_0.origin_longitude,
        s1_0.receiver_name,
        s1_0.route_polyline,
        s1_0.sender_address,
        s1_0.sender_name,
        s1_0.status,
        s1_0.total_distance,
        s1_0.tracking_number 
    from
        shipments s1_0 
    where
        s1_0.id=?
Hibernate: 
    select
        te1_0.id,
        te1_0.latitude,
        te1_0.longitude,
        te1_0.recorded_at,
        te1_0.shipment_id,
        te1_0.status 
    from
        tracking_events te1_0 
    left join
        shipments s1_0 
            on s1_0.id=te1_0.shipment_id 
    where
        s1_0.id=? 
    order by
        te1_0.recorded_at
Hibernate: 
    select
        te1_0.id,
        te1_0.latitude,
        te1_0.longitude,
        te1_0.recorded_at,
        te1_0.shipment_id,
        te1_0.status 
    from
        tracking_events te1_0 
    left join
        shipments s1_0 
            on s1_0.id=te1_0.shipment_id 
    where
        s1_0.id=? 
    order by
        te1_0.recorded_at
Hibernate: 
    select
        rhp1_0.id,
        rhp1_0.latitude,
        rhp1_0.longitude,
        rhp1_0.progress,
        rhp1_0.recorded_at,
        rhp1_0.shipment_id,
        rhp1_0.speed 
    from
        route_history_points rhp1_0 
    left join
        shipments s1_0 
            on s1_0.id=rhp1_0.shipment_id 
    where
        s1_0.id=? 
    order by
        rhp1_0.recorded_at desc 
    fetch
        first ? rows only
Hibernate: 
    select
        rhp1_0.id,
        rhp1_0.latitude,
        rhp1_0.longitude,
        rhp1_0.progress,
        rhp1_0.recorded_at,
        rhp1_0.shipment_id,
        rhp1_0.speed 
    from
        route_history_points rhp1_0 
    left join
        shipments s1_0 
            on s1_0.id=rhp1_0.shipment_id 
    where
        s1_0.id=? 
    order by
        rhp1_0.recorded_at desc 
    fetch
        first ? rows only
Hibernate: 
    select
        dp1_0.id,
        dp1_0.delay_minutes,
        dp1_0.delay_reason,
        dp1_0.detected_at,
        dp1_0.is_active,
        dp1_0.probability,
        dp1_0.shipment_id 
    from
        delay_predictions dp1_0 
    where
        dp1_0.shipment_id=? 
        and dp1_0.is_active 
    order by
        dp1_0.detected_at desc 
    fetch
        first ? rows only
Hibernate: 
    select
        dp1_0.id,
        dp1_0.delay_minutes,
        dp1_0.delay_reason,
        dp1_0.detected_at,
        dp1_0.is_active,
        dp1_0.probability,
        dp1_0.shipment_id 
    from
        delay_predictions dp1_0 
    where
        dp1_0.shipment_id=? 
        and dp1_0.is_active
Hibernate: 
    select
        dp1_0.id,
        dp1_0.delay_minutes,
        dp1_0.delay_reason,
        dp1_0.detected_at,
        dp1_0.is_active,
        dp1_0.probability,
        dp1_0.shipment_id 
    from
        delay_predictions dp1_0 
    where
        dp1_0.id=?
Hibernate: 
    update
        delay_predictions 
    set
        delay_minutes=?,
        delay_reason=?,
        detected_at=?,
        is_active=?,
        probability=?,
        shipment_id=? 
    where
        id=?
2026-08-12T09:38:19.552+05:30  INFO 21780 --- [shiptrack-backend] [essageBroker-13] c.s.service.DelayPredictionService       : Superseded 1 stale delay prediction(s) for shipment 31
Hibernate: 
    insert 
    into
        delay_predictions
        (delay_minutes, delay_reason, detected_at, is_active, probability, shipment_id) 
    values
        (?, ?, ?, ?, ?, ?)
2026-08-12T09:38:19.554+05:30  WARN 21780 --- [shiptrack-backend] [essageBroker-13] c.shiptrack.service.LiveTrackingService  : Delay alert for shipment 31: No location update for 20969 minutes (120 min, 0.9% probability)
2026-08-12T09:38:19.554+05:30  WARN 21780 --- [shiptrack-backend] [essageBroker-13] c.s.service.DelayPredictionService       : Delay detected for shipment 31: No location update for 20969 minutes (120 min)
Hibernate: 
    select
        s1_0.id,
        s1_0.actual_delivery_time,
        s1_0.created_at,
        s1_0.created_by,
        s1_0.delivery_address,
        s1_0.destination_latitude,
        s1_0.destination_longitude,
        s1_0.estimated_delivery_time,
        s1_0.estimated_duration,
        s1_0.origin_latitude,
        s1_0.origin_longitude,
        s1_0.receiver_name,
        s1_0.route_polyline,
        s1_0.sender_address,
        s1_0.sender_name,
        s1_0.status,
        s1_0.total_distance,
        s1_0.tracking_number 
    from
        shipments s1_0 
    where
        s1_0.id=?
Hibernate: 
    select
        te1_0.id,
        te1_0.latitude,
        te1_0.longitude,
        te1_0.recorded_at,
        te1_0.shipment_id,
        te1_0.status 
    from
        tracking_events te1_0 
    left join
        shipments s1_0 
            on s1_0.id=te1_0.shipment_id 
    where
        s1_0.id=? 
    order by
        te1_0.recorded_at
Hibernate: 
    select
        rhp1_0.id,
        rhp1_0.latitude,
        rhp1_0.longitude,
        rhp1_0.progress,
        rhp1_0.recorded_at,
        rhp1_0.shipment_id,
        rhp1_0.speed 
    from
        route_history_points rhp1_0 
    left join
        shipments s1_0 
            on s1_0.id=rhp1_0.shipment_id 
    where
        s1_0.id=? 
    order by
        rhp1_0.recorded_at desc 
    fetch
        first ? rows only
Hibernate: 
    select
        dp1_0.id,
        dp1_0.delay_minutes,
        dp1_0.delay_reason,
        dp1_0.detected_at,
        dp1_0.is_active,
        dp1_0.probability,
        dp1_0.shipment_id 
    from
        delay_predictions dp1_0 
    where
        dp1_0.shipment_id=? 
        and dp1_0.is_active 
    order by
        dp1_0.detected_at desc 
    fetch
        first ? rows only
Hibernate: 
    select
        dp1_0.id,
        dp1_0.delay_minutes,
        dp1_0.delay_reason,
        dp1_0.detected_at,
        dp1_0.is_active,
        dp1_0.probability,
        dp1_0.shipment_id 
    from
        delay_predictions dp1_0 
    where
        dp1_0.shipment_id=? 
        and dp1_0.is_active
Hibernate: 
    select
        dp1_0.id,
        dp1_0.delay_minutes,
        dp1_0.delay_reason,
        dp1_0.detected_at,
        dp1_0.is_active,
        dp1_0.probability,
        dp1_0.shipment_id 
    from
        delay_predictions dp1_0 
    where
        dp1_0.id=?
Hibernate: 
    update
        delay_predictions 
    set
        delay_minutes=?,
        delay_reason=?,
        detected_at=?,
        is_active=?,
        probability=?,
        shipment_id=? 
    where
        id=?
2026-08-12T09:38:19.561+05:30  INFO 21780 --- [shiptrack-backend] [essageBroker-13] c.s.service.DelayPredictionService       : Superseded 1 stale delay prediction(s) for shipment 22
Hibernate: 
    insert 
    into
        delay_predictions
        (delay_minutes, delay_reason, detected_at, is_active, probability, shipment_id) 
    values
        (?, ?, ?, ?, ?, ?)
2026-08-12T09:38:19.562+05:30  WARN 21780 --- [shiptrack-backend] [essageBroker-13] c.shiptrack.service.LiveTrackingService  : Delay alert for shipment 22: No location update for 19636 minutes (120 min, 0.9% probability)
2026-08-12T09:38:19.562+05:30  WARN 21780 --- [shiptrack-backend] [essageBroker-13] c.s.service.DelayPredictionService       : Delay detected for shipment 22: No location update for 19636 minutes (120 min)
2026-08-12T09:38:21.402+05:30 ERROR 21780 --- [shiptrack-backend] [essageBroker-16] com.shiptrack.service.GeocodingService   : Geoapify routing failed

java.lang.ClassCastException: class java.util.ArrayList cannot be cast to class java.lang.Number (java.util.ArrayList and java.lang.Number are in module java.base of loader 'bootstrap')
	at com.shiptrack.service.GeocodingService.lambda$coordsToPolyline$0(GeocodingService.java:240) ~[classes/:na]
	at java.base/java.util.stream.ReferencePipeline$3$1.accept(ReferencePipeline.java:214) ~[na:na]
	at java.base/java.util.ArrayList$ArrayListSpliterator.forEachRemaining(ArrayList.java:1724) ~[na:na]
	at java.base/java.util.stream.AbstractPipeline.copyInto(AbstractPipeline.java:570) ~[na:na]
	at java.base/java.util.stream.AbstractPipeline.wrapAndCopyInto(AbstractPipeline.java:560) ~[na:na]
	at java.base/java.util.stream.AbstractPipeline.evaluate(AbstractPipeline.java:635) ~[na:na]
	at java.base/java.util.stream.AbstractPipeline.evaluateToArrayNode(AbstractPipeline.java:291) ~[na:na]
	at java.base/java.util.stream.ReferencePipeline.toArray(ReferencePipeline.java:652) ~[na:na]
	at java.base/java.util.stream.ReferencePipeline.toArray(ReferencePipeline.java:658) ~[na:na]
	at java.base/java.util.stream.ReferencePipeline.toList(ReferencePipeline.java:663) ~[na:na]
	at com.shiptrack.service.GeocodingService.coordsToPolyline(GeocodingService.java:243) ~[classes/:na]
	at com.shiptrack.service.GeocodingService.routeWithGeoapify(GeocodingService.java:179) ~[classes/:na]
	at com.shiptrack.service.GeocodingService.calculateRoute(GeocodingService.java:142) ~[classes/:na]
	at com.shiptrack.service.GeocodingService.calculateDuration(GeocodingService.java:247) ~[classes/:na]
	at com.shiptrack.service.EtaService.calculateEta(EtaService.java:95) ~[classes/:na]
	at com.shiptrack.service.EtaService.recalculateActiveEtas(EtaService.java:130) ~[classes/:na]
	at java.base/jdk.internal.reflect.DirectMethodHandleAccessor.invoke(DirectMethodHandleAccessor.java:104) ~[na:na]
	at java.base/java.lang.reflect.Method.invoke(Method.java:565) ~[na:na]
	at org.springframework.aop.support.AopUtils.invokeJoinpointUsingReflection(AopUtils.java:359) ~[spring-aop-6.2.8.jar:6.2.8]
	at org.springframework.aop.framework.CglibAopProxy$DynamicAdvisedInterceptor.intercept(CglibAopProxy.java:724) ~[spring-aop-6.2.8.jar:6.2.8]
	at com.shiptrack.service.EtaService$$SpringCGLIB$$0.recalculateActiveEtas(<generated>) ~[classes/:na]
	at java.base/jdk.internal.reflect.DirectMethodHandleAccessor.invoke(DirectMethodHandleAccessor.java:104) ~[na:na]
	at java.base/java.lang.reflect.Method.invoke(Method.java:565) ~[na:na]
	at org.springframework.scheduling.support.ScheduledMethodRunnable.runInternal(ScheduledMethodRunnable.java:130) ~[spring-context-6.2.8.jar:6.2.8]
	at org.springframework.scheduling.support.ScheduledMethodRunnable.lambda$run$2(ScheduledMethodRunnable.java:124) ~[spring-context-6.2.8.jar:6.2.8]
	at io.micrometer.observation.Observation.observe(Observation.java:498) ~[micrometer-observation-1.15.1.jar:1.15.1]
	at org.springframework.scheduling.support.ScheduledMethodRunnable.run(ScheduledMethodRunnable.java:124) ~[spring-context-6.2.8.jar:6.2.8]
	at org.springframework.scheduling.config.Task$OutcomeTrackingRunnable.run(Task.java:85) ~[spring-context-6.2.8.jar:6.2.8]
	at org.springframework.scheduling.support.DelegatingErrorHandlingRunnable.run(DelegatingErrorHandlingRunnable.java:54) ~[spring-context-6.2.8.jar:6.2.8]
	at java.base/java.util.concurrent.Executors$RunnableAdapter.call(Executors.java:545) ~[na:na]
	at java.base/java.util.concurrent.FutureTask.runAndReset(FutureTask.java:371) ~[na:na]
	at java.base/java.util.concurrent.ScheduledThreadPoolExecutor$ScheduledFutureTask.run(ScheduledThreadPoolExecutor.java:310) ~[na:na]
	at java.base/java.util.concurrent.ThreadPoolExecutor.runWorker(ThreadPoolExecutor.java:1090) ~[na:na]
	at java.base/java.util.concurrent.ThreadPoolExecutor$Worker.run(ThreadPoolExecutor.java:614) ~[na:na]
	at java.base/java.lang.Thread.run(Thread.java:1516) ~[na:na]

2026-08-12T09:38:21.403+05:30  WARN 21780 --- [shiptrack-backend] [essageBroker-16] com.shiptrack.service.GeocodingService   : Geoapify routing failed, trying OSRM fallback...
2026-08-12T09:38:23.001+05:30  INFO 21780 --- [shiptrack-backend] [essageBroker-16] com.shiptrack.service.GeocodingService   : OSRM route found: 1896.0 km, 1325 min
2026-08-12T09:38:23.002+05:30  WARN 21780 --- [shiptrack-backend] [essageBroker-16] com.shiptrack.service.EtaService         : Failed to recalculate ETA for shipment 31

org.springframework.dao.InvalidDataAccessApiUsageException: Executing an update/delete query
	at org.springframework.orm.jpa.EntityManagerFactoryUtils.convertJpaAccessExceptionIfPossible(EntityManagerFactoryUtils.java:400) ~[spring-orm-6.2.8.jar:6.2.8]
	at org.springframework.orm.jpa.vendor.HibernateJpaDialect.translateExceptionIfPossible(HibernateJpaDialect.java:246) ~[spring-orm-6.2.8.jar:6.2.8]
	at org.springframework.orm.jpa.AbstractEntityManagerFactoryBean.translateExceptionIfPossible(AbstractEntityManagerFactoryBean.java:560) ~[spring-orm-6.2.8.jar:6.2.8]
	at org.springframework.dao.support.ChainedPersistenceExceptionTranslator.translateExceptionIfPossible(ChainedPersistenceExceptionTranslator.java:61) ~[spring-tx-6.2.8.jar:6.2.8]
	at org.springframework.dao.support.DataAccessUtils.translateIfNecessary(DataAccessUtils.java:343) ~[spring-tx-6.2.8.jar:6.2.8]
	at org.springframework.dao.support.PersistenceExceptionTranslationInterceptor.invoke(PersistenceExceptionTranslationInterceptor.java:160) ~[spring-tx-6.2.8.jar:6.2.8]
	at org.springframework.aop.framework.ReflectiveMethodInvocation.proceed(ReflectiveMethodInvocation.java:184) ~[spring-aop-6.2.8.jar:6.2.8]
	at org.springframework.data.jpa.repository.support.CrudMethodMetadataPostProcessor$CrudMethodMetadataPopulatingMethodInterceptor.invoke(CrudMethodMetadataPostProcessor.java:136) ~[spring-data-jpa-3.5.1.jar:3.5.1]
	at org.springframework.aop.framework.ReflectiveMethodInvocation.proceed(ReflectiveMethodInvocation.java:184) ~[spring-aop-6.2.8.jar:6.2.8]
	at org.springframework.aop.framework.JdkDynamicAopProxy.invoke(JdkDynamicAopProxy.java:223) ~[spring-aop-6.2.8.jar:6.2.8]
	at jdk.proxy4/jdk.proxy4.$Proxy147.updateEtaFields(Unknown Source) ~[na:na]
	at com.shiptrack.service.EtaService.calculateEta(EtaService.java:103) ~[classes/:na]
	at com.shiptrack.service.EtaService.recalculateActiveEtas(EtaService.java:130) ~[classes/:na]
	at java.base/jdk.internal.reflect.DirectMethodHandleAccessor.invoke(DirectMethodHandleAccessor.java:104) ~[na:na]
	at java.base/java.lang.reflect.Method.invoke(Method.java:565) ~[na:na]
	at org.springframework.aop.support.AopUtils.invokeJoinpointUsingReflection(AopUtils.java:359) ~[spring-aop-6.2.8.jar:6.2.8]
	at org.springframework.aop.framework.CglibAopProxy$DynamicAdvisedInterceptor.intercept(CglibAopProxy.java:724) ~[spring-aop-6.2.8.jar:6.2.8]
	at com.shiptrack.service.EtaService$$SpringCGLIB$$0.recalculateActiveEtas(<generated>) ~[classes/:na]
	at java.base/jdk.internal.reflect.DirectMethodHandleAccessor.invoke(DirectMethodHandleAccessor.java:104) ~[na:na]
	at java.base/java.lang.reflect.Method.invoke(Method.java:565) ~[na:na]
	at org.springframework.scheduling.support.ScheduledMethodRunnable.runInternal(ScheduledMethodRunnable.java:130) ~[spring-context-6.2.8.jar:6.2.8]
	at org.springframework.scheduling.support.ScheduledMethodRunnable.lambda$run$2(ScheduledMethodRunnable.java:124) ~[spring-context-6.2.8.jar:6.2.8]
	at io.micrometer.observation.Observation.observe(Observation.java:498) ~[micrometer-observation-1.15.1.jar:1.15.1]
	at org.springframework.scheduling.support.ScheduledMethodRunnable.run(ScheduledMethodRunnable.java:124) ~[spring-context-6.2.8.jar:6.2.8]
	at org.springframework.scheduling.config.Task$OutcomeTrackingRunnable.run(Task.java:85) ~[spring-context-6.2.8.jar:6.2.8]
	at org.springframework.scheduling.support.DelegatingErrorHandlingRunnable.run(DelegatingErrorHandlingRunnable.java:54) ~[spring-context-6.2.8.jar:6.2.8]
	at java.base/java.util.concurrent.Executors$RunnableAdapter.call(Executors.java:545) ~[na:na]
	at java.base/java.util.concurrent.FutureTask.runAndReset(FutureTask.java:371) ~[na:na]
	at java.base/java.util.concurrent.ScheduledThreadPoolExecutor$ScheduledFutureTask.run(ScheduledThreadPoolExecutor.java:310) ~[na:na]
	at java.base/java.util.concurrent.ThreadPoolExecutor.runWorker(ThreadPoolExecutor.java:1090) ~[na:na]
	at java.base/java.util.concurrent.ThreadPoolExecutor$Worker.run(ThreadPoolExecutor.java:614) ~[na:na]
	at java.base/java.lang.Thread.run(Thread.java:1516) ~[na:na]
Caused by: jakarta.persistence.TransactionRequiredException: Executing an update/delete query
	at org.hibernate.internal.AbstractSharedSessionContract.checkTransactionNeededForUpdateOperation(AbstractSharedSessionContract.java:560) ~[hibernate-core-6.6.18.Final.jar:6.6.18.Final]
	at org.hibernate.query.sqm.internal.QuerySqmImpl.executeUpdate(QuerySqmImpl.java:489) ~[hibernate-core-6.6.18.Final.jar:6.6.18.Final]
	at java.base/jdk.internal.reflect.DirectMethodHandleAccessor.invoke(DirectMethodHandleAccessor.java:104) ~[na:na]
	at java.base/java.lang.reflect.Method.invoke(Method.java:565) ~[na:na]
	at org.springframework.orm.jpa.SharedEntityManagerCreator$DeferredQueryInvocationHandler.invoke(SharedEntityManagerCreator.java:419) ~[spring-orm-6.2.8.jar:6.2.8]
	at jdk.proxy4/jdk.proxy4.$Proxy169.executeUpdate(Unknown Source) ~[na:na]
	at org.springframework.data.jpa.repository.query.JpaQueryExecution$ModifyingExecution.doExecute(JpaQueryExecution.java:267) ~[spring-data-jpa-3.5.1.jar:3.5.1]
	at org.springframework.data.jpa.repository.query.JpaQueryExecution.execute(JpaQueryExecution.java:93) ~[spring-data-jpa-3.5.1.jar:3.5.1]
	at org.springframework.data.jpa.repository.query.AbstractJpaQuery.doExecute(AbstractJpaQuery.java:160) ~[spring-data-jpa-3.5.1.jar:3.5.1]
	at org.springframework.data.jpa.repository.query.AbstractJpaQuery.execute(AbstractJpaQuery.java:148) ~[spring-data-jpa-3.5.1.jar:3.5.1]
	at org.springframework.data.repository.core.support.RepositoryMethodInvoker.doInvoke(RepositoryMethodInvoker.java:170) ~[spring-data-commons-3.5.1.jar:3.5.1]
	at org.springframework.data.repository.core.support.RepositoryMethodInvoker.invoke(RepositoryMethodInvoker.java:158) ~[spring-data-commons-3.5.1.jar:3.5.1]
	at org.springframework.data.repository.core.support.QueryExecutorMethodInterceptor.doInvoke(QueryExecutorMethodInterceptor.java:170) ~[spring-data-commons-3.5.1.jar:3.5.1]
	at org.springframework.data.repository.core.support.QueryExecutorMethodInterceptor.invoke(QueryExecutorMethodInterceptor.java:149) ~[spring-data-commons-3.5.1.jar:3.5.1]
	at org.springframework.aop.framework.ReflectiveMethodInvocation.proceed(ReflectiveMethodInvocation.java:184) ~[spring-aop-6.2.8.jar:6.2.8]
	at org.springframework.data.projection.DefaultMethodInvokingMethodInterceptor.invoke(DefaultMethodInvokingMethodInterceptor.java:69) ~[spring-data-commons-3.5.1.jar:3.5.1]
	at org.springframework.aop.framework.ReflectiveMethodInvocation.proceed(ReflectiveMethodInvocation.java:184) ~[spring-aop-6.2.8.jar:6.2.8]
	at org.springframework.transaction.interceptor.TransactionAspectSupport.invokeWithinTransaction(TransactionAspectSupport.java:380) ~[spring-tx-6.2.8.jar:6.2.8]
	at org.springframework.transaction.interceptor.TransactionInterceptor.invoke(TransactionInterceptor.java:119) ~[spring-tx-6.2.8.jar:6.2.8]
	at org.springframework.aop.framework.ReflectiveMethodInvocation.proceed(ReflectiveMethodInvocation.java:184) ~[spring-aop-6.2.8.jar:6.2.8]
	at org.springframework.dao.support.PersistenceExceptionTranslationInterceptor.invoke(PersistenceExceptionTranslationInterceptor.java:138) ~[spring-tx-6.2.8.jar:6.2.8]
	... 26 common frames omitted

Hibernate: 
    select
        s1_0.id,
        s1_0.actual_delivery_time,
        s1_0.created_at,
        s1_0.created_by,
        s1_0.delivery_address,
        s1_0.destination_latitude,
        s1_0.destination_longitude,
        s1_0.estimated_delivery_time,
        s1_0.estimated_duration,
        s1_0.origin_latitude,
        s1_0.origin_longitude,
        s1_0.receiver_name,
        s1_0.route_polyline,
        s1_0.sender_address,
        s1_0.sender_name,
        s1_0.status,
        s1_0.total_distance,
        s1_0.tracking_number 
    from
        shipments s1_0 
    where
        s1_0.id=?
Hibernate: 
    select
        te1_0.id,
        te1_0.latitude,
        te1_0.longitude,
        te1_0.recorded_at,
        te1_0.shipment_id,
        te1_0.status 
    from
        tracking_events te1_0 
    left join
        shipments s1_0 
            on s1_0.id=te1_0.shipment_id 
    where
        s1_0.id=? 
    order by
        te1_0.recorded_at
Hibernate: 
    select
        rhp1_0.id,
        rhp1_0.latitude,
        rhp1_0.longitude,
        rhp1_0.progress,
        rhp1_0.recorded_at,
        rhp1_0.shipment_id,
        rhp1_0.speed 
    from
        route_history_points rhp1_0 
    left join
        shipments s1_0 
            on s1_0.id=rhp1_0.shipment_id 
    where
        s1_0.id=? 
    order by
        rhp1_0.recorded_at desc 
    fetch
        first ? rows only
2026-08-12T09:38:24.039+05:30 ERROR 21780 --- [shiptrack-backend] [essageBroker-16] com.shiptrack.service.GeocodingService   : Geoapify routing failed

java.lang.ClassCastException: class java.util.ArrayList cannot be cast to class java.lang.Number (java.util.ArrayList and java.lang.Number are in module java.base of loader 'bootstrap')
	at com.shiptrack.service.GeocodingService.lambda$coordsToPolyline$0(GeocodingService.java:240) ~[classes/:na]
	at java.base/java.util.stream.ReferencePipeline$3$1.accept(ReferencePipeline.java:214) ~[na:na]
	at java.base/java.util.ArrayList$ArrayListSpliterator.forEachRemaining(ArrayList.java:1724) ~[na:na]
	at java.base/java.util.stream.AbstractPipeline.copyInto(AbstractPipeline.java:570) ~[na:na]
	at java.base/java.util.stream.AbstractPipeline.wrapAndCopyInto(AbstractPipeline.java:560) ~[na:na]
	at java.base/java.util.stream.AbstractPipeline.evaluate(AbstractPipeline.java:635) ~[na:na]
	at java.base/java.util.stream.AbstractPipeline.evaluateToArrayNode(AbstractPipeline.java:291) ~[na:na]
	at java.base/java.util.stream.ReferencePipeline.toArray(ReferencePipeline.java:652) ~[na:na]
	at java.base/java.util.stream.ReferencePipeline.toArray(ReferencePipeline.java:658) ~[na:na]
	at java.base/java.util.stream.ReferencePipeline.toList(ReferencePipeline.java:663) ~[na:na]
	at com.shiptrack.service.GeocodingService.coordsToPolyline(GeocodingService.java:243) ~[classes/:na]
	at com.shiptrack.service.GeocodingService.routeWithGeoapify(GeocodingService.java:179) ~[classes/:na]
	at com.shiptrack.service.GeocodingService.calculateRoute(GeocodingService.java:142) ~[classes/:na]
	at com.shiptrack.service.GeocodingService.calculateDuration(GeocodingService.java:247) ~[classes/:na]
	at com.shiptrack.service.EtaService.calculateEta(EtaService.java:95) ~[classes/:na]
	at com.shiptrack.service.EtaService.recalculateActiveEtas(EtaService.java:130) ~[classes/:na]
	at java.base/jdk.internal.reflect.DirectMethodHandleAccessor.invoke(DirectMethodHandleAccessor.java:104) ~[na:na]
	at java.base/java.lang.reflect.Method.invoke(Method.java:565) ~[na:na]
	at org.springframework.aop.support.AopUtils.invokeJoinpointUsingReflection(AopUtils.java:359) ~[spring-aop-6.2.8.jar:6.2.8]
	at org.springframework.aop.framework.CglibAopProxy$DynamicAdvisedInterceptor.intercept(CglibAopProxy.java:724) ~[spring-aop-6.2.8.jar:6.2.8]
	at com.shiptrack.service.EtaService$$SpringCGLIB$$0.recalculateActiveEtas(<generated>) ~[classes/:na]
	at java.base/jdk.internal.reflect.DirectMethodHandleAccessor.invoke(DirectMethodHandleAccessor.java:104) ~[na:na]
	at java.base/java.lang.reflect.Method.invoke(Method.java:565) ~[na:na]
	at org.springframework.scheduling.support.ScheduledMethodRunnable.runInternal(ScheduledMethodRunnable.java:130) ~[spring-context-6.2.8.jar:6.2.8]
	at org.springframework.scheduling.support.ScheduledMethodRunnable.lambda$run$2(ScheduledMethodRunnable.java:124) ~[spring-context-6.2.8.jar:6.2.8]
	at io.micrometer.observation.Observation.observe(Observation.java:498) ~[micrometer-observation-1.15.1.jar:1.15.1]
	at org.springframework.scheduling.support.ScheduledMethodRunnable.run(ScheduledMethodRunnable.java:124) ~[spring-context-6.2.8.jar:6.2.8]
	at org.springframework.scheduling.config.Task$OutcomeTrackingRunnable.run(Task.java:85) ~[spring-context-6.2.8.jar:6.2.8]
	at org.springframework.scheduling.support.DelegatingErrorHandlingRunnable.run(DelegatingErrorHandlingRunnable.java:54) ~[spring-context-6.2.8.jar:6.2.8]
	at java.base/java.util.concurrent.Executors$RunnableAdapter.call(Executors.java:545) ~[na:na]
	at java.base/java.util.concurrent.FutureTask.runAndReset(FutureTask.java:371) ~[na:na]
	at java.base/java.util.concurrent.ScheduledThreadPoolExecutor$ScheduledFutureTask.run(ScheduledThreadPoolExecutor.java:310) ~[na:na]
	at java.base/java.util.concurrent.ThreadPoolExecutor.runWorker(ThreadPoolExecutor.java:1090) ~[na:na]
	at java.base/java.util.concurrent.ThreadPoolExecutor$Worker.run(ThreadPoolExecutor.java:614) ~[na:na]
	at java.base/java.lang.Thread.run(Thread.java:1516) ~[na:na]

2026-08-12T09:38:24.040+05:30  WARN 21780 --- [shiptrack-backend] [essageBroker-16] com.shiptrack.service.GeocodingService   : Geoapify routing failed, trying OSRM fallback...
2026-08-12T09:38:26.175+05:30  INFO 21780 --- [shiptrack-backend] [essageBroker-16] com.shiptrack.service.GeocodingService   : OSRM route found: 542.2 km, 420 min
2026-08-12T09:38:26.175+05:30  WARN 21780 --- [shiptrack-backend] [essageBroker-16] com.shiptrack.service.EtaService         : Failed to recalculate ETA for shipment 22

org.springframework.dao.InvalidDataAccessApiUsageException: Executing an update/delete query
	at org.springframework.orm.jpa.EntityManagerFactoryUtils.convertJpaAccessExceptionIfPossible(EntityManagerFactoryUtils.java:400) ~[spring-orm-6.2.8.jar:6.2.8]
	at org.springframework.orm.jpa.vendor.HibernateJpaDialect.translateExceptionIfPossible(HibernateJpaDialect.java:246) ~[spring-orm-6.2.8.jar:6.2.8]
	at org.springframework.orm.jpa.AbstractEntityManagerFactoryBean.translateExceptionIfPossible(AbstractEntityManagerFactoryBean.java:560) ~[spring-orm-6.2.8.jar:6.2.8]
	at org.springframework.dao.support.ChainedPersistenceExceptionTranslator.translateExceptionIfPossible(ChainedPersistenceExceptionTranslator.java:61) ~[spring-tx-6.2.8.jar:6.2.8]
	at org.springframework.dao.support.DataAccessUtils.translateIfNecessary(DataAccessUtils.java:343) ~[spring-tx-6.2.8.jar:6.2.8]
	at org.springframework.dao.support.PersistenceExceptionTranslationInterceptor.invoke(PersistenceExceptionTranslationInterceptor.java:160) ~[spring-tx-6.2.8.jar:6.2.8]
	at org.springframework.aop.framework.ReflectiveMethodInvocation.proceed(ReflectiveMethodInvocation.java:184) ~[spring-aop-6.2.8.jar:6.2.8]
	at org.springframework.data.jpa.repository.support.CrudMethodMetadataPostProcessor$CrudMethodMetadataPopulatingMethodInterceptor.invoke(CrudMethodMetadataPostProcessor.java:136) ~[spring-data-jpa-3.5.1.jar:3.5.1]
	at org.springframework.aop.framework.ReflectiveMethodInvocation.proceed(ReflectiveMethodInvocation.java:184) ~[spring-aop-6.2.8.jar:6.2.8]
	at org.springframework.aop.framework.JdkDynamicAopProxy.invoke(JdkDynamicAopProxy.java:223) ~[spring-aop-6.2.8.jar:6.2.8]
	at jdk.proxy4/jdk.proxy4.$Proxy147.updateEtaFields(Unknown Source) ~[na:na]
	at com.shiptrack.service.EtaService.calculateEta(EtaService.java:103) ~[classes/:na]
	at com.shiptrack.service.EtaService.recalculateActiveEtas(EtaService.java:130) ~[classes/:na]
	at java.base/jdk.internal.reflect.DirectMethodHandleAccessor.invoke(DirectMethodHandleAccessor.java:104) ~[na:na]
	at java.base/java.lang.reflect.Method.invoke(Method.java:565) ~[na:na]
	at org.springframework.aop.support.AopUtils.invokeJoinpointUsingReflection(AopUtils.java:359) ~[spring-aop-6.2.8.jar:6.2.8]
	at org.springframework.aop.framework.CglibAopProxy$DynamicAdvisedInterceptor.intercept(CglibAopProxy.java:724) ~[spring-aop-6.2.8.jar:6.2.8]
	at com.shiptrack.service.EtaService$$SpringCGLIB$$0.recalculateActiveEtas(<generated>) ~[classes/:na]
	at java.base/jdk.internal.reflect.DirectMethodHandleAccessor.invoke(DirectMethodHandleAccessor.java:104) ~[na:na]
	at java.base/java.lang.reflect.Method.invoke(Method.java:565) ~[na:na]
	at org.springframework.scheduling.support.ScheduledMethodRunnable.runInternal(ScheduledMethodRunnable.java:130) ~[spring-context-6.2.8.jar:6.2.8]
	at org.springframework.scheduling.support.ScheduledMethodRunnable.lambda$run$2(ScheduledMethodRunnable.java:124) ~[spring-context-6.2.8.jar:6.2.8]
	at io.micrometer.observation.Observation.observe(Observation.java:498) ~[micrometer-observation-1.15.1.jar:1.15.1]
	at org.springframework.scheduling.support.ScheduledMethodRunnable.run(ScheduledMethodRunnable.java:124) ~[spring-context-6.2.8.jar:6.2.8]
	at org.springframework.scheduling.config.Task$OutcomeTrackingRunnable.run(Task.java:85) ~[spring-context-6.2.8.jar:6.2.8]
	at org.springframework.scheduling.support.DelegatingErrorHandlingRunnable.run(DelegatingErrorHandlingRunnable.java:54) ~[spring-context-6.2.8.jar:6.2.8]
	at java.base/java.util.concurrent.Executors$RunnableAdapter.call(Executors.java:545) ~[na:na]
	at java.base/java.util.concurrent.FutureTask.runAndReset(FutureTask.java:371) ~[na:na]
	at java.base/java.util.concurrent.ScheduledThreadPoolExecutor$ScheduledFutureTask.run(ScheduledThreadPoolExecutor.java:310) ~[na:na]
	at java.base/java.util.concurrent.ThreadPoolExecutor.runWorker(ThreadPoolExecutor.java:1090) ~[na:na]
	at java.base/java.util.concurrent.ThreadPoolExecutor$Worker.run(ThreadPoolExecutor.java:614) ~[na:na]
	at java.base/java.lang.Thread.run(Thread.java:1516) ~[na:na]
Caused by: jakarta.persistence.TransactionRequiredException: Executing an update/delete query
	at org.hibernate.internal.AbstractSharedSessionContract.checkTransactionNeededForUpdateOperation(AbstractSharedSessionContract.java:560) ~[hibernate-core-6.6.18.Final.jar:6.6.18.Final]
	at org.hibernate.query.sqm.internal.QuerySqmImpl.executeUpdate(QuerySqmImpl.java:489) ~[hibernate-core-6.6.18.Final.jar:6.6.18.Final]
	at java.base/jdk.internal.reflect.DirectMethodHandleAccessor.invoke(DirectMethodHandleAccessor.java:104) ~[na:na]
	at java.base/java.lang.reflect.Method.invoke(Method.java:565) ~[na:na]
	at org.springframework.orm.jpa.SharedEntityManagerCreator$DeferredQueryInvocationHandler.invoke(SharedEntityManagerCreator.java:419) ~[spring-orm-6.2.8.jar:6.2.8]
	at jdk.proxy4/jdk.proxy4.$Proxy169.executeUpdate(Unknown Source) ~[na:na]
	at org.springframework.data.jpa.repository.query.JpaQueryExecution$ModifyingExecution.doExecute(JpaQueryExecution.java:267) ~[spring-data-jpa-3.5.1.jar:3.5.1]
	at org.springframework.data.jpa.repository.query.JpaQueryExecution.execute(JpaQueryExecution.java:93) ~[spring-data-jpa-3.5.1.jar:3.5.1]
	at org.springframework.data.jpa.repository.query.AbstractJpaQuery.doExecute(AbstractJpaQuery.java:160) ~[spring-data-jpa-3.5.1.jar:3.5.1]
	at org.springframework.data.jpa.repository.query.AbstractJpaQuery.execute(AbstractJpaQuery.java:148) ~[spring-data-jpa-3.5.1.jar:3.5.1]
	at org.springframework.data.repository.core.support.RepositoryMethodInvoker.doInvoke(RepositoryMethodInvoker.java:170) ~[spring-data-commons-3.5.1.jar:3.5.1]
	at org.springframework.data.repository.core.support.RepositoryMethodInvoker.invoke(RepositoryMethodInvoker.java:158) ~[spring-data-commons-3.5.1.jar:3.5.1]
	at org.springframework.data.repository.core.support.QueryExecutorMethodInterceptor.doInvoke(QueryExecutorMethodInterceptor.java:170) ~[spring-data-commons-3.5.1.jar:3.5.1]
	at org.springframework.data.repository.core.support.QueryExecutorMethodInterceptor.invoke(QueryExecutorMethodInterceptor.java:149) ~[spring-data-commons-3.5.1.jar:3.5.1]
	at org.springframework.aop.framework.ReflectiveMethodInvocation.proceed(ReflectiveMethodInvocation.java:184) ~[spring-aop-6.2.8.jar:6.2.8]
	at org.springframework.data.projection.DefaultMethodInvokingMethodInterceptor.invoke(DefaultMethodInvokingMethodInterceptor.java:69) ~[spring-data-commons-3.5.1.jar:3.5.1]
	at org.springframework.aop.framework.ReflectiveMethodInvocation.proceed(ReflectiveMethodInvocation.java:184) ~[spring-aop-6.2.8.jar:6.2.8]
	at org.springframework.transaction.interceptor.TransactionAspectSupport.invokeWithinTransaction(TransactionAspectSupport.java:380) ~[spring-tx-6.2.8.jar:6.2.8]
	at org.springframework.transaction.interceptor.TransactionInterceptor.invoke(TransactionInterceptor.java:119) ~[spring-tx-6.2.8.jar:6.2.8]
	at org.springframework.aop.framework.ReflectiveMethodInvocation.proceed(ReflectiveMethodInvocation.java:184) ~[spring-aop-6.2.8.jar:6.2.8]
	at org.springframework.dao.support.PersistenceExceptionTranslationInterceptor.invoke(PersistenceExceptionTranslationInterceptor.java:138) ~[spring-tx-6.2.8.jar:6.2.8]
	... 26 common frames omitted

Hibernate: 
    select
        s1_0.id,
        s1_0.actual_delivery_time,
        s1_0.created_at,
        s1_0.created_by,
        s1_0.delivery_address,
        s1_0.destination_latitude,
        s1_0.destination_longitude,
        s1_0.estimated_delivery_time,
        s1_0.estimated_duration,
        s1_0.origin_latitude,
        s1_0.origin_longitude,
        s1_0.receiver_name,
        s1_0.route_polyline,
        s1_0.sender_address,
        s1_0.sender_name,
        s1_0.status,
        s1_0.total_distance,
        s1_0.tracking_number 
    from
        shipments s1_0 
    where
        s1_0.status in (?, ?)
Hibernate: 
    select
        s1_0.id,
        s1_0.actual_delivery_time,
        s1_0.created_at,
        s1_0.created_by,
        s1_0.delivery_address,
        s1_0.destination_latitude,
        s1_0.destination_longitude,
        s1_0.estimated_delivery_time,
        s1_0.estimated_duration,
        s1_0.origin_latitude,
        s1_0.origin_longitude,
        s1_0.receiver_name,
        s1_0.route_polyline,
        s1_0.sender_address,
        s1_0.sender_name,
        s1_0.status,
        s1_0.total_distance,
        s1_0.tracking_number 
    from
        shipments s1_0 
    where
        s1_0.status in (?, ?)
Hibernate: 
    select
        s1_0.id,
        s1_0.actual_delivery_time,
        s1_0.created_at,
        s1_0.created_by,
        s1_0.delivery_address,
        s1_0.destination_latitude,
        s1_0.destination_longitude,
        s1_0.estimated_delivery_time,
        s1_0.estimated_duration,
        s1_0.origin_latitude,
        s1_0.origin_longitude,
        s1_0.receiver_name,
        s1_0.route_polyline,
        s1_0.sender_address,
        s1_0.sender_name,
        s1_0.status,
        s1_0.total_distance,
        s1_0.tracking_number 
    from
        shipments s1_0 
    where
        s1_0.status in (?, ?)
Hibernate: 
    select
        s1_0.id,
        s1_0.actual_delivery_time,
        s1_0.created_at,
        s1_0.created_by,
        s1_0.delivery_address,
        s1_0.destination_latitude,
        s1_0.destination_longitude,
        s1_0.estimated_delivery_time,
        s1_0.estimated_duration,
        s1_0.origin_latitude,
        s1_0.origin_longitude,
        s1_0.receiver_name,
        s1_0.route_polyline,
        s1_0.sender_address,
        s1_0.sender_name,
        s1_0.status,
        s1_0.total_distance,
        s1_0.tracking_number 
    from
        shipments s1_0 
    where
        s1_0.id=?
Hibernate: 
    select
        te1_0.id,
        te1_0.latitude,
        te1_0.longitude,
        te1_0.recorded_at,
        te1_0.shipment_id,
        te1_0.status 
    from
        tracking_events te1_0 
    left join
        shipments s1_0 
            on s1_0.id=te1_0.shipment_id 
    where
        s1_0.id=? 
    order by
        te1_0.recorded_at
Hibernate: 
    select
        rhp1_0.id,
        rhp1_0.latitude,
        rhp1_0.longitude,
        rhp1_0.progress,
        rhp1_0.recorded_at,
        rhp1_0.shipment_id,
        rhp1_0.speed 
    from
        route_history_points rhp1_0 
    left join
        shipments s1_0 
            on s1_0.id=rhp1_0.shipment_id 
    where
        s1_0.id=? 
    order by
        rhp1_0.recorded_at desc 
    fetch
        first ? rows only
Hibernate: 
    select
        dp1_0.id,
        dp1_0.delay_minutes,
        dp1_0.delay_reason,
        dp1_0.detected_at,
        dp1_0.is_active,
        dp1_0.probability,
        dp1_0.shipment_id 
    from
        delay_predictions dp1_0 
    where
        dp1_0.shipment_id=? 
        and dp1_0.is_active 
    order by
        dp1_0.detected_at desc 
    fetch
        first ? rows only
Hibernate: 
    select
        dp1_0.id,
        dp1_0.delay_minutes,
        dp1_0.delay_reason,
        dp1_0.detected_at,
        dp1_0.is_active,
        dp1_0.probability,
        dp1_0.shipment_id 
    from
        delay_predictions dp1_0 
    where
        dp1_0.shipment_id=? 
        and dp1_0.is_active
Hibernate: 
    select
        dp1_0.id,
        dp1_0.delay_minutes,
        dp1_0.delay_reason,
        dp1_0.detected_at,
        dp1_0.is_active,
        dp1_0.probability,
        dp1_0.shipment_id 
    from
        delay_predictions dp1_0 
    where
        dp1_0.id=?
Hibernate: 
    update
        delay_predictions 
    set
        delay_minutes=?,
        delay_reason=?,
        detected_at=?,
        is_active=?,
        probability=?,
        shipment_id=? 
    where
        id=?
2026-08-12T09:39:19.554+05:30  INFO 21780 --- [shiptrack-backend] [MessageBroker-5] c.s.service.DelayPredictionService       : Superseded 1 stale delay prediction(s) for shipment 31
Hibernate: 
    insert 
    into
        delay_predictions
        (delay_minutes, delay_reason, detected_at, is_active, probability, shipment_id) 
    values
        (?, ?, ?, ?, ?, ?)
2026-08-12T09:39:19.556+05:30  WARN 21780 --- [shiptrack-backend] [MessageBroker-5] c.shiptrack.service.LiveTrackingService  : Delay alert for shipment 31: No location update for 20970 minutes (120 min, 0.9% probability)
2026-08-12T09:39:19.556+05:30  WARN 21780 --- [shiptrack-backend] [MessageBroker-5] c.s.service.DelayPredictionService       : Delay detected for shipment 31: No location update for 20970 minutes (120 min)
Hibernate: 
    select
        s1_0.id,
        s1_0.actual_delivery_time,
        s1_0.created_at,
        s1_0.created_by,
        s1_0.delivery_address,
        s1_0.destination_latitude,
        s1_0.destination_longitude,
        s1_0.estimated_delivery_time,
        s1_0.estimated_duration,
        s1_0.origin_latitude,
        s1_0.origin_longitude,
        s1_0.receiver_name,
        s1_0.route_polyline,
        s1_0.sender_address,
        s1_0.sender_name,
        s1_0.status,
        s1_0.total_distance,
        s1_0.tracking_number 
    from
        shipments s1_0 
    where
        s1_0.id=?
Hibernate: 
    select
        te1_0.id,
        te1_0.latitude,
        te1_0.longitude,
        te1_0.recorded_at,
        te1_0.shipment_id,
        te1_0.status 
    from
        tracking_events te1_0 
    left join
        shipments s1_0 
            on s1_0.id=te1_0.shipment_id 
    where
        s1_0.id=? 
    order by
        te1_0.recorded_at
Hibernate: 
    select
        rhp1_0.id,
        rhp1_0.latitude,
        rhp1_0.longitude,
        rhp1_0.progress,
        rhp1_0.recorded_at,
        rhp1_0.shipment_id,
        rhp1_0.speed 
    from
        route_history_points rhp1_0 
    left join
        shipments s1_0 
            on s1_0.id=rhp1_0.shipment_id 
    where
        s1_0.id=? 
    order by
        rhp1_0.recorded_at desc 
    fetch
        first ? rows only
Hibernate: 
    select
        dp1_0.id,
        dp1_0.delay_minutes,
        dp1_0.delay_reason,
        dp1_0.detected_at,
        dp1_0.is_active,
        dp1_0.probability,
        dp1_0.shipment_id 
    from
        delay_predictions dp1_0 
    where
        dp1_0.shipment_id=? 
        and dp1_0.is_active 
    order by
        dp1_0.detected_at desc 
    fetch
        first ? rows only
Hibernate: 
    select
        dp1_0.id,
        dp1_0.delay_minutes,
        dp1_0.delay_reason,
        dp1_0.detected_at,
        dp1_0.is_active,
        dp1_0.probability,
        dp1_0.shipment_id 
    from
        delay_predictions dp1_0 
    where
        dp1_0.shipment_id=? 
        and dp1_0.is_active
Hibernate: 
    select
        dp1_0.id,
        dp1_0.delay_minutes,
        dp1_0.delay_reason,
        dp1_0.detected_at,
        dp1_0.is_active,
        dp1_0.probability,
        dp1_0.shipment_id 
    from
        delay_predictions dp1_0 
    where
        dp1_0.id=?
Hibernate: 
    update
        delay_predictions 
    set
        delay_minutes=?,
        delay_reason=?,
        detected_at=?,
        is_active=?,
        probability=?,
        shipment_id=? 
    where
        id=?
2026-08-12T09:39:19.563+05:30  INFO 21780 --- [shiptrack-backend] [MessageBroker-5] c.s.service.DelayPredictionService       : Superseded 1 stale delay prediction(s) for shipment 22
Hibernate: 
    insert 
    into
        delay_predictions
        (delay_minutes, delay_reason, detected_at, is_active, probability, shipment_id) 
    values
        (?, ?, ?, ?, ?, ?)
2026-08-12T09:39:19.565+05:30  WARN 21780 --- [shiptrack-backend] [MessageBroker-5] c.shiptrack.service.LiveTrackingService  : Delay alert for shipment 22: No location update for 19637 minutes (120 min, 0.9% probability)
2026-08-12T09:39:19.565+05:30  WARN 21780 --- [shiptrack-backend] [MessageBroker-5] c.s.service.DelayPredictionService       : Delay detected for shipment 22: No location update for 19637 minutes (120 min)
Hibernate: 
    select
        s1_0.id,
        s1_0.actual_delivery_time,
        s1_0.created_at,
        s1_0.created_by,
        s1_0.delivery_address,
        s1_0.destination_latitude,
        s1_0.destination_longitude,
        s1_0.estimated_delivery_time,
        s1_0.estimated_duration,
        s1_0.origin_latitude,
        s1_0.origin_longitude,
        s1_0.receiver_name,
        s1_0.route_polyline,
        s1_0.sender_address,
        s1_0.sender_name,
        s1_0.status,
        s1_0.total_distance,
        s1_0.tracking_number 
    from
        shipments s1_0 
    where
        s1_0.status in (?, ?)
Hibernate: 
    select
        s1_0.id,
        s1_0.actual_delivery_time,
        s1_0.created_at,
        s1_0.created_by,
        s1_0.delivery_address,
        s1_0.destination_latitude,
        s1_0.destination_longitude,
        s1_0.estimated_delivery_time,
        s1_0.estimated_duration,
        s1_0.origin_latitude,
        s1_0.origin_longitude,
        s1_0.receiver_name,
        s1_0.route_polyline,
        s1_0.sender_address,
        s1_0.sender_name,
        s1_0.status,
        s1_0.total_distance,
        s1_0.tracking_number 
    from
        shipments s1_0 
    where
        s1_0.status in (?, ?)
Hibernate: 
    select
        s1_0.id,
        s1_0.actual_delivery_time,
        s1_0.created_at,
        s1_0.created_by,
        s1_0.delivery_address,
        s1_0.destination_latitude,
        s1_0.destination_longitude,
        s1_0.estimated_delivery_time,
        s1_0.estimated_duration,
        s1_0.origin_latitude,
        s1_0.origin_longitude,
        s1_0.receiver_name,
        s1_0.route_polyline,
        s1_0.sender_address,
        s1_0.sender_name,
        s1_0.status,
        s1_0.total_distance,
        s1_0.tracking_number 
    from
        shipments s1_0 
    where
        s1_0.status in (?, ?)
Hibernate: 
    select
        s1_0.id,
        s1_0.actual_delivery_time,
        s1_0.created_at,
        s1_0.created_by,
        s1_0.delivery_address,
        s1_0.destination_latitude,
        s1_0.destination_longitude,
        s1_0.estimated_delivery_time,
        s1_0.estimated_duration,
        s1_0.origin_latitude,
        s1_0.origin_longitude,
        s1_0.receiver_name,
        s1_0.route_polyline,
        s1_0.sender_address,
        s1_0.sender_name,
        s1_0.status,
        s1_0.total_distance,
        s1_0.tracking_number 
    from
        shipments s1_0 
    where
        s1_0.status in (?, ?)
Hibernate: 
    select
        s1_0.id,
        s1_0.actual_delivery_time,
        s1_0.created_at,
        s1_0.created_by,
        s1_0.delivery_address,
        s1_0.destination_latitude,
        s1_0.destination_longitude,
        s1_0.estimated_delivery_time,
        s1_0.estimated_duration,
        s1_0.origin_latitude,
        s1_0.origin_longitude,
        s1_0.receiver_name,
        s1_0.route_polyline,
        s1_0.sender_address,
        s1_0.sender_name,
        s1_0.status,
        s1_0.total_distance,
        s1_0.tracking_number 
    from
        shipments s1_0 
    where
        s1_0.id=?
Hibernate: 
    select
        s1_0.id,
        s1_0.actual_delivery_time,
        s1_0.created_at,
        s1_0.created_by,
        s1_0.delivery_address,
        s1_0.destination_latitude,
        s1_0.destination_longitude,
        s1_0.estimated_delivery_time,
        s1_0.estimated_duration,
        s1_0.origin_latitude,
        s1_0.origin_longitude,
        s1_0.receiver_name,
        s1_0.route_polyline,
        s1_0.sender_address,
        s1_0.sender_name,
        s1_0.status,
        s1_0.total_distance,
        s1_0.tracking_number 
    from
        shipments s1_0 
    where
        s1_0.id=?
Hibernate: 
    select
        te1_0.id,
        te1_0.latitude,
        te1_0.longitude,
        te1_0.recorded_at,
        te1_0.shipment_id,
        te1_0.status 
    from
        tracking_events te1_0 
    left join
        shipments s1_0 
            on s1_0.id=te1_0.shipment_id 
    where
        s1_0.id=? 
    order by
        te1_0.recorded_at
Hibernate: 
    select
        te1_0.id,
        te1_0.latitude,
        te1_0.longitude,
        te1_0.recorded_at,
        te1_0.shipment_id,
        te1_0.status 
    from
        tracking_events te1_0 
    left join
        shipments s1_0 
            on s1_0.id=te1_0.shipment_id 
    where
        s1_0.id=? 
    order by
        te1_0.recorded_at
Hibernate: 
    select
        rhp1_0.id,
        rhp1_0.latitude,
        rhp1_0.longitude,
        rhp1_0.progress,
        rhp1_0.recorded_at,
        rhp1_0.shipment_id,
        rhp1_0.speed 
    from
        route_history_points rhp1_0 
    left join
        shipments s1_0 
            on s1_0.id=rhp1_0.shipment_id 
    where
        s1_0.id=? 
    order by
        rhp1_0.recorded_at desc 
    fetch
        first ? rows only
Hibernate: 
    select
        rhp1_0.id,
        rhp1_0.latitude,
        rhp1_0.longitude,
        rhp1_0.progress,
        rhp1_0.recorded_at,
        rhp1_0.shipment_id,
        rhp1_0.speed 
    from
        route_history_points rhp1_0 
    left join
        shipments s1_0 
            on s1_0.id=rhp1_0.shipment_id 
    where
        s1_0.id=? 
    order by
        rhp1_0.recorded_at desc 
    fetch
        first ? rows only
Hibernate: 
    select
        dp1_0.id,
        dp1_0.delay_minutes,
        dp1_0.delay_reason,
        dp1_0.detected_at,
        dp1_0.is_active,
        dp1_0.probability,
        dp1_0.shipment_id 
    from
        delay_predictions dp1_0 
    where
        dp1_0.shipment_id=? 
        and dp1_0.is_active 
    order by
        dp1_0.detected_at desc 
    fetch
        first ? rows only
Hibernate: 
    select
        dp1_0.id,
        dp1_0.delay_minutes,
        dp1_0.delay_reason,
        dp1_0.detected_at,
        dp1_0.is_active,
        dp1_0.probability,
        dp1_0.shipment_id 
    from
        delay_predictions dp1_0 
    where
        dp1_0.shipment_id=? 
        and dp1_0.is_active
Hibernate: 
    select
        dp1_0.id,
        dp1_0.delay_minutes,
        dp1_0.delay_reason,
        dp1_0.detected_at,
        dp1_0.is_active,
        dp1_0.probability,
        dp1_0.shipment_id 
    from
        delay_predictions dp1_0 
    where
        dp1_0.id=?
Hibernate: 
    update
        delay_predictions 
    set
        delay_minutes=?,
        delay_reason=?,
        detected_at=?,
        is_active=?,
        probability=?,
        shipment_id=? 
    where
        id=?
2026-08-12T09:40:19.572+05:30  INFO 21780 --- [shiptrack-backend] [MessageBroker-3] c.s.service.DelayPredictionService       : Superseded 1 stale delay prediction(s) for shipment 31
Hibernate: 
    insert 
    into
        delay_predictions
        (delay_minutes, delay_reason, detected_at, is_active, probability, shipment_id) 
    values
        (?, ?, ?, ?, ?, ?)
2026-08-12T09:40:19.574+05:30  WARN 21780 --- [shiptrack-backend] [MessageBroker-3] c.shiptrack.service.LiveTrackingService  : Delay alert for shipment 31: No location update for 20971 minutes (120 min, 0.9% probability)
2026-08-12T09:40:19.574+05:30  WARN 21780 --- [shiptrack-backend] [MessageBroker-3] c.s.service.DelayPredictionService       : Delay detected for shipment 31: No location update for 20971 minutes (120 min)
Hibernate: 
    select
        s1_0.id,
        s1_0.actual_delivery_time,
        s1_0.created_at,
        s1_0.created_by,
        s1_0.delivery_address,
        s1_0.destination_latitude,
        s1_0.destination_longitude,
        s1_0.estimated_delivery_time,
        s1_0.estimated_duration,
        s1_0.origin_latitude,
        s1_0.origin_longitude,
        s1_0.receiver_name,
        s1_0.route_polyline,
        s1_0.sender_address,
        s1_0.sender_name,
        s1_0.status,
        s1_0.total_distance,
        s1_0.tracking_number 
    from
        shipments s1_0 
    where
        s1_0.id=?
Hibernate: 
    select
        te1_0.id,
        te1_0.latitude,
        te1_0.longitude,
        te1_0.recorded_at,
        te1_0.shipment_id,
        te1_0.status 
    from
        tracking_events te1_0 
    left join
        shipments s1_0 
            on s1_0.id=te1_0.shipment_id 
    where
        s1_0.id=? 
    order by
        te1_0.recorded_at
Hibernate: 
    select
        rhp1_0.id,
        rhp1_0.latitude,
        rhp1_0.longitude,
        rhp1_0.progress,
        rhp1_0.recorded_at,
        rhp1_0.shipment_id,
        rhp1_0.speed 
    from
        route_history_points rhp1_0 
    left join
        shipments s1_0 
            on s1_0.id=rhp1_0.shipment_id 
    where
        s1_0.id=? 
    order by
        rhp1_0.recorded_at desc 
    fetch
        first ? rows only
Hibernate: 
    select
        dp1_0.id,
        dp1_0.delay_minutes,
        dp1_0.delay_reason,
        dp1_0.detected_at,
        dp1_0.is_active,
        dp1_0.probability,
        dp1_0.shipment_id 
    from
        delay_predictions dp1_0 
    where
        dp1_0.shipment_id=? 
        and dp1_0.is_active 
    order by
        dp1_0.detected_at desc 
    fetch
        first ? rows only
Hibernate: 
    select
        dp1_0.id,
        dp1_0.delay_minutes,
        dp1_0.delay_reason,
        dp1_0.detected_at,
        dp1_0.is_active,
        dp1_0.probability,
        dp1_0.shipment_id 
    from
        delay_predictions dp1_0 
    where
        dp1_0.shipment_id=? 
        and dp1_0.is_active
Hibernate: 
    select
        dp1_0.id,
        dp1_0.delay_minutes,
        dp1_0.delay_reason,
        dp1_0.detected_at,
        dp1_0.is_active,
        dp1_0.probability,
        dp1_0.shipment_id 
    from
        delay_predictions dp1_0 
    where
        dp1_0.id=?
Hibernate: 
    update
        delay_predictions 
    set
        delay_minutes=?,
        delay_reason=?,
        detected_at=?,
        is_active=?,
        probability=?,
        shipment_id=? 
    where
        id=?
2026-08-12T09:40:19.582+05:30  INFO 21780 --- [shiptrack-backend] [MessageBroker-3] c.s.service.DelayPredictionService       : Superseded 1 stale delay prediction(s) for shipment 22
Hibernate: 
    insert 
    into
        delay_predictions
        (delay_minutes, delay_reason, detected_at, is_active, probability, shipment_id) 
    values
        (?, ?, ?, ?, ?, ?)
2026-08-12T09:40:19.584+05:30  WARN 21780 --- [shiptrack-backend] [MessageBroker-3] c.shiptrack.service.LiveTrackingService  : Delay alert for shipment 22: No location update for 19638 minutes (120 min, 0.9% probability)
2026-08-12T09:40:19.584+05:30  WARN 21780 --- [shiptrack-backend] [MessageBroker-3] c.s.service.DelayPredictionService       : Delay detected for shipment 22: No location update for 19638 minutes (120 min)
2026-08-12T09:40:21.870+05:30 ERROR 21780 --- [shiptrack-backend] [MessageBroker-8] com.shiptrack.service.GeocodingService   : Geoapify routing failed

java.lang.ClassCastException: class java.util.ArrayList cannot be cast to class java.lang.Number (java.util.ArrayList and java.lang.Number are in module java.base of loader 'bootstrap')
	at com.shiptrack.service.GeocodingService.lambda$coordsToPolyline$0(GeocodingService.java:240) ~[classes/:na]
	at java.base/java.util.stream.ReferencePipeline$3$1.accept(ReferencePipeline.java:214) ~[na:na]
	at java.base/java.util.ArrayList$ArrayListSpliterator.forEachRemaining(ArrayList.java:1724) ~[na:na]
	at java.base/java.util.stream.AbstractPipeline.copyInto(AbstractPipeline.java:570) ~[na:na]
	at java.base/java.util.stream.AbstractPipeline.wrapAndCopyInto(AbstractPipeline.java:560) ~[na:na]
	at java.base/java.util.stream.AbstractPipeline.evaluate(AbstractPipeline.java:635) ~[na:na]
	at java.base/java.util.stream.AbstractPipeline.evaluateToArrayNode(AbstractPipeline.java:291) ~[na:na]
	at java.base/java.util.stream.ReferencePipeline.toArray(ReferencePipeline.java:652) ~[na:na]
	at java.base/java.util.stream.ReferencePipeline.toArray(ReferencePipeline.java:658) ~[na:na]
	at java.base/java.util.stream.ReferencePipeline.toList(ReferencePipeline.java:663) ~[na:na]
	at com.shiptrack.service.GeocodingService.coordsToPolyline(GeocodingService.java:243) ~[classes/:na]
	at com.shiptrack.service.GeocodingService.routeWithGeoapify(GeocodingService.java:179) ~[classes/:na]
	at com.shiptrack.service.GeocodingService.calculateRoute(GeocodingService.java:142) ~[classes/:na]
	at com.shiptrack.service.GeocodingService.calculateDuration(GeocodingService.java:247) ~[classes/:na]
	at com.shiptrack.service.EtaService.calculateEta(EtaService.java:95) ~[classes/:na]
	at com.shiptrack.service.EtaService.recalculateActiveEtas(EtaService.java:130) ~[classes/:na]
	at java.base/jdk.internal.reflect.DirectMethodHandleAccessor.invoke(DirectMethodHandleAccessor.java:104) ~[na:na]
	at java.base/java.lang.reflect.Method.invoke(Method.java:565) ~[na:na]
	at org.springframework.aop.support.AopUtils.invokeJoinpointUsingReflection(AopUtils.java:359) ~[spring-aop-6.2.8.jar:6.2.8]
	at org.springframework.aop.framework.CglibAopProxy$DynamicAdvisedInterceptor.intercept(CglibAopProxy.java:724) ~[spring-aop-6.2.8.jar:6.2.8]
	at com.shiptrack.service.EtaService$$SpringCGLIB$$0.recalculateActiveEtas(<generated>) ~[classes/:na]
	at java.base/jdk.internal.reflect.DirectMethodHandleAccessor.invoke(DirectMethodHandleAccessor.java:104) ~[na:na]
	at java.base/java.lang.reflect.Method.invoke(Method.java:565) ~[na:na]
	at org.springframework.scheduling.support.ScheduledMethodRunnable.runInternal(ScheduledMethodRunnable.java:130) ~[spring-context-6.2.8.jar:6.2.8]
	at org.springframework.scheduling.support.ScheduledMethodRunnable.lambda$run$2(ScheduledMethodRunnable.java:124) ~[spring-context-6.2.8.jar:6.2.8]
	at io.micrometer.observation.Observation.observe(Observation.java:498) ~[micrometer-observation-1.15.1.jar:1.15.1]
	at org.springframework.scheduling.support.ScheduledMethodRunnable.run(ScheduledMethodRunnable.java:124) ~[spring-context-6.2.8.jar:6.2.8]
	at org.springframework.scheduling.config.Task$OutcomeTrackingRunnable.run(Task.java:85) ~[spring-context-6.2.8.jar:6.2.8]
	at org.springframework.scheduling.support.DelegatingErrorHandlingRunnable.run(DelegatingErrorHandlingRunnable.java:54) ~[spring-context-6.2.8.jar:6.2.8]
	at java.base/java.util.concurrent.Executors$RunnableAdapter.call(Executors.java:545) ~[na:na]
	at java.base/java.util.concurrent.FutureTask.runAndReset(FutureTask.java:371) ~[na:na]
	at java.base/java.util.concurrent.ScheduledThreadPoolExecutor$ScheduledFutureTask.run(ScheduledThreadPoolExecutor.java:310) ~[na:na]
	at java.base/java.util.concurrent.ThreadPoolExecutor.runWorker(ThreadPoolExecutor.java:1090) ~[na:na]
	at java.base/java.util.concurrent.ThreadPoolExecutor$Worker.run(ThreadPoolExecutor.java:614) ~[na:na]
	at java.base/java.lang.Thread.run(Thread.java:1516) ~[na:na]

2026-08-12T09:40:21.871+05:30  WARN 21780 --- [shiptrack-backend] [MessageBroker-8] com.shiptrack.service.GeocodingService   : Geoapify routing failed, trying OSRM fallback...
2026-08-12T09:40:24.373+05:30  INFO 21780 --- [shiptrack-backend] [MessageBroker-8] com.shiptrack.service.GeocodingService   : OSRM route found: 1896.0 km, 1325 min
2026-08-12T09:40:24.374+05:30  WARN 21780 --- [shiptrack-backend] [MessageBroker-8] com.shiptrack.service.EtaService         : Failed to recalculate ETA for shipment 31

org.springframework.dao.InvalidDataAccessApiUsageException: Executing an update/delete query
	at org.springframework.orm.jpa.EntityManagerFactoryUtils.convertJpaAccessExceptionIfPossible(EntityManagerFactoryUtils.java:400) ~[spring-orm-6.2.8.jar:6.2.8]
	at org.springframework.orm.jpa.vendor.HibernateJpaDialect.translateExceptionIfPossible(HibernateJpaDialect.java:246) ~[spring-orm-6.2.8.jar:6.2.8]
	at org.springframework.orm.jpa.AbstractEntityManagerFactoryBean.translateExceptionIfPossible(AbstractEntityManagerFactoryBean.java:560) ~[spring-orm-6.2.8.jar:6.2.8]
	at org.springframework.dao.support.ChainedPersistenceExceptionTranslator.translateExceptionIfPossible(ChainedPersistenceExceptionTranslator.java:61) ~[spring-tx-6.2.8.jar:6.2.8]
	at org.springframework.dao.support.DataAccessUtils.translateIfNecessary(DataAccessUtils.java:343) ~[spring-tx-6.2.8.jar:6.2.8]
	at org.springframework.dao.support.PersistenceExceptionTranslationInterceptor.invoke(PersistenceExceptionTranslationInterceptor.java:160) ~[spring-tx-6.2.8.jar:6.2.8]
	at org.springframework.aop.framework.ReflectiveMethodInvocation.proceed(ReflectiveMethodInvocation.java:184) ~[spring-aop-6.2.8.jar:6.2.8]
	at org.springframework.data.jpa.repository.support.CrudMethodMetadataPostProcessor$CrudMethodMetadataPopulatingMethodInterceptor.invoke(CrudMethodMetadataPostProcessor.java:136) ~[spring-data-jpa-3.5.1.jar:3.5.1]
	at org.springframework.aop.framework.ReflectiveMethodInvocation.proceed(ReflectiveMethodInvocation.java:184) ~[spring-aop-6.2.8.jar:6.2.8]
	at org.springframework.aop.framework.JdkDynamicAopProxy.invoke(JdkDynamicAopProxy.java:223) ~[spring-aop-6.2.8.jar:6.2.8]
	at jdk.proxy4/jdk.proxy4.$Proxy147.updateEtaFields(Unknown Source) ~[na:na]
	at com.shiptrack.service.EtaService.calculateEta(EtaService.java:103) ~[classes/:na]
	at com.shiptrack.service.EtaService.recalculateActiveEtas(EtaService.java:130) ~[classes/:na]
	at java.base/jdk.internal.reflect.DirectMethodHandleAccessor.invoke(DirectMethodHandleAccessor.java:104) ~[na:na]
	at java.base/java.lang.reflect.Method.invoke(Method.java:565) ~[na:na]
	at org.springframework.aop.support.AopUtils.invokeJoinpointUsingReflection(AopUtils.java:359) ~[spring-aop-6.2.8.jar:6.2.8]
	at org.springframework.aop.framework.CglibAopProxy$DynamicAdvisedInterceptor.intercept(CglibAopProxy.java:724) ~[spring-aop-6.2.8.jar:6.2.8]
	at com.shiptrack.service.EtaService$$SpringCGLIB$$0.recalculateActiveEtas(<generated>) ~[classes/:na]
	at java.base/jdk.internal.reflect.DirectMethodHandleAccessor.invoke(DirectMethodHandleAccessor.java:104) ~[na:na]
	at java.base/java.lang.reflect.Method.invoke(Method.java:565) ~[na:na]
	at org.springframework.scheduling.support.ScheduledMethodRunnable.runInternal(ScheduledMethodRunnable.java:130) ~[spring-context-6.2.8.jar:6.2.8]
	at org.springframework.scheduling.support.ScheduledMethodRunnable.lambda$run$2(ScheduledMethodRunnable.java:124) ~[spring-context-6.2.8.jar:6.2.8]
	at io.micrometer.observation.Observation.observe(Observation.java:498) ~[micrometer-observation-1.15.1.jar:1.15.1]
	at org.springframework.scheduling.support.ScheduledMethodRunnable.run(ScheduledMethodRunnable.java:124) ~[spring-context-6.2.8.jar:6.2.8]
	at org.springframework.scheduling.config.Task$OutcomeTrackingRunnable.run(Task.java:85) ~[spring-context-6.2.8.jar:6.2.8]
	at org.springframework.scheduling.support.DelegatingErrorHandlingRunnable.run(DelegatingErrorHandlingRunnable.java:54) ~[spring-context-6.2.8.jar:6.2.8]
	at java.base/java.util.concurrent.Executors$RunnableAdapter.call(Executors.java:545) ~[na:na]
	at java.base/java.util.concurrent.FutureTask.runAndReset(FutureTask.java:371) ~[na:na]
	at java.base/java.util.concurrent.ScheduledThreadPoolExecutor$ScheduledFutureTask.run(ScheduledThreadPoolExecutor.java:310) ~[na:na]
	at java.base/java.util.concurrent.ThreadPoolExecutor.runWorker(ThreadPoolExecutor.java:1090) ~[na:na]
	at java.base/java.util.concurrent.ThreadPoolExecutor$Worker.run(ThreadPoolExecutor.java:614) ~[na:na]
	at java.base/java.lang.Thread.run(Thread.java:1516) ~[na:na]
Caused by: jakarta.persistence.TransactionRequiredException: Executing an update/delete query
	at org.hibernate.internal.AbstractSharedSessionContract.checkTransactionNeededForUpdateOperation(AbstractSharedSessionContract.java:560) ~[hibernate-core-6.6.18.Final.jar:6.6.18.Final]
	at org.hibernate.query.sqm.internal.QuerySqmImpl.executeUpdate(QuerySqmImpl.java:489) ~[hibernate-core-6.6.18.Final.jar:6.6.18.Final]
	at java.base/jdk.internal.reflect.DirectMethodHandleAccessor.invoke(DirectMethodHandleAccessor.java:104) ~[na:na]
	at java.base/java.lang.reflect.Method.invoke(Method.java:565) ~[na:na]
	at org.springframework.orm.jpa.SharedEntityManagerCreator$DeferredQueryInvocationHandler.invoke(SharedEntityManagerCreator.java:419) ~[spring-orm-6.2.8.jar:6.2.8]
	at jdk.proxy4/jdk.proxy4.$Proxy169.executeUpdate(Unknown Source) ~[na:na]
	at org.springframework.data.jpa.repository.query.JpaQueryExecution$ModifyingExecution.doExecute(JpaQueryExecution.java:267) ~[spring-data-jpa-3.5.1.jar:3.5.1]
	at org.springframework.data.jpa.repository.query.JpaQueryExecution.execute(JpaQueryExecution.java:93) ~[spring-data-jpa-3.5.1.jar:3.5.1]
	at org.springframework.data.jpa.repository.query.AbstractJpaQuery.doExecute(AbstractJpaQuery.java:160) ~[spring-data-jpa-3.5.1.jar:3.5.1]
	at org.springframework.data.jpa.repository.query.AbstractJpaQuery.execute(AbstractJpaQuery.java:148) ~[spring-data-jpa-3.5.1.jar:3.5.1]
	at org.springframework.data.repository.core.support.RepositoryMethodInvoker.doInvoke(RepositoryMethodInvoker.java:170) ~[spring-data-commons-3.5.1.jar:3.5.1]
	at org.springframework.data.repository.core.support.RepositoryMethodInvoker.invoke(RepositoryMethodInvoker.java:158) ~[spring-data-commons-3.5.1.jar:3.5.1]
	at org.springframework.data.repository.core.support.QueryExecutorMethodInterceptor.doInvoke(QueryExecutorMethodInterceptor.java:170) ~[spring-data-commons-3.5.1.jar:3.5.1]
	at org.springframework.data.repository.core.support.QueryExecutorMethodInterceptor.invoke(QueryExecutorMethodInterceptor.java:149) ~[spring-data-commons-3.5.1.jar:3.5.1]
	at org.springframework.aop.framework.ReflectiveMethodInvocation.proceed(ReflectiveMethodInvocation.java:184) ~[spring-aop-6.2.8.jar:6.2.8]
	at org.springframework.data.projection.DefaultMethodInvokingMethodInterceptor.invoke(DefaultMethodInvokingMethodInterceptor.java:69) ~[spring-data-commons-3.5.1.jar:3.5.1]
	at org.springframework.aop.framework.ReflectiveMethodInvocation.proceed(ReflectiveMethodInvocation.java:184) ~[spring-aop-6.2.8.jar:6.2.8]
	at org.springframework.transaction.interceptor.TransactionAspectSupport.invokeWithinTransaction(TransactionAspectSupport.java:380) ~[spring-tx-6.2.8.jar:6.2.8]
	at org.springframework.transaction.interceptor.TransactionInterceptor.invoke(TransactionInterceptor.java:119) ~[spring-tx-6.2.8.jar:6.2.8]
	at org.springframework.aop.framework.ReflectiveMethodInvocation.proceed(ReflectiveMethodInvocation.java:184) ~[spring-aop-6.2.8.jar:6.2.8]
	at org.springframework.dao.support.PersistenceExceptionTranslationInterceptor.invoke(PersistenceExceptionTranslationInterceptor.java:138) ~[spring-tx-6.2.8.jar:6.2.8]
	... 26 common frames omitted

Hibernate: 
    select
        s1_0.id,
        s1_0.actual_delivery_time,
        s1_0.created_at,
        s1_0.created_by,
        s1_0.delivery_address,
        s1_0.destination_latitude,
        s1_0.destination_longitude,
        s1_0.estimated_delivery_time,
        s1_0.estimated_duration,
        s1_0.origin_latitude,
        s1_0.origin_longitude,
        s1_0.receiver_name,
        s1_0.route_polyline,
        s1_0.sender_address,
        s1_0.sender_name,
        s1_0.status,
        s1_0.total_distance,
        s1_0.tracking_number 
    from
        shipments s1_0 
    where
        s1_0.id=?
Hibernate: 
    select
        te1_0.id,
        te1_0.latitude,
        te1_0.longitude,
        te1_0.recorded_at,
        te1_0.shipment_id,
        te1_0.status 
    from
        tracking_events te1_0 
    left join
        shipments s1_0 
            on s1_0.id=te1_0.shipment_id 
    where
        s1_0.id=? 
    order by
        te1_0.recorded_at
Hibernate: 
    select
        rhp1_0.id,
        rhp1_0.latitude,
        rhp1_0.longitude,
        rhp1_0.progress,
        rhp1_0.recorded_at,
        rhp1_0.shipment_id,
        rhp1_0.speed 
    from
        route_history_points rhp1_0 
    left join
        shipments s1_0 
            on s1_0.id=rhp1_0.shipment_id 
    where
        s1_0.id=? 
    order by
        rhp1_0.recorded_at desc 
    fetch
        first ? rows only
2026-08-12T09:40:25.715+05:30 ERROR 21780 --- [shiptrack-backend] [MessageBroker-8] com.shiptrack.service.GeocodingService   : Geoapify routing failed

java.lang.ClassCastException: class java.util.ArrayList cannot be cast to class java.lang.Number (java.util.ArrayList and java.lang.Number are in module java.base of loader 'bootstrap')
	at com.shiptrack.service.GeocodingService.lambda$coordsToPolyline$0(GeocodingService.java:240) ~[classes/:na]
	at java.base/java.util.stream.ReferencePipeline$3$1.accept(ReferencePipeline.java:214) ~[na:na]
	at java.base/java.util.ArrayList$ArrayListSpliterator.forEachRemaining(ArrayList.java:1724) ~[na:na]
	at java.base/java.util.stream.AbstractPipeline.copyInto(AbstractPipeline.java:570) ~[na:na]
	at java.base/java.util.stream.AbstractPipeline.wrapAndCopyInto(AbstractPipeline.java:560) ~[na:na]
	at java.base/java.util.stream.AbstractPipeline.evaluate(AbstractPipeline.java:635) ~[na:na]
	at java.base/java.util.stream.AbstractPipeline.evaluateToArrayNode(AbstractPipeline.java:291) ~[na:na]
	at java.base/java.util.stream.ReferencePipeline.toArray(ReferencePipeline.java:652) ~[na:na]
	at java.base/java.util.stream.ReferencePipeline.toArray(ReferencePipeline.java:658) ~[na:na]
	at java.base/java.util.stream.ReferencePipeline.toList(ReferencePipeline.java:663) ~[na:na]
	at com.shiptrack.service.GeocodingService.coordsToPolyline(GeocodingService.java:243) ~[classes/:na]
	at com.shiptrack.service.GeocodingService.routeWithGeoapify(GeocodingService.java:179) ~[classes/:na]
	at com.shiptrack.service.GeocodingService.calculateRoute(GeocodingService.java:142) ~[classes/:na]
	at com.shiptrack.service.GeocodingService.calculateDuration(GeocodingService.java:247) ~[classes/:na]
	at com.shiptrack.service.EtaService.calculateEta(EtaService.java:95) ~[classes/:na]
	at com.shiptrack.service.EtaService.recalculateActiveEtas(EtaService.java:130) ~[classes/:na]
	at java.base/jdk.internal.reflect.DirectMethodHandleAccessor.invoke(DirectMethodHandleAccessor.java:104) ~[na:na]
	at java.base/java.lang.reflect.Method.invoke(Method.java:565) ~[na:na]
	at org.springframework.aop.support.AopUtils.invokeJoinpointUsingReflection(AopUtils.java:359) ~[spring-aop-6.2.8.jar:6.2.8]
	at org.springframework.aop.framework.CglibAopProxy$DynamicAdvisedInterceptor.intercept(CglibAopProxy.java:724) ~[spring-aop-6.2.8.jar:6.2.8]
	at com.shiptrack.service.EtaService$$SpringCGLIB$$0.recalculateActiveEtas(<generated>) ~[classes/:na]
	at java.base/jdk.internal.reflect.DirectMethodHandleAccessor.invoke(DirectMethodHandleAccessor.java:104) ~[na:na]
	at java.base/java.lang.reflect.Method.invoke(Method.java:565) ~[na:na]
	at org.springframework.scheduling.support.ScheduledMethodRunnable.runInternal(ScheduledMethodRunnable.java:130) ~[spring-context-6.2.8.jar:6.2.8]
	at org.springframework.scheduling.support.ScheduledMethodRunnable.lambda$run$2(ScheduledMethodRunnable.java:124) ~[spring-context-6.2.8.jar:6.2.8]
	at io.micrometer.observation.Observation.observe(Observation.java:498) ~[micrometer-observation-1.15.1.jar:1.15.1]
	at org.springframework.scheduling.support.ScheduledMethodRunnable.run(ScheduledMethodRunnable.java:124) ~[spring-context-6.2.8.jar:6.2.8]
	at org.springframework.scheduling.config.Task$OutcomeTrackingRunnable.run(Task.java:85) ~[spring-context-6.2.8.jar:6.2.8]
	at org.springframework.scheduling.support.DelegatingErrorHandlingRunnable.run(DelegatingErrorHandlingRunnable.java:54) ~[spring-context-6.2.8.jar:6.2.8]
	at java.base/java.util.concurrent.Executors$RunnableAdapter.call(Executors.java:545) ~[na:na]
	at java.base/java.util.concurrent.FutureTask.runAndReset(FutureTask.java:371) ~[na:na]
	at java.base/java.util.concurrent.ScheduledThreadPoolExecutor$ScheduledFutureTask.run(ScheduledThreadPoolExecutor.java:310) ~[na:na]
	at java.base/java.util.concurrent.ThreadPoolExecutor.runWorker(ThreadPoolExecutor.java:1090) ~[na:na]
	at java.base/java.util.concurrent.ThreadPoolExecutor$Worker.run(ThreadPoolExecutor.java:614) ~[na:na]
	at java.base/java.lang.Thread.run(Thread.java:1516) ~[na:na]

2026-08-12T09:40:25.716+05:30  WARN 21780 --- [shiptrack-backend] [MessageBroker-8] com.shiptrack.service.GeocodingService   : Geoapify routing failed, trying OSRM fallback...
2026-08-12T09:40:27.488+05:30  INFO 21780 --- [shiptrack-backend] [MessageBroker-8] com.shiptrack.service.GeocodingService   : OSRM route found: 542.2 km, 420 min
2026-08-12T09:40:27.489+05:30  WARN 21780 --- [shiptrack-backend] [MessageBroker-8] com.shiptrack.service.EtaService         : Failed to recalculate ETA for shipment 22

org.springframework.dao.InvalidDataAccessApiUsageException: Executing an update/delete query
	at org.springframework.orm.jpa.EntityManagerFactoryUtils.convertJpaAccessExceptionIfPossible(EntityManagerFactoryUtils.java:400) ~[spring-orm-6.2.8.jar:6.2.8]
	at org.springframework.orm.jpa.vendor.HibernateJpaDialect.translateExceptionIfPossible(HibernateJpaDialect.java:246) ~[spring-orm-6.2.8.jar:6.2.8]
	at org.springframework.orm.jpa.AbstractEntityManagerFactoryBean.translateExceptionIfPossible(AbstractEntityManagerFactoryBean.java:560) ~[spring-orm-6.2.8.jar:6.2.8]
	at org.springframework.dao.support.ChainedPersistenceExceptionTranslator.translateExceptionIfPossible(ChainedPersistenceExceptionTranslator.java:61) ~[spring-tx-6.2.8.jar:6.2.8]
	at org.springframework.dao.support.DataAccessUtils.translateIfNecessary(DataAccessUtils.java:343) ~[spring-tx-6.2.8.jar:6.2.8]
	at org.springframework.dao.support.PersistenceExceptionTranslationInterceptor.invoke(PersistenceExceptionTranslationInterceptor.java:160) ~[spring-tx-6.2.8.jar:6.2.8]
	at org.springframework.aop.framework.ReflectiveMethodInvocation.proceed(ReflectiveMethodInvocation.java:184) ~[spring-aop-6.2.8.jar:6.2.8]
	at org.springframework.data.jpa.repository.support.CrudMethodMetadataPostProcessor$CrudMethodMetadataPopulatingMethodInterceptor.invoke(CrudMethodMetadataPostProcessor.java:136) ~[spring-data-jpa-3.5.1.jar:3.5.1]
	at org.springframework.aop.framework.ReflectiveMethodInvocation.proceed(ReflectiveMethodInvocation.java:184) ~[spring-aop-6.2.8.jar:6.2.8]
	at org.springframework.aop.framework.JdkDynamicAopProxy.invoke(JdkDynamicAopProxy.java:223) ~[spring-aop-6.2.8.jar:6.2.8]
	at jdk.proxy4/jdk.proxy4.$Proxy147.updateEtaFields(Unknown Source) ~[na:na]
	at com.shiptrack.service.EtaService.calculateEta(EtaService.java:103) ~[classes/:na]
	at com.shiptrack.service.EtaService.recalculateActiveEtas(EtaService.java:130) ~[classes/:na]
	at java.base/jdk.internal.reflect.DirectMethodHandleAccessor.invoke(DirectMethodHandleAccessor.java:104) ~[na:na]
	at java.base/java.lang.reflect.Method.invoke(Method.java:565) ~[na:na]
	at org.springframework.aop.support.AopUtils.invokeJoinpointUsingReflection(AopUtils.java:359) ~[spring-aop-6.2.8.jar:6.2.8]
	at org.springframework.aop.framework.CglibAopProxy$DynamicAdvisedInterceptor.intercept(CglibAopProxy.java:724) ~[spring-aop-6.2.8.jar:6.2.8]
	at com.shiptrack.service.EtaService$$SpringCGLIB$$0.recalculateActiveEtas(<generated>) ~[classes/:na]
	at java.base/jdk.internal.reflect.DirectMethodHandleAccessor.invoke(DirectMethodHandleAccessor.java:104) ~[na:na]
	at java.base/java.lang.reflect.Method.invoke(Method.java:565) ~[na:na]
	at org.springframework.scheduling.support.ScheduledMethodRunnable.runInternal(ScheduledMethodRunnable.java:130) ~[spring-context-6.2.8.jar:6.2.8]
	at org.springframework.scheduling.support.ScheduledMethodRunnable.lambda$run$2(ScheduledMethodRunnable.java:124) ~[spring-context-6.2.8.jar:6.2.8]
	at io.micrometer.observation.Observation.observe(Observation.java:498) ~[micrometer-observation-1.15.1.jar:1.15.1]
	at org.springframework.scheduling.support.ScheduledMethodRunnable.run(ScheduledMethodRunnable.java:124) ~[spring-context-6.2.8.jar:6.2.8]
	at org.springframework.scheduling.config.Task$OutcomeTrackingRunnable.run(Task.java:85) ~[spring-context-6.2.8.jar:6.2.8]
	at org.springframework.scheduling.support.DelegatingErrorHandlingRunnable.run(DelegatingErrorHandlingRunnable.java:54) ~[spring-context-6.2.8.jar:6.2.8]
	at java.base/java.util.concurrent.Executors$RunnableAdapter.call(Executors.java:545) ~[na:na]
	at java.base/java.util.concurrent.FutureTask.runAndReset(FutureTask.java:371) ~[na:na]
	at java.base/java.util.concurrent.ScheduledThreadPoolExecutor$ScheduledFutureTask.run(ScheduledThreadPoolExecutor.java:310) ~[na:na]
	at java.base/java.util.concurrent.ThreadPoolExecutor.runWorker(ThreadPoolExecutor.java:1090) ~[na:na]
	at java.base/java.util.concurrent.ThreadPoolExecutor$Worker.run(ThreadPoolExecutor.java:614) ~[na:na]
	at java.base/java.lang.Thread.run(Thread.java:1516) ~[na:na]
Caused by: jakarta.persistence.TransactionRequiredException: Executing an update/delete query
	at org.hibernate.internal.AbstractSharedSessionContract.checkTransactionNeededForUpdateOperation(AbstractSharedSessionContract.java:560) ~[hibernate-core-6.6.18.Final.jar:6.6.18.Final]
	at org.hibernate.query.sqm.internal.QuerySqmImpl.executeUpdate(QuerySqmImpl.java:489) ~[hibernate-core-6.6.18.Final.jar:6.6.18.Final]
	at java.base/jdk.internal.reflect.DirectMethodHandleAccessor.invoke(DirectMethodHandleAccessor.java:104) ~[na:na]
	at java.base/java.lang.reflect.Method.invoke(Method.java:565) ~[na:na]
	at org.springframework.orm.jpa.SharedEntityManagerCreator$DeferredQueryInvocationHandler.invoke(SharedEntityManagerCreator.java:419) ~[spring-orm-6.2.8.jar:6.2.8]
	at jdk.proxy4/jdk.proxy4.$Proxy169.executeUpdate(Unknown Source) ~[na:na]
	at org.springframework.data.jpa.repository.query.JpaQueryExecution$ModifyingExecution.doExecute(JpaQueryExecution.java:267) ~[spring-data-jpa-3.5.1.jar:3.5.1]
	at org.springframework.data.jpa.repository.query.JpaQueryExecution.execute(JpaQueryExecution.java:93) ~[spring-data-jpa-3.5.1.jar:3.5.1]
	at org.springframework.data.jpa.repository.query.AbstractJpaQuery.doExecute(AbstractJpaQuery.java:160) ~[spring-data-jpa-3.5.1.jar:3.5.1]
	at org.springframework.data.jpa.repository.query.AbstractJpaQuery.execute(AbstractJpaQuery.java:148) ~[spring-data-jpa-3.5.1.jar:3.5.1]
	at org.springframework.data.repository.core.support.RepositoryMethodInvoker.doInvoke(RepositoryMethodInvoker.java:170) ~[spring-data-commons-3.5.1.jar:3.5.1]
	at org.springframework.data.repository.core.support.RepositoryMethodInvoker.invoke(RepositoryMethodInvoker.java:158) ~[spring-data-commons-3.5.1.jar:3.5.1]
	at org.springframework.data.repository.core.support.QueryExecutorMethodInterceptor.doInvoke(QueryExecutorMethodInterceptor.java:170) ~[spring-data-commons-3.5.1.jar:3.5.1]
	at org.springframework.data.repository.core.support.QueryExecutorMethodInterceptor.invoke(QueryExecutorMethodInterceptor.java:149) ~[spring-data-commons-3.5.1.jar:3.5.1]
	at org.springframework.aop.framework.ReflectiveMethodInvocation.proceed(ReflectiveMethodInvocation.java:184) ~[spring-aop-6.2.8.jar:6.2.8]
	at org.springframework.data.projection.DefaultMethodInvokingMethodInterceptor.invoke(DefaultMethodInvokingMethodInterceptor.java:69) ~[spring-data-commons-3.5.1.jar:3.5.1]
	at org.springframework.aop.framework.ReflectiveMethodInvocation.proceed(ReflectiveMethodInvocation.java:184) ~[spring-aop-6.2.8.jar:6.2.8]
	at org.springframework.transaction.interceptor.TransactionAspectSupport.invokeWithinTransaction(TransactionAspectSupport.java:380) ~[spring-tx-6.2.8.jar:6.2.8]
	at org.springframework.transaction.interceptor.TransactionInterceptor.invoke(TransactionInterceptor.java:119) ~[spring-tx-6.2.8.jar:6.2.8]
	at org.springframework.aop.framework.ReflectiveMethodInvocation.proceed(ReflectiveMethodInvocation.java:184) ~[spring-aop-6.2.8.jar:6.2.8]
	at org.springframework.dao.support.PersistenceExceptionTranslationInterceptor.invoke(PersistenceExceptionTranslationInterceptor.java:138) ~[spring-tx-6.2.8.jar:6.2.8]
	... 26 common frames omitted

Hibernate: 
    select
        s1_0.id,
        s1_0.actual_delivery_time,
        s1_0.created_at,
        s1_0.created_by,
        s1_0.delivery_address,
        s1_0.destination_latitude,
        s1_0.destination_longitude,
        s1_0.estimated_delivery_time,
        s1_0.estimated_duration,
        s1_0.origin_latitude,
        s1_0.origin_longitude,
        s1_0.receiver_name,
        s1_0.route_polyline,
        s1_0.sender_address,
        s1_0.sender_name,
        s1_0.status,
        s1_0.total_distance,
        s1_0.tracking_number 
    from
        shipments s1_0 
    where
        s1_0.status in (?, ?)
Hibernate: 
    select
        s1_0.id,
        s1_0.actual_delivery_time,
        s1_0.created_at,
        s1_0.created_by,
        s1_0.delivery_address,
        s1_0.destination_latitude,
        s1_0.destination_longitude,
        s1_0.estimated_delivery_time,
        s1_0.estimated_duration,
        s1_0.origin_latitude,
        s1_0.origin_longitude,
        s1_0.receiver_name,
        s1_0.route_polyline,
        s1_0.sender_address,
        s1_0.sender_name,
        s1_0.status,
        s1_0.total_distance,
        s1_0.tracking_number 
    from
        shipments s1_0 
    where
        s1_0.status in (?, ?)
Hibernate: 
    select
        s1_0.id,
        s1_0.actual_delivery_time,
        s1_0.created_at,
        s1_0.created_by,
        s1_0.delivery_address,
        s1_0.destination_latitude,
        s1_0.destination_longitude,
        s1_0.estimated_delivery_time,
        s1_0.estimated_duration,
        s1_0.origin_latitude,
        s1_0.origin_longitude,
        s1_0.receiver_name,
        s1_0.route_polyline,
        s1_0.sender_address,
        s1_0.sender_name,
        s1_0.status,
        s1_0.total_distance,
        s1_0.tracking_number 
    from
        shipments s1_0 
    where
        s1_0.status in (?, ?)
Hibernate: 
    select
        s1_0.id,
        s1_0.actual_delivery_time,
        s1_0.created_at,
        s1_0.created_by,
        s1_0.delivery_address,
        s1_0.destination_latitude,
        s1_0.destination_longitude,
        s1_0.estimated_delivery_time,
        s1_0.estimated_duration,
        s1_0.origin_latitude,
        s1_0.origin_longitude,
        s1_0.receiver_name,
        s1_0.route_polyline,
        s1_0.sender_address,
        s1_0.sender_name,
        s1_0.status,
        s1_0.total_distance,
        s1_0.tracking_number 
    from
        shipments s1_0 
    where
        s1_0.id=?
Hibernate: 
    select
        te1_0.id,
        te1_0.latitude,
        te1_0.longitude,
        te1_0.recorded_at,
        te1_0.shipment_id,
        te1_0.status 
    from
        tracking_events te1_0 
    left join
        shipments s1_0 
            on s1_0.id=te1_0.shipment_id 
    where
        s1_0.id=? 
    order by
        te1_0.recorded_at
Hibernate: 
    select
        rhp1_0.id,
        rhp1_0.latitude,
        rhp1_0.longitude,
        rhp1_0.progress,
        rhp1_0.recorded_at,
        rhp1_0.shipment_id,
        rhp1_0.speed 
    from
        route_history_points rhp1_0 
    left join
        shipments s1_0 
            on s1_0.id=rhp1_0.shipment_id 
    where
        s1_0.id=? 
    order by
        rhp1_0.recorded_at desc 
    fetch
        first ? rows only
Hibernate: 
    select
        dp1_0.id,
        dp1_0.delay_minutes,
        dp1_0.delay_reason,
        dp1_0.detected_at,
        dp1_0.is_active,
        dp1_0.probability,
        dp1_0.shipment_id 
    from
        delay_predictions dp1_0 
    where
        dp1_0.shipment_id=? 
        and dp1_0.is_active 
    order by
        dp1_0.detected_at desc 
    fetch
        first ? rows only
Hibernate: 
    select
        dp1_0.id,
        dp1_0.delay_minutes,
        dp1_0.delay_reason,
        dp1_0.detected_at,
        dp1_0.is_active,
        dp1_0.probability,
        dp1_0.shipment_id 
    from
        delay_predictions dp1_0 
    where
        dp1_0.shipment_id=? 
        and dp1_0.is_active
Hibernate: 
    select
        dp1_0.id,
        dp1_0.delay_minutes,
        dp1_0.delay_reason,
        dp1_0.detected_at,
        dp1_0.is_active,
        dp1_0.probability,
        dp1_0.shipment_id 
    from
        delay_predictions dp1_0 
    where
        dp1_0.id=?
Hibernate: 
    update
        delay_predictions 
    set
        delay_minutes=?,
        delay_reason=?,
        detected_at=?,
        is_active=?,
        probability=?,
        shipment_id=? 
    where
        id=?
2026-08-12T09:41:19.552+05:30  INFO 21780 --- [shiptrack-backend] [MessageBroker-4] c.s.service.DelayPredictionService       : Superseded 1 stale delay prediction(s) for shipment 31
Hibernate: 
    insert 
    into
        delay_predictions
        (delay_minutes, delay_reason, detected_at, is_active, probability, shipment_id) 
    values
        (?, ?, ?, ?, ?, ?)
2026-08-12T09:41:19.554+05:30  WARN 21780 --- [shiptrack-backend] [MessageBroker-4] c.shiptrack.service.LiveTrackingService  : Delay alert for shipment 31: No location update for 20972 minutes (120 min, 0.9% probability)
2026-08-12T09:41:19.554+05:30  WARN 21780 --- [shiptrack-backend] [MessageBroker-4] c.s.service.DelayPredictionService       : Delay detected for shipment 31: No location update for 20972 minutes (120 min)
Hibernate: 
    select
        s1_0.id,
        s1_0.actual_delivery_time,
        s1_0.created_at,
        s1_0.created_by,
        s1_0.delivery_address,
        s1_0.destination_latitude,
        s1_0.destination_longitude,
        s1_0.estimated_delivery_time,
        s1_0.estimated_duration,
        s1_0.origin_latitude,
        s1_0.origin_longitude,
        s1_0.receiver_name,
        s1_0.route_polyline,
        s1_0.sender_address,
        s1_0.sender_name,
        s1_0.status,
        s1_0.total_distance,
        s1_0.tracking_number 
    from
        shipments s1_0 
    where
        s1_0.id=?
Hibernate: 
    select
        te1_0.id,
        te1_0.latitude,
        te1_0.longitude,
        te1_0.recorded_at,
        te1_0.shipment_id,
        te1_0.status 
    from
        tracking_events te1_0 
    left join
        shipments s1_0 
            on s1_0.id=te1_0.shipment_id 
    where
        s1_0.id=? 
    order by
        te1_0.recorded_at
Hibernate: 
    select
        rhp1_0.id,
        rhp1_0.latitude,
        rhp1_0.longitude,
        rhp1_0.progress,
        rhp1_0.recorded_at,
        rhp1_0.shipment_id,
        rhp1_0.speed 
    from
        route_history_points rhp1_0 
    left join
        shipments s1_0 
            on s1_0.id=rhp1_0.shipment_id 
    where
        s1_0.id=? 
    order by
        rhp1_0.recorded_at desc 
    fetch
        first ? rows only
Hibernate: 
    select
        dp1_0.id,
        dp1_0.delay_minutes,
        dp1_0.delay_reason,
        dp1_0.detected_at,
        dp1_0.is_active,
        dp1_0.probability,
        dp1_0.shipment_id 
    from
        delay_predictions dp1_0 
    where
        dp1_0.shipment_id=? 
        and dp1_0.is_active 
    order by
        dp1_0.detected_at desc 
    fetch
        first ? rows only
Hibernate: 
    select
        dp1_0.id,
        dp1_0.delay_minutes,
        dp1_0.delay_reason,
        dp1_0.detected_at,
        dp1_0.is_active,
        dp1_0.probability,
        dp1_0.shipment_id 
    from
        delay_predictions dp1_0 
    where
        dp1_0.shipment_id=? 
        and dp1_0.is_active
Hibernate: 
    select
        dp1_0.id,
        dp1_0.delay_minutes,
        dp1_0.delay_reason,
        dp1_0.detected_at,
        dp1_0.is_active,
        dp1_0.probability,
        dp1_0.shipment_id 
    from
        delay_predictions dp1_0 
    where
        dp1_0.id=?
Hibernate: 
    update
        delay_predictions 
    set
        delay_minutes=?,
        delay_reason=?,
        detected_at=?,
        is_active=?,
        probability=?,
        shipment_id=? 
    where
        id=?
2026-08-12T09:41:19.558+05:30  INFO 21780 --- [shiptrack-backend] [MessageBroker-4] c.s.service.DelayPredictionService       : Superseded 1 stale delay prediction(s) for shipment 22
Hibernate: 
    insert 
    into
        delay_predictions
        (delay_minutes, delay_reason, detected_at, is_active, probability, shipment_id) 
    values
        (?, ?, ?, ?, ?, ?)
2026-08-12T09:41:19.560+05:30  WARN 21780 --- [shiptrack-backend] [MessageBroker-4] c.shiptrack.service.LiveTrackingService  : Delay alert for shipment 22: No location update for 19639 minutes (120 min, 0.9% probability)
2026-08-12T09:41:19.560+05:30  WARN 21780 --- [shiptrack-backend] [MessageBroker-4] c.s.service.DelayPredictionService       : Delay detected for shipment 22: No location update for 19639 minutes (120 min)
Hibernate: 
    select
        u1_0.id,
        u1_0.created_at,
        u1_0.email,
        u1_0.name,
        u1_0.password,
        u1_0.phone,
        u1_0.role 
    from
        users u1_0 
    where
        u1_0.email=?
Hibernate: 
    select
        s1_0.id,
        s1_0.actual_delivery_time,
        s1_0.created_at,
        s1_0.created_by,
        s1_0.delivery_address,
        s1_0.destination_latitude,
        s1_0.destination_longitude,
        s1_0.estimated_delivery_time,
        s1_0.estimated_duration,
        s1_0.origin_latitude,
        s1_0.origin_longitude,
        s1_0.receiver_name,
        s1_0.route_polyline,
        s1_0.sender_address,
        s1_0.sender_name,
        s1_0.status,
        s1_0.total_distance,
        s1_0.tracking_number 
    from
        shipments s1_0 
    where
        s1_0.status in (?, ?)
Hibernate: 
    select
        s1_0.id,
        s1_0.actual_delivery_time,
        s1_0.created_at,
        s1_0.created_by,
        s1_0.delivery_address,
        s1_0.destination_latitude,
        s1_0.destination_longitude,
        s1_0.estimated_delivery_time,
        s1_0.estimated_duration,
        s1_0.origin_latitude,
        s1_0.origin_longitude,
        s1_0.receiver_name,
        s1_0.route_polyline,
        s1_0.sender_address,
        s1_0.sender_name,
        s1_0.status,
        s1_0.total_distance,
        s1_0.tracking_number 
    from
        shipments s1_0 
    where
        s1_0.status in (?, ?)
Hibernate: 
    select
        s1_0.id,
        s1_0.actual_delivery_time,
        s1_0.created_at,
        s1_0.created_by,
        s1_0.delivery_address,
        s1_0.destination_latitude,
        s1_0.destination_longitude,
        s1_0.estimated_delivery_time,
        s1_0.estimated_duration,
        s1_0.origin_latitude,
        s1_0.origin_longitude,
        s1_0.receiver_name,
        s1_0.route_polyline,
        s1_0.sender_address,
        s1_0.sender_name,
        s1_0.status,
        s1_0.total_distance,
        s1_0.tracking_number 
    from
        shipments s1_0 
    where
        s1_0.status in (?, ?)
Hibernate: 
    select
        s1_0.id,
        s1_0.actual_delivery_time,
        s1_0.created_at,
        s1_0.created_by,
        s1_0.delivery_address,
        s1_0.destination_latitude,
        s1_0.destination_longitude,
        s1_0.estimated_delivery_time,
        s1_0.estimated_duration,
        s1_0.origin_latitude,
        s1_0.origin_longitude,
        s1_0.receiver_name,
        s1_0.route_polyline,
        s1_0.sender_address,
        s1_0.sender_name,
        s1_0.status,
        s1_0.total_distance,
        s1_0.tracking_number 
    from
        shipments s1_0 
    where
        s1_0.status in (?, ?)
Hibernate: 
    select
        s1_0.id,
        s1_0.actual_delivery_time,
        s1_0.created_at,
        s1_0.created_by,
        s1_0.delivery_address,
        s1_0.destination_latitude,
        s1_0.destination_longitude,
        s1_0.estimated_delivery_time,
        s1_0.estimated_duration,
        s1_0.origin_latitude,
        s1_0.origin_longitude,
        s1_0.receiver_name,
        s1_0.route_polyline,
        s1_0.sender_address,
        s1_0.sender_name,
        s1_0.status,
        s1_0.total_distance,
        s1_0.tracking_number 
    from
        shipments s1_0 
    where
        s1_0.id=?
Hibernate: 
    select
        s1_0.id,
        s1_0.actual_delivery_time,
        s1_0.created_at,
        s1_0.created_by,
        s1_0.delivery_address,
        s1_0.destination_latitude,
        s1_0.destination_longitude,
        s1_0.estimated_delivery_time,
        s1_0.estimated_duration,
        s1_0.origin_latitude,
        s1_0.origin_longitude,
        s1_0.receiver_name,
        s1_0.route_polyline,
        s1_0.sender_address,
        s1_0.sender_name,
        s1_0.status,
        s1_0.total_distance,
        s1_0.tracking_number 
    from
        shipments s1_0 
    where
        s1_0.id=?
Hibernate: 
    select
        te1_0.id,
        te1_0.latitude,
        te1_0.longitude,
        te1_0.recorded_at,
        te1_0.shipment_id,
        te1_0.status 
    from
        tracking_events te1_0 
    left join
        shipments s1_0 
            on s1_0.id=te1_0.shipment_id 
    where
        s1_0.id=? 
    order by
        te1_0.recorded_at
Hibernate: 
    select
        te1_0.id,
        te1_0.latitude,
        te1_0.longitude,
        te1_0.recorded_at,
        te1_0.shipment_id,
        te1_0.status 
    from
        tracking_events te1_0 
    left join
        shipments s1_0 
            on s1_0.id=te1_0.shipment_id 
    where
        s1_0.id=? 
    order by
        te1_0.recorded_at
Hibernate: 
    select
        rhp1_0.id,
        rhp1_0.latitude,
        rhp1_0.longitude,
        rhp1_0.progress,
        rhp1_0.recorded_at,
        rhp1_0.shipment_id,
        rhp1_0.speed 
    from
        route_history_points rhp1_0 
    left join
        shipments s1_0 
            on s1_0.id=rhp1_0.shipment_id 
    where
        s1_0.id=? 
    order by
        rhp1_0.recorded_at desc 
    fetch
        first ? rows only
Hibernate: 
    select
        rhp1_0.id,
        rhp1_0.latitude,
        rhp1_0.longitude,
        rhp1_0.progress,
        rhp1_0.recorded_at,
        rhp1_0.shipment_id,
        rhp1_0.speed 
    from
        route_history_points rhp1_0 
    left join
        shipments s1_0 
            on s1_0.id=rhp1_0.shipment_id 
    where
        s1_0.id=? 
    order by
        rhp1_0.recorded_at desc 
    fetch
        first ? rows only
Hibernate: 
    select
        dp1_0.id,
        dp1_0.delay_minutes,
        dp1_0.delay_reason,
        dp1_0.detected_at,
        dp1_0.is_active,
        dp1_0.probability,
        dp1_0.shipment_id 
    from
        delay_predictions dp1_0 
    where
        dp1_0.shipment_id=? 
        and dp1_0.is_active 
    order by
        dp1_0.detected_at desc 
    fetch
        first ? rows only
Hibernate: 
    select
        dp1_0.id,
        dp1_0.delay_minutes,
        dp1_0.delay_reason,
        dp1_0.detected_at,
        dp1_0.is_active,
        dp1_0.probability,
        dp1_0.shipment_id 
    from
        delay_predictions dp1_0 
    where
        dp1_0.shipment_id=? 
        and dp1_0.is_active
Hibernate: 
    select
        dp1_0.id,
        dp1_0.delay_minutes,
        dp1_0.delay_reason,
        dp1_0.detected_at,
        dp1_0.is_active,
        dp1_0.probability,
        dp1_0.shipment_id 
    from
        delay_predictions dp1_0 
    where
        dp1_0.id=?
Hibernate: 
    update
        delay_predictions 
    set
        delay_minutes=?,
        delay_reason=?,
        detected_at=?,
        is_active=?,
        probability=?,
        shipment_id=? 
    where
        id=?
2026-08-12T09:42:19.551+05:30  INFO 21780 --- [shiptrack-backend] [essageBroker-16] c.s.service.DelayPredictionService       : Superseded 1 stale delay prediction(s) for shipment 31
Hibernate: 
    insert 
    into
        delay_predictions
        (delay_minutes, delay_reason, detected_at, is_active, probability, shipment_id) 
    values
        (?, ?, ?, ?, ?, ?)
2026-08-12T09:42:19.553+05:30  WARN 21780 --- [shiptrack-backend] [essageBroker-16] c.shiptrack.service.LiveTrackingService  : Delay alert for shipment 31: No location update for 20973 minutes (120 min, 0.9% probability)
2026-08-12T09:42:19.553+05:30  WARN 21780 --- [shiptrack-backend] [essageBroker-16] c.s.service.DelayPredictionService       : Delay detected for shipment 31: No location update for 20973 minutes (120 min)
Hibernate: 
    select
        s1_0.id,
        s1_0.actual_delivery_time,
        s1_0.created_at,
        s1_0.created_by,
        s1_0.delivery_address,
        s1_0.destination_latitude,
        s1_0.destination_longitude,
        s1_0.estimated_delivery_time,
        s1_0.estimated_duration,
        s1_0.origin_latitude,
        s1_0.origin_longitude,
        s1_0.receiver_name,
        s1_0.route_polyline,
        s1_0.sender_address,
        s1_0.sender_name,
        s1_0.status,
        s1_0.total_distance,
        s1_0.tracking_number 
    from
        shipments s1_0 
    where
        s1_0.id=?
Hibernate: 
    select
        te1_0.id,
        te1_0.latitude,
        te1_0.longitude,
        te1_0.recorded_at,
        te1_0.shipment_id,
        te1_0.status 
    from
        tracking_events te1_0 
    left join
        shipments s1_0 
            on s1_0.id=te1_0.shipment_id 
    where
        s1_0.id=? 
    order by
        te1_0.recorded_at
Hibernate: 
    select
        rhp1_0.id,
        rhp1_0.latitude,
        rhp1_0.longitude,
        rhp1_0.progress,
        rhp1_0.recorded_at,
        rhp1_0.shipment_id,
        rhp1_0.speed 
    from
        route_history_points rhp1_0 
    left join
        shipments s1_0 
            on s1_0.id=rhp1_0.shipment_id 
    where
        s1_0.id=? 
    order by
        rhp1_0.recorded_at desc 
    fetch
        first ? rows only
Hibernate: 
    select
        dp1_0.id,
        dp1_0.delay_minutes,
        dp1_0.delay_reason,
        dp1_0.detected_at,
        dp1_0.is_active,
        dp1_0.probability,
        dp1_0.shipment_id 
    from
        delay_predictions dp1_0 
    where
        dp1_0.shipment_id=? 
        and dp1_0.is_active 
    order by
        dp1_0.detected_at desc 
    fetch
        first ? rows only
Hibernate: 
    select
        dp1_0.id,
        dp1_0.delay_minutes,
        dp1_0.delay_reason,
        dp1_0.detected_at,
        dp1_0.is_active,
        dp1_0.probability,
        dp1_0.shipment_id 
    from
        delay_predictions dp1_0 
    where
        dp1_0.shipment_id=? 
        and dp1_0.is_active
Hibernate: 
    select
        dp1_0.id,
        dp1_0.delay_minutes,
        dp1_0.delay_reason,
        dp1_0.detected_at,
        dp1_0.is_active,
        dp1_0.probability,
        dp1_0.shipment_id 
    from
        delay_predictions dp1_0 
    where
        dp1_0.id=?
Hibernate: 
    update
        delay_predictions 
    set
        delay_minutes=?,
        delay_reason=?,
        detected_at=?,
        is_active=?,
        probability=?,
        shipment_id=? 
    where
        id=?
2026-08-12T09:42:19.560+05:30  INFO 21780 --- [shiptrack-backend] [essageBroker-16] c.s.service.DelayPredictionService       : Superseded 1 stale delay prediction(s) for shipment 22
Hibernate: 
    insert 
    into
        delay_predictions
        (delay_minutes, delay_reason, detected_at, is_active, probability, shipment_id) 
    values
        (?, ?, ?, ?, ?, ?)
2026-08-12T09:42:19.562+05:30  WARN 21780 --- [shiptrack-backend] [essageBroker-16] c.shiptrack.service.LiveTrackingService  : Delay alert for shipment 22: No location update for 19640 minutes (120 min, 0.9% probability)
2026-08-12T09:42:19.562+05:30  WARN 21780 --- [shiptrack-backend] [essageBroker-16] c.s.service.DelayPredictionService       : Delay detected for shipment 22: No location update for 19640 minutes (120 min)
2026-08-12T09:42:22.022+05:30 ERROR 21780 --- [shiptrack-backend] [essageBroker-13] com.shiptrack.service.GeocodingService   : Geoapify routing failed

java.lang.ClassCastException: class java.util.ArrayList cannot be cast to class java.lang.Number (java.util.ArrayList and java.lang.Number are in module java.base of loader 'bootstrap')
	at com.shiptrack.service.GeocodingService.lambda$coordsToPolyline$0(GeocodingService.java:240) ~[classes/:na]
	at java.base/java.util.stream.ReferencePipeline$3$1.accept(ReferencePipeline.java:214) ~[na:na]
	at java.base/java.util.ArrayList$ArrayListSpliterator.forEachRemaining(ArrayList.java:1724) ~[na:na]
	at java.base/java.util.stream.AbstractPipeline.copyInto(AbstractPipeline.java:570) ~[na:na]
	at java.base/java.util.stream.AbstractPipeline.wrapAndCopyInto(AbstractPipeline.java:560) ~[na:na]
	at java.base/java.util.stream.AbstractPipeline.evaluate(AbstractPipeline.java:635) ~[na:na]
	at java.base/java.util.stream.AbstractPipeline.evaluateToArrayNode(AbstractPipeline.java:291) ~[na:na]
	at java.base/java.util.stream.ReferencePipeline.toArray(ReferencePipeline.java:652) ~[na:na]
	at java.base/java.util.stream.ReferencePipeline.toArray(ReferencePipeline.java:658) ~[na:na]
	at java.base/java.util.stream.ReferencePipeline.toList(ReferencePipeline.java:663) ~[na:na]
	at com.shiptrack.service.GeocodingService.coordsToPolyline(GeocodingService.java:243) ~[classes/:na]
	at com.shiptrack.service.GeocodingService.routeWithGeoapify(GeocodingService.java:179) ~[classes/:na]
	at com.shiptrack.service.GeocodingService.calculateRoute(GeocodingService.java:142) ~[classes/:na]
	at com.shiptrack.service.GeocodingService.calculateDuration(GeocodingService.java:247) ~[classes/:na]
	at com.shiptrack.service.EtaService.calculateEta(EtaService.java:95) ~[classes/:na]
	at com.shiptrack.service.EtaService.recalculateActiveEtas(EtaService.java:130) ~[classes/:na]
	at java.base/jdk.internal.reflect.DirectMethodHandleAccessor.invoke(DirectMethodHandleAccessor.java:104) ~[na:na]
	at java.base/java.lang.reflect.Method.invoke(Method.java:565) ~[na:na]
	at org.springframework.aop.support.AopUtils.invokeJoinpointUsingReflection(AopUtils.java:359) ~[spring-aop-6.2.8.jar:6.2.8]
	at org.springframework.aop.framework.CglibAopProxy$DynamicAdvisedInterceptor.intercept(CglibAopProxy.java:724) ~[spring-aop-6.2.8.jar:6.2.8]
	at com.shiptrack.service.EtaService$$SpringCGLIB$$0.recalculateActiveEtas(<generated>) ~[classes/:na]
	at java.base/jdk.internal.reflect.DirectMethodHandleAccessor.invoke(DirectMethodHandleAccessor.java:104) ~[na:na]
	at java.base/java.lang.reflect.Method.invoke(Method.java:565) ~[na:na]
	at org.springframework.scheduling.support.ScheduledMethodRunnable.runInternal(ScheduledMethodRunnable.java:130) ~[spring-context-6.2.8.jar:6.2.8]
	at org.springframework.scheduling.support.ScheduledMethodRunnable.lambda$run$2(ScheduledMethodRunnable.java:124) ~[spring-context-6.2.8.jar:6.2.8]
	at io.micrometer.observation.Observation.observe(Observation.java:498) ~[micrometer-observation-1.15.1.jar:1.15.1]
	at org.springframework.scheduling.support.ScheduledMethodRunnable.run(ScheduledMethodRunnable.java:124) ~[spring-context-6.2.8.jar:6.2.8]
	at org.springframework.scheduling.config.Task$OutcomeTrackingRunnable.run(Task.java:85) ~[spring-context-6.2.8.jar:6.2.8]
	at org.springframework.scheduling.support.DelegatingErrorHandlingRunnable.run(DelegatingErrorHandlingRunnable.java:54) ~[spring-context-6.2.8.jar:6.2.8]
	at java.base/java.util.concurrent.Executors$RunnableAdapter.call(Executors.java:545) ~[na:na]
	at java.base/java.util.concurrent.FutureTask.runAndReset(FutureTask.java:371) ~[na:na]
	at java.base/java.util.concurrent.ScheduledThreadPoolExecutor$ScheduledFutureTask.run(ScheduledThreadPoolExecutor.java:310) ~[na:na]
	at java.base/java.util.concurrent.ThreadPoolExecutor.runWorker(ThreadPoolExecutor.java:1090) ~[na:na]
	at java.base/java.util.concurrent.ThreadPoolExecutor$Worker.run(ThreadPoolExecutor.java:614) ~[na:na]
	at java.base/java.lang.Thread.run(Thread.java:1516) ~[na:na]

2026-08-12T09:42:22.023+05:30  WARN 21780 --- [shiptrack-backend] [essageBroker-13] com.shiptrack.service.GeocodingService   : Geoapify routing failed, trying OSRM fallback...
2026-08-12T09:42:23.506+05:30  INFO 21780 --- [shiptrack-backend] [essageBroker-13] com.shiptrack.service.GeocodingService   : OSRM route found: 1896.0 km, 1325 min
2026-08-12T09:42:23.506+05:30  WARN 21780 --- [shiptrack-backend] [essageBroker-13] com.shiptrack.service.EtaService         : Failed to recalculate ETA for shipment 31

org.springframework.dao.InvalidDataAccessApiUsageException: Executing an update/delete query
	at org.springframework.orm.jpa.EntityManagerFactoryUtils.convertJpaAccessExceptionIfPossible(EntityManagerFactoryUtils.java:400) ~[spring-orm-6.2.8.jar:6.2.8]
	at org.springframework.orm.jpa.vendor.HibernateJpaDialect.translateExceptionIfPossible(HibernateJpaDialect.java:246) ~[spring-orm-6.2.8.jar:6.2.8]
	at org.springframework.orm.jpa.AbstractEntityManagerFactoryBean.translateExceptionIfPossible(AbstractEntityManagerFactoryBean.java:560) ~[spring-orm-6.2.8.jar:6.2.8]
	at org.springframework.dao.support.ChainedPersistenceExceptionTranslator.translateExceptionIfPossible(ChainedPersistenceExceptionTranslator.java:61) ~[spring-tx-6.2.8.jar:6.2.8]
	at org.springframework.dao.support.DataAccessUtils.translateIfNecessary(DataAccessUtils.java:343) ~[spring-tx-6.2.8.jar:6.2.8]
	at org.springframework.dao.support.PersistenceExceptionTranslationInterceptor.invoke(PersistenceExceptionTranslationInterceptor.java:160) ~[spring-tx-6.2.8.jar:6.2.8]
	at org.springframework.aop.framework.ReflectiveMethodInvocation.proceed(ReflectiveMethodInvocation.java:184) ~[spring-aop-6.2.8.jar:6.2.8]
	at org.springframework.data.jpa.repository.support.CrudMethodMetadataPostProcessor$CrudMethodMetadataPopulatingMethodInterceptor.invoke(CrudMethodMetadataPostProcessor.java:136) ~[spring-data-jpa-3.5.1.jar:3.5.1]
	at org.springframework.aop.framework.ReflectiveMethodInvocation.proceed(ReflectiveMethodInvocation.java:184) ~[spring-aop-6.2.8.jar:6.2.8]
	at org.springframework.aop.framework.JdkDynamicAopProxy.invoke(JdkDynamicAopProxy.java:223) ~[spring-aop-6.2.8.jar:6.2.8]
	at jdk.proxy4/jdk.proxy4.$Proxy147.updateEtaFields(Unknown Source) ~[na:na]
	at com.shiptrack.service.EtaService.calculateEta(EtaService.java:103) ~[classes/:na]
	at com.shiptrack.service.EtaService.recalculateActiveEtas(EtaService.java:130) ~[classes/:na]
	at java.base/jdk.internal.reflect.DirectMethodHandleAccessor.invoke(DirectMethodHandleAccessor.java:104) ~[na:na]
	at java.base/java.lang.reflect.Method.invoke(Method.java:565) ~[na:na]
	at org.springframework.aop.support.AopUtils.invokeJoinpointUsingReflection(AopUtils.java:359) ~[spring-aop-6.2.8.jar:6.2.8]
	at org.springframework.aop.framework.CglibAopProxy$DynamicAdvisedInterceptor.intercept(CglibAopProxy.java:724) ~[spring-aop-6.2.8.jar:6.2.8]
	at com.shiptrack.service.EtaService$$SpringCGLIB$$0.recalculateActiveEtas(<generated>) ~[classes/:na]
	at java.base/jdk.internal.reflect.DirectMethodHandleAccessor.invoke(DirectMethodHandleAccessor.java:104) ~[na:na]
	at java.base/java.lang.reflect.Method.invoke(Method.java:565) ~[na:na]
	at org.springframework.scheduling.support.ScheduledMethodRunnable.runInternal(ScheduledMethodRunnable.java:130) ~[spring-context-6.2.8.jar:6.2.8]
	at org.springframework.scheduling.support.ScheduledMethodRunnable.lambda$run$2(ScheduledMethodRunnable.java:124) ~[spring-context-6.2.8.jar:6.2.8]
	at io.micrometer.observation.Observation.observe(Observation.java:498) ~[micrometer-observation-1.15.1.jar:1.15.1]
	at org.springframework.scheduling.support.ScheduledMethodRunnable.run(ScheduledMethodRunnable.java:124) ~[spring-context-6.2.8.jar:6.2.8]
	at org.springframework.scheduling.config.Task$OutcomeTrackingRunnable.run(Task.java:85) ~[spring-context-6.2.8.jar:6.2.8]
	at org.springframework.scheduling.support.DelegatingErrorHandlingRunnable.run(DelegatingErrorHandlingRunnable.java:54) ~[spring-context-6.2.8.jar:6.2.8]
	at java.base/java.util.concurrent.Executors$RunnableAdapter.call(Executors.java:545) ~[na:na]
	at java.base/java.util.concurrent.FutureTask.runAndReset(FutureTask.java:371) ~[na:na]
	at java.base/java.util.concurrent.ScheduledThreadPoolExecutor$ScheduledFutureTask.run(ScheduledThreadPoolExecutor.java:310) ~[na:na]
	at java.base/java.util.concurrent.ThreadPoolExecutor.runWorker(ThreadPoolExecutor.java:1090) ~[na:na]
	at java.base/java.util.concurrent.ThreadPoolExecutor$Worker.run(ThreadPoolExecutor.java:614) ~[na:na]
	at java.base/java.lang.Thread.run(Thread.java:1516) ~[na:na]
Caused by: jakarta.persistence.TransactionRequiredException: Executing an update/delete query
	at org.hibernate.internal.AbstractSharedSessionContract.checkTransactionNeededForUpdateOperation(AbstractSharedSessionContract.java:560) ~[hibernate-core-6.6.18.Final.jar:6.6.18.Final]
	at org.hibernate.query.sqm.internal.QuerySqmImpl.executeUpdate(QuerySqmImpl.java:489) ~[hibernate-core-6.6.18.Final.jar:6.6.18.Final]
	at java.base/jdk.internal.reflect.DirectMethodHandleAccessor.invoke(DirectMethodHandleAccessor.java:104) ~[na:na]
	at java.base/java.lang.reflect.Method.invoke(Method.java:565) ~[na:na]
	at org.springframework.orm.jpa.SharedEntityManagerCreator$DeferredQueryInvocationHandler.invoke(SharedEntityManagerCreator.java:419) ~[spring-orm-6.2.8.jar:6.2.8]
	at jdk.proxy4/jdk.proxy4.$Proxy169.executeUpdate(Unknown Source) ~[na:na]
	at org.springframework.data.jpa.repository.query.JpaQueryExecution$ModifyingExecution.doExecute(JpaQueryExecution.java:267) ~[spring-data-jpa-3.5.1.jar:3.5.1]
	at org.springframework.data.jpa.repository.query.JpaQueryExecution.execute(JpaQueryExecution.java:93) ~[spring-data-jpa-3.5.1.jar:3.5.1]
	at org.springframework.data.jpa.repository.query.AbstractJpaQuery.doExecute(AbstractJpaQuery.java:160) ~[spring-data-jpa-3.5.1.jar:3.5.1]
	at org.springframework.data.jpa.repository.query.AbstractJpaQuery.execute(AbstractJpaQuery.java:148) ~[spring-data-jpa-3.5.1.jar:3.5.1]
	at org.springframework.data.repository.core.support.RepositoryMethodInvoker.doInvoke(RepositoryMethodInvoker.java:170) ~[spring-data-commons-3.5.1.jar:3.5.1]
	at org.springframework.data.repository.core.support.RepositoryMethodInvoker.invoke(RepositoryMethodInvoker.java:158) ~[spring-data-commons-3.5.1.jar:3.5.1]
	at org.springframework.data.repository.core.support.QueryExecutorMethodInterceptor.doInvoke(QueryExecutorMethodInterceptor.java:170) ~[spring-data-commons-3.5.1.jar:3.5.1]
	at org.springframework.data.repository.core.support.QueryExecutorMethodInterceptor.invoke(QueryExecutorMethodInterceptor.java:149) ~[spring-data-commons-3.5.1.jar:3.5.1]
	at org.springframework.aop.framework.ReflectiveMethodInvocation.proceed(ReflectiveMethodInvocation.java:184) ~[spring-aop-6.2.8.jar:6.2.8]
	at org.springframework.data.projection.DefaultMethodInvokingMethodInterceptor.invoke(DefaultMethodInvokingMethodInterceptor.java:69) ~[spring-data-commons-3.5.1.jar:3.5.1]
	at org.springframework.aop.framework.ReflectiveMethodInvocation.proceed(ReflectiveMethodInvocation.java:184) ~[spring-aop-6.2.8.jar:6.2.8]
	at org.springframework.transaction.interceptor.TransactionAspectSupport.invokeWithinTransaction(TransactionAspectSupport.java:380) ~[spring-tx-6.2.8.jar:6.2.8]
	at org.springframework.transaction.interceptor.TransactionInterceptor.invoke(TransactionInterceptor.java:119) ~[spring-tx-6.2.8.jar:6.2.8]
	at org.springframework.aop.framework.ReflectiveMethodInvocation.proceed(ReflectiveMethodInvocation.java:184) ~[spring-aop-6.2.8.jar:6.2.8]
	at org.springframework.dao.support.PersistenceExceptionTranslationInterceptor.invoke(PersistenceExceptionTranslationInterceptor.java:138) ~[spring-tx-6.2.8.jar:6.2.8]
	... 26 common frames omitted

Hibernate: 
    select
        s1_0.id,
        s1_0.actual_delivery_time,
        s1_0.created_at,
        s1_0.created_by,
        s1_0.delivery_address,
        s1_0.destination_latitude,
        s1_0.destination_longitude,
        s1_0.estimated_delivery_time,
        s1_0.estimated_duration,
        s1_0.origin_latitude,
        s1_0.origin_longitude,
        s1_0.receiver_name,
        s1_0.route_polyline,
        s1_0.sender_address,
        s1_0.sender_name,
        s1_0.status,
        s1_0.total_distance,
        s1_0.tracking_number 
    from
        shipments s1_0 
    where
        s1_0.id=?
Hibernate: 
    select
        te1_0.id,
        te1_0.latitude,
        te1_0.longitude,
        te1_0.recorded_at,
        te1_0.shipment_id,
        te1_0.status 
    from
        tracking_events te1_0 
    left join
        shipments s1_0 
            on s1_0.id=te1_0.shipment_id 
    where
        s1_0.id=? 
    order by
        te1_0.recorded_at
Hibernate: 
    select
        rhp1_0.id,
        rhp1_0.latitude,
        rhp1_0.longitude,
        rhp1_0.progress,
        rhp1_0.recorded_at,
        rhp1_0.shipment_id,
        rhp1_0.speed 
    from
        route_history_points rhp1_0 
    left join
        shipments s1_0 
            on s1_0.id=rhp1_0.shipment_id 
    where
        s1_0.id=? 
    order by
        rhp1_0.recorded_at desc 
    fetch
        first ? rows only
2026-08-12T09:42:24.614+05:30 ERROR 21780 --- [shiptrack-backend] [essageBroker-13] com.shiptrack.service.GeocodingService   : Geoapify routing failed

java.lang.ClassCastException: class java.util.ArrayList cannot be cast to class java.lang.Number (java.util.ArrayList and java.lang.Number are in module java.base of loader 'bootstrap')
	at com.shiptrack.service.GeocodingService.lambda$coordsToPolyline$0(GeocodingService.java:240) ~[classes/:na]
	at java.base/java.util.stream.ReferencePipeline$3$1.accept(ReferencePipeline.java:214) ~[na:na]
	at java.base/java.util.ArrayList$ArrayListSpliterator.forEachRemaining(ArrayList.java:1724) ~[na:na]
	at java.base/java.util.stream.AbstractPipeline.copyInto(AbstractPipeline.java:570) ~[na:na]
	at java.base/java.util.stream.AbstractPipeline.wrapAndCopyInto(AbstractPipeline.java:560) ~[na:na]
	at java.base/java.util.stream.AbstractPipeline.evaluate(AbstractPipeline.java:635) ~[na:na]
	at java.base/java.util.stream.AbstractPipeline.evaluateToArrayNode(AbstractPipeline.java:291) ~[na:na]
	at java.base/java.util.stream.ReferencePipeline.toArray(ReferencePipeline.java:652) ~[na:na]
	at java.base/java.util.stream.ReferencePipeline.toArray(ReferencePipeline.java:658) ~[na:na]
	at java.base/java.util.stream.ReferencePipeline.toList(ReferencePipeline.java:663) ~[na:na]
	at com.shiptrack.service.GeocodingService.coordsToPolyline(GeocodingService.java:243) ~[classes/:na]
	at com.shiptrack.service.GeocodingService.routeWithGeoapify(GeocodingService.java:179) ~[classes/:na]
	at com.shiptrack.service.GeocodingService.calculateRoute(GeocodingService.java:142) ~[classes/:na]
	at com.shiptrack.service.GeocodingService.calculateDuration(GeocodingService.java:247) ~[classes/:na]
	at com.shiptrack.service.EtaService.calculateEta(EtaService.java:95) ~[classes/:na]
	at com.shiptrack.service.EtaService.recalculateActiveEtas(EtaService.java:130) ~[classes/:na]
	at java.base/jdk.internal.reflect.DirectMethodHandleAccessor.invoke(DirectMethodHandleAccessor.java:104) ~[na:na]
	at java.base/java.lang.reflect.Method.invoke(Method.java:565) ~[na:na]
	at org.springframework.aop.support.AopUtils.invokeJoinpointUsingReflection(AopUtils.java:359) ~[spring-aop-6.2.8.jar:6.2.8]
	at org.springframework.aop.framework.CglibAopProxy$DynamicAdvisedInterceptor.intercept(CglibAopProxy.java:724) ~[spring-aop-6.2.8.jar:6.2.8]
	at com.shiptrack.service.EtaService$$SpringCGLIB$$0.recalculateActiveEtas(<generated>) ~[classes/:na]
	at java.base/jdk.internal.reflect.DirectMethodHandleAccessor.invoke(DirectMethodHandleAccessor.java:104) ~[na:na]
	at java.base/java.lang.reflect.Method.invoke(Method.java:565) ~[na:na]
	at org.springframework.scheduling.support.ScheduledMethodRunnable.runInternal(ScheduledMethodRunnable.java:130) ~[spring-context-6.2.8.jar:6.2.8]
	at org.springframework.scheduling.support.ScheduledMethodRunnable.lambda$run$2(ScheduledMethodRunnable.java:124) ~[spring-context-6.2.8.jar:6.2.8]
	at io.micrometer.observation.Observation.observe(Observation.java:498) ~[micrometer-observation-1.15.1.jar:1.15.1]
	at org.springframework.scheduling.support.ScheduledMethodRunnable.run(ScheduledMethodRunnable.java:124) ~[spring-context-6.2.8.jar:6.2.8]
	at org.springframework.scheduling.config.Task$OutcomeTrackingRunnable.run(Task.java:85) ~[spring-context-6.2.8.jar:6.2.8]
	at org.springframework.scheduling.support.DelegatingErrorHandlingRunnable.run(DelegatingErrorHandlingRunnable.java:54) ~[spring-context-6.2.8.jar:6.2.8]
	at java.base/java.util.concurrent.Executors$RunnableAdapter.call(Executors.java:545) ~[na:na]
	at java.base/java.util.concurrent.FutureTask.runAndReset(FutureTask.java:371) ~[na:na]
	at java.base/java.util.concurrent.ScheduledThreadPoolExecutor$ScheduledFutureTask.run(ScheduledThreadPoolExecutor.java:310) ~[na:na]
	at java.base/java.util.concurrent.ThreadPoolExecutor.runWorker(ThreadPoolExecutor.java:1090) ~[na:na]
	at java.base/java.util.concurrent.ThreadPoolExecutor$Worker.run(ThreadPoolExecutor.java:614) ~[na:na]
	at java.base/java.lang.Thread.run(Thread.java:1516) ~[na:na]

2026-08-12T09:42:24.614+05:30  WARN 21780 --- [shiptrack-backend] [essageBroker-13] com.shiptrack.service.GeocodingService   : Geoapify routing failed, trying OSRM fallback...
[INFO] ------------------------------------------------------------------------
[INFO] BUILD FAILURE
[INFO] ------------------------------------------------------------------------
[INFO] Total time:  14:14 min
[INFO] Finished at: 2026-08-12T09:42:25+05:30
[INFO] ------------------------------------------------------------------------
[ERROR] Failed to execute goal org.springframework.boot:spring-boot-maven-plugin:3.5.3:run (default-cli) on project shiptrack-backend: Process terminated with exit code: -1 -> [Help 1]
[ERROR] 
[ERROR] To see the full stack trace of the errors, re-run Maven with the -e switch.
[ERROR] Re-run Maven using the -X switch to enable full debug logging.
[ERROR] 
[ERROR] For more information about the errors and possible solutions, please read the following articles:
[ERROR] [Help 1] http://cwiki.apache.org/confluence/display/MAVEN/MojoExecutionException
